left_w0,left_w1,left_w2,left_e0,left_e1,left_s0,left_s1,right_s0,right_s1,right_e0,right_e1,right_w0,right_w1,right_w2
0.4210777262745461,-0.16988837225830958,-0.4640291883353377,0.018791264651596317,0.5863641561691995,0.2945243112739994,0.8851069146098838,-0.2798743225411,0.8856830647208707,-0.0189240620735056,0.5866283947001358,-0.4211164012243369,-0.1691813393506342,0.4637964531804135
0.4210777262745461,-0.16988837225830958,-0.4640291883353377,0.018791264651596317,0.5863641561691995,0.2945243112739994,0.8851069146098838,-0.2795372326240051,0.8836514943783372,-0.0148487616185754,0.5881572193433968,-0.4225313051264122,-0.1675051655524381,0.4641446800094472
0.4210777262745461,-0.16988837225830958,-0.4640291883353377,0.018791264651596317,0.5863641561691995,0.2945243112739994,0.8851069146098838,-0.2792001427069103,0.8816199240358038,-0.0107734611636452,0.5896860439866578,-0.4239462090284876,-0.1658289917542419,0.4644929068384809
0.4210777262745461,-0.16988837225830958,-0.4640291883353377,0.018791264651596317,0.5863641561691995,0.2945243112739994,0.8851069146098838,-0.2788630527898154,0.8795883536932705,-0.006698160708715,0.5912148686299188,-0.4253611129305629,-0.1641528179560458,0.4648411336675146
0.4210777262745461,-0.16988837225830958,-0.4640291883353377,0.018791264651596317,0.5863641561691995,0.2945243112739994,0.8851069146098838,-0.2785259628727206,0.8775567833507371,-0.0026228602537849,0.59274369327318,-0.4267760168326382,-0.1624766441578496,0.4651893604965482
0.4210777262745461,-0.16988837225830958,-0.4640291883353377,0.018791264651596317,0.5863641561691995,0.2945243112739994,0.8851069146098838,-0.2781888729556257,0.8755252130082036,0.0014524402011452,0.594272517916441,-0.4281909207347136,-0.1608004703596535,0.465537587325582
0.4210777262745461,-0.16988837225830958,-0.4640291883353377,0.018791264651596317,0.5863641561691995,0.2945243112739994,0.8851069146098838,-0.2778517830385309,0.8734936426656702,0.0055277406560754,0.595801342559702,-0.4296058246367889,-0.1591242965614573,0.4658858141546157
0.4210777262745461,-0.16988837225830958,-0.4640291883353377,0.018791264651596317,0.5863641561691995,0.2945243112739994,0.8851069146098838,-0.277514693121436,0.8714620723231369,0.0096030411110056,0.597330167202963,-0.4310207285388643,-0.1574481227632612,0.4662340409836493
0.4210777262745461,-0.16988837225830958,-0.4640291883353377,0.018791264651596317,0.5863641561691995,0.2945243112739994,0.8851069146098838,-0.2771776032043412,0.8694305019806035,0.0136783415659358,0.5988589918462239,-0.4324356324409396,-0.155771948965065,0.4665822678126831
0.4210777262745461,-0.16988837225830958,-0.4640291883353377,0.018791264651596317,0.5863641561691995,0.2945243112739994,0.8851069146098838,-0.2768405132872463,0.86739893163807,0.0177536420208659,0.6003878164894849,-0.4338505363430149,-0.1540957751668689,0.4669304946417167
0.4210777262745461,-0.16988837225830958,-0.4640291883353377,0.018791264651596317,0.5863641561691995,0.2945243112739994,0.8851069146098838,-0.2765034233701515,0.8653673612955366,0.0218289424757961,0.6019166411327459,-0.4352654402450903,-0.1524196013686727,0.4672787214707504
0.4210777262745461,-0.16988837225830958,-0.4640291883353377,0.018791264651596317,0.5863641561691995,0.2945243112739994,0.8851069146098838,-0.2761663334530566,0.8633357909530033,0.0259042429307263,0.6034454657760071,-0.4366803441471656,-0.1507434275704766,0.4676269482997842
0.4210777262745461,-0.16988837225830958,-0.4640291883353377,0.018791264651596317,0.5863641561691995,0.2945243112739994,0.8851069146098838,-0.2758292435359618,0.8613042206104699,0.0299795433856565,0.6049742904192681,-0.438095248049241,-0.1490672537722804,0.4679751751288178
0.4210777262745461,-0.16988837225830958,-0.4640291883353377,0.018791264651596317,0.5863641561691995,0.2945243112739994,0.8851069146098838,-0.275492153618867,0.8592726502679365,0.0340548438405866,0.6065031150625291,-0.4395101519513164,-0.1473910799740843,0.4683234019578516
0.4210777262745461,-0.16988837225830958,-0.4640291883353377,0.018791264651596317,0.5863641561691995,0.2945243112739994,0.8851069146098838,-0.2751550637017721,0.857241079925403,0.0381301442955168,0.6080319397057901,-0.4409250558533916,-0.1457149061758881,0.4686716287868852
0.4210777262745461,-0.16988837225830958,-0.4640291883353377,0.018791264651596317,0.5863641561691995,0.2945243112739994,0.8851069146098838,-0.2748179737846772,0.8552095095828698,0.042205444750447,0.6095607643490512,-0.442339959755467,-0.144038732377692,0.4690198556159189
0.4210777262745461,-0.16988837225830958,-0.4640291883353377,0.018791264651596317,0.5863641561691995,0.2945243112739994,0.8851069146098838,-0.2744808838675824,0.8531779392403365,0.0462807452053772,0.6110895889923121,-0.4437548636575423,-0.1423625585794958,0.4693680824449527
0.4210777262745461,-0.16988837225830958,-0.4640291883353377,0.018791264651596317,0.5863641561691995,0.2945243112739994,0.8851069146098838,-0.2741437939504875,0.851146368897803,0.0503560456603073,0.6126184136355732,-0.4451697675596177,-0.1406863847812997,0.4697163092739863
0.4210777262745461,-0.16988837225830958,-0.4640291883353377,0.018791264651596317,0.5863641561691995,0.2945243112739994,0.8851069146098838,-0.2738067040333927,0.8491147985552696,0.0544313461152375,0.6141472382788342,-0.446584671461693,-0.1390102109831035,0.47006453610302
0.4210777262745461,-0.16988837225830958,-0.4640291883353377,0.018791264651596317,0.5863641561691995,0.2945243112739994,0.8851069146098838,-0.2734696141162978,0.8470832282127363,0.0585066465701677,0.6156760629220952,-0.4479995753637684,-0.1373340371849074,0.4704127629320537
0.4210777262745461,-0.16988837225830958,-0.4640291883353377,0.018791264651596317,0.5863641561691995,0.2945243112739994,0.8851069146098838,-0.273132524199203,0.8450516578702029,0.0625819470250979,0.6172048875653562,-0.4494144792658437,-0.1356578633867112,0.4707609897610874
0.4210777262745461,-0.16988837225830958,-0.4640291883353377,0.018791264651596317,0.5863641561691995,0.2945243112739994,0.8851069146098838,-0.2727954342821082,0.8430200875276694,0.0666572474800281,0.6187337122086172,-0.450829383167919,-0.133981689588515,0.4711092165901211
0.4210777262745461,-0.16988837225830958,-0.4640291883353377,0.018791264651596317,0.5863641561691995,0.2945243112739994,0.8851069146098838,-0.2724583443650132,0.840988517185136,0.0707325479349582,0.6202625368518783,-0.4522442870699944,-0.1323055157903189,0.4714574434191548
0.4210777262745461,-0.16988837225830958,-0.4640291883353377,0.018791264651596317,0.5863641561691995,0.2945243112739994,0.8851069146098838,-0.2721212544479184,0.8389569468426027,0.0748078483898884,0.6217913614951392,-0.4536591909720697,-0.1306293419921228,0.4718056702481885
0.4210777262745461,-0.16988837225830958,-0.4640291883353377,0.018791264651596317,0.5863641561691995,0.2945243112739994,0.8851069146098838,-0.2717841645308236,0.8369253765000693,0.0788831488448186,0.6233201861384003,-0.4550740948741451,-0.1289531681939266,0.4721538970772221
0.4210777262745461,-0.16988837225830958,-0.4640291883353377,0.018791264651596317,0.5863641561691995,0.2945243112739994,0.8851069146098838,-0.2714470746137287,0.8348938061575358,0.0829584492997488,0.6248490107816613,-0.4564889987762204,-0.1272769943957304,0.4725021239062559
0.4210777262745461,-0.16988837225830958,-0.4640291883353377,0.018791264651596317,0.5863641561691995,0.2945243112739994,0.8851069146098838,-0.2711099846966339,0.8328622358150024,0.087033749754679,0.6263778354249223,-0.4579039026782957,-0.1256008205975343,0.4728503507352896
0.4210777262745461,-0.16988837225830958,-0.4640291883353377,0.018791264651596317,0.5863641561691995,0.2945243112739994,0.8851069146098838,-0.270772894779539,0.830830665472469,0.0911090502096091,0.6279066600681833,-0.4593188065803711,-0.1239246467993381,0.4731985775643232
0.4210777262745461,-0.16988837225830958,-0.4640291883353377,0.018791264651596317,0.5863641561691995,0.2945243112739994,0.8851069146098838,-0.2704358048624442,0.8287990951299357,0.0951843506645393,0.6294354847114443,-0.4607337104824464,-0.122248473001142,0.473546804393357
0.4210777262745461,-0.16988837225830958,-0.4640291883353377,0.018791264651596317,0.5863641561691995,0.2945243112739994,0.8851069146098838,-0.2700987149453493,0.8267675247874022,0.0992596511194695,0.6309643093547054,-0.4621486143845217,-0.1205722992029459,0.4738950312223906
0.4210777262745461,-0.16988837225830958,-0.4640291883353377,0.018791264651596317,0.5863641561691995,0.2945243112739994,0.8851069146098838,-0.2697616250282544,0.8247359544448688,0.1033349515743997,0.6324931339979664,-0.4635635182865971,-0.1188961254047497,0.4742432580514243
0.4210777262745461,-0.16988837225830958,-0.4640291883353377,0.018791264651596317,0.5863641561691995,0.2945243112739994,0.8851069146098838,-0.2694245351111596,0.8227043841023354,0.1074102520293298,0.6340219586412275,-0.4649784221886724,-0.1172199516065535,0.4745914848804581
0.4210777262745461,-0.16988837225830958,-0.4640291883353377,0.018791264651596317,0.5863641561691995,0.2945243112739994,0.8851069146098838,-0.2690874451940648,0.8206728137598021,0.11148555248426,0.6355507832844884,-0.4663933260907478,-0.1155437778083574,0.4749397117094917
0.4210777262745461,-0.16988837225830958,-0.4640291883353377,0.018791264651596317,0.5863641561691995,0.2945243112739994,0.8851069146098838,-0.2687503552769699,0.8186412434172686,0.1155608529391902,0.6370796079277494,-0.4678082299928231,-0.1138676040101612,0.4752879385385254
0.4210777262745461,-0.16988837225830958,-0.4640291883353377,0.018791264651596317,0.5863641561691995,0.2945243112739994,0.8851069146098838,-0.2684132653598751,0.8166096730747352,0.1196361533941204,0.6386084325710104,-0.4692231338948985,-0.1121914302119651,0.4756361653675591
0.4210777262745461,-0.16988837225830958,-0.4640291883353377,0.018791264651596317,0.5863641561691995,0.2945243112739994,0.8851069146098838,-0.2680761754427802,0.8145781027322018,0.1237114538490505,0.6401372572142714,-0.4706380377969738,-0.1105152564137689,0.4759843921965928
0.4210777262745461,-0.16988837225830958,-0.4640291883353377,0.018791264651596317,0.5863641561691995,0.2945243112739994,0.8851069146098838,-0.2677390855256853,0.8125465323896686,0.1277867543039807,0.6416660818575325,-0.4720529416990491,-0.1088390826155728,0.4763326190256266
0.4210777262745461,-0.16988837225830958,-0.4640291883353377,0.018791264651596317,0.5863641561691995,0.2945243112739994,0.8851069146098838,-0.2674019956085905,0.810514962047135,0.1318620547589109,0.6431949065007935,-0.4734678456011245,-0.1071629088173766,0.4766808458546602
0.4210777262745461,-0.16988837225830958,-0.4640291883353377,0.018791264651596317,0.5863641561691995,0.2945243112739994,0.8851069146098838,-0.2670649056914956,0.8084833917046017,0.1359373552138411,0.6447237311440546,-0.4748827495031998,-0.1054867350191805,0.477029072683694
0.4210777262745461,-0.16988837225830958,-0.4640291883353377,0.018791264651596317,0.5863641561691995,0.2945243112739994,0.8851069146098838,-0.2667278157744008,0.8064518213620682,0.1400126556687713,0.6462525557873156,-0.4762976534052752,-0.1038105612209843,0.4773772995127275
0.4210777262745461,-0.16988837225830958,-0.4640291883353377,0.018791264651596317,0.5863641561691995,0.2945243112739994,0.8851069146098838,-0.266390725857306,0.804420251019535,0.1440879561237014,0.6477813804305765,-0.4777125573073505,-0.1021343874227882,0.4777255263417613
0.4210777262745461,-0.16988837225830958,-0.4640291883353377,0.018791264651596317,0.5863641561691995,0.2945243112739994,0.8851069146098838,-0.2660536359402111,0.8023886806770015,0.1481632565786316,0.6493102050738376,-0.4791274612094258,-0.100458213624592,0.478073753170795
0.4210777262745461,-0.16988837225830958,-0.4640291883353377,0.018791264651596317,0.5863641561691995,0.2945243112739994,0.8851069146098838,-0.2657165460231163,0.8003571103344681,0.1522385570335618,0.6508390297170986,-0.4805423651115012,-0.0987820398263959,0.4784219799998287
0.4210777262745461,-0.16988837225830958,-0.4640291883353377,0.018791264651596317,0.5863641561691995,0.2945243112739994,0.8851069146098838,-0.2653794561060214,0.7983255399919347,0.156313857488492,0.6523678543603596,-0.4819572690135765,-0.0971058660281997,0.4787702068288624
0.4210777262745461,-0.16988837225830958,-0.4640291883353377,0.018791264651596317,0.5863641561691995,0.2945243112739994,0.8851069146098838,-0.2650423661889265,0.7962939696494014,0.1603891579434221,0.6538966790036207,-0.4833721729156519,-0.0954296922300036,0.4791184336578961
0.4210777262745461,-0.16988837225830958,-0.4640291883353377,0.018791264651596317,0.5863641561691995,0.2945243112739994,0.8851069146098838,-0.2647052762718317,0.7942623993068679,0.1644644583983523,0.6554255036468817,-0.4847870768177272,-0.0937535184318074,0.4794666604869298
0.4210777262745461,-0.16988837225830958,-0.4640291883353377,0.018791264651596317,0.5863641561691995,0.2945243112739994,0.8851069146098838,-0.2643681863547368,0.7922308289643345,0.1685397588532825,0.6569543282901427,-0.4862019807198026,-0.0920773446336113,0.4798148873159635
0.4210777262745461,-0.16988837225830958,-0.4640291883353377,0.018791264651596317,0.5863641561691995,0.2945243112739994,0.8851069146098838,-0.264031096437642,0.7901992586218011,0.1726150593082127,0.6584831529334036,-0.4876168846218779,-0.0904011708354151,0.4801631141449972
0.4210777262745461,-0.16988837225830958,-0.4640291883353377,0.018791264651596317,0.5863641561691995,0.2945243112739994,0.8851069146098838,-0.2636940065205472,0.7881676882792678,0.1766903597631428,0.6600119775766646,-0.4890317885239532,-0.088724997037219,0.4805113409740309
0.4210777262745461,-0.16988837225830958,-0.4640291883353377,0.018791264651596317,0.5863641561691995,0.2945243112739994,0.8851069146098838,-0.2633569166034523,0.7861361179367343,0.180765660218073,0.6615408022199257,-0.4904466924260285,-0.0870488232390228,0.4808595678030646
0.4210777262745461,-0.16988837225830958,-0.4640291883353377,0.018791264651596317,0.5863641561691995,0.2945243112739994,0.8851069146098838,-0.2630198266863575,0.784104547594201,0.1848409606730032,0.6630696268631867,-0.4918615963281039,-0.0853726494408267,0.4812077946320983
0.4210777262745461,-0.16988837225830958,-0.4640291883353377,0.018791264651596317,0.5863641561691995,0.2945243112739994,0.8851069146098838,-0.2626827367692625,0.7820729772516675,0.1889162611279334,0.6645984515064478,-0.4932765002301792,-0.0836964756426305,0.4815560214611319
0.4210777262745461,-0.16988837225830958,-0.4640291883353377,0.018791264651596317,0.5863641561691995,0.2945243112739994,0.8851069146098838,-0.2623456468521677,0.7800414069091341,0.1929915615828636,0.6661272761497088,-0.4946914041322546,-0.0820203018444343,0.4819042482901656
0.4210777262745461,-0.16988837225830958,-0.4640291883353377,0.018791264651596317,0.5863641561691995,0.2945243112739994,0.8851069146098838,-0.2620085569350729,0.7780098365666008,0.1970668620377937,0.6676561007929698,-0.4961063080343299,-0.0803441280462382,0.4822524751191994
0.4210777262745461,-0.16988837225830958,-0.4640291883353377,0.018791264651596317,0.5863641561691995,0.2945243112739994,0.8851069146098838,-0.261671467017978,0.7759782662240674,0.2011421624927239,0.6691849254362308,-0.4975212119364053,-0.078667954248042,0.482600701948233
0.4210777262745461,-0.16988837225830958,-0.4640291883353377,0.018791264651596317,0.5863641561691995,0.2945243112739994,0.8851069146098838,-0.2613343771008832,0.773946695881534,0.2052174629476541,0.6707137500794919,-0.4989361158384806,-0.0769917804498459,0.4829489287772667
0.4210777262745461,-0.16988837225830958,-0.4640291883353377,0.018791264651596317,0.5863641561691995,0.2945243112739994,0.8851069146098838,-0.2609972871837883,0.7719151255390005,0.2092927634025843,0.6722425747227528,-0.500351019740556,-0.0753156066516498,0.4832971556063005
0.4210777262745461,-0.16988837225830958,-0.4640291883353377,0.018791264651596317,0.5863641561691995,0.2945243112739994,0.8851069146098838,-0.2606601972666935,0.7698835551964673,0.2133680638575144,0.6737713993660139,-0.5017659236426313,-0.0736394328534536,0.4836453824353341
0.4210777262745461,-0.16988837225830958,-0.4640291883353377,0.018791264651596317,0.5863641561691995,0.2945243112739994,0.8851069146098838,-0.2603231073495986,0.7678519848539338,0.2174433643124446,0.6753002240092748,-0.5031808275447066,-0.0719632590552574,0.4839936092643678
0.4210777262745461,-0.16988837225830958,-0.4640291883353377,0.018791264651596317,0.5863641561691995,0.2945243112739994,0.8851069146098838,-0.2599860174325038,0.7658204145114005,0.2215186647673748,0.6768290486525359,-0.5045957314467819,-0.0702870852570613,0.4843418360934015
0.4210777262745461,-0.16988837225830958,-0.4640291883353377,0.018791264651596317,0.5863641561691995,0.2945243112739994,0.8851069146098838,-0.2596489275154089,0.7637888441688669,0.225593965222305,0.6783578732957969,-0.5060106353488573,-0.0686109114588651,0.4846900629224352
0.4210777262745461,-0.16988837225830958,-0.4640291883353377,0.018791264651596317,0.5863641561691995,0.2945243112739994,0.8851069146098838,-0.2593118375983141,0.7617572738263337,0.2296692656772351,0.679886697939058,-0.5074255392509327,-0.066934737660669,0.485038289751469
0.4210777262745461,-0.16988837225830958,-0.4640291883353377,0.018791264651596317,0.5863641561691995,0.2945243112739994,0.8851069146098838,-0.2589747476812192,0.7597257034838002,0.2337445661321653,0.6814155225823189,-0.508840443153008,-0.0652585638624728,0.4853865165805026
0.4210777262745461,-0.16988837225830958,-0.4640291883353377,0.018791264651596317,0.5863641561691995,0.2945243112739994,0.8851069146098838,-0.2586376577641244,0.7576941331412669,0.2378198665870955,0.6829443472255801,-0.5102553470550834,-0.0635823900642767,0.4857347434095364
0.4210777262745461,-0.16988837225830958,-0.4640291883353377,0.018791264651596317,0.5863641561691995,0.2945243112739994,0.8851069146098838,-0.2583005678470295,0.7556625627987333,0.2418951670420257,0.684473171868841,-0.5116702509571587,-0.0619062162660805,0.4860829702385699
0.4210777262745461,-0.16988837225830958,-0.4640291883353377,0.018791264651596317,0.5863641561691995,0.2945243112739994,0.8851069146098838,-0.2579634779299347,0.7536309924562001,0.2459704674969559,0.686001996512102,-0.5130851548592341,-0.0602300424678844,0.4864311970676037
0.4210777262745461,-0.16988837225830958,-0.4640291883353377,0.018791264651596317,0.5863641561691995,0.2945243112739994,0.8851069146098838,-0.2576263880128398,0.7515994221136666,0.250045767951886,0.687530821155363,-0.5145000587613093,-0.0585538686696882,0.4867794238966374
0.4210777262745461,-0.16988837225830958,-0.4640291883353377,0.018791264651596317,0.5863641561691995,0.2945243112739994,0.8851069146098838,-0.2572892980957449,0.7495678517711333,0.2541210684068162,0.6890596457986241,-0.5159149626633848,-0.0568776948714921,0.4871276507256711
0.4210777262745461,-0.16988837225830958,-0.4640291883353377,0.018791264651596317,0.5863641561691995,0.2945243112739994,0.8851069146098838,-0.2569522081786501,0.7475362814285997,0.2581963688617464,0.690588470441885,-0.51732986656546,-0.0552015210732959,0.4874758775547048
0.4210777262745461,-0.16988837225830958,-0.4640291883353377,0.018791264651596317,0.5863641561691995,0.2945243112739994,0.8851069146098838,-0.2566151182615553,0.7455047110860665,0.2622716693166765,0.6921172950851461,-0.5187447704675354,-0.0535253472750998,0.4878241043837384
0.4210777262745461,-0.16988837225830958,-0.4640291883353377,0.018791264651596317,0.5863641561691995,0.2945243112739994,0.8851069146098838,-0.2562780283444604,0.7434731407435331,0.2663469697716067,0.6936461197284072,-0.5201596743696107,-0.0518491734769036,0.4881723312127722
0.4210777262745461,-0.16988837225830958,-0.4640291883353377,0.018791264651596317,0.5863641561691995,0.2945243112739994,0.8851069146098838,-0.2559409384273656,0.7414415704009997,0.2704222702265369,0.6951749443716682,-0.5215745782716861,-0.0501729996787075,0.4885205580418059
0.4210777262745461,-0.16988837225830958,-0.4640291883353377,0.018791264651596317,0.5863641561691995,0.2945243112739994,0.8851069146098838,-0.2556038485102707,0.7394100000584662,0.2744975706814671,0.6967037690149291,-0.5229894821737614,-0.0484968258805113,0.4888687848708395
0.4210777262745461,-0.16988837225830958,-0.4640291883353377,0.018791264651596317,0.5863641561691995,0.2945243112739994,0.8851069146098838,-0.2552667585931759,0.7373784297159329,0.2785728711363973,0.6982325936581901,-0.5244043860758367,-0.0468206520823152,0.4892170116998733
0.4210777262745461,-0.16988837225830958,-0.4640291883353377,0.018791264651596317,0.5863641561691995,0.2945243112739994,0.8851069146098838,-0.254929668676081,0.7353468593733995,0.2826481715913274,0.6997614183014511,-0.5258192899779122,-0.045144478284119,0.489565238528907
0.4210777262745461,-0.16988837225830958,-0.4640291883353377,0.018791264651596317,0.5863641561691995,0.2945243112739994,0.8851069146098838,-0.2545925787589861,0.7333152890308661,0.2867234720462576,0.7012902429447122,-0.5272341938799874,-0.0434683044859229,0.4899134653579406
0.4210777262745461,-0.16988837225830958,-0.4640291883353377,0.018791264651596317,0.5863641561691995,0.2945243112739994,0.8851069146098838,-0.2542554888418913,0.7312837186883326,0.2907987725011878,0.7028190675879732,-0.5286490977820628,-0.0417921306877267,0.4902616921869743
0.4210777262745461,-0.16988837225830958,-0.4640291883353377,0.018791264651596317,0.5863641561691995,0.2945243112739994,0.8851069146098838,-0.2539183989247964,0.7292521483457992,0.294874072956118,0.7043478922312343,-0.530064001684138,-0.0401159568895306,0.490609919016008
0.4210777262745461,-0.16988837225830958,-0.4640291883353377,0.018791264651596317,0.5863641561691995,0.2945243112739994,0.8851069146098838,-0.2535813090077016,0.7272205780032659,0.2989493734110482,0.7058767168744953,-0.5314789055862135,-0.0384397830913344,0.4909581458450417
0.4210777262745461,-0.16988837225830958,-0.4640291883353377,0.018791264651596317,0.5863641561691995,0.2945243112739994,0.8851069146098838,-0.2532442190906068,0.7251890076607326,0.3030246738659783,0.7074055415177563,-0.5328938094882888,-0.0367636092931382,0.4913063726740754
0.4210777262745461,-0.16988837225830958,-0.4640291883353377,0.018791264651596317,0.5863641561691995,0.2945243112739994,0.8851069146098838,-0.2529071291735119,0.723157437318199,0.3070999743209086,0.7089343661610172,-0.5343087133903641,-0.0350874354949421,0.4916545995031091
0.4210777262745461,-0.16988837225830958,-0.4640291883353377,0.018791264651596317,0.5863641561691995,0.2945243112739994,0.8851069146098838,-0.2525700392564171,0.7211258669756657,0.3111752747758387,0.7104631908042783,-0.5357236172924394,-0.0334112616967459,0.4920028263321429
0.4210777262745461,-0.16988837225830958,-0.4640291883353377,0.018791264651596317,0.5863641561691995,0.2945243112739994,0.8851069146098838,-0.2522329493393223,0.7190942966331324,0.3152505752307689,0.7119920154475393,-0.5371385211945148,-0.0317350878985498,0.4923510531611765
0.4210777262745461,-0.16988837225830958,-0.4640291883353377,0.018791264651596317,0.5863641561691995,0.2945243112739994,0.8851069146098838,-0.2518958594222273,0.7170627262905989,0.319325875685699,0.7135208400908003,-0.5385534250965901,-0.0300589141003536,0.4926992799902102
0.4210777262745461,-0.16988837225830958,-0.4640291883353377,0.018791264651596317,0.5863641561691995,0.2945243112739994,0.8851069146098838,-0.2515587695051325,0.7150311559480655,0.3234011761406292,0.7150496647340614,-0.5399683289986655,-0.0283827403021575,0.4930475068192439
0.4210777262745461,-0.16988837225830958,-0.4640291883353377,0.018791264651596317,0.5863641561691995,0.2945243112739994,0.8851069146098838,-0.2512216795880376,0.712999585605532,0.3274764765955594,0.7165784893773224,-0.5413832329007409,-0.0267065665039613,0.4933957336482776
0.4210777262745461,-0.16988837225830958,-0.4640291883353377,0.018791264651596317,0.5863641561691995,0.2945243112739994,0.8851069146098838,-0.2508845896709428,0.7109680152629989,0.3315517770504896,0.7181073140205834,-0.5427981368028162,-0.0250303927057652,0.4937439604773114
0.4210777262745461,-0.16988837225830958,-0.4640291883353377,0.018791264651596317,0.5863641561691995,0.2945243112739994,0.8851069146098838,-0.2505474997538479,0.7089364449204654,0.3356270775054197,0.7196361386638443,-0.5442130407048915,-0.023354218907569,0.4940921873063449
0.4210777262745461,-0.16988837225830958,-0.4640291883353377,0.018791264651596317,0.5863641561691995,0.2945243112739994,0.8851069146098838,-0.2502104098367531,0.706904874577932,0.3397023779603499,0.7211649633071056,-0.5456279446069668,-0.0216780451093729,0.4944404141353787
0.4210777262745461,-0.16988837225830958,-0.4640291883353377,0.018791264651596317,0.5863641561691995,0.2945243112739994,0.8851069146098838,-0.2498733199196582,0.7048733042353985,0.3437776784152801,0.7226937879503664,-0.5470428485090422,-0.0200018713111767,0.4947886409644123
0.4210777262745461,-0.16988837225830958,-0.4640291883353377,0.018791264651596317,0.5863641561691995,0.2945243112739994,0.8851069146098838,-0.2495362300025634,0.7028417338928652,0.3478529788702103,0.7242226125936275,-0.5484577524111176,-0.0183256975129806,0.4951368677934461
0.4210777262745461,-0.16988837225830958,-0.4640291883353377,0.018791264651596317,0.5863641561691995,0.2945243112739994,0.8851069146098838,-0.2491991400854685,0.7008101635503318,0.3519282793251405,0.7257514372368885,-0.5498726563131928,-0.0166495237147844,0.4954850946224798
0.4210777262745461,-0.16988837225830958,-0.4640291883353377,0.018791264651596317,0.5863641561691995,0.2945243112739994,0.8851069146098838,-0.2488620501683737,0.6987785932077984,0.3560035797800707,0.7272802618801495,-0.5512875602152683,-0.0149733499165883,0.4958333214515135
0.4210777262745461,-0.16988837225830958,-0.4640291883353377,0.018791264651596317,0.5863641561691995,0.2945243112739994,0.8851069146098838,-0.2485249602512788,0.696747022865265,0.3600788802350008,0.7288090865234105,-0.5527024641173436,-0.0132971761183921,0.4961815482805471
0.4210777262745461,-0.16988837225830958,-0.4640291883353377,0.018791264651596317,0.5863641561691995,0.2945243112739994,0.8851069146098838,-0.248187870334184,0.6947154525227316,0.364154180689931,0.7303379111666715,-0.5541173680194189,-0.011621002320196,0.4965297751095808
0.4210777262745461,-0.16988837225830958,-0.4640291883353377,0.018791264651596317,0.5863641561691995,0.2945243112739994,0.8851069146098838,-0.2478507804170891,0.6926838821801983,0.3682294811448611,0.7318667358099326,-0.5555322719214942,-0.0099448285219998,0.4968780019386146
0.4210777262745461,-0.16988837225830958,-0.4640291883353377,0.018791264651596317,0.5863641561691995,0.2945243112739994,0.8851069146098838,-0.2475136904999943,0.6906523118376648,0.3723047815997913,0.7333955604531937,-0.5569471758235696,-0.0082686547238037,0.4972262287676482
0.4210777262745461,-0.16988837225830958,-0.4640291883353377,0.018791264651596317,0.5863641561691995,0.2945243112739994,0.8851069146098838,-0.2471766005828994,0.6886207414951314,0.3763800820547215,0.7349243850964546,-0.5583620797256449,-0.0065924809256075,0.4975744555966819
0.4210777262745461,-0.16988837225830958,-0.4640291883353377,0.018791264651596317,0.5863641561691995,0.2945243112739994,0.8851069146098838,-0.2468395106658046,0.686589171152598,0.3804553825096517,0.7364532097397156,-0.5597769836277202,-0.0049163071274114,0.4979226824257157
0.4210777262745461,-0.16988837225830958,-0.4640291883353377,0.018791264651596317,0.5863641561691995,0.2945243112739994,0.8851069146098838,-0.2465024207487097,0.6845576008100647,0.3845306829645818,0.7379820343829766,-0.5611918875297955,-0.0032401333292152,0.4982709092547494
0.4210777262745461,-0.16988837225830958,-0.4640291883353377,0.018791264651596317,0.5863641561691995,0.2945243112739994,0.8851069146098838,-0.2461653308316149,0.6825260304675312,0.3886059834195121,0.7395108590262376,-0.5626067914318709,-0.0015639595310191,0.498619136083783
0.4210777262745461,-0.16988837225830958,-0.4640291883353377,0.018791264651596317,0.5863641561691995,0.2945243112739994,0.8851069146098838,-0.24582824091452,0.6804944601249978,0.3926812838744423,0.7410396836694986,-0.5640216953339463,0.000112214267177,0.4989673629128167
0.4210777262745461,-0.16988837225830958,-0.4640291883353377,0.018791264651596317,0.5863641561691995,0.2945243112739994,0.8851069146098838,-0.2454911509974252,0.6784628897824645,0.3967565843293724,0.7425685083127598,-0.5654365992360216,0.0017883880653731,0.4993155897418504
0.4210777262745461,-0.16988837225830958,-0.4640291883353377,0.018791264651596317,0.5863641561691995,0.2945243112739994,0.8851069146098838,-0.2451540610803303,0.6764313194399311,0.4008318847843026,0.7440973329560208,-0.566851503138097,0.0034645618635693,0.4996638165708841
0.4210777262745461,-0.16988837225830958,-0.4640291883353377,0.018791264651596317,0.5863641561691995,0.2945243112739994,0.8851069146098838,-0.2448169711632355,0.6743997490973976,0.4049071852392328,0.7456261575992817,-0.5682664070401723,0.0051407356617654,0.5000120433999179
0.4210777262745461,-0.16988837225830958,-0.4640291883353377,0.018791264651596317,0.5863641561691995,0.2945243112739994,0.8851069146098838,-0.2444798812461406,0.6723681787548642,0.408982485694163,0.7471549822425427,-0.5696813109422476,0.0068169094599616,0.5003602702289516
0.4210777262745461,-0.16988837225830958,-0.4640291883353377,0.018791264651596317,0.5863641561691995,0.2945243112739994,0.8851069146098838,-0.2441427913290458,0.6703366084123309,0.4130577861490931,0.7486838068858037,-0.5710962148443229,0.0084930832581578,0.5007084970579853
0.4210777262745461,-0.16988837225830958,-0.4640291883353377,0.018791264651596317,0.5863641561691995,0.2945243112739994,0.8851069146098838,-0.2438057014119509,0.6683050380697975,0.4171330866040234,0.7502126315290648,-0.5725111187463983,0.0101692570563539,0.5010567238870189
0.4210777262745461,-0.16988837225830958,-0.4640291883353377,0.018791264651596317,0.5863641561691995,0.2945243112739994,0.8851069146098838,-0.2434686114948561,0.6662734677272641,0.4212083870589535,0.7517414561723258,-0.5739260226484737,0.0118454308545501,0.5014049507160526
0.4210777262745461,-0.16988837225830958,-0.4640291883353377,0.018791264651596317,0.5863641561691995,0.2945243112739994,0.8851069146098838,-0.2431315215777612,0.6642418973847306,0.4252836875138837,0.7532702808155868,-0.575340926550549,0.0135216046527462,0.5017531775450863
0.4210777262745461,-0.16988837225830958,-0.4640291883353377,0.018791264651596317,0.5863641561691995,0.2945243112739994,0.8851069146098838,-0.2427944316606664,0.6622103270421973,0.4293589879688139,0.7547991054588479,-0.5767558304526244,0.0151977784509424,0.50210140437412
0.4210777262745461,-0.16988837225830958,-0.4640291883353377,0.018791264651596317,0.5863641561691995,0.2945243112739994,0.8851069146098838,-0.2424573417435715,0.6601787566996639,0.4334342884237441,0.7563279301021089,-0.5781707343546997,0.0168739522491385,0.5024496312031537
0.4210777262745461,-0.16988837225830958,-0.4640291883353377,0.018791264651596317,0.5863641561691995,0.2945243112739994,0.8851069146098838,-0.2421202518264766,0.6581471863571304,0.4375095888786742,0.7578567547453698,-0.579585638256775,0.0185501260473347,0.5027978580321875
0.4210777262745461,-0.16988837225830958,-0.4640291883353377,0.018791264651596317,0.5863641561691995,0.2945243112739994,0.8851069146098838,-0.2417831619093818,0.6561156160145971,0.4415848893336043,0.7593855793886308,-0.5810005421588503,0.0202262998455308,0.503146084861221
0.4210777262745461,-0.16988837225830958,-0.4640291883353377,0.018791264651596317,0.5863641561691995,0.2945243112739994,0.8851069146098838,-0.241446071992287,0.6540840456720638,0.4456601897885345,0.7609144040318918,-0.5824154460609257,0.0219024736437269,0.5034943116902548
0.4210777262745461,-0.16988837225830958,-0.4640291883353377,0.018791264651596317,0.5863641561691995,0.2945243112739994,0.8851069146098838,-0.2411089820751921,0.6520524753295304,0.4497354902434647,0.7624432286751529,-0.5838303499630011,0.0235786474419231,0.5038425385192885
0.4210777262745461,-0.16988837225830958,-0.4640291883353377,0.018791264651596317,0.5863641561691995,0.2945243112739994,0.8851069146098838,-0.2407718921580973,0.6500209049869969,0.4538107906983948,0.7639720533184139,-0.5852452538650763,0.0252548212401192,0.5041907653483222
0.4210777262745461,-0.16988837225830958,-0.4640291883353377,0.018791264651596317,0.5863641561691995,0.2945243112739994,0.8851069146098838,-0.2404348022410024,0.6479893346444636,0.457886091153325,0.765500877961675,-0.5866601577671516,0.0269309950383154,0.5045389921773559
0.4210777262745461,-0.16988837225830958,-0.4640291883353377,0.018791264651596317,0.5863641561691995,0.2945243112739994,0.8851069146098838,-0.2400977123239075,0.6459577643019302,0.4619613916082552,0.767029702604936,-0.588075061669227,0.0286071688365116,0.5048872190063896
0.4210777262745461,-0.16988837225830958,-0.4640291883353377,0.018791264651596317,0.5863641561691995,0.2945243112739994,0.8851069146098838,-0.2397606224068127,0.6439261939593968,0.4660366920631854,0.768558527248197,-0.5894899655713024,0.0302833426347077,0.5052354458354232
0.4210777262745461,-0.16988837225830958,-0.4640291883353377,0.018791264651596317,0.5863641561691995,0.2945243112739994,0.8851069146098838,-0.2394235324897179,0.6418946236168634,0.4701119925181156,0.7700873518914579,-0.5909048694733777,0.0319595164329039,0.5055836726644569
0.4210777262745461,-0.16988837225830958,-0.4640291883353377,0.018791264651596317,0.5863641561691995,0.2945243112739994,0.8851069146098838,-0.239086442572623,0.6398630532743299,0.4741872929730458,0.7716161765347189,-0.592319773375453,0.0336356902311,0.5059318994934906
0.4210777262745461,-0.16988837225830958,-0.4640291883353377,0.018791264651596317,0.5863641561691995,0.2945243112739994,0.8851069146098838,-0.2387493526555282,0.6378314829317966,0.4782625934279759,0.7731450011779801,-0.5937346772775285,0.0353118640292962,0.5062801263225243
0.4210777262745461,-0.16988837225830958,-0.4640291883353377,0.018791264651596317,0.5863641561691995,0.2945243112739994,0.8851069146098838,-0.2384122627384333,0.6357999125892632,0.4823378938829061,0.7746738258212411,-0.5951495811796037,0.0369880378274923,0.5066283531515581
0.4210777262745461,-0.16988837225830958,-0.4640291883353377,0.018791264651596317,0.5863641561691995,0.2945243112739994,0.8851069146098838,-0.2380751728213385,0.6337683422467297,0.4864131943378363,0.7762026504645021,-0.596564485081679,0.0386642116256885,0.5069765799805918
0.4210777262745461,-0.16988837225830958,-0.4640291883353377,0.018791264651596317,0.5863641561691995,0.2945243112739994,0.8851069146098838,-0.2377380829042436,0.6317367719041964,0.4904884947927665,0.7777314751077631,-0.5979793889837544,0.0403403854238846,0.5073248068096254
0.4210777262745461,-0.16988837225830958,-0.4640291883353377,0.018791264651596317,0.5863641561691995,0.2945243112739994,0.8851069146098838,-0.2374009929871487,0.629705201561663,0.4945637952476966,0.7792602997510241,-0.5993942928858298,0.0420165592220808,0.5076730336386591
0.4210777262745461,-0.16988837225830958,-0.4640291883353377,0.018791264651596317,0.5863641561691995,0.2945243112739994,0.8851069146098838,-0.2370639030700539,0.6276736312191296,0.4986390957026268,0.780789124394285,-0.6008091967879051,0.0436927330202769,0.5080212604676928
0.4210777262745461,-0.16988837225830958,-0.4640291883353377,0.018791264651596317,0.5863641561691995,0.2945243112739994,0.8851069146098838,-0.236726813152959,0.6256420608765962,0.502714396157557,0.7823179490375463,-0.6022241006899804,0.0453689068184731,0.5083694872967266
0.4210777262745461,-0.16988837225830958,-0.4640291883353377,0.018791264651596317,0.5863641561691995,0.2945243112739994,0.8851069146098838,-0.2363897232358642,0.6236104905340628,0.5067896966124872,0.7838467736808072,-0.6036390045920558,0.0470450806166692,0.5087177141257603
0.4210777262745461,-0.16988837225830958,-0.4640291883353377,0.018791264651596317,0.5863641561691995,0.2945243112739994,0.8851069146098838,-0.2360526333187693,0.6215789201915294,0.5108649970674174,0.7853755983240682,-0.6050539084941311,0.0487212544148654,0.509065940954794
0.4210777262745461,-0.16988837225830958,-0.4640291883353377,0.018791264651596317,0.5863641561691995,0.2945243112739994,0.8851069146098838,-0.2357155434016745,0.6195473498489961,0.5149402975223476,0.7869044229673292,-0.6064688123962064,0.0503974282130615,0.5094141677838276
0.4210777262745461,-0.16988837225830958,-0.4640291883353377,0.018791264651596317,0.5863641561691995,0.2945243112739994,0.8851069146098838,-0.2353784534845796,0.6175157795064625,0.5190155979772777,0.7884332476105902,-0.6078837162982818,0.0520736020112577,0.5097623946128613
0.4210777262745461,-0.16988837225830958,-0.4640291883353377,0.018791264651596317,0.5863641561691995,0.2945243112739994,0.8851069146098838,-0.2350413635674848,0.6154842091639292,0.5230908984322079,0.7899620722538513,-0.6092986202003572,0.0537497758094539,0.510110621441895
0.4210777262745461,-0.16988837225830958,-0.4640291883353377,0.018791264651596317,0.5863641561691995,0.2945243112739994,0.8851069146098838,-0.2347042736503899,0.6134526388213958,0.5271661988871381,0.7914908968971123,-0.6107135241024325,0.05542594960765,0.5104588482709287
0.4210777262745461,-0.16988837225830958,-0.4640291883353377,0.018791264651596317,0.5863641561691995,0.2945243112739994,0.8851069146098838,-0.2343671837332951,0.6114210684788624,0.5312414993420683,0.7930197215403733,-0.6121284280045078,0.0571021234058462,0.5108070750999624
0.4210777262745461,-0.16988837225830958,-0.4640291883353377,0.018791264651596317,0.5863641561691995,0.2945243112739994,0.8851069146098838,-0.2340300938162002,0.609389498136329,0.5353167997969984,0.7945485461836344,-0.6135433319065832,0.0587782972040423,0.511155301928996
0.4210777262745461,-0.16988837225830958,-0.4640291883353377,0.018791264651596317,0.5863641561691995,0.2945243112739994,0.8851069146098838,-0.2336930038991054,0.6073579277937957,0.5393921002519286,0.7960773708268953,-0.6149582358086585,0.0604544710022385,0.5115035287580298
0.4210777262745461,-0.16988837225830958,-0.4640291883353377,0.018791264651596317,0.5863641561691995,0.2945243112739994,0.8851069146098838,-0.2333559139820105,0.6053263574512623,0.5434674007068587,0.7976061954701563,-0.6163731397107338,0.0621306448004346,0.5118517555870634
0.4210777262745461,-0.16988837225830958,-0.4640291883353377,0.018791264651596317,0.5863641561691995,0.2945243112739994,0.8851069146098838,-0.2330188240649157,0.6032947871087289,0.5475427011617889,0.7991350201134173,-0.6177880436128091,0.0638068185986307,0.5121999824160972
0.4210777262745461,-0.16988837225830958,-0.4640291883353377,0.018791264651596317,0.5863641561691995,0.2945243112739994,0.8851069146098838,-0.2326817341478208,0.6012632167661955,0.551618001616719,0.8006638447566784,-0.6192029475148846,0.0654829923968269,0.5125482092451309
0.4210777262745461,-0.16988837225830958,-0.4640291883353377,0.018791264651596317,0.5863641561691995,0.2945243112739994,0.8851069146098838,-0.232344644230726,0.5992316464236621,0.5556933020716492,0.8021926693999394,-0.6206178514169599,0.067159166195023,0.5128964360741646
0.4210777262745461,-0.16988837225830958,-0.4640291883353377,0.018791264651596317,0.5863641561691995,0.2945243112739994,0.8851069146098838,-0.2320075543136311,0.5972000760811287,0.5597686025265795,0.8037214940432004,-0.6220327553190352,0.0688353399932192,0.5132446629031983
0.4210777262745461,-0.16988837225830958,-0.4640291883353377,0.018791264651596317,0.5863641561691995,0.2945243112739994,0.8851069146098838,-0.2316704643965363,0.5951685057385954,0.5638439029815097,0.8052503186864614,-0.6234476592211106,0.0705115137914153,0.5135928897322319
0.4210777262745461,-0.16988837225830958,-0.4640291883353377,0.018791264651596317,0.5863641561691995,0.2945243112739994,0.8851069146098838,-0.2313333744794414,0.5931369353960618,0.5679192034364398,0.8067791433297224,-0.6248625631231859,0.0721876875896115,0.5139411165612656
0.4210777262745461,-0.16988837225830958,-0.4640291883353377,0.018791264651596317,0.5863641561691995,0.2945243112739994,0.8851069146098838,-0.2309962845623466,0.5911053650535285,0.57199450389137,0.8083079679729834,-0.6262774670252613,0.0738638613878077,0.5142893433902993
0.4210777262745461,-0.16988837225830958,-0.4640291883353377,0.018791264651596317,0.5863641561691995,0.2945243112739994,0.8851069146098838,-0.2306591946452517,0.5890737947109952,0.5760698043463002,0.8098367926162444,-0.6276923709273365,0.0755400351860038,0.514637570219333
0.4210777262745461,-0.16988837225830958,-0.4640291883353377,0.018791264651596317,0.5863641561691995,0.2945243112739994,0.8851069146098838,-0.2303221047281569,0.5870422243684618,0.5801451048012304,0.8113656172595054,-0.6291072748294119,0.0772162089842,0.5149857970483668
0.4210777262745461,-0.16988837225830958,-0.4640291883353377,0.018791264651596317,0.5863641561691995,0.2945243112739994,0.8851069146098838,-0.229985014811062,0.5850106540259283,0.5842204052561605,0.8128944419027665,-0.6305221787314873,0.0788923827823961,0.5153340238774005
0.4210777262745461,-0.16988837225830958,-0.4640291883353377,0.018791264651596317,0.5863641561691995,0.2945243112739994,0.8851069146098838,-0.2296479248939672,0.5829790836833949,0.5882957057110907,0.8144232665460276,-0.6319370826335625,0.0805685565805923,0.5156822507064341
0.4210777262745461,-0.16988837225830958,-0.4640291883353377,0.018791264651596317,0.5863641561691995,0.2945243112739994,0.8851069146098838,-0.2293108349768723,0.5809475133408615,0.5923710061660209,0.8159520911892886,-0.633351986535638,0.0822447303787884,0.5160304775354678
0.4210777262745461,-0.16988837225830958,-0.4640291883353377,0.018791264651596317,0.5863641561691995,0.2945243112739994,0.8851069146098838,-0.2289737450597775,0.5789159429983282,0.5964463066209511,0.8174809158325496,-0.6347668904377133,0.0839209041769846,0.5163787043645015
0.4210777262745461,-0.16988837225830958,-0.4640291883353377,0.018791264651596317,0.5863641561691995,0.2945243112739994,0.8851069146098838,-0.2286366551426826,0.5768843726557947,0.6005216070758813,0.8190097404758105,-0.6361817943397886,0.0855970779751807,0.5167269311935352
0.4210777262745461,-0.16988837225830958,-0.4640291883353377,0.018791264651596317,0.5863641561691995,0.2945243112739994,0.8851069146098838,-0.2282995652255878,0.5748528023132613,0.6045969075308114,0.8205385651190715,-0.6375966982418639,0.0872732517733769,0.5170751580225689
0.4210777262745461,-0.16988837225830958,-0.4640291883353377,0.018791264651596317,0.5863641561691995,0.2945243112739994,0.8851069146098838,-0.2279624753084929,0.572821231970728,0.6086722079857416,0.8220673897623325,-0.6390116021439393,0.088949425571573,0.5174233848516027
0.4210777262745461,-0.16988837225830958,-0.4640291883353377,0.018791264651596317,0.5863641561691995,0.2945243112739994,0.8851069146098838,-0.2276253853913981,0.5707896616281946,0.6127475084406718,0.8235962144055937,-0.6404265060460146,0.0906255993697692,0.5177716116806363
0.4210777262745461,-0.16988837225830958,-0.4640291883353377,0.018791264651596317,0.5863641561691995,0.2945243112739994,0.8851069146098838,-0.2272882954743032,0.5687580912856611,0.616822808895602,0.8251250390488547,-0.6418414099480899,0.0923017731679653,0.51811983850967
0.4210777262745461,-0.16988837225830958,-0.4640291883353377,0.018791264651596317,0.5863641561691995,0.2945243112739994,0.8851069146098838,-0.2269512055572084,0.5667265209431278,0.6208981093505321,0.8266538636921157,-0.6432563138501654,0.0939779469661615,0.5184680653387037
0.4210777262745461,-0.16988837225830958,-0.4640291883353377,0.018791264651596317,0.5863641561691995,0.2945243112739994,0.8851069146098838,-0.2266141156401135,0.5646949506005944,0.6249734098054623,0.8281826883353767,-0.6446712177522407,0.0956541207643577,0.5188162921677374
0.4210777262745461,-0.16988837225830958,-0.4640291883353377,0.018791264651596317,0.5863641561691995,0.2945243112739994,0.8851069146098838,-0.2262770257230187,0.562663380258061,0.6290487102603926,0.8297115129786377,-0.646086121654316,0.0973302945625538,0.5191645189967711
0.4210777262745461,-0.16988837225830958,-0.4640291883353377,0.018791264651596317,0.5863641561691995,0.2945243112739994,0.8851069146098838,-0.2259399358059238,0.5606318099155276,0.6331240107153228,0.8312403376218988,-0.6475010255563913,0.0990064683607499,0.5195127458258048
0.4210777262745461,-0.16988837225830958,-0.4640291883353377,0.018791264651596317,0.5863641561691995,0.2945243112739994,0.8851069146098838,-0.225602845888829,0.5586002395729942,0.6371993111702529,0.8327691622651598,-0.6489159294584668,0.1006826421589461,0.5198609726548384
0.4210777262745461,-0.16988837225830958,-0.4640291883353377,0.018791264651596317,0.5863641561691995,0.2945243112739994,0.8851069146098838,-0.2252657559717341,0.5565686692304608,0.6412746116251831,0.8342979869084208,-0.650330833360542,0.1023588159571423,0.5202091994838722
0.4210777262745461,-0.16988837225830958,-0.4640291883353377,0.018791264651596317,0.5863641561691995,0.2945243112739994,0.8851069146098838,-0.2249286660546393,0.5545370988879275,0.6453499120801132,0.8358268115516817,-0.6517457372626174,0.1040349897553384,0.5205574263129058
0.4210777262745461,-0.16988837225830958,-0.4640291883353377,0.018791264651596317,0.5863641561691995,0.2945243112739994,0.8851069146098838,-0.2245915761375444,0.552505528545394,0.6494252125350434,0.8373556361949428,-0.6531606411646926,0.1057111635535345,0.5209056531419396
0.4210777262745461,-0.16988837225830958,-0.4640291883353377,0.018791264651596317,0.5863641561691995,0.2945243112739994,0.8851069146098838,-0.2242544862204496,0.5504739582028606,0.6535005129899735,0.8388844608382039,-0.6545755450667681,0.1073873373517307,0.5212538799709733
0.4210777262745461,-0.16988837225830958,-0.4640291883353377,0.018791264651596317,0.5863641561691995,0.2945243112739994,0.8851069146098838,-0.2239173963033547,0.5484423878603273,0.6575758134449037,0.8404132854814649,-0.6559904489688434,0.1090635111499268,0.521602106800007
0.4210777262745461,-0.16988837225830958,-0.4640291883353377,0.018791264651596317,0.5863641561691995,0.2945243112739994,0.8851069146098838,-0.2235803063862599,0.5464108175177939,0.6616511138998339,0.8419421101247259,-0.6574053528709186,0.110739684948123,0.5219503336290406
0.4210777262745461,-0.16988837225830958,-0.4640291883353377,0.018791264651596317,0.5863641561691995,0.2945243112739994,0.8851069146098838,-0.223243216469165,0.5443792471752604,0.6657264143547641,0.8434709347679868,-0.658820256772994,0.1124158587463191,0.5222985604580743
0.4210777262745461,-0.16988837225830958,-0.4640291883353377,0.018791264651596317,0.5863641561691995,0.2945243112739994,0.8851069146098838,-0.2229061265520702,0.5423476768327271,0.6698017148096942,0.8449997594112478,-0.6602351606750694,0.1140920325445153,0.522646787287108
0.4210777262745461,-0.16988837225830958,-0.4640291883353377,0.018791264651596317,0.5863641561691995,0.2945243112739994,0.8851069146098838,-0.2225690366349753,0.5403161064901937,0.6738770152646244,0.8465285840545088,-0.6616500645771448,0.1157682063427114,0.5229950141161417
0.4210777262745461,-0.16988837225830958,-0.4640291883353377,0.018791264651596317,0.5863641561691995,0.2945243112739994,0.8851069146098838,-0.2222319467178805,0.5382845361476603,0.6779523157195546,0.8480574086977699,-0.66306496847922,0.1174443801409076,0.5233432409451754
0.4210777262745461,-0.16988837225830958,-0.4640291883353377,0.018791264651596317,0.5863641561691995,0.2945243112739994,0.8851069146098838,-0.2218948568007856,0.5362529658051268,0.6820276161744848,0.849586233341031,-0.6644798723812955,0.1191205539391037,0.5236914677742092
0.4210777262745461,-0.16988837225830958,-0.4640291883353377,0.018791264651596317,0.5863641561691995,0.2945243112739994,0.8851069146098838,-0.2215577668836907,0.5342213954625934,0.6861029166294149,0.851115057984292,-0.6658947762833708,0.1207967277372999,0.5240396946032428
0.4210777262745461,-0.16988837225830958,-0.4640291883353377,0.018791264651596317,0.5863641561691995,0.2945243112739994,0.8851069146098838,-0.2212206769665959,0.5321898251200601,0.6901782170843451,0.852643882627553,-0.667309680185446,0.1224729015354961,0.5243879214322765
0.4210777262745461,-0.16988837225830958,-0.4640291883353377,0.018791264651596317,0.5863641561691995,0.2945243112739994,0.8851069146098838,-0.220883587049501,0.5301582547775266,0.6942535175392753,0.854172707270814,-0.6687245840875214,0.1241490753336922,0.5247361482613102
0.4210777262745461,-0.16988837225830958,-0.4640291883353377,0.018791264651596317,0.5863641561691995,0.2945243112739994,0.8851069146098838,-0.2205464971324062,0.5281266844349933,0.6983288179942055,0.855701531914075,-0.6701394879895968,0.1258252491318884,0.5250843750903439
0.4210777262745461,-0.16988837225830958,-0.4640291883353377,0.018791264651596317,0.5863641561691995,0.2945243112739994,0.8851069146098838,-0.2202094072153113,0.5260951140924599,0.7024041184491358,0.857230356557336,-0.6715543918916721,0.1275014229300845,0.5254326019193776
0.4210777262745461,-0.16988837225830958,-0.4640291883353377,0.018791264651596317,0.5863641561691995,0.2945243112739994,0.8851069146098838,-0.2198723172982165,0.5240635437499265,0.7064794189040658,0.858759181200597,-0.6729692957937474,0.1291775967282807,0.5257808287484113
0.4210777262745461,-0.16988837225830958,-0.4640291883353377,0.018791264651596317,0.5863641561691995,0.2945243112739994,0.8851069146098838,-0.2195352273811216,0.522031973407393,0.7105547193589961,0.8602880058438581,-0.6743841996958229,0.1308537705264768,0.526129055577445
0.4210777262745461,-0.16988837225830958,-0.4640291883353377,0.018791264651596317,0.5863641561691995,0.2945243112739994,0.8851069146098838,-0.2191981374640268,0.5200004030648597,0.7146300198139263,0.8618168304871191,-0.6757991035978981,0.132529944324673,0.5264772824064787
0.4210777262745461,-0.16988837225830958,-0.4640291883353377,0.018791264651596317,0.5863641561691995,0.2945243112739994,0.8851069146098838,-0.2188610475469319,0.5179688327223263,0.7187053202688565,0.8633456551303801,-0.6772140074999734,0.1342061181228691,0.5268255092355124
0.4210777262745461,-0.16988837225830958,-0.4640291883353377,0.018791264651596317,0.5863641561691995,0.2945243112739994,0.8851069146098838,-0.2185239576298371,0.5159372623797929,0.7227806207237866,0.8648744797736412,-0.6786289114020488,0.1358822919210653,0.5271737360645461
0.4210777262745461,-0.16988837225830958,-0.4640291883353377,0.018791264651596317,0.5863641561691995,0.2945243112739994,0.8851069146098838,-0.2181868677127422,0.5139056920372596,0.7268559211787168,0.8664033044169022,-0.6800438153041242,0.1375584657192614,0.5275219628935798
0.4210777262745461,-0.16988837225830958,-0.4640291883353377,0.018791264651596317,0.5863641561691995,0.2945243112739994,0.8851069146098838,-0.2178497777956474,0.5118741216947261,0.730931221633647,0.8679321290601631,-0.6814587192061995,0.1392346395174576,0.5278701897226135
0.4210777262745461,-0.16988837225830958,-0.4640291883353377,0.018791264651596317,0.5863641561691995,0.2945243112739994,0.8851069146098838,-0.2175126878785525,0.5098425513521927,0.7350065220885772,0.8694609537034241,-0.6828736231082748,0.1409108133156538,0.5282184165516471
0.4210777262745461,-0.16988837225830958,-0.4640291883353377,0.018791264651596317,0.5863641561691995,0.2945243112739994,0.8851069146098838,-0.2171755979614577,0.5078109810096594,0.7390818225435073,0.8709897783466851,-0.6842885270103503,0.1425869871138499,0.5285666433806808
0.4210777262745461,-0.16988837225830958,-0.4640291883353377,0.018791264651596317,0.5863641561691995,0.2945243112739994,0.8851069146098838,-0.2168385080443628,0.505779410667126,0.7431571229984375,0.8725186029899463,-0.6857034309124255,0.144263160912046,0.5289148702097146
0.4210777262745461,-0.16988837225830958,-0.4640291883353377,0.018791264651596317,0.5863641561691995,0.2945243112739994,0.8851069146098838,-0.216501418127268,0.5037478403245926,0.7472324234533676,0.8740474276332072,-0.6871183348145009,0.1459393347102422,0.5292630970387482
0.4210777262745461,-0.16988837225830958,-0.4640291883353377,0.018791264651596317,0.5863641561691995,0.2945243112739994,0.8851069146098838,-0.2161643282101731,0.5017162699820592,0.7513077239082978,0.8755762522764683,-0.6885332387165761,0.1476155085084383,0.529611323867782
0.4210777262745461,-0.16988837225830958,-0.4640291883353377,0.018791264651596317,0.5863641561691995,0.2945243112739994,0.8851069146098838,-0.2158272382930783,0.4996846996395258,0.7553830243632279,0.8771050769197293,-0.6899481426186516,0.1492916823066345,0.5299595506968157
0.4210777262745461,-0.16988837225830958,-0.4640291883353377,0.018791264651596317,0.5863641561691995,0.2945243112739994,0.8851069146098838,-0.2154901483759834,0.4976531292969924,0.7594583248181581,0.8786339015629903,-0.6913630465207269,0.1509678561048306,0.5303077775258493
0.4210777262745461,-0.16988837225830958,-0.4640291883353377,0.018791264651596317,0.5863641561691995,0.2945243112739994,0.8851069146098838,-0.2151530584588886,0.495621558954459,0.7635336252730883,0.8801627262062514,-0.6927779504228022,0.1526440299030268,0.530656004354883
0.4210777262745461,-0.16988837225830958,-0.4640291883353377,0.018791264651596317,0.5863641561691995,0.2945243112739994,0.8851069146098838,-0.2148159685417937,0.4935899886119256,0.7676089257280185,0.8816915508495123,-0.6941928543248775,0.1543202037012229,0.5310042311839167
0.4210777262745461,-0.16988837225830958,-0.4640291883353377,0.018791264651596317,0.5863641561691995,0.2945243112739994,0.8851069146098838,-0.2144788786246989,0.4915584182693921,0.7716842261829486,0.8832203754927733,-0.6956077582269529,0.1559963774994191,0.5313524580129504
0.4210777262745461,-0.16988837225830958,-0.4640291883353377,0.018791264651596317,0.5863641561691995,0.2945243112739994,0.8851069146098838,-0.214141788707604,0.4895268479268588,0.7757595266378788,0.8847492001360343,-0.6970226621290282,0.1576725512976152,0.5317006848419841
0.4210777262745461,-0.16988837225830958,-0.4640291883353377,0.018791264651596317,0.5863641561691995,0.2945243112739994,0.8851069146098838,-0.2138046987905092,0.4874952775843254,0.779834827092809,0.8862780247792953,-0.6984375660311035,0.1593487250958114,0.5320489116710179
0.4210777262745461,-0.16988837225830958,-0.4640291883353377,0.018791264651596317,0.5863641561691995,0.2945243112739994,0.8851069146098838,-0.2134676088734143,0.485463707241792,0.7839101275477393,0.8878068494225564,-0.699852469933179,0.1610248988940076,0.5323971385000515
0.4210777262745461,-0.16988837225830958,-0.4640291883353377,0.018791264651596317,0.5863641561691995,0.2945243112739994,0.8851069146098838,-0.2131305189563195,0.4834321368992586,0.7879854280026694,0.8893356740658175,-0.7012673738352543,0.1627010726922037,0.5327453653290851
0.4210777262745461,-0.16988837225830958,-0.4640291883353377,0.018791264651596317,0.5863641561691995,0.2945243112739994,0.8851069146098838,-0.2127934290392246,0.4814005665567252,0.7920607284575996,0.8908644987090785,-0.7026822777373296,0.1643772464903999,0.5330935921581189
0.4210777262745461,-0.16988837225830958,-0.4640291883353377,0.018791264651596317,0.5863641561691995,0.2945243112739994,0.8851069146098838,-0.2124563391221298,0.4793689962141918,0.7961360289125298,0.8923933233523395,-0.7040971816394049,0.166053420288596,0.5334418189871526
0.4210777262745461,-0.16988837225830958,-0.4640291883353377,0.018791264651596317,0.5863641561691995,0.2945243112739994,0.8851069146098838,-0.2124563391221298,0.4793689962141918,0.7961360289125298,0.8923933233523395,-0.7040971816394049,0.166053420288596,0.5334418189871526
0.4210777262745461,-0.16988837225830958,-0.4640291883353377,0.018791264651596317,0.5863641561691995,0.2945243112739994,0.8851069146098838,-0.2103931349624239,0.4786748699076736,0.79921166039224,0.8909456289837726,-0.7012823268936352,0.1671176194601915,0.5297353379084244
0.4210777262745461,-0.16988837225830958,-0.4640291883353377,0.018791264651596317,0.5863641561691995,0.2945243112739994,0.8851069146098838,-0.208329930802718,0.4779807436011555,0.8022872918719502,0.8894979346152058,-0.6984674721478654,0.168181818631787,0.5260288568296962
0.4210777262745461,-0.16988837225830958,-0.4640291883353377,0.018791264651596317,0.5863641561691995,0.2945243112739994,0.8851069146098838,-0.2062667266430121,0.4772866172946374,0.8053629233516605,0.8880502402466388,-0.6956526174020957,0.1692460178033825,0.5223223757509683
0.4210777262745461,-0.16988837225830958,-0.4640291883353377,0.018791264651596317,0.5863641561691995,0.2945243112739994,0.8851069146098838,-0.2042035224833062,0.4765924909881192,0.8084385548313707,0.886602545878072,-0.6928377626563259,0.170310216974978,0.5186158946722401
0.4210777262745461,-0.16988837225830958,-0.4640291883353377,0.018791264651596317,0.5863641561691995,0.2945243112739994,0.8851069146098838,-0.2021403183236003,0.475898364681601,0.811514186311081,0.8851548515095051,-0.6900229079105563,0.1713744161465735,0.5149094135935119
0.4210777262745461,-0.16988837225830958,-0.4640291883353377,0.018791264651596317,0.5863641561691995,0.2945243112739994,0.8851069146098838,-0.2000771141638945,0.4752042383750829,0.8145898177907913,0.8837071571409383,-0.6872080531647865,0.1724386153181691,0.5112029325147838
0.4210777262745461,-0.16988837225830958,-0.4640291883353377,0.018791264651596317,0.5863641561691995,0.2945243112739994,0.8851069146098838,-0.1980139100041886,0.4745101120685647,0.8176654492705016,0.8822594627723714,-0.6843931984190168,0.1735028144897645,0.5074964514360556
0.4210777262745461,-0.16988837225830958,-0.4640291883353377,0.018791264651596317,0.5863641561691995,0.2945243112739994,0.8851069146098838,-0.1959507058444827,0.4738159857620466,0.8207410807502118,0.8808117684038046,-0.6815783436732471,0.17456701366136,0.5037899703573275
0.4210777262745461,-0.16988837225830958,-0.4640291883353377,0.018791264651596317,0.5863641561691995,0.2945243112739994,0.8851069146098838,-0.1938875016847768,0.4731218594555284,0.823816712229922,0.8793640740352376,-0.6787634889274773,0.1756312128329555,0.5000834892785995
0.4210777262745461,-0.16988837225830958,-0.4640291883353377,0.018791264651596317,0.5863641561691995,0.2945243112739994,0.8851069146098838,-0.1918242975250709,0.4724277331490103,0.8268923437096323,0.8779163796666708,-0.6759486341817076,0.1766954120045511,0.4963770081998713
0.4210777262745461,-0.16988837225830958,-0.4640291883353377,0.018791264651596317,0.5863641561691995,0.2945243112739994,0.8851069146098838,-0.1897610933653651,0.4717336068424921,0.8299679751893425,0.876468685298104,-0.6731337794359378,0.1777596111761466,0.4926705271211431
0.4210777262745461,-0.16988837225830958,-0.4640291883353377,0.018791264651596317,0.5863641561691995,0.2945243112739994,0.8851069146098838,-0.1876978892056592,0.471039480535974,0.8330436066690527,0.8750209909295371,-0.6703189246901681,0.178823810347742,0.488964046042415
0.4210777262745461,-0.16988837225830958,-0.4640291883353377,0.018791264651596317,0.5863641561691995,0.2945243112739994,0.8851069146098838,-0.1856346850459533,0.4703453542294559,0.8361192381487631,0.8735732965609704,-0.6675040699443984,0.1798880095193376,0.4852575649636869
0.4210777262745461,-0.16988837225830958,-0.4640291883353377,0.018791264651596317,0.5863641561691995,0.2945243112739994,0.8851069146098838,-0.1835714808862474,0.4696512279229377,0.8391948696284732,0.8721256021924033,-0.6646892151986287,0.1809522086909331,0.4815510838849587
0.4210777262745461,-0.16988837225830958,-0.4640291883353377,0.018791264651596317,0.5863641561691995,0.2945243112739994,0.8851069146098838,-0.1815082767265415,0.4689571016164195,0.8422705011081836,0.8706779078238366,-0.661874360452859,0.1820164078625286,0.4778446028062306
0.4210777262745461,-0.16988837225830958,-0.4640291883353377,0.018791264651596317,0.5863641561691995,0.2945243112739994,0.8851069146098838,-0.1794450725668357,0.4682629753099014,0.8453461325878939,0.8692302134552697,-0.6590595057070893,0.1830806070341241,0.4741381217275025
0.4210777262745461,-0.16988837225830958,-0.4640291883353377,0.018791264651596317,0.5863641561691995,0.2945243112739994,0.8851069146098838,-0.1773818684071298,0.4675688490033833,0.8484217640676042,0.8677825190867029,-0.6562446509613195,0.1841448062057196,0.4704316406487744
0.4210777262745461,-0.16988837225830958,-0.4640291883353377,0.018791264651596317,0.5863641561691995,0.2945243112739994,0.8851069146098838,-0.1753186642474239,0.4668747226968651,0.8514973955473144,0.866334824718136,-0.6534297962155498,0.1852090053773151,0.4667251595700462
0.4210777262745461,-0.16988837225830958,-0.4640291883353377,0.018791264651596317,0.5863641561691995,0.2945243112739994,0.8851069146098838,-0.173255460087718,0.466180596390347,0.8545730270270246,0.8648871303495691,-0.6506149414697799,0.1862732045489106,0.4630186784913181
0.4210777262745461,-0.16988837225830958,-0.4640291883353377,0.018791264651596317,0.5863641561691995,0.2945243112739994,0.8851069146098838,-0.1711922559280121,0.4654864700838288,0.8576486585067349,0.8634394359810023,-0.6478000867240102,0.1873374037205061,0.45931219741259
0.4210777262745461,-0.16988837225830958,-0.4640291883353377,0.018791264651596317,0.5863641561691995,0.2945243112739994,0.8851069146098838,-0.1691290517683062,0.4647923437773107,0.8607242899864451,0.8619917416124354,-0.6449852319782405,0.1884016028921016,0.4556057163338619
0.4210777262745461,-0.16988837225830958,-0.4640291883353377,0.018791264651596317,0.5863641561691995,0.2945243112739994,0.8851069146098838,-0.1670658476086004,0.4640982174707925,0.8637999214661554,0.8605440472438686,-0.6421703772324707,0.1894658020636971,0.4518992352551337
0.4210777262745461,-0.16988837225830958,-0.4640291883353377,0.018791264651596317,0.5863641561691995,0.2945243112739994,0.8851069146098838,-0.1650026434488945,0.4634040911642744,0.8668755529458656,0.8590963528753017,-0.6393555224867011,0.1905300012352926,0.4481927541764056
0.4210777262745461,-0.16988837225830958,-0.4640291883353377,0.018791264651596317,0.5863641561691995,0.2945243112739994,0.8851069146098838,-0.1629394392891886,0.4627099648577562,0.8699511844255758,0.8576486585067349,-0.6365406677409313,0.1915942004068881,0.4444862730976774
0.4210777262745461,-0.16988837225830958,-0.4640291883353377,0.018791264651596317,0.5863641561691995,0.2945243112739994,0.8851069146098838,-0.1608762351294827,0.462015838551238,0.8730268159052861,0.8562009641381679,-0.6337258129951616,0.1926583995784836,0.4407797920189493
0.4210777262745461,-0.16988837225830958,-0.4640291883353377,0.018791264651596317,0.5863641561691995,0.2945243112739994,0.8851069146098838,-0.1588130309697769,0.4613217122447199,0.8761024473849963,0.8547532697696011,-0.6309109582493918,0.1937225987500792,0.4370733109402211
0.4210777262745461,-0.16988837225830958,-0.4640291883353377,0.018791264651596317,0.5863641561691995,0.2945243112739994,0.8851069146098838,-0.156749826810071,0.4606275859382017,0.8791780788647066,0.8533055754010342,-0.6280961035036221,0.1947867979216747,0.433366829861493
0.4210777262745461,-0.16988837225830958,-0.4640291883353377,0.018791264651596317,0.5863641561691995,0.2945243112739994,0.8851069146098838,-0.1546866226503651,0.4599334596316836,0.8822537103444169,0.8518578810324674,-0.6252812487578524,0.1958509970932702,0.4296603487827649
0.4210777262745461,-0.16988837225830958,-0.4640291883353377,0.018791264651596317,0.5863641561691995,0.2945243112739994,0.8851069146098838,-0.1526234184906592,0.4592393333251655,0.885329341824127,0.8504101866639006,-0.6224663940120826,0.1969151962648657,0.4259538677040367
0.4210777262745461,-0.16988837225830958,-0.4640291883353377,0.018791264651596317,0.5863641561691995,0.2945243112739994,0.8851069146098838,-0.1505602143309533,0.4585452070186473,0.8884049733038374,0.8489624922953336,-0.6196515392663129,0.1979793954364612,0.4222473866253087
0.4210777262745461,-0.16988837225830958,-0.4640291883353377,0.018791264651596317,0.5863641561691995,0.2945243112739994,0.8851069146098838,-0.1484970101712474,0.4578510807121291,0.8914806047835476,0.8475147979267668,-0.6168366845205431,0.1990435946080567,0.4185409055465805
0.4210777262745461,-0.16988837225830958,-0.4640291883353377,0.018791264651596317,0.5863641561691995,0.2945243112739994,0.8851069146098838,-0.1464338060115416,0.457156954405611,0.8945562362632579,0.8460671035581999,-0.6140218297747734,0.2001077937796522,0.4148344244678524
0.4210777262745461,-0.16988837225830958,-0.4640291883353377,0.018791264651596317,0.5863641561691995,0.2945243112739994,0.8851069146098838,-0.1443706018518357,0.4564628280990929,0.8976318677429681,0.8446194091896331,-0.6112069750290037,0.2011719929512477,0.4111279433891243
0.4210777262745461,-0.16988837225830958,-0.4640291883353377,0.018791264651596317,0.5863641561691995,0.2945243112739994,0.8851069146098838,-0.1423073976921298,0.4557687017925747,0.9007074992226783,0.8431717148210662,-0.608392120283234,0.2022361921228432,0.4074214623103961
0.4210777262745461,-0.16988837225830958,-0.4640291883353377,0.018791264651596317,0.5863641561691995,0.2945243112739994,0.8851069146098838,-0.1402441935324239,0.4550745754860565,0.9037831307023886,0.8417240204524994,-0.6055772655374643,0.2033003912944387,0.403714981231668
0.4210777262745461,-0.16988837225830958,-0.4640291883353377,0.018791264651596317,0.5863641561691995,0.2945243112739994,0.8851069146098838,-0.138180989372718,0.4543804491795384,0.9068587621820988,0.8402763260839325,-0.6027624107916946,0.2043645904660342,0.4000085001529399
0.4210777262745461,-0.16988837225830958,-0.4640291883353377,0.018791264651596317,0.5863641561691995,0.2945243112739994,0.8851069146098838,-0.1361177852130121,0.4536863228730202,0.9099343936618092,0.8388286317153656,-0.5999475560459248,0.2054287896376297,0.3963020190742117
0.4210777262745461,-0.16988837225830958,-0.4640291883353377,0.018791264651596317,0.5863641561691995,0.2945243112739994,0.8851069146098838,-0.1340545810533063,0.4529921965665021,0.9130100251415194,0.8373809373467989,-0.597132701300155,0.2064929888092253,0.3925955379954837
0.4210777262745461,-0.16988837225830958,-0.4640291883353377,0.018791264651596317,0.5863641561691995,0.2945243112739994,0.8851069146098838,-0.1319913768936004,0.4522980702599839,0.9160856566212296,0.8359332429782319,-0.5943178465543852,0.2075571879808207,0.3888890569167554
0.4210777262745461,-0.16988837225830958,-0.4640291883353377,0.018791264651596317,0.5863641561691995,0.2945243112739994,0.8851069146098838,-0.1299281727338945,0.4516039439534658,0.91916128810094,0.8344855486096652,-0.5915029918086155,0.2086213871524163,0.3851825758380273
0.4210777262745461,-0.16988837225830958,-0.4640291883353377,0.018791264651596317,0.5863641561691995,0.2945243112739994,0.8851069146098838,-0.1278649685741886,0.4509098176469477,0.92223691958065,0.8330378542410982,-0.5886881370628458,0.2096855863240118,0.3814760947592993
0.4210777262745461,-0.16988837225830958,-0.4640291883353377,0.018791264651596317,0.5863641561691995,0.2945243112739994,0.8851069146098838,-0.1258017644144828,0.4502156913404295,0.9253125510603604,0.8315901598725314,-0.5858732823170761,0.2107497854956073,0.3777696136805711
0.4210777262745461,-0.16988837225830958,-0.4640291883353377,0.018791264651596317,0.5863641561691995,0.2945243112739994,0.8851069146098838,-0.1237385602547769,0.4495215650339114,0.9283881825400708,0.8301424655039645,-0.5830584275713064,0.2118139846672028,0.374063132601843
0.4210777262745461,-0.16988837225830958,-0.4640291883353377,0.018791264651596317,0.5863641561691995,0.2945243112739994,0.8851069146098838,-0.121675356095071,0.4488274387273933,0.931463814019781,0.8286947711353977,-0.5802435728255366,0.2128781838387983,0.3703566515231148
0.4210777262745461,-0.16988837225830958,-0.4640291883353377,0.018791264651596317,0.5863641561691995,0.2945243112739994,0.8851069146098838,-0.1196121519353651,0.448133312420875,0.9345394454994912,0.8272470767668308,-0.5774287180797669,0.2139423830103938,0.3666501704443867
0.4210777262745461,-0.16988837225830958,-0.4640291883353377,0.018791264651596317,0.5863641561691995,0.2945243112739994,0.8851069146098838,-0.1175489477756592,0.4474391861143569,0.9376150769792015,0.8257993823982639,-0.5746138633339971,0.2150065821819893,0.3629436893656586
0.4210777262745461,-0.16988837225830958,-0.4640291883353377,0.018791264651596317,0.5863641561691995,0.2945243112739994,0.8851069146098838,-0.1154857436159533,0.4467450598078387,0.9406907084589116,0.824351688029697,-0.5717990085882274,0.2160707813535848,0.3592372082869304
0.4210777262745461,-0.16988837225830958,-0.4640291883353377,0.018791264651596317,0.5863641561691995,0.2945243112739994,0.8851069146098838,-0.1134225394562475,0.4460509335013206,0.943766339938622,0.8229039936611302,-0.5689841538424577,0.2171349805251803,0.3555307272082023
0.4210777262745461,-0.16988837225830958,-0.4640291883353377,0.018791264651596317,0.5863641561691995,0.2945243112739994,0.8851069146098838,-0.1113593352965416,0.4453568071948025,0.9468419714183324,0.8214562992925634,-0.5661692990966879,0.2181991796967758,0.3518242461294742
0.4210777262745461,-0.16988837225830958,-0.4640291883353377,0.018791264651596317,0.5863641561691995,0.2945243112739994,0.8851069146098838,-0.1092961311368357,0.4446626808882843,0.9499176028980424,0.8200086049239965,-0.5633544443509182,0.2192633788683713,0.348117765050746
0.4210777262745461,-0.16988837225830958,-0.4640291883353377,0.018791264651596317,0.5863641561691995,0.2945243112739994,0.8851069146098838,-0.1072329269771298,0.4439685545817662,0.9529932343777529,0.8185609105554297,-0.5605395896051485,0.2203275780399668,0.3444112839720179
0.4210777262745461,-0.16988837225830958,-0.4640291883353377,0.018791264651596317,0.5863641561691995,0.2945243112739994,0.8851069146098838,-0.1051697228174239,0.443274428275248,0.956068865857463,0.8171132161868627,-0.5577247348593788,0.2213917772115623,0.3407048028932898
0.4210777262745461,-0.16988837225830958,-0.4640291883353377,0.018791264651596317,0.5863641561691995,0.2945243112739994,0.8851069146098838,-0.103106518657718,0.4425803019687299,0.9591444973371732,0.8156655218182959,-0.554909880113609,0.2224559763831578,0.3369983218145616
0.4210777262745461,-0.16988837225830958,-0.4640291883353377,0.018791264651596317,0.5863641561691995,0.2945243112739994,0.8851069146098838,-0.1010433144980121,0.4418861756622118,0.9622201288168836,0.814217827449729,-0.5520950253678393,0.2235201755547533,0.3332918407358335
0.4210777262745461,-0.16988837225830958,-0.4640291883353377,0.018791264651596317,0.5863641561691995,0.2945243112739994,0.8851069146098838,-0.0989801103383063,0.4411920493556936,0.9652957602965936,0.8127701330811622,-0.5492801706220696,0.2245843747263488,0.3295853596571054
0.4210777262745461,-0.16988837225830958,-0.4640291883353377,0.018791264651596317,0.5863641561691995,0.2945243112739994,0.8851069146098838,-0.0969169061786004,0.4404979230491754,0.968371391776304,0.8113224387125954,-0.5464653158762998,0.2256485738979443,0.3258788785783773
0.4210777262745461,-0.16988837225830958,-0.4640291883353377,0.018791264651596317,0.5863641561691995,0.2945243112739994,0.8851069146098838,-0.0948537020188945,0.4398037967426573,0.9714470232560144,0.8098747443440285,-0.5436504611305301,0.2267127730695398,0.3221723974996492
0.4210777262745461,-0.16988837225830958,-0.4640291883353377,0.018791264651596317,0.5863641561691995,0.2945243112739994,0.8851069146098838,-0.0927904978591886,0.4391096704361391,0.9745226547357244,0.8084270499754616,-0.5408356063847604,0.2277769722411353,0.318465916420921
0.4210777262745461,-0.16988837225830958,-0.4640291883353377,0.018791264651596317,0.5863641561691995,0.2945243112739994,0.8851069146098838,-0.0907272936994828,0.438415544129621,0.9775982862154348,0.8069793556068948,-0.5380207516389907,0.2288411714127309,0.3147594353421929
0.4210777262745461,-0.16988837225830958,-0.4640291883353377,0.018791264651596317,0.5863641561691995,0.2945243112739994,0.8851069146098838,-0.0886640895397768,0.4377214178231028,0.9806739176951448,0.8055316612383279,-0.5352058968932208,0.2299053705843263,0.3110529542634647
0.4210777262745461,-0.16988837225830958,-0.4640291883353377,0.018791264651596317,0.5863641561691995,0.2945243112739994,0.8851069146098838,-0.086600885380071,0.4370272915165847,0.9837495491748554,0.8040839668697611,-0.5323910421474511,0.2309695697559219,0.3073464731847366
0.4210777262745461,-0.16988837225830958,-0.4640291883353377,0.018791264651596317,0.5863641561691995,0.2945243112739994,0.8851069146098838,-0.0845376812203651,0.4363331652100665,0.9868251806545654,0.8026362725011942,-0.5295761874016813,0.2320337689275174,0.3036399921060084
0.4210777262745461,-0.16988837225830958,-0.4640291883353377,0.018791264651596317,0.5863641561691995,0.2945243112739994,0.8851069146098838,-0.0824744770606592,0.4356390389035484,0.9899008121342758,0.8011885781326273,-0.5267613326559117,0.2330979680991129,0.2999335110272804
0.4210777262745461,-0.16988837225830958,-0.4640291883353377,0.018791264651596317,0.5863641561691995,0.2945243112739994,0.8851069146098838,-0.0804112729009533,0.4349449125970302,0.992976443613986,0.7997408837640604,-0.5239464779101418,0.2341621672707084,0.2962270299485522
0.4210777262745461,-0.16988837225830958,-0.4640291883353377,0.018791264651596317,0.5863641561691995,0.2945243112739994,0.8851069146098838,-0.0783480687412475,0.434250786290512,0.9960520750936964,0.7982931893954937,-0.5211316231643722,0.2352263664423039,0.2925205488698241
0.4210777262745461,-0.16988837225830958,-0.4640291883353377,0.018791264651596317,0.5863641561691995,0.2945243112739994,0.8851069146098838,-0.0762848645815416,0.4335566599839938,0.9991277065734064,0.7968454950269267,-0.5183167684186024,0.2362905656138994,0.2888140677910959
0.4210777262745461,-0.16988837225830958,-0.4640291883353377,0.018791264651596317,0.5863641561691995,0.2945243112739994,0.8851069146098838,-0.0742216604218357,0.4328625336774758,1.0022033380531168,0.79539780065836,-0.5155019136728327,0.2373547647854949,0.2851075867123678
0.4210777262745461,-0.16988837225830958,-0.4640291883353377,0.018791264651596317,0.5863641561691995,0.2945243112739994,0.8851069146098838,-0.0721584562621298,0.4321684073709576,1.005278969532827,0.7939501062897929,-0.5126870589270629,0.2384189639570904,0.2814011056336396
0.4210777262745461,-0.16988837225830958,-0.4640291883353377,0.018791264651596317,0.5863641561691995,0.2945243112739994,0.8851069146098838,-0.0700952521024239,0.4314742810644394,1.0083546010125373,0.7925024119212262,-0.5098722041812933,0.2394831631286859,0.2776946245549116
0.4210777262745461,-0.16988837225830958,-0.4640291883353377,0.018791264651596317,0.5863641561691995,0.2945243112739994,0.8851069146098838,-0.0680320479427181,0.4307801547579213,1.0114302324922475,0.7910547175526593,-0.5070573494355236,0.2405473623002814,0.2739881434761834
0.4210777262745461,-0.16988837225830958,-0.4640291883353377,0.018791264651596317,0.5863641561691995,0.2945243112739994,0.8851069146098838,-0.0659688437830122,0.4300860284514032,1.0145058639719575,0.7896070231840925,-0.5042424946897538,0.2416115614718769,0.2702816623974553
0.4210777262745461,-0.16988837225830958,-0.4640291883353377,0.018791264651596317,0.5863641561691995,0.2945243112739994,0.8851069146098838,-0.0639056396233063,0.429391902144885,1.017581495451668,0.7881593288155256,-0.5014276399439841,0.2426757606434724,0.2665751813187272
0.4210777262745461,-0.16988837225830958,-0.4640291883353377,0.018791264651596317,0.5863641561691995,0.2945243112739994,0.8851069146098838,-0.0618424354636004,0.4286977758383669,1.0206571269313782,0.7867116344469587,-0.4986127851982143,0.2437399598150679,0.262868700239999
0.4210777262745461,-0.16988837225830958,-0.4640291883353377,0.018791264651596317,0.5863641561691995,0.2945243112739994,0.8851069146098838,-0.0597792313038945,0.4280036495318488,1.0237327584110885,0.7852639400783918,-0.4957979304524446,0.2448041589866634,0.2591622191612709
0.4210777262745461,-0.16988837225830958,-0.4640291883353377,0.018791264651596317,0.5863641561691995,0.2945243112739994,0.8851069146098838,-0.0577160271441887,0.4273095232253306,1.026808389890799,0.783816245709825,-0.4929830757066748,0.2458683581582589,0.2554557380825428
0.4210777262745461,-0.16988837225830958,-0.4640291883353377,0.018791264651596317,0.5863641561691995,0.2945243112739994,0.8851069146098838,-0.0556528229844828,0.4266153969188124,1.0298840213705092,0.7823685513412582,-0.490168220960905,0.2469325573298544,0.2517492570038146
0.4210777262745461,-0.16988837225830958,-0.4640291883353377,0.018791264651596317,0.5863641561691995,0.2945243112739994,0.8851069146098838,-0.0535896188247769,0.4259212706122942,1.0329596528502194,0.7809208569726913,-0.4873533662151354,0.2479967565014499,0.2480427759250865
0.4210777262745461,-0.16988837225830958,-0.4640291883353377,0.018791264651596317,0.5863641561691995,0.2945243112739994,0.8851069146098838,-0.051526414665071,0.4252271443057761,1.0360352843299296,0.7794731626041245,-0.4845385114693656,0.2490609556730454,0.2443362948463583
0.4210777262745461,-0.16988837225830958,-0.4640291883353377,0.018791264651596317,0.5863641561691995,0.2945243112739994,0.8851069146098838,-0.0494632105053651,0.4245330179992579,1.03911091580964,0.7780254682355575,-0.4817236567235959,0.250125154844641,0.2406298137676302
0.4210777262745461,-0.16988837225830958,-0.4640291883353377,0.018791264651596317,0.5863641561691995,0.2945243112739994,0.8851069146098838,-0.0474000063456592,0.4238388916927398,1.04218654728935,0.7765777738669907,-0.4789088019778261,0.2511893540162365,0.2369233326889021
0.4210777262745461,-0.16988837225830958,-0.4640291883353377,0.018791264651596317,0.5863641561691995,0.2945243112739994,0.8851069146098838,-0.0453368021859534,0.4231447653862217,1.0452621787690604,0.7751300794984238,-0.4760939472320564,0.252253553187832,0.2332168516101739
0.4210777262745461,-0.16988837225830958,-0.4640291883353377,0.018791264651596317,0.5863641561691995,0.2945243112739994,0.8851069146098838,-0.0432735980262475,0.4224506390797036,1.0483378102487706,0.7736823851298571,-0.4732790924862868,0.2533177523594275,0.2295103705314459
0.4210777262745461,-0.16988837225830958,-0.4640291883353377,0.018791264651596317,0.5863641561691995,0.2945243112739994,0.8851069146098838,-0.0412103938665416,0.4217565127731854,1.0514134417284808,0.7722346907612901,-0.4704642377405169,0.254381951531023,0.2258038894527177
0.4210777262745461,-0.16988837225830958,-0.4640291883353377,0.018791264651596317,0.5863641561691995,0.2945243112739994,0.8851069146098838,-0.0391471897068357,0.4210623864666672,1.054489073208191,0.7707869963927233,-0.4676493829947473,0.2554461507026185,0.2220974083739896
0.4210777262745461,-0.16988837225830958,-0.4640291883353377,0.018791264651596317,0.5863641561691995,0.2945243112739994,0.8851069146098838,-0.0370839855471298,0.420368260160149,1.057564704687901,0.7693393020241563,-0.4648345282489775,0.256510349874214,0.2183909272952615
0.4210777262745461,-0.16988837225830958,-0.4640291883353377,0.018791264651596317,0.5863641561691995,0.2945243112739994,0.8851069146098838,-0.035020781387424,0.4196741338536309,1.0606403361676118,0.7678916076555896,-0.4620196735032078,0.2575745490458095,0.2146844462165333
0.4210777262745461,-0.16988837225830958,-0.4640291883353377,0.018791264651596317,0.5863641561691995,0.2945243112739994,0.8851069146098838,-0.0329575772277181,0.4189800075471127,1.0637159676473218,0.7664439132870227,-0.459204818757438,0.258638748217405,0.2109779651378051
0.4210777262745461,-0.16988837225830958,-0.4640291883353377,0.018791264651596317,0.5863641561691995,0.2945243112739994,0.8851069146098838,-0.0308943730680122,0.4182858812405946,1.0667915991270325,0.7649962189184558,-0.4563899640116683,0.2597029473890005,0.2072714840590771
0.4210777262745461,-0.16988837225830958,-0.4640291883353377,0.018791264651596317,0.5863641561691995,0.2945243112739994,0.8851069146098838,-0.0288311689083063,0.4175917549340764,1.0698672306067425,0.763548524549889,-0.4535751092658985,0.2607671465605961,0.2035650029803489
0.4210777262745461,-0.16988837225830958,-0.4640291883353377,0.018791264651596317,0.5863641561691995,0.2945243112739994,0.8851069146098838,-0.0267679647486004,0.4168976286275583,1.0729428620864527,0.7621008301813221,-0.4507602545201289,0.2618313457321916,0.1998585219016208
0.4210777262745461,-0.16988837225830958,-0.4640291883353377,0.018791264651596317,0.5863641561691995,0.2945243112739994,0.8851069146098838,-0.0247047605888945,0.4162035023210401,1.0760184935661627,0.7606531358127552,-0.447945399774359,0.2628955449037871,0.1961520408228926
0.4210777262745461,-0.16988837225830958,-0.4640291883353377,0.018791264651596317,0.5863641561691995,0.2945243112739994,0.8851069146098838,-0.0226415564291887,0.4155093760145221,1.0790941250458732,0.7592054414441884,-0.4451305450285894,0.2639597440753826,0.1924455597441645
0.4210777262745461,-0.16988837225830958,-0.4640291883353377,0.018791264651596317,0.5863641561691995,0.2945243112739994,0.8851069146098838,-0.0205783522694828,0.4148152497080039,1.0821697565255834,0.7577577470756215,-0.4423156902828196,0.2650239432469781,0.1887390786654363
0.4210777262745461,-0.16988837225830958,-0.4640291883353377,0.018791264651596317,0.5863641561691995,0.2945243112739994,0.8851069146098838,-0.0185151481097769,0.4141211234014857,1.0852453880052937,0.7563100527070548,-0.4395008355370499,0.2660881424185736,0.1850325975867083
0.4210777262745461,-0.16988837225830958,-0.4640291883353377,0.018791264651596317,0.5863641561691995,0.2945243112739994,0.8851069146098838,-0.016451943950071,0.4134269970949675,1.088321019485004,0.7548623583384879,-0.4366859807912802,0.2671523415901691,0.1813261165079802
0.4210777262745461,-0.16988837225830958,-0.4640291883353377,0.018791264651596317,0.5863641561691995,0.2945243112739994,0.8851069146098838,-0.0143887397903651,0.4127328707884494,1.0913966509647142,0.753414663969921,-0.4338711260455104,0.2682165407617646,0.177619635429252
0.4210777262745461,-0.16988837225830958,-0.4640291883353377,0.018791264651596317,0.5863641561691995,0.2945243112739994,0.8851069146098838,-0.0123255356306593,0.4120387444819313,1.0944722824444244,0.7519669696013541,-0.4310562712997407,0.2692807399333601,0.1739131543505239
0.4210777262745461,-0.16988837225830958,-0.4640291883353377,0.018791264651596317,0.5863641561691995,0.2945243112739994,0.8851069146098838,-0.0102623314709534,0.4113446181754131,1.0975479139241346,0.7505192752327873,-0.4282414165539709,0.2703449391049556,0.1702066732717957
0.4210777262745461,-0.16988837225830958,-0.4640291883353377,0.018791264651596317,0.5863641561691995,0.2945243112739994,0.8851069146098838,-0.0081991273112475,0.4106504918688949,1.1006235454038449,0.7490715808642203,-0.4254265618082012,0.2714091382765511,0.1665001921930676
0.4210777262745461,-0.16988837225830958,-0.4640291883353377,0.018791264651596317,0.5863641561691995,0.2945243112739994,0.8851069146098838,-0.0061359231515416,0.4099563655623768,1.1036991768835551,0.7476238864956535,-0.4226117070624315,0.2724733374481466,0.1627937111143395
0.4210777262745461,-0.16988837225830958,-0.4640291883353377,0.018791264651596317,0.5863641561691995,0.2945243112739994,0.8851069146098838,-0.0040727189918357,0.4092622392558587,1.1067748083632654,0.7461761921270866,-0.4197968523166617,0.2735375366197421,0.1590872300356113
0.4210777262745461,-0.16988837225830958,-0.4640291883353377,0.018791264651596317,0.5863641561691995,0.2945243112739994,0.8851069146098838,-0.0020095148321298,0.4085681129493405,1.1098504398429756,0.7447284977585198,-0.416981997570892,0.2746017357913376,0.1553807489568832
0.4210777262745461,-0.16988837225830958,-0.4640291883353377,0.018791264651596317,0.5863641561691995,0.2945243112739994,0.8851069146098838,5.3689327575989765e-05,0.4078739866428224,1.1129260713226858,0.743280803389953,-0.4141671428251222,0.2756659349629331,0.1516742678781551
0.4210777262745461,-0.16988837225830958,-0.4640291883353377,0.018791264651596317,0.5863641561691995,0.2945243112739994,0.8851069146098838,0.0021168934872818,0.4071798603363042,1.1160017028023963,0.7418331090213861,-0.4113522880793526,0.2767301341345286,0.1479677867994269
0.4210777262745461,-0.16988837225830958,-0.4640291883353377,0.018791264651596317,0.5863641561691995,0.2945243112739994,0.8851069146098838,0.0041800976469877,0.406485734029786,1.1190773342821063,0.7403854146528193,-0.4085374333335828,0.2777943333061241,0.1442613057206988
0.4210777262745461,-0.16988837225830958,-0.4640291883353377,0.018791264651596317,0.5863641561691995,0.2945243112739994,0.8851069146098838,0.0062433018066936,0.4057916077232679,1.1221529657618168,0.7389377202842524,-0.4057225785878131,0.2788585324777196,0.1405548246419707
0.4210777262745461,-0.16988837225830958,-0.4640291883353377,0.018791264651596317,0.5863641561691995,0.2945243112739994,0.8851069146098838,0.0083065059663995,0.4050974814167498,1.125228597241527,0.7374900259156855,-0.4029077238420433,0.2799227316493151,0.1368483435632425
0.4210777262745461,-0.16988837225830958,-0.4640291883353377,0.018791264651596317,0.5863641561691995,0.2945243112739994,0.8851069146098838,0.0103697101261054,0.4044033551102316,1.1283042287212373,0.7360423315471186,-0.4000928690962736,0.2809869308209106,0.1331418624845144
0.4210777262745461,-0.16988837225830958,-0.4640291883353377,0.018791264651596317,0.5863641561691995,0.2945243112739994,0.8851069146098838,0.0124329142858112,0.4037092288037134,1.1313798602009475,0.7345946371785518,-0.3972780143505038,0.2820511299925062,0.1294353814057863
0.4210777262745461,-0.16988837225830958,-0.4640291883353377,0.018791264651596317,0.5863641561691995,0.2945243112739994,0.8851069146098838,0.0144961184455171,0.4030151024971953,1.1344554916806575,0.7331469428099848,-0.3944631596047341,0.2831153291641016,0.1257289003270582
0.4210777262745461,-0.16988837225830958,-0.4640291883353377,0.018791264651596317,0.5863641561691995,0.2945243112739994,0.8851069146098838,0.016559322605223,0.4023209761906772,1.137531123160368,0.7316992484414181,-0.3916483048589643,0.2841795283356971,0.12202241924833
0.4210777262745461,-0.16988837225830958,-0.4640291883353377,0.018791264651596317,0.5863641561691995,0.2945243112739994,0.8851069146098838,0.0186225267649289,0.401626849884159,1.1406067546400782,0.7302515540728512,-0.3888334501131947,0.2852437275072927,0.1183159381696019
0.4210777262745461,-0.16988837225830958,-0.4640291883353377,0.018791264651596317,0.5863641561691995,0.2945243112739994,0.8851069146098838,0.0206857309246347,0.4009327235776408,1.1436823861197885,0.7288038597042843,-0.386018595367425,0.2863079266788881,0.1146094570908738
0.4210777262745461,-0.16988837225830958,-0.4640291883353377,0.018791264651596317,0.5863641561691995,0.2945243112739994,0.8851069146098838,0.0227489350843406,0.4002385972711227,1.1467580175994987,0.7273561653357175,-0.3832037406216552,0.2873721258504836,0.1109029760121457
0.4210777262745461,-0.16988837225830958,-0.4640291883353377,0.018791264651596317,0.5863641561691995,0.2945243112739994,0.8851069146098838,0.0248121392440465,0.3995444709646045,1.149833649079209,0.7259084709671506,-0.3803888858758855,0.2884363250220791,0.1071964949334176
0.4210777262745461,-0.16988837225830958,-0.4640291883353377,0.018791264651596317,0.5863641561691995,0.2945243112739994,0.8851069146098838,0.0268753434037524,0.3988503446580864,1.1529092805589192,0.7244607765985838,-0.3775740311301158,0.2895005241936746,0.1034900138546894
0.4210777262745461,-0.16988837225830958,-0.4640291883353377,0.018791264651596317,0.5863641561691995,0.2945243112739994,0.8851069146098838,0.0289385475634583,0.3981562183515683,1.1559849120386294,0.7230130822300169,-0.374759176384346,0.2905647233652702,0.0997835327759613
0.4210777262745461,-0.16988837225830958,-0.4640291883353377,0.018791264651596317,0.5863641561691995,0.2945243112739994,0.8851069146098838,0.0310017517231641,0.3974620920450501,1.1590605435183396,0.7215653878614501,-0.3719443216385762,0.2916289225368657,0.0960770516972331
0.4210777262745461,-0.16988837225830958,-0.4640291883353377,0.018791264651596317,0.5863641561691995,0.2945243112739994,0.8851069146098838,0.03306495588287,0.396767965738532,1.16213617499805,0.7201176934928832,-0.3691294668928065,0.2926931217084612,0.092370570618505
0.4210777262745461,-0.16988837225830958,-0.4640291883353377,0.018791264651596317,0.5863641561691995,0.2945243112739994,0.8851069146098838,0.0351281600425759,0.3960738394320138,1.1652118064777603,0.7186699991243164,-0.3663146121470368,0.2937573208800567,0.0886640895397769
0.4210777262745461,-0.16988837225830958,-0.4640291883353377,0.018791264651596317,0.5863641561691995,0.2945243112739994,0.8851069146098838,0.0371913642022818,0.3953797131254957,1.1682874379574706,0.7172223047557496,-0.363499757401267,0.2948215200516522,0.0849576084610487
0.4210777262745461,-0.16988837225830958,-0.4640291883353377,0.018791264651596317,0.5863641561691995,0.2945243112739994,0.8851069146098838,0.0392545683619877,0.3946855868189775,1.1713630694371808,0.7157746103871827,-0.3606849026554973,0.2958857192232477,0.0812511273823206
0.4210777262745461,-0.16988837225830958,-0.4640291883353377,0.018791264651596317,0.5863641561691995,0.2945243112739994,0.8851069146098838,0.0413177725216936,0.3939914605124593,1.174438700916891,0.7143269160186158,-0.3578700479097276,0.2969499183948432,0.0775446463035925
0.4210777262745461,-0.16988837225830958,-0.4640291883353377,0.018791264651596317,0.5863641561691995,0.2945243112739994,0.8851069146098838,0.0433809766813994,0.3932973342059412,1.1775143323966013,0.7128792216500489,-0.3550551931639579,0.2980141175664387,0.0738381652248643
0.4210777262745461,-0.16988837225830958,-0.4640291883353377,0.018791264651596317,0.5863641561691995,0.2945243112739994,0.8851069146098838,0.0454441808411053,0.392603207899423,1.1805899638763115,0.7114315272814821,-0.3522403384181881,0.2990783167380342,0.0701316841461362
0.4210777262745461,-0.16988837225830958,-0.4640291883353377,0.018791264651596317,0.5863641561691995,0.2945243112739994,0.8851069146098838,0.0475073850008112,0.3919090815929049,1.1836655953560218,0.7099838329129151,-0.3494254836724184,0.3001425159096297,0.0664252030674081
0.4210777262745461,-0.16988837225830958,-0.4640291883353377,0.018791264651596317,0.5863641561691995,0.2945243112739994,0.8851069146098838,0.0495705891605171,0.3912149552863868,1.186741226835732,0.7085361385443483,-0.3466106289266487,0.3012067150812252,0.0627187219886799
0.4210777262745461,-0.16988837225830958,-0.4640291883353377,0.018791264651596317,0.5863641561691995,0.2945243112739994,0.8851069146098838,0.051633793320223,0.3905208289798686,1.1898168583154425,0.7070884441757814,-0.3437957741808789,0.3022709142528207,0.0590122409099518
0.4210777262745461,-0.16988837225830958,-0.4640291883353377,0.018791264651596317,0.5863641561691995,0.2945243112739994,0.8851069146098838,0.0536969974799289,0.3898267026733505,1.1928924897951525,0.7056407498072146,-0.3409809194351092,0.3033351134244162,0.0553057598312237
0.4210777262745461,-0.16988837225830958,-0.4640291883353377,0.018791264651596317,0.5863641561691995,0.2945243112739994,0.8851069146098838,0.0557602016396348,0.3891325763668323,1.1959681212748627,0.7041930554386477,-0.3381660646893394,0.3043993125960118,0.0515992787524955
0.4210777262745461,-0.16988837225830958,-0.4640291883353377,0.018791264651596317,0.5863641561691995,0.2945243112739994,0.8851069146098838,0.0578234057993406,0.3884384500603142,1.199043752754573,0.7027453610700809,-0.3353512099435697,0.3054635117676073,0.0478927976737674
0.4210777262745461,-0.16988837225830958,-0.4640291883353377,0.018791264651596317,0.5863641561691995,0.2945243112739994,0.8851069146098838,0.0598866099590465,0.387744323753796,1.2021193842342832,0.701297666701514,-0.3325363551977999,0.3065277109392028,0.0441863165950393
0.4210777262745461,-0.16988837225830958,-0.4640291883353377,0.018791264651596317,0.5863641561691995,0.2945243112739994,0.8851069146098838,0.0619498141187524,0.3870501974472778,1.2051950157139937,0.6998499723329472,-0.3297215004520302,0.3075919101107983,0.0404798355163111
0.4210777262745461,-0.16988837225830958,-0.4640291883353377,0.018791264651596317,0.5863641561691995,0.2945243112739994,0.8851069146098838,0.0640130182784583,0.3863560711407597,1.208270647193704,0.6984022779643803,-0.3269066457062605,0.3086561092823938,0.036773354437583
0.4210777262745461,-0.16988837225830958,-0.4640291883353377,0.018791264651596317,0.5863641561691995,0.2945243112739994,0.8851069146098838,0.0660762224381642,0.3856619448342415,1.2113462786734142,0.6969545835958134,-0.3240917909604908,0.3097203084539893,0.0330668733588549
0.4210777262745461,-0.16988837225830958,-0.4640291883353377,0.018791264651596317,0.5863641561691995,0.2945243112739994,0.8851069146098838,0.06813942659787,0.3849678185277234,1.2144219101531244,0.6955068892272467,-0.321276936214721,0.3107845076255848,0.0293603922801267
0.4210777262745461,-0.16988837225830958,-0.4640291883353377,0.018791264651596317,0.5863641561691995,0.2945243112739994,0.8851069146098838,0.0702026307575759,0.3842736922212053,1.2174975416328346,0.6940591948586797,-0.3184620814689513,0.3118487067971803,0.0256539112013986
0.4210777262745461,-0.16988837225830958,-0.4640291883353377,0.018791264651596317,0.5863641561691995,0.2945243112739994,0.8851069146098838,0.0722658349172818,0.3835795659146871,1.2205731731125449,0.6926115004901129,-0.3156472267231816,0.3129129059687758,0.0219474301226705
0.4210777262745461,-0.16988837225830958,-0.4640291883353377,0.018791264651596317,0.5863641561691995,0.2945243112739994,0.8851069146098838,0.0743290390769877,0.382885439608169,1.2236488045922551,0.6911638061215459,-0.3128323719774118,0.3139771051403713,0.0182409490439424
0.4210777262745461,-0.16988837225830958,-0.4640291883353377,0.018791264651596317,0.5863641561691995,0.2945243112739994,0.8851069146098838,0.0763922432366936,0.3821913133016508,1.2267244360719654,0.6897161117529792,-0.3100175172316421,0.3150413043119668,0.0145344679652143
0.4210777262745461,-0.16988837225830958,-0.4640291883353377,0.018791264651596317,0.5863641561691995,0.2945243112739994,0.8851069146098838,0.0784554473963994,0.3814971869951327,1.2298000675516756,0.6882684173844124,-0.3072026624858724,0.3161055034835623,0.0108279868864862
0.4210777262745461,-0.16988837225830958,-0.4640291883353377,0.018791264651596317,0.5863641561691995,0.2945243112739994,0.8851069146098838,0.0805186515561053,0.3808030606886146,1.2328756990313858,0.6868207230158454,-0.3043878077401026,0.3171697026551578,0.007121505807758
0.4210777262745461,-0.16988837225830958,-0.4640291883353377,0.018791264651596317,0.5863641561691995,0.2945243112739994,0.8851069146098838,0.0825818557158112,0.3801089343820963,1.235951330511096,0.6853730286472786,-0.3015729529943329,0.3182339018267534,0.0034150247290299
0.4210777262745461,-0.16988837225830958,-0.4640291883353377,0.018791264651596317,0.5863641561691995,0.2945243112739994,0.8851069146098838,0.0846450598755171,0.3794148080755782,1.2390269619908063,0.6839253342787117,-0.2987580982485632,0.3192981009983489,-0.0002914563496982
0.4210777262745461,-0.16988837225830958,-0.4640291883353377,0.018791264651596317,0.5863641561691995,0.2945243112739994,0.8851069146098838,0.086708264035223,0.3787206817690601,1.2421025934705163,0.6824776399101449,-0.2959432435027934,0.3203623001699443,-0.0039979374284263
0.4210777262745461,-0.16988837225830958,-0.4640291883353377,0.018791264651596317,0.5863641561691995,0.2945243112739994,0.8851069146098838,0.0887714681949288,0.3780265554625419,1.2451782249502268,0.681029945541578,-0.2931283887570237,0.3214264993415399,-0.0077044185071544
0.4210777262745461,-0.16988837225830958,-0.4640291883353377,0.018791264651596317,0.5863641561691995,0.2945243112739994,0.8851069146098838,0.0908346723546347,0.3773324291560238,1.248253856429937,0.6795822511730112,-0.290313534011254,0.3224906985131354,-0.0114108995858826
0.4210777262745461,-0.16988837225830958,-0.4640291883353377,0.018791264651596317,0.5863641561691995,0.2945243112739994,0.8851069146098838,0.0928978765143406,0.3766383028495056,1.2513294879096477,0.6781345568044443,-0.2874986792654842,0.3235548976847309,-0.0151173806646107
0.4210777262745461,-0.16988837225830958,-0.4640291883353377,0.018791264651596317,0.5863641561691995,0.2945243112739994,0.8851069146098838,0.0949610806740465,0.3759441765429874,1.2544051193893575,0.6766868624358775,-0.2846838245197145,0.3246190968563264,-0.0188238617433388
0.4210777262745461,-0.16988837225830958,-0.4640291883353377,0.018791264651596317,0.5863641561691995,0.2945243112739994,0.8851069146098838,0.0970242848337524,0.3752500502364693,1.257480750869068,0.6752391680673105,-0.2818689697739447,0.3256832960279219,-0.022530342822067
0.4210777262745461,-0.16988837225830958,-0.4640291883353377,0.018791264651596317,0.5863641561691995,0.2945243112739994,0.8851069146098838,0.0990874889934582,0.3745559239299512,1.260556382348778,0.6737914736987437,-0.279054115028175,0.3267474951995174,-0.0262368239007951
0.4210777262745461,-0.16988837225830958,-0.4640291883353377,0.018791264651596317,0.5863641561691995,0.2945243112739994,0.8851069146098838,0.1011506931531641,0.373861797623433,1.2636320138284884,0.6723437793301769,-0.2762392602824053,0.3278116943711129,-0.0299433049795233
0.4210777262745461,-0.16988837225830958,-0.4640291883353377,0.018791264651596317,0.5863641561691995,0.2945243112739994,0.8851069146098838,0.10321389731287,0.3731676713169149,1.2667076453081985,0.67089608496161,-0.2734244055366355,0.3288758935427084,-0.0336497860582514
0.4210777262745461,-0.16988837225830958,-0.4640291883353377,0.018791264651596317,0.5863641561691995,0.2945243112739994,0.8851069146098838,0.1052771014725759,0.3724735450103967,1.269783276787909,0.6694483905930431,-0.2706095507908658,0.3299400927143039,-0.0373562671369795
0.4210777262745461,-0.16988837225830958,-0.4640291883353377,0.018791264651596317,0.5863641561691995,0.2945243112739994,0.8851069146098838,0.1073403056322818,0.3717794187038785,1.2728589082676192,0.6680006962244762,-0.2677946960450961,0.3310042918858994,-0.0410627482157077
0.4210777262745461,-0.16988837225830958,-0.4640291883353377,0.018791264651596317,0.5863641561691995,0.2945243112739994,0.8851069146098838,0.1094035097919877,0.3710852923973604,1.2759345397473294,0.6665530018559094,-0.2649798412993264,0.3320684910574949,-0.0447692292944358
0.4210777262745461,-0.16988837225830958,-0.4640291883353377,0.018791264651596317,0.5863641561691995,0.2945243112739994,0.8851069146098838,0.1114667139516936,0.3703911660908422,1.2790101712270396,0.6651053074873425,-0.2621649865535566,0.3331326902290904,-0.0484757103731639
0.4210777262745461,-0.16988837225830958,-0.4640291883353377,0.018791264651596317,0.5863641561691995,0.2945243112739994,0.8851069146098838,0.1135299181113994,0.3696970397843241,1.28208580270675,0.6636576131187757,-0.2593501318077869,0.334196889400686,-0.0521821914518921
0.4210777262745461,-0.16988837225830958,-0.4640291883353377,0.018791264651596317,0.5863641561691995,0.2945243112739994,0.8851069146098838,0.1155931222711053,0.3690029134778059,1.28516143418646,0.6622099187502088,-0.2565352770620171,0.3352610885722814,-0.0558886725306202
0.4210777262745461,-0.16988837225830958,-0.4640291883353377,0.018791264651596317,0.5863641561691995,0.2945243112739994,0.8851069146098838,0.1176563264308112,0.3683087871712878,1.2882370656661704,0.660762224381642,-0.2537204223162474,0.336325287743877,-0.0595951536093483
0.4210777262745461,-0.16988837225830958,-0.4640291883353377,0.018791264651596317,0.5863641561691995,0.2945243112739994,0.8851069146098838,0.1197195305905171,0.3676146608647697,1.2913126971458806,0.6593145300130752,-0.2509055675704776,0.3373894869154724,-0.0633016346880764
0.4210777262745461,-0.16988837225830958,-0.4640291883353377,0.018791264651596317,0.5863641561691995,0.2945243112739994,0.8851069146098838,0.121782734750223,0.3669205345582515,1.294388328625591,0.6578668356445083,-0.2480907128247079,0.338453686087068,-0.0670081157668046
0.4210777262745461,-0.16988837225830958,-0.4640291883353377,0.018791264651596317,0.5863641561691995,0.2945243112739994,0.8851069146098838,0.1238459389099288,0.3662264082517334,1.297463960105301,0.6564191412759414,-0.2452758580789382,0.3395178852586634,-0.0707145968455326
0.4210777262745461,-0.16988837225830958,-0.4640291883353377,0.018791264651596317,0.5863641561691995,0.2945243112739994,0.8851069146098838,0.1259091430696347,0.3655322819452152,1.300539591585011,0.6549714469073745,-0.2424610033331685,0.340582084430259,-0.0744210779242608
0.4210777262745461,-0.16988837225830958,-0.4640291883353377,0.018791264651596317,0.5863641561691995,0.2945243112739994,0.8851069146098838,0.1279723472293406,0.364838155638697,1.3036152230647218,0.6535237525388078,-0.2396461485873988,0.3416462836018544,-0.0781275590029889
0.4210777262745461,-0.16988837225830958,-0.4640291883353377,0.018791264651596317,0.5863641561691995,0.2945243112739994,0.8851069146098838,0.1300355513890465,0.3641440293321789,1.3066908545444318,0.6520760581702408,-0.236831293841629,0.3427104827734499,-0.081834040081717
0.4210777262745461,-0.16988837225830958,-0.4640291883353377,0.018791264651596317,0.5863641561691995,0.2945243112739994,0.8851069146098838,0.1320987555487524,0.3634499030256607,1.3097664860241425,0.650628363801674,-0.2340164390958593,0.3437746819450455,-0.0855405211604452
0.4210777262745461,-0.16988837225830958,-0.4640291883353377,0.018791264651596317,0.5863641561691995,0.2945243112739994,0.8851069146098838,0.1341619597084583,0.3627557767191426,1.3128421175038525,0.6491806694331071,-0.2312015843500895,0.3448388811166409,-0.0892470022391733
0.4210777262745461,-0.16988837225830958,-0.4640291883353377,0.018791264651596317,0.5863641561691995,0.2945243112739994,0.8851069146098838,0.1362251638681641,0.3620616504126245,1.3159177489835627,0.6477329750645403,-0.2283867296043198,0.3459030802882365,-0.0929534833179015
0.4210777262745461,-0.16988837225830958,-0.4640291883353377,0.018791264651596317,0.5863641561691995,0.2945243112739994,0.8851069146098838,0.13828836802787,0.3613675241061063,1.318993380463273,0.6462852806959734,-0.2255718748585501,0.346967279459832,-0.0966599643966296
0.4210777262745461,-0.16988837225830958,-0.4640291883353377,0.018791264651596317,0.5863641561691995,0.2945243112739994,0.8851069146098838,0.1403515721875759,0.3606733977995882,1.3220690119429832,0.6448375863274065,-0.2227570201127803,0.3480314786314275,-0.1003664454753577
0.4210777262745461,-0.16988837225830958,-0.4640291883353377,0.018791264651596317,0.5863641561691995,0.2945243112739994,0.8851069146098838,0.1424147763472818,0.35997927149307,1.3251446434226934,0.6433898919588397,-0.2199421653670106,0.349095677803023,-0.1040729265540858
0.4210777262745461,-0.16988837225830958,-0.4640291883353377,0.018791264651596317,0.5863641561691995,0.2945243112739994,0.8851069146098838,0.1444779805069876,0.3592851451865519,1.3282202749024037,0.6419421975902728,-0.2171273106212408,0.3501598769746185,-0.107779407632814
0.4210777262745461,-0.16988837225830958,-0.4640291883353377,0.018791264651596317,0.5863641561691995,0.2945243112739994,0.8851069146098838,0.1465411846666935,0.3585910188800337,1.331295906382114,0.640494503221706,-0.2143124558754711,0.351224076146214,-0.1114858887115421
0.4210777262745461,-0.16988837225830958,-0.4640291883353377,0.018791264651596317,0.5863641561691995,0.2945243112739994,0.8851069146098838,0.1486043888263994,0.3578968925735155,1.3343715378618242,0.6390468088531391,-0.2114976011297014,0.3522882753178095,-0.1151923697902702
0.4210777262745461,-0.16988837225830958,-0.4640291883353377,0.018791264651596317,0.5863641561691995,0.2945243112739994,0.8851069146098838,0.1506675929861053,0.3572027662669974,1.3374471693415344,0.6375991144845723,-0.2086827463839317,0.353352474489405,-0.1188988508689984
0.4210777262745461,-0.16988837225830958,-0.4640291883353377,0.018791264651596317,0.5863641561691995,0.2945243112739994,0.8851069146098838,0.1527307971458112,0.3565086399604792,1.3405228008212449,0.6361514201160053,-0.2058678916381619,0.3544166736610005,-0.1226053319477265
0.4210777262745461,-0.16988837225830958,-0.4640291883353377,0.018791264651596317,0.5863641561691995,0.2945243112739994,0.8851069146098838,0.1547940013055171,0.3558145136539611,1.3435984323009549,0.6347037257474385,-0.2030530368923921,0.3554808728325961,-0.1263118130264547
0.4210777262745461,-0.16988837225830958,-0.4640291883353377,0.018791264651596317,0.5863641561691995,0.2945243112739994,0.8851069146098838,0.1568572054652229,0.355120387347443,1.3466740637806651,0.6332560313788717,-0.2002381821466224,0.3565450720041915,-0.1300182941051828
0.4210777262745461,-0.16988837225830958,-0.4640291883353377,0.018791264651596317,0.5863641561691995,0.2945243112739994,0.8851069146098838,0.1589204096249288,0.3544262610409248,1.3497496952603756,0.6318083370103048,-0.1974233274008527,0.357609271175787,-0.1337247751839109
0.4210777262745461,-0.16988837225830958,-0.4640291883353377,0.018791264651596317,0.5863641561691995,0.2945243112739994,0.8851069146098838,0.1609836137846347,0.3537321347344067,1.3528253267400858,0.6303606426417379,-0.194608472655083,0.3586734703473826,-0.1374312562626391
0.4210777262745461,-0.16988837225830958,-0.4640291883353377,0.018791264651596317,0.5863641561691995,0.2945243112739994,0.8851069146098838,0.1630468179443406,0.3530380084278885,1.355900958219796,0.628912948273171,-0.1917936179093132,0.359737669518978,-0.1411377373413672
0.4210777262745461,-0.16988837225830958,-0.4640291883353377,0.018791264651596317,0.5863641561691995,0.2945243112739994,0.8851069146098838,0.1651100221040465,0.3523438821213704,1.3589765896995063,0.6274652539046042,-0.1889787631635435,0.3608018686905736,-0.1448442184200953
0.4210777262745461,-0.16988837225830958,-0.4640291883353377,0.018791264651596317,0.5863641561691995,0.2945243112739994,0.8851069146098838,0.1671732262637524,0.3516497558148522,1.3620522211792163,0.6260175595360373,-0.1861639084177737,0.361866067862169,-0.1485506994988235
0.4210777262745461,-0.16988837225830958,-0.4640291883353377,0.018791264651596317,0.5863641561691995,0.2945243112739994,0.8851069146098838,0.1692364304234583,0.350955629508334,1.3651278526589268,0.6245698651674705,-0.183349053672004,0.3629302670337646,-0.1522571805775516
0.4210777262745461,-0.16988837225830958,-0.4640291883353377,0.018791264651596317,0.5863641561691995,0.2945243112739994,0.8851069146098838,0.1712996345831641,0.3502615032018159,1.368203484138637,0.6231221707989036,-0.1805341989262343,0.3639944662053601,-0.1559636616562797
0.4210777262745461,-0.16988837225830958,-0.4640291883353377,0.018791264651596317,0.5863641561691995,0.2945243112739994,0.8851069146098838,0.17336283874287,0.3495673768952977,1.3712791156183473,0.6216744764303367,-0.1777193441804646,0.3650586653769556,-0.1596701427350079
0.4210777262745461,-0.16988837225830958,-0.4640291883353377,0.018791264651596317,0.5863641561691995,0.2945243112739994,0.8851069146098838,0.1754260429025758,0.3488732505887796,1.3743547470980575,0.62022678206177,-0.1749044894346949,0.3661228645485511,-0.1633766238137359
0.4210777262745461,-0.16988837225830958,-0.4640291883353377,0.018791264651596317,0.5863641561691995,0.2945243112739994,0.8851069146098838,0.1774892470622817,0.3481791242822615,1.3774303785777675,0.6187790876932031,-0.1720896346889251,0.3671870637201466,-0.167083104892464
0.4210777262745461,-0.16988837225830958,-0.4640291883353377,0.018791264651596317,0.5863641561691995,0.2945243112739994,0.8851069146098838,0.1795524512219876,0.3474849979757433,1.380506010057478,0.6173313933246363,-0.1692747799431554,0.3682512628917421,-0.1707895859711922
0.4210777262745461,-0.16988837225830958,-0.4640291883353377,0.018791264651596317,0.5863641561691995,0.2945243112739994,0.8851069146098838,0.1816156553816935,0.3467908716692252,1.3835816415371882,0.6158836989560694,-0.1664599251973856,0.3693154620633376,-0.1744960670499203
0.4210777262745461,-0.16988837225830958,-0.4640291883353377,0.018791264651596317,0.5863641561691995,0.2945243112739994,0.8851069146098838,0.1836788595413994,0.346096745362707,1.3866572730168985,0.6144360045875025,-0.1636450704516159,0.3703796612349331,-0.1782025481286485
0.4210777262745461,-0.16988837225830958,-0.4640291883353377,0.018791264651596317,0.5863641561691995,0.2945243112739994,0.8851069146098838,0.1857420637011053,0.3454026190561889,1.3897329044966087,0.6129883102189356,-0.1608302157058462,0.3714438604065286,-0.1819090292073766
0.4210777262745461,-0.16988837225830958,-0.4640291883353377,0.018791264651596317,0.5863641561691995,0.2945243112739994,0.8851069146098838,0.1878052678608112,0.3447084927496707,1.3928085359763192,0.6115406158503688,-0.1580153609600764,0.3725080595781241,-0.1856155102861047
0.4210777262745461,-0.16988837225830958,-0.4640291883353377,0.018791264651596317,0.5863641561691995,0.2945243112739994,0.8851069146098838,0.189868472020517,0.3440143664431526,1.3958841674560292,0.6100929214818019,-0.1552005062143067,0.3735722587497196,-0.1893219913648329
0.4210777262745461,-0.16988837225830958,-0.4640291883353377,0.018791264651596317,0.5863641561691995,0.2945243112739994,0.8851069146098838,0.1919316761802229,0.3433202401366344,1.3989597989357396,0.6086452271132351,-0.152385651468537,0.3746364579213151,-0.193028472443561
0.4210777262745461,-0.16988837225830958,-0.4640291883353377,0.018791264651596317,0.5863641561691995,0.2945243112739994,0.8851069146098838,0.1939948803399288,0.3426261138301162,1.4020354304154496,0.6071975327446683,-0.1495707967227672,0.3757006570929107,-0.1967349535222891
0.4210777262745461,-0.16988837225830958,-0.4640291883353377,0.018791264651596317,0.5863641561691995,0.2945243112739994,0.8851069146098838,0.1960580844996347,0.3419319875235981,1.40511106189516,0.6057498383761013,-0.1467559419769975,0.3767648562645062,-0.2004414346010172
0.4210777262745461,-0.16988837225830958,-0.4640291883353377,0.018791264651596317,0.5863641561691995,0.2945243112739994,0.8851069146098838,0.1981212886593406,0.34123786121708,1.40818669337487,0.6043021440075345,-0.1439410872312278,0.3778290554361017,-0.2041479156797454
0.4210777262745461,-0.16988837225830958,-0.4640291883353377,0.018791264651596317,0.5863641561691995,0.2945243112739994,0.8851069146098838,0.2001844928190465,0.3405437349105618,1.4112623248545806,0.6028544496389676,-0.141126232485458,0.3788932546076972,-0.2078543967584735
0.4210777262745461,-0.16988837225830958,-0.4640291883353377,0.018791264651596317,0.5863641561691995,0.2945243112739994,0.8851069146098838,0.2001844928190465,0.3405437349105618,1.4112623248545806,0.6028544496389676,-0.141126232485458,0.3788932546076972,-0.2078543967584735
0.4210777262745461,-0.16988837225830958,-0.4640291883353377,0.018791264651596317,0.5863641561691995,0.2945243112739994,0.8851069146098838,0.2007635705664732,0.3393338075641172,1.41280589302239,0.6031382360847264,-0.1412048490008371,0.3783486914279979,-0.207674154015897
0.4210777262745461,-0.16988837225830958,-0.4640291883353377,0.018791264651596317,0.5863641561691995,0.2945243112739994,0.8851069146098838,0.2013426483138999,0.3381238802176726,1.4143494611902,0.6034220225304853,-0.1412834655162163,0.3778041282482985,-0.2074939112733204
0.4210777262745461,-0.16988837225830958,-0.4640291883353377,0.018791264651596317,0.5863641561691995,0.2945243112739994,0.8851069146098838,0.2019217260613267,0.3369139528712279,1.4158930293580096,0.603705808976244,-0.1413620820315954,0.3772595650685992,-0.2073136685307439
0.4210777262745461,-0.16988837225830958,-0.4640291883353377,0.018791264651596317,0.5863641561691995,0.2945243112739994,0.8851069146098838,0.2025008038087534,0.3357040255247833,1.4174365975258194,0.6039895954220028,-0.1414406985469745,0.3767150018888999,-0.2071334257881674
0.4210777262745461,-0.16988837225830958,-0.4640291883353377,0.018791264651596317,0.5863641561691995,0.2945243112739994,0.8851069146098838,0.2030798815561802,0.3344940981783387,1.418980165693629,0.6042733818677616,-0.1415193150623536,0.3761704387092006,-0.2069531830455908
0.4210777262745461,-0.16988837225830958,-0.4640291883353377,0.018791264651596317,0.5863641561691995,0.2945243112739994,0.8851069146098838,0.2036589593036069,0.3332841708318941,1.420523733861439,0.6045571683135205,-0.1415979315777328,0.3756258755295012,-0.2067729403030143
0.4210777262745461,-0.16988837225830958,-0.4640291883353377,0.018791264651596317,0.5863641561691995,0.2945243112739994,0.8851069146098838,0.2042380370510337,0.3320742434854495,1.4220673020292485,0.6048409547592792,-0.1416765480931119,0.3750813123498019,-0.2065926975604378
0.4210777262745461,-0.16988837225830958,-0.4640291883353377,0.018791264651596317,0.5863641561691995,0.2945243112739994,0.8851069146098838,0.2048171147984604,0.3308643161390048,1.423610870197058,0.605124741205038,-0.141755164608491,0.3745367491701026,-0.2064124548178612
0.4210777262745461,-0.16988837225830958,-0.4640291883353377,0.018791264651596317,0.5863641561691995,0.2945243112739994,0.8851069146098838,0.2053961925458871,0.3296543887925602,1.4251544383648678,0.6054085276507968,-0.1418337811238701,0.3739921859904032,-0.2062322120752847
0.4210777262745461,-0.16988837225830958,-0.4640291883353377,0.018791264651596317,0.5863641561691995,0.2945243112739994,0.8851069146098838,0.2059752702933139,0.3284444614461156,1.4266980065326775,0.6056923140965557,-0.1419123976392493,0.373447622810704,-0.2060519693327081
0.4210777262745461,-0.16988837225830958,-0.4640291883353377,0.018791264651596317,0.5863641561691995,0.2945243112739994,0.8851069146098838,0.2065543480407406,0.327234534099671,1.4282415747004873,0.6059761005423144,-0.1419910141546284,0.3729030596310046,-0.2058717265901316
0.4210777262745461,-0.16988837225830958,-0.4640291883353377,0.018791264651596317,0.5863641561691995,0.2945243112739994,0.8851069146098838,0.2071334257881674,0.3260246067532263,1.4297851428682968,0.6062598869880732,-0.1420696306700075,0.3723584964513053,-0.2056914838475551
0.4210777262745461,-0.16988837225830958,-0.4640291883353377,0.018791264651596317,0.5863641561691995,0.2945243112739994,0.8851069146098838,0.2077125035355941,0.3248146794067818,1.4313287110361066,0.6065436734338321,-0.1421482471853867,0.371813933271606,-0.2055112411049786
0.4210777262745461,-0.16988837225830958,-0.4640291883353377,0.018791264651596317,0.5863641561691995,0.2945243112739994,0.8851069146098838,0.2082915812830209,0.3236047520603371,1.4328722792039164,0.6068274598795909,-0.1422268637007658,0.3712693700919066,-0.205330998362402
0.4210777262745461,-0.16988837225830958,-0.4640291883353377,0.018791264651596317,0.5863641561691995,0.2945243112739994,0.8851069146098838,0.2088706590304476,0.3223948247138925,1.434415847371726,0.6071112463253496,-0.1423054802161449,0.3707248069122073,-0.2051507556198255
0.4210777262745461,-0.16988837225830958,-0.4640291883353377,0.018791264651596317,0.5863641561691995,0.2945243112739994,0.8851069146098838,0.2094497367778744,0.3211848973674479,1.435959415539536,0.6073950327711084,-0.142384096731524,0.370180243732508,-0.204970512877249
0.4210777262745461,-0.16988837225830958,-0.4640291883353377,0.018791264651596317,0.5863641561691995,0.2945243112739994,0.8851069146098838,0.2100288145253011,0.3199749700210033,1.4375029837073456,0.6076788192168673,-0.1424627132469032,0.3696356805528087,-0.2047902701346724
0.4210777262745461,-0.16988837225830958,-0.4640291883353377,0.018791264651596317,0.5863641561691995,0.2945243112739994,0.8851069146098838,0.2106078922727278,0.3187650426745587,1.4390465518751552,0.607962605662626,-0.1425413297622823,0.3690911173731094,-0.2046100273920959
0.4210777262745461,-0.16988837225830958,-0.4640291883353377,0.018791264651596317,0.5863641561691995,0.2945243112739994,0.8851069146098838,0.2111869700201546,0.317555115328114,1.440590120042965,0.6082463921083848,-0.1426199462776614,0.3685465541934101,-0.2044297846495193
0.4210777262745461,-0.16988837225830958,-0.4640291883353377,0.018791264651596317,0.5863641561691995,0.2945243112739994,0.8851069146098838,0.2117660477675813,0.3163451879816694,1.4421336882107745,0.6085301785541436,-0.1426985627930406,0.3680019910137107,-0.2042495419069428
0.4210777262745461,-0.16988837225830958,-0.4640291883353377,0.018791264651596317,0.5863641561691995,0.2945243112739994,0.8851069146098838,0.2123451255150081,0.3151352606352248,1.4436772563785842,0.6088139649999025,-0.1427771793084197,0.3674574278340114,-0.2040692991643662
0.4210777262745461,-0.16988837225830958,-0.4640291883353377,0.018791264651596317,0.5863641561691995,0.2945243112739994,0.8851069146098838,0.2129242032624348,0.3139253332887802,1.445220824546394,0.6090977514456613,-0.1428557958237988,0.3669128646543121,-0.2038890564217897
0.4210777262745461,-0.16988837225830958,-0.4640291883353377,0.018791264651596317,0.5863641561691995,0.2945243112739994,0.8851069146098838,0.2135032810098616,0.3127154059423356,1.4467643927142038,0.60938153789142,-0.1429344123391779,0.3663683014746128,-0.2037088136792132
0.4210777262745461,-0.16988837225830958,-0.4640291883353377,0.018791264651596317,0.5863641561691995,0.2945243112739994,0.8851069146098838,0.2140823587572883,0.3115054785958909,1.4483079608820133,0.6096653243371788,-0.1430130288545571,0.3658237382949135,-0.2035285709366367
0.4210777262745461,-0.16988837225830958,-0.4640291883353377,0.018791264651596317,0.5863641561691995,0.2945243112739994,0.8851069146098838,0.214661436504715,0.3102955512494463,1.4498515290498228,0.6099491107829377,-0.1430916453699362,0.3652791751152141,-0.2033483281940601
0.4210777262745461,-0.16988837225830958,-0.4640291883353377,0.018791264651596317,0.5863641561691995,0.2945243112739994,0.8851069146098838,0.2152405142521418,0.3090856239030017,1.4513950972176328,0.6102328972286964,-0.1431702618853153,0.3647346119355148,-0.2031680854514836
0.4210777262745461,-0.16988837225830958,-0.4640291883353377,0.018791264651596317,0.5863641561691995,0.2945243112739994,0.8851069146098838,0.2158195919995685,0.3078756965565571,1.4529386653854424,0.6105166836744552,-0.1432488784006945,0.3641900487558154,-0.2029878427089071
0.4210777262745461,-0.16988837225830958,-0.4640291883353377,0.018791264651596317,0.5863641561691995,0.2945243112739994,0.8851069146098838,0.2163986697469953,0.3066657692101124,1.454482233553252,0.6108004701202141,-0.1433274949160736,0.3636454855761161,-0.2028075999663305
0.4210777262745461,-0.16988837225830958,-0.4640291883353377,0.018791264651596317,0.5863641561691995,0.2945243112739994,0.8851069146098838,0.216977747494422,0.3054558418636678,1.456025801721062,0.6110842565659729,-0.1434061114314527,0.3631009223964169,-0.202627357223754
0.4210777262745461,-0.16988837225830958,-0.4640291883353377,0.018791264651596317,0.5863641561691995,0.2945243112739994,0.8851069146098838,0.2175568252418487,0.3042459145172232,1.4575693698888716,0.6113680430117316,-0.1434847279468318,0.3625563592167175,-0.2024471144811774
0.4210777262745461,-0.16988837225830958,-0.4640291883353377,0.018791264651596317,0.5863641561691995,0.2945243112739994,0.8851069146098838,0.2181359029892755,0.3030359871707786,1.4591129380566812,0.6116518294574904,-0.143563344462211,0.3620117960370182,-0.2022668717386009
0.4210777262745461,-0.16988837225830958,-0.4640291883353377,0.018791264651596317,0.5863641561691995,0.2945243112739994,0.8851069146098838,0.2187149807367022,0.3018260598243339,1.4606565062244907,0.6119356159032493,-0.1436419609775901,0.3614672328573188,-0.2020866289960244
0.4210777262745461,-0.16988837225830958,-0.4640291883353377,0.018791264651596317,0.5863641561691995,0.2945243112739994,0.8851069146098838,0.219294058484129,0.3006161324778894,1.4622000743923007,0.6122194023490081,-0.1437205774929692,0.3609226696776195,-0.2019063862534478
0.4210777262745461,-0.16988837225830958,-0.4640291883353377,0.018791264651596317,0.5863641561691995,0.2945243112739994,0.8851069146098838,0.2198731362315557,0.2994062051314448,1.4637436425601102,0.6125031887947668,-0.1437991940083484,0.3603781064979202,-0.2017261435108713
0.4210777262745461,-0.16988837225830958,-0.4640291883353377,0.018791264651596317,0.5863641561691995,0.2945243112739994,0.8851069146098838,0.2204522139789825,0.2981962777850001,1.46528721072792,0.6127869752405256,-0.1438778105237275,0.3598335433182208,-0.2015459007682948
0.4210777262745461,-0.16988837225830958,-0.4640291883353377,0.018791264651596317,0.5863641561691995,0.2945243112739994,0.8851069146098838,0.2210312917264092,0.2969863504385555,1.4668307788957298,0.6130707616862845,-0.1439564270391066,0.3592889801385216,-0.2013656580257182
0.4210777262745461,-0.16988837225830958,-0.4640291883353377,0.018791264651596317,0.5863641561691995,0.2945243112739994,0.8851069146098838,0.221610369473836,0.2957764230921109,1.468374347063539,0.6133545481320433,-0.1440350435544857,0.3587444169588222,-0.2011854152831417
0.4210777262745461,-0.16988837225830958,-0.4640291883353377,0.018791264651596317,0.5863641561691995,0.2945243112739994,0.8851069146098838,0.2221894472212627,0.2945664957456663,1.4699179152313493,0.6136383345778021,-0.1441136600698649,0.358199853779123,-0.2010051725405652
0.4210777262745461,-0.16988837225830958,-0.4640291883353377,0.018791264651596317,0.5863641561691995,0.2945243112739994,0.8851069146098838,0.2227685249686894,0.2933565683992216,1.4714614833991586,0.6139221210235608,-0.144192276585244,0.3576552905994236,-0.2008249297979886
0.4210777262745461,-0.16988837225830958,-0.4640291883353377,0.018791264651596317,0.5863641561691995,0.2945243112739994,0.8851069146098838,0.2233476027161162,0.292146641052777,1.4730050515669686,0.6142059074693197,-0.1442708931006231,0.3571107274197243,-0.2006446870554121
0.4210777262745461,-0.16988837225830958,-0.4640291883353377,0.018791264651596317,0.5863641561691995,0.2945243112739994,0.8851069146098838,0.2239266804635429,0.2909367137063324,1.474548619734778,0.6144896939150785,-0.1443495096160023,0.3565661642400249,-0.2004644443128355
0.4210777262745461,-0.16988837225830958,-0.4640291883353377,0.018791264651596317,0.5863641561691995,0.2945243112739994,0.8851069146098838,0.2245057582109697,0.2897267863598878,1.476092187902588,0.6147734803608372,-0.1444281261313814,0.3560216010603256,-0.200284201570259
0.4210777262745461,-0.16988837225830958,-0.4640291883353377,0.018791264651596317,0.5863641561691995,0.2945243112739994,0.8851069146098838,0.2250848359583964,0.2885168590134432,1.4776357560703977,0.6150572668065961,-0.1445067426467605,0.3554770378806263,-0.2001039588276825
0.4210777262745461,-0.16988837225830958,-0.4640291883353377,0.018791264651596317,0.5863641561691995,0.2945243112739994,0.8851069146098838,0.2256639137058232,0.2873069316669986,1.4791793242382072,0.6153410532523549,-0.1445853591621396,0.354932474700927,-0.1999237160851059
0.4210777262745461,-0.16988837225830958,-0.4640291883353377,0.018791264651596317,0.5863641561691995,0.2945243112739994,0.8851069146098838,0.2262429914532499,0.2860970043205539,1.4807228924060172,0.6156248396981137,-0.1446639756775188,0.3543879115212277,-0.1997434733425294
0.4210777262745461,-0.16988837225830958,-0.4640291883353377,0.018791264651596317,0.5863641561691995,0.2945243112739994,0.8851069146098838,0.2268220692006767,0.2848870769741093,1.4822664605738267,0.6159086261438724,-0.1447425921928979,0.3538433483415283,-0.1995632305999529
0.4210777262745461,-0.16988837225830958,-0.4640291883353377,0.018791264651596317,0.5863641561691995,0.2945243112739994,0.8851069146098838,0.2274011469481034,0.2836771496276647,1.4838100287416365,0.6161924125896312,-0.144821208708277,0.353298785161829,-0.1993829878573763
0.4210777262745461,-0.16988837225830958,-0.4640291883353377,0.018791264651596317,0.5863641561691995,0.2945243112739994,0.8851069146098838,0.2279802246955302,0.28246722228122,1.4853535969094462,0.6164761990353901,-0.1448998252236562,0.3527542219821297,-0.1992027451147998
0.4210777262745461,-0.16988837225830958,-0.4640291883353377,0.018791264651596317,0.5863641561691995,0.2945243112739994,0.8851069146098838,0.2285593024429569,0.2812572949347754,1.4868971650772558,0.6167599854811489,-0.1449784417390353,0.3522096588024304,-0.1990225023722233
0.4210777262745461,-0.16988837225830958,-0.4640291883353377,0.018791264651596317,0.5863641561691995,0.2945243112739994,0.8851069146098838,0.2291383801903836,0.2800473675883308,1.4884407332450655,0.6170437719269077,-0.1450570582544144,0.351665095622731,-0.1988422596296467
0.4210777262745461,-0.16988837225830958,-0.4640291883353377,0.018791264651596317,0.5863641561691995,0.2945243112739994,0.8851069146098838,0.2297174579378104,0.2788374402418861,1.489984301412875,0.6173275583726665,-0.1451356747697935,0.3511205324430317,-0.1986620168870702
0.4210777262745461,-0.16988837225830958,-0.4640291883353377,0.018791264651596317,0.5863641561691995,0.2945243112739994,0.8851069146098838,0.2302965356852371,0.2776275128954416,1.4915278695806848,0.6176113448184253,-0.1452142912851727,0.3505759692633324,-0.1984817741444937
0.4210777262745461,-0.16988837225830958,-0.4640291883353377,0.018791264651596317,0.5863641561691995,0.2945243112739994,0.8851069146098838,0.2308756134326639,0.276417585548997,1.4930714377484946,0.617895131264184,-0.1452929078005518,0.3500314060836331,-0.1983015314019171
0.4210777262745461,-0.16988837225830958,-0.4640291883353377,0.018791264651596317,0.5863641561691995,0.2945243112739994,0.8851069146098838,0.2314546911800906,0.2752076582025523,1.494615005916304,0.6181789177099429,-0.1453715243159309,0.3494868429039338,-0.1981212886593406
0.4210777262745461,-0.16988837225830958,-0.4640291883353377,0.018791264651596317,0.5863641561691995,0.2945243112739994,0.8851069146098838,0.2320337689275174,0.2739977308561077,1.496158574084114,0.6184627041557017,-0.14545014083131,0.3489422797242344,-0.197941045916764
0.4210777262745461,-0.16988837225830958,-0.4640291883353377,0.018791264651596317,0.5863641561691995,0.2945243112739994,0.8851069146098838,0.2326128466749441,0.2727878035096631,1.4977021422519237,0.6187464906014605,-0.1455287573466891,0.3483977165445351,-0.1977608031741875
0.4210777262745461,-0.16988837225830958,-0.4640291883353377,0.018791264651596317,0.5863641561691995,0.2945243112739994,0.8851069146098838,0.2331919244223708,0.2715778761632185,1.4992457104197334,0.6190302770472194,-0.1456073738620683,0.3478531533648358,-0.1975805604316109
0.4210777262745461,-0.16988837225830958,-0.4640291883353377,0.018791264651596317,0.5863641561691995,0.2945243112739994,0.8851069146098838,0.2337710021697976,0.2703679488167738,1.500789278587543,0.6193140634929781,-0.1456859903774474,0.3473085901851365,-0.1974003176890344
0.4210777262745461,-0.16988837225830958,-0.4640291883353377,0.018791264651596317,0.5863641561691995,0.2945243112739994,0.8851069146098838,0.2343500799172243,0.2691580214703293,1.502332846755353,0.6195978499387369,-0.1457646068928265,0.3467640270054372,-0.1972200749464579
0.4210777262745461,-0.16988837225830958,-0.4640291883353377,0.018791264651596317,0.5863641561691995,0.2945243112739994,0.8851069146098838,0.2349291576646511,0.2679480941238846,1.5038764149231625,0.6198816363844957,-0.1458432234082056,0.3462194638257378,-0.1970398322038813
0.4210777262745461,-0.16988837225830958,-0.4640291883353377,0.018791264651596317,0.5863641561691995,0.2945243112739994,0.8851069146098838,0.2355082354120778,0.26673816677744,1.5054199830909722,0.6201654228302546,-0.1459218399235848,0.3456749006460385,-0.1968595894613048
0.4210777262745461,-0.16988837225830958,-0.4640291883353377,0.018791264651596317,0.5863641561691995,0.2945243112739994,0.8851069146098838,0.2360873131595046,0.2655282394309953,1.5069635512587818,0.6204492092760132,-0.1460004564389639,0.3451303374663391,-0.1966793467187283
0.4210777262745461,-0.16988837225830958,-0.4640291883353377,0.018791264651596317,0.5863641561691995,0.2945243112739994,0.8851069146098838,0.2366663909069313,0.2643183120845508,1.5085071194265915,0.6207329957217722,-0.1460790729543431,0.3445857742866399,-0.1964991039761517
0.4210777262745461,-0.16988837225830958,-0.4640291883353377,0.018791264651596317,0.5863641561691995,0.2945243112739994,0.8851069146098838,0.237245468654358,0.2631083847381061,1.510050687594401,0.6210167821675309,-0.1461576894697222,0.3440412111069406,-0.1963188612335752
0.4210777262745461,-0.16988837225830958,-0.4640291883353377,0.018791264651596317,0.5863641561691995,0.2945243112739994,0.8851069146098838,0.2378245464017848,0.2618984573916615,1.511594255762211,0.6213005686132897,-0.1462363059851013,0.3434966479272412,-0.1961386184909987
0.4210777262745461,-0.16988837225830958,-0.4640291883353377,0.018791264651596317,0.5863641561691995,0.2945243112739994,0.8851069146098838,0.2384036241492115,0.2606885300452168,1.5131378239300206,0.6215843550590485,-0.1463149225004804,0.3429520847475419,-0.1959583757484221
0.4210777262745461,-0.16988837225830958,-0.4640291883353377,0.018791264651596317,0.5863641561691995,0.2945243112739994,0.8851069146098838,0.2389827018966383,0.2594786026987723,1.5146813920978304,0.6218681415048073,-0.1463935390158596,0.3424075215678426,-0.1957781330058456
0.4210777262745461,-0.16988837225830958,-0.4640291883353377,0.018791264651596317,0.5863641561691995,0.2945243112739994,0.8851069146098838,0.239561779644065,0.2582686753523276,1.51622496026564,0.6221519279505661,-0.1464721555312387,0.3418629583881433,-0.1955978902632691
0.4210777262745461,-0.16988837225830958,-0.4640291883353377,0.018791264651596317,0.5863641561691995,0.2945243112739994,0.8851069146098838,0.2401408573914918,0.2570587480058831,1.5177685284334497,0.6224357143963248,-0.1465507720466178,0.341318395208444,-0.1954176475206925
0.4210777262745461,-0.16988837225830958,-0.4640291883353377,0.018791264651596317,0.5863641561691995,0.2945243112739994,0.8851069146098838,0.2407199351389185,0.2558488206594384,1.5193120966012594,0.6227195008420837,-0.1466293885619969,0.3407738320287446,-0.195237404778116
0.4210777262745461,-0.16988837225830958,-0.4640291883353377,0.018791264651596317,0.5863641561691995,0.2945243112739994,0.8851069146098838,0.2412990128863452,0.2546388933129938,1.5208556647690692,0.6230032872878425,-0.1467080050773761,0.3402292688490453,-0.1950571620355395
0.4210777262745461,-0.16988837225830958,-0.4640291883353377,0.018791264651596317,0.5863641561691995,0.2945243112739994,0.8851069146098838,0.241878090633772,0.2534289659665492,1.5223992329368787,0.6232870737336013,-0.1467866215927552,0.339684705669346,-0.1948769192929629
0.4210777262745461,-0.16988837225830958,-0.4640291883353377,0.018791264651596317,0.5863641561691995,0.2945243112739994,0.8851069146098838,0.2424571683811987,0.2522190386201046,1.5239428011046887,0.6235708601793601,-0.1468652381081343,0.3391401424896467,-0.1946966765503864
0.4210777262745461,-0.16988837225830958,-0.4640291883353377,0.018791264651596317,0.5863641561691995,0.2945243112739994,0.8851069146098838,0.2430362461286255,0.2510091112736599,1.5254863692724985,0.6238546466251189,-0.1469438546235135,0.3385955793099473,-0.1945164338078099
0.4210777262745461,-0.16988837225830958,-0.4640291883353377,0.018791264651596317,0.5863641561691995,0.2945243112739994,0.8851069146098838,0.2436153238760522,0.2497991839272153,1.5270299374403078,0.6241384330708777,-0.1470224711388926,0.338051016130248,-0.1943361910652333
0.4210777262745461,-0.16988837225830958,-0.4640291883353377,0.018791264651596317,0.5863641561691995,0.2945243112739994,0.8851069146098838,0.244194401623479,0.2485892565807707,1.5285735056081178,0.6244222195166365,-0.1471010876542717,0.3375064529505487,-0.1941559483226568
0.4210777262745461,-0.16988837225830958,-0.4640291883353377,0.018791264651596317,0.5863641561691995,0.2945243112739994,0.8851069146098838,0.2447734793709057,0.2473793292343261,1.530117073775927,0.6247060059623953,-0.1471797041696508,0.3369618897708494,-0.1939757055800802
0.4210777262745461,-0.16988837225830958,-0.4640291883353377,0.018791264651596317,0.5863641561691995,0.2945243112739994,0.8851069146098838,0.2453525571183324,0.2461694018878814,1.531660641943737,0.6249897924081541,-0.14725832068503,0.3364173265911501,-0.1937954628375037
0.4210777262745461,-0.16988837225830958,-0.4640291883353377,0.018791264651596317,0.5863641561691995,0.2945243112739994,0.8851069146098838,0.2459316348657592,0.2449594745414368,1.5332042101115468,0.625273578853913,-0.1473369372004091,0.3358727634114507,-0.1936152200949272
0.4210777262745461,-0.16988837225830958,-0.4640291883353377,0.018791264651596317,0.5863641561691995,0.2945243112739994,0.8851069146098838,0.2465107126131859,0.2437495471949922,1.5347477782793564,0.6255573652996718,-0.1474155537157882,0.3353282002317514,-0.1934349773523506
0.4210777262745461,-0.16988837225830958,-0.4640291883353377,0.018791264651596317,0.5863641561691995,0.2945243112739994,0.8851069146098838,0.2470897903606127,0.2425396198485476,1.536291346447166,0.6258411517454305,-0.1474941702311674,0.3347836370520521,-0.1932547346097741
0.4210777262745461,-0.16988837225830958,-0.4640291883353377,0.018791264651596317,0.5863641561691995,0.2945243112739994,0.8851069146098838,0.2476688681080394,0.241329692502103,1.537834914614976,0.6261249381911893,-0.1475727867465465,0.3342390738723528,-0.1930744918671976
0.4210777262745461,-0.16988837225830958,-0.4640291883353377,0.018791264651596317,0.5863641561691995,0.2945243112739994,0.8851069146098838,0.2482479458554662,0.2401197651556583,1.5393784827827854,0.6264087246369481,-0.1476514032619256,0.3336945106926534,-0.192894249124621
0.4210777262745461,-0.16988837225830958,-0.4640291883353377,0.018791264651596317,0.5863641561691995,0.2945243112739994,0.8851069146098838,0.2488270236028929,0.2389098378092137,1.5409220509505952,0.626692511082707,-0.1477300197773047,0.3331499475129541,-0.1927140063820445
0.4210777262745461,-0.16988837225830958,-0.4640291883353377,0.018791264651596317,0.5863641561691995,0.2945243112739994,0.8851069146098838,0.2494061013503197,0.2376999104627691,1.542465619118405,0.6269762975284657,-0.1478086362926838,0.3326053843332548,-0.1925337636394679
0.4210777262745461,-0.16988837225830958,-0.4640291883353377,0.018791264651596317,0.5863641561691995,0.2945243112739994,0.8851069146098838,0.2499851790977464,0.2364899831163245,1.5440091872862147,0.6272600839742246,-0.147887252808063,0.3320608211535555,-0.1923535208968914
0.4210777262745461,-0.16988837225830958,-0.4640291883353377,0.018791264651596317,0.5863641561691995,0.2945243112739994,0.8851069146098838,0.2505642568451732,0.2352800557698798,1.545552755454024,0.6275438704199833,-0.1479658693234421,0.3315162579738561,-0.1921732781543149
0.4210777262745461,-0.16988837225830958,-0.4640291883353377,0.018791264651596317,0.5863641561691995,0.2945243112739994,0.8851069146098838,0.2511433345925999,0.2340701284234352,1.547096323621834,0.6278276568657422,-0.1480444858388213,0.3309716947941569,-0.1919930354117384
0.4210777262745461,-0.16988837225830958,-0.4640291883353377,0.018791264651596317,0.5863641561691995,0.2945243112739994,0.8851069146098838,0.2517224123400267,0.2328602010769906,1.5486398917896436,0.6281114433115009,-0.1481231023542004,0.3304271316144575,-0.1918127926691618
0.4210777262745461,-0.16988837225830958,-0.4640291883353377,0.018791264651596317,0.5863641561691995,0.2945243112739994,0.8851069146098838,0.2523014900874534,0.231650273730546,1.5501834599574535,0.6283952297572597,-0.1482017188695795,0.3298825684347582,-0.1916325499265853
0.4210777262745461,-0.16988837225830958,-0.4640291883353377,0.018791264651596317,0.5863641561691995,0.2945243112739994,0.8851069146098838,0.2528805678348801,0.2304403463841013,1.551727028125263,0.6286790162030185,-0.1482803353849586,0.3293380052550588,-0.1914523071840087
0.4210777262745461,-0.16988837225830958,-0.4640291883353377,0.018791264651596317,0.5863641561691995,0.2945243112739994,0.8851069146098838,0.2534596455823069,0.2292304190376568,1.5532705962930728,0.6289628026487774,-0.1483589519003378,0.3287934420753596,-0.1912720644414322
0.4210777262745461,-0.16988837225830958,-0.4640291883353377,0.018791264651596317,0.5863641561691995,0.2945243112739994,0.8851069146098838,0.2540387233297336,0.2280204916912121,1.5548141644608826,0.6292465890945361,-0.1484375684157169,0.3282488788956602,-0.1910918216988557
0.4210777262745461,-0.16988837225830958,-0.4640291883353377,0.018791264651596317,0.5863641561691995,0.2945243112739994,0.8851069146098838,0.2546178010771603,0.2268105643447675,1.556357732628692,0.6295303755402949,-0.148516184931096,0.3277043157159609,-0.1909115789562791
0.4210777262745461,-0.16988837225830958,-0.4640291883353377,0.018791264651596317,0.5863641561691995,0.2945243112739994,0.8851069146098838,0.2551968788245871,0.2256006369983229,1.557901300796502,0.6298141619860538,-0.1485948014464752,0.3271597525362616,-0.1907313362137026
0.4210777262745461,-0.16988837225830958,-0.4640291883353377,0.018791264651596317,0.5863641561691995,0.2945243112739994,0.8851069146098838,0.2557759565720138,0.2243907096518783,1.5594448689643117,0.6300979484318125,-0.1486734179618543,0.3266151893565623,-0.1905510934711261
0.4210777262745461,-0.16988837225830958,-0.4640291883353377,0.018791264651596317,0.5863641561691995,0.2945243112739994,0.8851069146098838,0.2563550343194406,0.2231807823054337,1.5609884371321212,0.6303817348775713,-0.1487520344772334,0.326070626176863,-0.1903708507285495
0.4210777262745461,-0.16988837225830958,-0.4640291883353377,0.018791264651596317,0.5863641561691995,0.2945243112739994,0.8851069146098838,0.2569341120668673,0.221970854958989,1.562532005299931,0.6306655213233301,-0.1488306509926125,0.3255260629971636,-0.190190607985973
0.4210777262745461,-0.16988837225830958,-0.4640291883353377,0.018791264651596317,0.5863641561691995,0.2945243112739994,0.8851069146098838,0.2575131898142941,0.2207609276125444,1.5640755734677407,0.6309493077690889,-0.1489092675079916,0.3249814998174643,-0.1900103652433964
0.4210777262745461,-0.16988837225830958,-0.4640291883353377,0.018791264651596317,0.5863641561691995,0.2945243112739994,0.8851069146098838,0.2580922675617209,0.2195510002660998,1.5656191416355505,0.6312330942148477,-0.1489878840233708,0.3244369366377649,-0.1898301225008199
0.4210777262745461,-0.16988837225830958,-0.4640291883353377,0.018791264651596317,0.5863641561691995,0.2945243112739994,0.8851069146098838,0.2586713453091476,0.2183410729196552,1.5671627098033605,0.6315168806606066,-0.1490665005387499,0.3238923734580656,-0.1896498797582434
0.4210777262745461,-0.16988837225830958,-0.4640291883353377,0.018791264651596317,0.5863641561691995,0.2945243112739994,0.8851069146098838,0.2592504230565743,0.2171311455732106,1.5687062779711698,0.6318006671063654,-0.149145117054129,0.3233478102783663,-0.1894696370156668
0.4210777262745461,-0.16988837225830958,-0.4640291883353377,0.018791264651596317,0.5863641561691995,0.2945243112739994,0.8851069146098838,0.2598295008040011,0.2159212182267659,1.5702498461389796,0.6320844535521242,-0.1492237335695082,0.322803247098667,-0.1892893942730903
0.4210777262745461,-0.16988837225830958,-0.4640291883353377,0.018791264651596317,0.5863641561691995,0.2945243112739994,0.8851069146098838,0.2604085785514278,0.2147112908803213,1.571793414306789,0.6323682399978829,-0.1493023500848873,0.3222586839189677,-0.1891091515305138
0.4210777262745461,-0.16988837225830958,-0.4640291883353377,0.018791264651596317,0.5863641561691995,0.2945243112739994,0.8851069146098838,0.2609876562988545,0.2135013635338767,1.5733369824745989,0.6326520264436417,-0.1493809666002664,0.3217141207392684,-0.1889289087879372
0.4210777262745461,-0.16988837225830958,-0.4640291883353377,0.018791264651596317,0.5863641561691995,0.2945243112739994,0.8851069146098838,0.2615667340462813,0.2122914361874321,1.5748805506424086,0.6329358128894006,-0.1494595831156455,0.321169557559569,-0.1887486660453607
0.4210777262745461,-0.16988837225830958,-0.4640291883353377,0.018791264651596317,0.5863641561691995,0.2945243112739994,0.8851069146098838,0.262145811793708,0.2110815088409874,1.5764241188102184,0.6332195993351594,-0.1495381996310247,0.3206249943798697,-0.1885684233027841
0.4210777262745461,-0.16988837225830958,-0.4640291883353377,0.018791264651596317,0.5863641561691995,0.2945243112739994,0.8851069146098838,0.2627248895411348,0.2098715814945428,1.577967686978028,0.6335033857809182,-0.1496168161464038,0.3200804312001704,-0.1883881805602076
0.4210777262745461,-0.16988837225830958,-0.4640291883353377,0.018791264651596317,0.5863641561691995,0.2945243112739994,0.8851069146098838,0.2633039672885615,0.2086616541480982,1.5795112551458377,0.633787172226677,-0.1496954326617829,0.319535868020471,-0.1882079378176311
0.4210777262745461,-0.16988837225830958,-0.4640291883353377,0.018791264651596317,0.5863641561691995,0.2945243112739994,0.8851069146098838,0.2638830450359883,0.2074517268016536,1.5810548233136474,0.6340709586724358,-0.149774049177162,0.3189913048407717,-0.1880276950750545
0.4210777262745461,-0.16988837225830958,-0.4640291883353377,0.018791264651596317,0.5863641561691995,0.2945243112739994,0.8851069146098838,0.264462122783415,0.206241799455209,1.582598391481457,0.6343547451181946,-0.1498526656925412,0.3184467416610724,-0.187847452332478
0.4210777262745461,-0.16988837225830958,-0.4640291883353377,0.018791264651596317,0.5863641561691995,0.2945243112739994,0.8851069146098838,0.2650412005308418,0.2050318721087644,1.5841419596492667,0.6346385315639533,-0.1499312822079203,0.3179021784813731,-0.1876672095899015
0.4210777262745461,-0.16988837225830958,-0.4640291883353377,0.018791264651596317,0.5863641561691995,0.2945243112739994,0.8851069146098838,0.2656202782782685,0.2038219447623198,1.5856855278170765,0.6349223180097121,-0.1500098987232994,0.3173576153016738,-0.1874869668473249
0.4210777262745461,-0.16988837225830958,-0.4640291883353377,0.018791264651596317,0.5863641561691995,0.2945243112739994,0.8851069146098838,0.2661993560256952,0.2026120174158751,1.587229095984886,0.635206104455471,-0.1500885152386785,0.3168130521219745,-0.1873067241047484
0.4210777262745461,-0.16988837225830958,-0.4640291883353377,0.018791264651596317,0.5863641561691995,0.2945243112739994,0.8851069146098838,0.266778433773122,0.2014020900694305,1.5887726641526958,0.6354898909012298,-0.1501671317540577,0.3162684889422751,-0.1871264813621719
0.4210777262745461,-0.16988837225830958,-0.4640291883353377,0.018791264651596317,0.5863641561691995,0.2945243112739994,0.8851069146098838,0.2673575115205487,0.2001921627229859,1.5903162323205056,0.6357736773469885,-0.1502457482694368,0.3157239257625758,-0.1869462386195953
0.4210777262745461,-0.16988837225830958,-0.4640291883353377,0.018791264651596317,0.5863641561691995,0.2945243112739994,0.8851069146098838,0.2679365892679755,0.1989822353765413,1.591859800488315,0.6360574637927474,-0.1503243647848159,0.3151793625828765,-0.1867659958770188
0.4210777262745461,-0.16988837225830958,-0.4640291883353377,0.018791264651596317,0.5863641561691995,0.2945243112739994,0.8851069146098838,0.2685156670154022,0.1977723080300966,1.5934033686561249,0.6363412502385062,-0.1504029813001951,0.3146347994031772,-0.1865857531344423
0.4210777262745461,-0.16988837225830958,-0.4640291883353377,0.018791264651596317,0.5863641561691995,0.2945243112739994,0.8851069146098838,0.2690947447628289,0.196562380683652,1.5949469368239346,0.636625036684265,-0.1504815978155742,0.3140902362234778,-0.1864055103918657
0.4210777262745461,-0.16988837225830958,-0.4640291883353377,0.018791264651596317,0.5863641561691995,0.2945243112739994,0.8851069146098838,0.2696738225102557,0.1953524533372074,1.5964905049917442,0.6369088231300237,-0.1505602143309533,0.3135456730437785,-0.1862252676492892
0.4210777262745461,-0.16988837225830958,-0.4640291883353377,0.018791264651596317,0.5863641561691995,0.2945243112739994,0.8851069146098838,0.2702529002576824,0.1941425259907628,1.598034073159554,0.6371926095757825,-0.1506388308463325,0.3130011098640792,-0.1860450249067127
0.4210777262745461,-0.16988837225830958,-0.4640291883353377,0.018791264651596317,0.5863641561691995,0.2945243112739994,0.8851069146098838,0.2708319780051092,0.1929325986443182,1.5995776413273637,0.6374763960215414,-0.1507174473617116,0.3124565466843799,-0.1858647821641361
0.4210777262745461,-0.16988837225830958,-0.4640291883353377,0.018791264651596317,0.5863641561691995,0.2945243112739994,0.8851069146098838,0.2714110557525359,0.1917226712978735,1.6011212094951734,0.6377601824673002,-0.1507960638770907,0.3119119835046806,-0.1856845394215596
0.4210777262745461,-0.16988837225830958,-0.4640291883353377,0.018791264651596317,0.5863641561691995,0.2945243112739994,0.8851069146098838,0.2719901334999627,0.1905127439514289,1.6026647776629832,0.638043968913059,-0.1508746803924698,0.3113674203249812,-0.185504296678983
0.4210777262745461,-0.16988837225830958,-0.4640291883353377,0.018791264651596317,0.5863641561691995,0.2945243112739994,0.8851069146098838,0.2725692112473894,0.1893028166049843,1.6042083458307927,0.6383277553588178,-0.1509532969078489,0.3108228571452819,-0.1853240539364065
0.4210777262745461,-0.16988837225830958,-0.4640291883353377,0.018791264651596317,0.5863641561691995,0.2945243112739994,0.8851069146098838,0.2731482889948162,0.1880928892585397,1.6057519139986027,0.6386115418045766,-0.1510319134232281,0.3102782939655826,-0.18514381119383
0.4210777262745461,-0.16988837225830958,-0.4640291883353377,0.018791264651596317,0.5863641561691995,0.2945243112739994,0.8851069146098838,0.2737273667422429,0.186882961912095,1.6072954821664125,0.6388953282503353,-0.1511105299386072,0.3097337307858833,-0.1849635684512534
0.4210777262745461,-0.16988837225830958,-0.4640291883353377,0.018791264651596317,0.5863641561691995,0.2945243112739994,0.8851069146098838,0.2743064444896697,0.1856730345656504,1.6088390503342218,0.6391791146960941,-0.1511891464539863,0.309189167606184,-0.1847833257086769
0.4210777262745461,-0.16988837225830958,-0.4640291883353377,0.018791264651596317,0.5863641561691995,0.2945243112739994,0.8851069146098838,0.2748855222370964,0.1844631072192058,1.6103826185020318,0.639462901141853,-0.1512677629693655,0.3086446044264846,-0.1846030829661004
0.4210777262745461,-0.16988837225830958,-0.4640291883353377,0.018791264651596317,0.5863641561691995,0.2945243112739994,0.8851069146098838,0.2754645999845231,0.1832531798727612,1.611926186669841,0.6397466875876118,-0.1513463794847446,0.3081000412467853,-0.1844228402235238
0.4210777262745461,-0.16988837225830958,-0.4640291883353377,0.018791264651596317,0.5863641561691995,0.2945243112739994,0.8851069146098838,0.2760436777319499,0.1820432525263166,1.6134697548376509,0.6400304740333705,-0.1514249960001237,0.307555478067086,-0.1842425974809473
0.4210777262745461,-0.16988837225830958,-0.4640291883353377,0.018791264651596317,0.5863641561691995,0.2945243112739994,0.8851069146098838,0.2766227554793766,0.180833325179872,1.6150133230054609,0.6403142604791294,-0.1515036125155028,0.3070109148873867,-0.1840623547383708
0.4210777262745461,-0.16988837225830958,-0.4640291883353377,0.018791264651596317,0.5863641561691995,0.2945243112739994,0.8851069146098838,0.2772018332268033,0.1796233978334273,1.6165568911732704,0.6405980469248882,-0.151582229030882,0.3064663517076874,-0.1838821119957942
0.4210777262745461,-0.16988837225830958,-0.4640291883353377,0.018791264651596317,0.5863641561691995,0.2945243112739994,0.8851069146098838,0.2777809109742301,0.1784134704869827,1.6181004593410802,0.640881833370647,-0.1516608455462611,0.305921788527988,-0.1837018692532177
0.4210777262745461,-0.16988837225830958,-0.4640291883353377,0.018791264651596317,0.5863641561691995,0.2945243112739994,0.8851069146098838,0.2783599887216569,0.1772035431405381,1.6196440275088897,0.6411656198164057,-0.1517394620616402,0.3053772253482887,-0.1835216265106412
0.4210777262745461,-0.16988837225830958,-0.4640291883353377,0.018791264651596317,0.5863641561691995,0.2945243112739994,0.8851069146098838,0.2789390664690836,0.1759936157940935,1.6211875956766997,0.6414494062621646,-0.1518180785770194,0.3048326621685894,-0.1833413837680646
0.4210777262745461,-0.16988837225830958,-0.4640291883353377,0.018791264651596317,0.5863641561691995,0.2945243112739994,0.8851069146098838,0.2795181442165104,0.1747836884476488,1.6227311638445092,0.6417331927079234,-0.1518966950923985,0.3042880989888901,-0.183161141025488
0.4210777262745461,-0.16988837225830958,-0.4640291883353377,0.018791264651596317,0.5863641561691995,0.2945243112739994,0.8851069146098838,0.2800972219639371,0.1735737611012043,1.6242747320123188,0.6420169791536822,-0.1519753116077776,0.3037435358091908,-0.1829808982829115
0.4210777262745461,-0.16988837225830958,-0.4640291883353377,0.018791264651596317,0.5863641561691995,0.2945243112739994,0.8851069146098838,0.2806762997113638,0.1723638337547596,1.6258183001801283,0.6423007655994409,-0.1520539281231567,0.3031989726294914,-0.182800655540335
0.4210777262745461,-0.16988837225830958,-0.4640291883353377,0.018791264651596317,0.5863641561691995,0.2945243112739994,0.8851069146098838,0.2812553774587906,0.171153906408315,1.6273618683479385,0.6425845520451998,-0.1521325446385359,0.3026544094497921,-0.1826204127977585
0.4210777262745461,-0.16988837225830958,-0.4640291883353377,0.018791264651596317,0.5863641561691995,0.2945243112739994,0.8851069146098838,0.2818344552062173,0.1699439790618704,1.628905436515748,0.6428683384909586,-0.152211161153915,0.3021098462700928,-0.1824401700551819
0.4210777262745461,-0.16988837225830958,-0.4640291883353377,0.018791264651596317,0.5863641561691995,0.2945243112739994,0.8851069146098838,0.2824135329536441,0.1687340517154258,1.6304490046835578,0.6431521249367174,-0.1522897776692941,0.3015652830903935,-0.1822599273126054
0.4210777262745461,-0.16988837225830958,-0.4640291883353377,0.018791264651596317,0.5863641561691995,0.2945243112739994,0.8851069146098838,0.2829926107010708,0.1675241243689811,1.6319925728513671,0.6434359113824762,-0.1523683941846733,0.3010207199106941,-0.1820796845700288
0.4210777262745461,-0.16988837225830958,-0.4640291883353377,0.018791264651596317,0.5863641561691995,0.2945243112739994,0.8851069146098838,0.2835716884484975,0.1663141970225365,1.633536141019177,0.643719697828235,-0.1524470107000524,0.3004761567309948,-0.1818994418274523
0.4210777262745461,-0.16988837225830958,-0.4640291883353377,0.018791264651596317,0.5863641561691995,0.2945243112739994,0.8851069146098838,0.2841507661959243,0.1651042696760919,1.6350797091869869,0.6440034842739938,-0.1525256272154315,0.2999315935512955,-0.1817191990848758
0.4210777262745461,-0.16988837225830958,-0.4640291883353377,0.018791264651596317,0.5863641561691995,0.2945243112739994,0.8851069146098838,0.284729843943351,0.1638943423296473,1.6366232773547966,0.6442872707197527,-0.1526042437308106,0.2993870303715962,-0.1815389563422992
0.4210777262745461,-0.16988837225830958,-0.4640291883353377,0.018791264651596317,0.5863641561691995,0.2945243112739994,0.8851069146098838,0.2853089216907778,0.1626844149832026,1.6381668455226062,0.6445710571655114,-0.1526828602461898,0.2988424671918968,-0.1813587135997227
0.4210777262745461,-0.16988837225830958,-0.4640291883353377,0.018791264651596317,0.5863641561691995,0.2945243112739994,0.8851069146098838,0.2858879994382045,0.161474487636758,1.6397104136904157,0.6448548436112702,-0.1527614767615689,0.2982979040121975,-0.1811784708571462
0.4210777262745461,-0.16988837225830958,-0.4640291883353377,0.018791264651596317,0.5863641561691995,0.2945243112739994,0.8851069146098838,0.2864670771856313,0.1602645602903134,1.6412539818582257,0.645138630057029,-0.152840093276948,0.2977533408324982,-0.1809982281145696
0.4210777262745461,-0.16988837225830958,-0.4640291883353377,0.018791264651596317,0.5863641561691995,0.2945243112739994,0.8851069146098838,0.2870461549330581,0.1590546329438688,1.6427975500260352,0.6454224165027878,-0.1529187097923272,0.2972087776527988,-0.1808179853719931
0.4210777262745461,-0.16988837225830958,-0.4640291883353377,0.018791264651596317,0.5863641561691995,0.2945243112739994,0.8851069146098838,0.2876252326804848,0.1578447055974242,1.644341118193845,0.6457062029485466,-0.1529973263077063,0.2966642144730995,-0.1806377426294166
0.4210777262745461,-0.16988837225830958,-0.4640291883353377,0.018791264651596317,0.5863641561691995,0.2945243112739994,0.8851069146098838,0.2882043104279115,0.1566347782509796,1.6458846863616547,0.6459899893943054,-0.1530759428230854,0.2961196512934002,-0.18045749988684
0.4210777262745461,-0.16988837225830958,-0.4640291883353377,0.018791264651596317,0.5863641561691995,0.2945243112739994,0.8851069146098838,0.2887833881753383,0.1554248509045349,1.6474282545294645,0.6462737758400642,-0.1531545593384645,0.2955750881137009,-0.1802772571442635
0.4210777262745461,-0.16988837225830958,-0.4640291883353377,0.018791264651596317,0.5863641561691995,0.2945243112739994,0.8851069146098838,0.289362465922765,0.1542149235580903,1.648971822697274,0.6465575622858231,-0.1532331758538437,0.2950305249340016,-0.180097014401687
0.4210777262745461,-0.16988837225830958,-0.4640291883353377,0.018791264651596317,0.5863641561691995,0.2945243112739994,0.8851069146098838,0.2899415436701917,0.1530049962116457,1.6505153908650838,0.6468413487315818,-0.1533117923692228,0.2944859617543023,-0.1799167716591104
0.4210777262745461,-0.16988837225830958,-0.4640291883353377,0.018791264651596317,0.5863641561691995,0.2945243112739994,0.8851069146098838,0.2905206214176185,0.1517950688652011,1.6520589590328936,0.6471251351773406,-0.1533904088846019,0.293941398574603,-0.1797365289165339
0.4210777262745461,-0.16988837225830958,-0.4640291883353377,0.018791264651596317,0.5863641561691995,0.2945243112739994,0.8851069146098838,0.2910996991650452,0.1505851415187565,1.653602527200703,0.6474089216230995,-0.153469025399981,0.2933968353949036,-0.1795562861739573
0.4210777262745461,-0.16988837225830958,-0.4640291883353377,0.018791264651596317,0.5863641561691995,0.2945243112739994,0.8851069146098838,0.2916787769124719,0.1493752141723118,1.6551460953685129,0.6476927080688583,-0.1535476419153602,0.2928522722152043,-0.1793760434313808
0.4210777262745461,-0.16988837225830958,-0.4640291883353377,0.018791264651596317,0.5863641561691995,0.2945243112739994,0.8851069146098838,0.2922578546598987,0.1481652868258672,1.6566896635363226,0.647976494514617,-0.1536262584307393,0.292307709035505,-0.1791958006888043
0.4210777262745461,-0.16988837225830958,-0.4640291883353377,0.018791264651596317,0.5863641561691995,0.2945243112739994,0.8851069146098838,0.2928369324073254,0.1469553594794226,1.6582332317041324,0.6482602809603758,-0.1537048749461184,0.2917631458558056,-0.1790155579462277
0.4210777262745461,-0.16988837225830958,-0.4640291883353377,0.018791264651596317,0.5863641561691995,0.2945243112739994,0.8851069146098838,0.2934160101547522,0.145745432132978,1.659776799871942,0.6485440674061347,-0.1537834914614975,0.2912185826761063,-0.1788353152036512
0.4210777262745461,-0.16988837225830958,-0.4640291883353377,0.018791264651596317,0.5863641561691995,0.2945243112739994,0.8851069146098838,0.293995087902179,0.1445355047865333,1.6613203680397517,0.6488278538518935,-0.1538621079768767,0.290674019496407,-0.1786550724610747
0.4210777262745461,-0.16988837225830958,-0.4640291883353377,0.018791264651596317,0.5863641561691995,0.2945243112739994,0.8851069146098838,0.2945741656496057,0.1433255774400887,1.6628639362075617,0.6491116402976522,-0.1539407244922558,0.2901294563167077,-0.1784748297184981
0.4210777262745461,-0.16988837225830958,-0.4640291883353377,0.018791264651596317,0.5863641561691995,0.2945243112739994,0.8851069146098838,0.2951532433970324,0.1421156500936441,1.664407504375371,0.649395426743411,-0.1540193410076349,0.2895848931370083,-0.1782945869759216
0.4210777262745461,-0.16988837225830958,-0.4640291883353377,0.018791264651596317,0.5863641561691995,0.2945243112739994,0.8851069146098838,0.2957323211444592,0.1409057227471995,1.6659510725431808,0.6496792131891698,-0.154097957523014,0.2890403299573091,-0.1781143442333451
0.4210777262745461,-0.16988837225830958,-0.4640291883353377,0.018791264651596317,0.5863641561691995,0.2945243112739994,0.8851069146098838,0.2963113988918859,0.1396957954007549,1.6674946407109903,0.6499629996349287,-0.1541765740383932,0.2884957667776097,-0.1779341014907685
0.4210777262745461,-0.16988837225830958,-0.4640291883353377,0.018791264651596317,0.5863641561691995,0.2945243112739994,0.8851069146098838,0.2968904766393127,0.1384858680543103,1.6690382088788,0.6502467860806874,-0.1542551905537723,0.2879512035979104,-0.177753858748192
0.4210777262745461,-0.16988837225830958,-0.4640291883353377,0.018791264651596317,0.5863641561691995,0.2945243112739994,0.8851069146098838,0.2974695543867394,0.1372759407078656,1.6705817770466098,0.6505305725264462,-0.1543338070691514,0.2874066404182111,-0.1775736160056155
0.4210777262745461,-0.16988837225830958,-0.4640291883353377,0.018791264651596317,0.5863641561691995,0.2945243112739994,0.8851069146098838,0.2980486321341661,0.136066013361421,1.6721253452144196,0.650814358972205,-0.1544124235845306,0.2868620772385117,-0.1773933732630389
0.4210777262745461,-0.16988837225830958,-0.4640291883353377,0.018791264651596317,0.5863641561691995,0.2945243112739994,0.8851069146098838,0.2986277098815929,0.1348560860149764,1.6736689133822291,0.6510981454179638,-0.1544910400999097,0.2863175140588124,-0.1772131305204624
0.4210777262745461,-0.16988837225830958,-0.4640291883353377,0.018791264651596317,0.5863641561691995,0.2945243112739994,0.8851069146098838,0.2992067876290196,0.1336461586685318,1.6752124815500389,0.6513819318637226,-0.1545696566152888,0.2857729508791131,-0.1770328877778859
0.4210777262745461,-0.16988837225830958,-0.4640291883353377,0.018791264651596317,0.5863641561691995,0.2945243112739994,0.8851069146098838,0.2997858653764463,0.1324362313220872,1.6767560497178486,0.6516657183094814,-0.1546482731306679,0.2852283876994138,-0.1768526450353093
0.4210777262745461,-0.16988837225830958,-0.4640291883353377,0.018791264651596317,0.5863641561691995,0.2945243112739994,0.8851069146098838,0.3003649431238731,0.1312263039756425,1.6782996178856584,0.6519495047552403,-0.1547268896460471,0.2846838245197145,-0.1766724022927328
0.4210777262745461,-0.16988837225830958,-0.4640291883353377,0.018791264651596317,0.5863641561691995,0.2945243112739994,0.8851069146098838,0.3009440208712999,0.1300163766291979,1.679843186053468,0.652233291200999,-0.1548055061614262,0.2841392613400151,-0.1764921595501562
0.4210777262745461,-0.16988837225830958,-0.4640291883353377,0.018791264651596317,0.5863641561691995,0.2945243112739994,0.8851069146098838,0.3015230986187266,0.1288064492827533,1.681386754221278,0.6525170776467578,-0.1548841226768053,0.2835946981603158,-0.1763119168075797
0.4210777262745461,-0.16988837225830958,-0.4640291883353377,0.018791264651596317,0.5863641561691995,0.2945243112739994,0.8851069146098838,0.3021021763661534,0.1275965219363087,1.6829303223890877,0.6528008640925167,-0.1549627391921844,0.2830501349806165,-0.1761316740650031
0.4210777262745461,-0.16988837225830958,-0.4640291883353377,0.018791264651596317,0.5863641561691995,0.2945243112739994,0.8851069146098838,0.3026812541135801,0.1263865945898641,1.6844738905568972,0.6530846505382755,-0.1550413557075636,0.2825055718009172,-0.1759514313224266
0.4210777262745461,-0.16988837225830958,-0.4640291883353377,0.018791264651596317,0.5863641561691995,0.2945243112739994,0.8851069146098838,0.3032603318610068,0.1251766672434194,1.6860174587247068,0.6533684369840342,-0.1551199722229427,0.2819610086212178,-0.1757711885798501
0.4210777262745461,-0.16988837225830958,-0.4640291883353377,0.018791264651596317,0.5863641561691995,0.2945243112739994,0.8851069146098838,0.3038394096084336,0.1239667398969748,1.6875610268925163,0.653652223429793,-0.1551985887383218,0.2814164454415185,-0.1755909458372736
0.4210777262745461,-0.16988837225830958,-0.4640291883353377,0.018791264651596317,0.5863641561691995,0.2945243112739994,0.8851069146098838,0.3044184873558603,0.1227568125505302,1.6891045950603265,0.6539360098755519,-0.155277205253701,0.2808718822618192,-0.175410703094697
0.4210777262745461,-0.16988837225830958,-0.4640291883353377,0.018791264651596317,0.5863641561691995,0.2945243112739994,0.8851069146098838,0.3049975651032871,0.1215468852040856,1.6906481632281358,0.6542197963213107,-0.1553558217690801,0.2803273190821199,-0.1752304603521205
0.4210777262745461,-0.16988837225830958,-0.4640291883353377,0.018791264651596317,0.5863641561691995,0.2945243112739994,0.8851069146098838,0.3055766428507138,0.1203369578576409,1.6921917313959458,0.6545035827670694,-0.1554344382844592,0.2797827559024206,-0.1750502176095439
0.4210777262745461,-0.16988837225830958,-0.4640291883353377,0.018791264651596317,0.5863641561691995,0.2945243112739994,0.8851069146098838,0.3061557205981405,0.1191270305111963,1.6937352995637551,0.6547873692128283,-0.1555130547998383,0.2792381927227212,-0.1748699748669674
0.4210777262745461,-0.16988837225830958,-0.4640291883353377,0.018791264651596317,0.5863641561691995,0.2945243112739994,0.8851069146098838,0.3067347983455673,0.1179171031647517,1.6952788677315649,0.6550711556585871,-0.1555916713152175,0.2786936295430219,-0.1746897321243909
0.4210777262745461,-0.16988837225830958,-0.4640291883353377,0.018791264651596317,0.5863641561691995,0.2945243112739994,0.8851069146098838,0.3073138760929941,0.1167071758183071,1.6968224358993746,0.6553549421043459,-0.1556702878305966,0.2781490663633226,-0.1745094893818143
0.4210777262745461,-0.16988837225830958,-0.4640291883353377,0.018791264651596317,0.5863641561691995,0.2945243112739994,0.8851069146098838,0.3078929538404207,0.1154972484718625,1.6983660040671844,0.6556387285501047,-0.1557489043459757,0.2776045031836233,-0.1743292466392378
0.4210777262745461,-0.16988837225830958,-0.4640291883353377,0.018791264651596317,0.5863641561691995,0.2945243112739994,0.8851069146098838,0.3084720315878475,0.1142873211254178,1.6999095722349942,0.6559225149958635,-0.1558275208613549,0.277059940003924,-0.1741490038966613
0.4210777262745461,-0.16988837225830958,-0.4640291883353377,0.018791264651596317,0.5863641561691995,0.2945243112739994,0.8851069146098838,0.3090511093352742,0.1130773937789732,1.7014531404028037,0.6562063014416222,-0.155906137376734,0.2765153768242246,-0.1739687611540847
0.4210777262745461,-0.16988837225830958,-0.4640291883353377,0.018791264651596317,0.5863641561691995,0.2945243112739994,0.8851069146098838,0.309630187082701,0.1118674664325286,1.7029967085706137,0.6564900878873811,-0.1559847538921131,0.2759708136445253,-0.1737885184115082
0.4210777262745461,-0.16988837225830958,-0.4640291883353377,0.018791264651596317,0.5863641561691995,0.2945243112739994,0.8851069146098838,0.3102092648301278,0.110657539086084,1.7045402767384232,0.6567738743331398,-0.1560633704074923,0.275426250464826,-0.1736082756689317
0.4210777262745461,-0.16988837225830958,-0.4640291883353377,0.018791264651596317,0.5863641561691995,0.2945243112739994,0.8851069146098838,0.3107883425775545,0.1094476117396394,1.7060838449062328,0.6570576607788986,-0.1561419869228714,0.2748816872851267,-0.1734280329263551
0.4210777262745461,-0.16988837225830958,-0.4640291883353377,0.018791264651596317,0.5863641561691995,0.2945243112739994,0.8851069146098838,0.3113674203249812,0.1082376843931948,1.7076274130740428,0.6573414472246575,-0.1562206034382505,0.2743371241054274,-0.1732477901837786
0.4210777262745461,-0.16988837225830958,-0.4640291883353377,0.018791264651596317,0.5863641561691995,0.2945243112739994,0.8851069146098838,0.311946498072408,0.1070277570467501,1.7091709812418523,0.6576252336704163,-0.1562992199536296,0.273792560925728,-0.1730675474412021
0.4210777262745461,-0.16988837225830958,-0.4640291883353377,0.018791264651596317,0.5863641561691995,0.2945243112739994,0.8851069146098838,0.3125255758198347,0.1058178297003055,1.7107145494096618,0.657909020116175,-0.1563778364690088,0.2732479977460287,-0.1728873046986255
0.4210777262745461,-0.16988837225830958,-0.4640291883353377,0.018791264651596317,0.5863641561691995,0.2945243112739994,0.8851069146098838,0.3131046535672614,0.1046079023538609,1.7122581175774718,0.6581928065619339,-0.1564564529843879,0.2727034345663294,-0.172707061956049
0.4210777262745461,-0.16988837225830958,-0.4640291883353377,0.018791264651596317,0.5863641561691995,0.2945243112739994,0.8851069146098838,0.3136837313146882,0.1033979750074163,1.7138016857452814,0.6584765930076927,-0.156535069499767,0.2721588713866301,-0.1725268192134725
0.4210777262745461,-0.16988837225830958,-0.4640291883353377,0.018791264651596317,0.5863641561691995,0.2945243112739994,0.8851069146098838,0.314262809062115,0.1021880476609717,1.7153452539130911,0.6587603794534515,-0.1566136860151461,0.2716143082069307,-0.1723465764708959
0.4210777262745461,-0.16988837225830958,-0.4640291883353377,0.018791264651596317,0.5863641561691995,0.2945243112739994,0.8851069146098838,0.3148418868095417,0.100978120314527,1.7168888220809009,0.6590441658992102,-0.1566923025305253,0.2710697450272314,-0.1721663337283194
0.4210777262745461,-0.16988837225830958,-0.4640291883353377,0.018791264651596317,0.5863641561691995,0.2945243112739994,0.8851069146098838,0.3154209645569684,0.0997681929680824,1.7184323902487106,0.6593279523449691,-0.1567709190459044,0.2705251818475321,-0.1719860909857428
0.4210777262745461,-0.16988837225830958,-0.4640291883353377,0.018791264651596317,0.5863641561691995,0.2945243112739994,0.8851069146098838,0.3160000423043952,0.0985582656216378,1.7199759584165202,0.6596117387907279,-0.1568495355612835,0.2699806186678328,-0.1718058482431663
0.4210777262745461,-0.16988837225830958,-0.4640291883353377,0.018791264651596317,0.5863641561691995,0.2945243112739994,0.8851069146098838,0.3160000423043952,0.0985582656216378,1.7199759584165202,0.6596117387907279,-0.1568495355612835,0.2699806186678328,-0.1718058482431663
0.4210777262745461,-0.16988837225830958,-0.4640291883353377,0.018791264651596317,0.5863641561691995,0.2945243112739994,0.8851069146098838,0.3150643140237851,0.1006444794931619,1.7186241378471965,0.658967466859816,-0.1580517930037887,0.2705098420396533,-0.1710791248449056
0.4210777262745461,-0.16988837225830958,-0.4640291883353377,0.018791264651596317,0.5863641561691995,0.2945243112739994,0.8851069146098838,0.314128585743175,0.1027306933646861,1.717272317277872,0.6583231949289041,-0.1592540504462939,0.2710390654114737,-0.1703524014466449
0.4210777262745461,-0.16988837225830958,-0.4640291883353377,0.018791264651596317,0.5863641561691995,0.2945243112739994,0.8851069146098838,0.3131928574625649,0.1048169072362103,1.715920496708548,0.6576789229979922,-0.1604563078887991,0.2715682887832941,-0.1696256780483841
0.4210777262745461,-0.16988837225830958,-0.4640291883353377,0.018791264651596317,0.5863641561691995,0.2945243112739994,0.8851069146098838,0.3122571291819548,0.1069031211077344,1.714568676139224,0.6570346510670804,-0.1616585653313043,0.2720975121551146,-0.1688989546501234
0.4210777262745461,-0.16988837225830958,-0.4640291883353377,0.018791264651596317,0.5863641561691995,0.2945243112739994,0.8851069146098838,0.3113214009013447,0.1089893349792586,1.7132168555699,0.6563903791361685,-0.1628608227738095,0.2726267355269351,-0.1681722312518627
0.4210777262745461,-0.16988837225830958,-0.4640291883353377,0.018791264651596317,0.5863641561691995,0.2945243112739994,0.8851069146098838,0.3103856726207346,0.1110755488507828,1.711865035000576,0.6557461072052566,-0.1640630802163147,0.2731559588987556,-0.167445507853602
0.4210777262745461,-0.16988837225830958,-0.4640291883353377,0.018791264651596317,0.5863641561691995,0.2945243112739994,0.8851069146098838,0.3094499443401245,0.1131617627223069,1.710513214431252,0.6551018352743447,-0.1652653376588199,0.2736851822705761,-0.1667187844553413
0.4210777262745461,-0.16988837225830958,-0.4640291883353377,0.018791264651596317,0.5863641561691995,0.2945243112739994,0.8851069146098838,0.3085142160595143,0.1152479765938311,1.709161393861928,0.6544575633434329,-0.1664675951013251,0.2742144056423966,-0.1659920610570806
0.4210777262745461,-0.16988837225830958,-0.4640291883353377,0.018791264651596317,0.5863641561691995,0.2945243112739994,0.8851069146098838,0.3075784877789042,0.1173341904653553,1.7078095732926035,0.653813291412521,-0.1676698525438302,0.2747436290142169,-0.1652653376588198
0.4210777262745461,-0.16988837225830958,-0.4640291883353377,0.018791264651596317,0.5863641561691995,0.2945243112739994,0.8851069146098838,0.3066427594982941,0.1194204043368794,1.7064577527232798,0.6531690194816091,-0.1688721099863354,0.2752728523860374,-0.1645386142605591
0.4210777262745461,-0.16988837225830958,-0.4640291883353377,0.018791264651596317,0.5863641561691995,0.2945243112739994,0.8851069146098838,0.305707031217684,0.1215066182084036,1.705105932153956,0.6525247475506972,-0.1700743674288407,0.2758020757578579,-0.1638118908622984
0.4210777262745461,-0.16988837225830958,-0.4640291883353377,0.018791264651596317,0.5863641561691995,0.2945243112739994,0.8851069146098838,0.3047713029370739,0.1235928320799277,1.7037541115846315,0.6518804756197853,-0.1712766248713458,0.2763312991296784,-0.1630851674640377
0.4210777262745461,-0.16988837225830958,-0.4640291883353377,0.018791264651596317,0.5863641561691995,0.2945243112739994,0.8851069146098838,0.3038355746564639,0.1256790459514519,1.702402291015308,0.6512362036888736,-0.172478882313851,0.2768605225014989,-0.162358444065777
0.4210777262745461,-0.16988837225830958,-0.4640291883353377,0.018791264651596317,0.5863641561691995,0.2945243112739994,0.8851069146098838,0.3028998463758537,0.1277652598229761,1.701050470445984,0.6505919317579616,-0.1736811397563562,0.2773897458733193,-0.1616317206675163
0.4210777262745461,-0.16988837225830958,-0.4640291883353377,0.018791264651596317,0.5863641561691995,0.2945243112739994,0.8851069146098838,0.3019641180952437,0.1298514736945002,1.6996986498766598,0.6499476598270497,-0.1748833971988614,0.2779189692451398,-0.1609049972692556
0.4210777262745461,-0.16988837225830958,-0.4640291883353377,0.018791264651596317,0.5863641561691995,0.2945243112739994,0.8851069146098838,0.3010283898146336,0.1319376875660244,1.6983468293073358,0.649303387896138,-0.1760856546413666,0.2784481926169603,-0.1601782738709949
0.4210777262745461,-0.16988837225830958,-0.4640291883353377,0.018791264651596317,0.5863641561691995,0.2945243112739994,0.8851069146098838,0.3000926615340235,0.1340239014375486,1.696995008738012,0.6486591159652261,-0.1772879120838718,0.2789774159887808,-0.1594515504727341
0.4210777262745461,-0.16988837225830958,-0.4640291883353377,0.018791264651596317,0.5863641561691995,0.2945243112739994,0.8851069146098838,0.2991569332534133,0.1361101153090727,1.695643188168688,0.6480148440343141,-0.178490169526377,0.2795066393606012,-0.1587248270744734
0.4210777262745461,-0.16988837225830958,-0.4640291883353377,0.018791264651596317,0.5863641561691995,0.2945243112739994,0.8851069146098838,0.2982212049728033,0.1381963291805969,1.6942913675993638,0.6473705721034023,-0.1796924269688822,0.2800358627324217,-0.1579981036762127
0.4210777262745461,-0.16988837225830958,-0.4640291883353377,0.018791264651596317,0.5863641561691995,0.2945243112739994,0.8851069146098838,0.2972854766921932,0.1402825430521211,1.69293954703004,0.6467263001724904,-0.1808946844113874,0.2805650861042421,-0.157271380277952
0.4210777262745461,-0.16988837225830958,-0.4640291883353377,0.018791264651596317,0.5863641561691995,0.2945243112739994,0.8851069146098838,0.296349748411583,0.1423687569236452,1.6915877264607158,0.6460820282415785,-0.1820969418538926,0.2810943094760626,-0.1565446568796913
0.4210777262745461,-0.16988837225830958,-0.4640291883353377,0.018791264651596317,0.5863641561691995,0.2945243112739994,0.8851069146098838,0.295414020130973,0.1444549707951694,1.6902359058913916,0.6454377563106667,-0.1832991992963978,0.2816235328478831,-0.1558179334814306
0.4210777262745461,-0.16988837225830958,-0.4640291883353377,0.018791264651596317,0.5863641561691995,0.2945243112739994,0.8851069146098838,0.2944782918503629,0.1465411846666935,1.6888840853220677,0.6447934843797548,-0.184501456738903,0.2821527562197035,-0.1550912100831699
0.4210777262745461,-0.16988837225830958,-0.4640291883353377,0.018791264651596317,0.5863641561691995,0.2945243112739994,0.8851069146098838,0.2935425635697527,0.1486273985382177,1.6875322647527438,0.6441492124488429,-0.1857037141814081,0.282681979591524,-0.1543644866849091
0.4210777262745461,-0.16988837225830958,-0.4640291883353377,0.018791264651596317,0.5863641561691995,0.2945243112739994,0.8851069146098838,0.2926068352891426,0.1507136124097419,1.6861804441834198,0.643504940517931,-0.1869059716239133,0.2832112029633444,-0.1536377632866484
0.4210777262745461,-0.16988837225830958,-0.4640291883353377,0.018791264651596317,0.5863641561691995,0.2945243112739994,0.8851069146098838,0.2916711070085325,0.152799826281266,1.6848286236140957,0.6428606685870192,-0.1881082290664185,0.2837404263351649,-0.1529110398883877
0.4210777262745461,-0.16988837225830958,-0.4640291883353377,0.018791264651596317,0.5863641561691995,0.2945243112739994,0.8851069146098838,0.2907353787279224,0.1548860401527902,1.6834768030447718,0.6422163966561073,-0.1893104865089237,0.2842696497069854,-0.152184316490127
0.4210777262745461,-0.16988837225830958,-0.4640291883353377,0.018791264651596317,0.5863641561691995,0.2945243112739994,0.8851069146098838,0.2897996504473123,0.1569722540243144,1.6821249824754476,0.6415721247251953,-0.1905127439514289,0.2847988730788059,-0.1514575930918663
0.4210777262745461,-0.16988837225830958,-0.4640291883353377,0.018791264651596317,0.5863641561691995,0.2945243112739994,0.8851069146098838,0.2888639221667022,0.1590584678958385,1.6807731619061237,0.6409278527942835,-0.1917150013939341,0.2853280964506263,-0.1507308696936056
0.4210777262745461,-0.16988837225830958,-0.4640291883353377,0.018791264651596317,0.5863641561691995,0.2945243112739994,0.8851069146098838,0.2879281938860921,0.1611446817673627,1.6794213413367995,0.6402835808633717,-0.1929172588364393,0.2858573198224468,-0.1500041462953449
0.4210777262745461,-0.16988837225830958,-0.4640291883353377,0.018791264651596317,0.5863641561691995,0.2945243112739994,0.8851069146098838,0.286992465605482,0.1632308956388868,1.6780695207674756,0.6396393089324597,-0.1941195162789445,0.2863865431942672,-0.1492774228970841
0.4210777262745461,-0.16988837225830958,-0.4640291883353377,0.018791264651596317,0.5863641561691995,0.2945243112739994,0.8851069146098838,0.2860567373248719,0.165317109510411,1.6767177001981517,0.6389950370015479,-0.1953217737214497,0.2869157665660877,-0.1485506994988234
0.4210777262745461,-0.16988837225830958,-0.4640291883353377,0.018791264651596317,0.5863641561691995,0.2945243112739994,0.8851069146098838,0.2851210090442618,0.1674033233819352,1.675365879628827,0.638350765070636,-0.1965240311639549,0.2874449899379082,-0.1478239761005627
0.4210777262745461,-0.16988837225830958,-0.4640291883353377,0.018791264651596317,0.5863641561691995,0.2945243112739994,0.8851069146098838,0.2841852807636517,0.1694895372534594,1.6740140590595034,0.6377064931397242,-0.1977262886064601,0.2879742133097287,-0.147097252702302
0.4210777262745461,-0.16988837225830958,-0.4640291883353377,0.018791264651596317,0.5863641561691995,0.2945243112739994,0.8851069146098838,0.2832495524830416,0.1715757511249835,1.6726622384901797,0.6370622212088122,-0.1989285460489653,0.2885034366815491,-0.1463705293040413
0.4210777262745461,-0.16988837225830958,-0.4640291883353377,0.018791264651596317,0.5863641561691995,0.2945243112739994,0.8851069146098838,0.2823138242024315,0.1736619649965077,1.6713104179208556,0.6364179492779005,-0.2001308034914705,0.2890326600533696,-0.1456438059057806
0.4210777262745461,-0.16988837225830958,-0.4640291883353377,0.018791264651596317,0.5863641561691995,0.2945243112739994,0.8851069146098838,0.2813780959218214,0.1757481788680318,1.6699585973515314,0.6357736773469885,-0.2013330609339756,0.28956188342519,-0.1449170825075199
0.4210777262745461,-0.16988837225830958,-0.4640291883353377,0.018791264651596317,0.5863641561691995,0.2945243112739994,0.8851069146098838,0.2804423676412114,0.177834392739556,1.6686067767822077,0.6351294054160767,-0.2025353183764809,0.2900911067970106,-0.1441903591092592
0.4210777262745461,-0.16988837225830958,-0.4640291883353377,0.018791264651596317,0.5863641561691995,0.2945243112739994,0.8851069146098838,0.2795066393606012,0.1799206066110801,1.667254956212883,0.6344851334851648,-0.2037375758189861,0.290620330168831,-0.1434636357109984
0.4210777262745461,-0.16988837225830958,-0.4640291883353377,0.018791264651596317,0.5863641561691995,0.2945243112739994,0.8851069146098838,0.2785709110799911,0.1820068204826043,1.6659031356435594,0.6338408615542529,-0.2049398332614913,0.2911495535406515,-0.1427369123127377
0.4210777262745461,-0.16988837225830958,-0.4640291883353377,0.018791264651596317,0.5863641561691995,0.2945243112739994,0.8851069146098838,0.277635182799381,0.1840930343541285,1.6645513150742357,0.633196589623341,-0.2061420907039964,0.291678776912472,-0.142010188914477
0.4210777262745461,-0.16988837225830958,-0.4640291883353377,0.018791264651596317,0.5863641561691995,0.2945243112739994,0.8851069146098838,0.2766994545187709,0.1861792482256526,1.6631994945049111,0.6325523176924293,-0.2073443481465016,0.2922080002842924,-0.1412834655162163
0.4210777262745461,-0.16988837225830958,-0.4640291883353377,0.018791264651596317,0.5863641561691995,0.2945243112739994,0.8851069146098838,0.2757637262381608,0.1882654620971768,1.6618476739355874,0.6319080457615174,-0.2085466055890068,0.2927372236561129,-0.1405567421179556
0.4210777262745461,-0.16988837225830958,-0.4640291883353377,0.018791264651596317,0.5863641561691995,0.2945243112739994,0.8851069146098838,0.2748279979575507,0.190351675968701,1.6604958533662637,0.6312637738306054,-0.209748863031512,0.2932664470279333,-0.1398300187196949
0.4210777262745461,-0.16988837225830958,-0.4640291883353377,0.018791264651596317,0.5863641561691995,0.2945243112739994,0.8851069146098838,0.2738922696769406,0.1924378898402251,1.6591440327969391,0.6306195018996936,-0.2109511204740172,0.2937956703997538,-0.1391032953214341
0.4210777262745461,-0.16988837225830958,-0.4640291883353377,0.018791264651596317,0.5863641561691995,0.2945243112739994,0.8851069146098838,0.2729565413963305,0.1945241037117493,1.6577922122276152,0.6299752299687817,-0.2121533779165224,0.2943248937715743,-0.1383765719231734
0.4210777262745461,-0.16988837225830958,-0.4640291883353377,0.018791264651596317,0.5863641561691995,0.2945243112739994,0.8851069146098838,0.2720208131157204,0.1966103175832735,1.6564403916582913,0.6293309580378698,-0.2133556353590276,0.2948541171433948,-0.1376498485249127
0.4210777262745461,-0.16988837225830958,-0.4640291883353377,0.018791264651596317,0.5863641561691995,0.2945243112739994,0.8851069146098838,0.2710850848351103,0.1986965314547976,1.6550885710889671,0.6286866861069579,-0.2145578928015328,0.2953833405152152,-0.136923125126652
0.4210777262745461,-0.16988837225830958,-0.4640291883353377,0.018791264651596317,0.5863641561691995,0.2945243112739994,0.8851069146098838,0.2701493565545002,0.2007827453263218,1.6537367505196432,0.6280424141760461,-0.215760150244038,0.2959125638870357,-0.1361964017283913
0.4210777262745461,-0.16988837225830958,-0.4640291883353377,0.018791264651596317,0.5863641561691995,0.2945243112739994,0.8851069146098838,0.2692136282738901,0.2028689591978459,1.652384929950319,0.6273981422451342,-0.2169624076865432,0.2964417872588561,-0.1354696783301306
0.4210777262745461,-0.16988837225830958,-0.4640291883353377,0.018791264651596317,0.5863641561691995,0.2945243112739994,0.8851069146098838,0.26827789999328,0.2049551730693701,1.6510331093809951,0.6267538703142223,-0.2181646651290484,0.2969710106306766,-0.1347429549318698
0.4210777262745461,-0.16988837225830958,-0.4640291883353377,0.018791264651596317,0.5863641561691995,0.2945243112739994,0.8851069146098838,0.2673421717126699,0.2070413869408943,1.649681288811671,0.6261095983833105,-0.2193669225715536,0.2975002340024971,-0.1340162315336091
0.4210777262745461,-0.16988837225830958,-0.4640291883353377,0.018791264651596317,0.5863641561691995,0.2945243112739994,0.8851069146098838,0.2664064434320597,0.2091276008124184,1.648329468242347,0.6254653264523986,-0.2205691800140587,0.2980294573743176,-0.1332895081353484
0.4210777262745461,-0.16988837225830958,-0.4640291883353377,0.018791264651596317,0.5863641561691995,0.2945243112739994,0.8851069146098838,0.2654707151514497,0.2112138146839426,1.6469776476730231,0.6248210545214867,-0.2217714374565639,0.298558680746138,-0.1325627847370877
0.4210777262745461,-0.16988837225830958,-0.4640291883353377,0.018791264651596317,0.5863641561691995,0.2945243112739994,0.8851069146098838,0.2645349868708396,0.2133000285554668,1.6456258271036992,0.6241767825905749,-0.2229736948990691,0.2990879041179585,-0.131836061338827
0.4210777262745461,-0.16988837225830958,-0.4640291883353377,0.018791264651596317,0.5863641561691995,0.2945243112739994,0.8851069146098838,0.2635992585902295,0.2153862424269909,1.644274006534375,0.623532510659663,-0.2241759523415743,0.299617127489779,-0.1311093379405663
0.4210777262745461,-0.16988837225830958,-0.4640291883353377,0.018791264651596317,0.5863641561691995,0.2945243112739994,0.8851069146098838,0.2626635303096194,0.2174724562985151,1.6429221859650511,0.6228882387287511,-0.2253782097840795,0.3001463508615994,-0.1303826145423056
0.4210777262745461,-0.16988837225830958,-0.4640291883353377,0.018791264651596317,0.5863641561691995,0.2945243112739994,0.8851069146098838,0.2617278020290092,0.2195586701700392,1.641570365395727,0.6222439667978391,-0.2265804672265847,0.3006755742334199,-0.1296558911440448
0.4210777262745461,-0.16988837225830958,-0.4640291883353377,0.018791264651596317,0.5863641561691995,0.2945243112739994,0.8851069146098838,0.2607920737483992,0.2216448840415634,1.640218544826403,0.6215996948669273,-0.2277827246690899,0.3012047976052404,-0.1289291677457841
0.4210777262745461,-0.16988837225830958,-0.4640291883353377,0.018791264651596317,0.5863641561691995,0.2945243112739994,0.8851069146098838,0.2598563454677891,0.2237310979130876,1.638866724257079,0.6209554229360155,-0.2289849821115951,0.3017340209770608,-0.1282024443475234
0.4210777262745461,-0.16988837225830958,-0.4640291883353377,0.018791264651596317,0.5863641561691995,0.2945243112739994,0.8851069146098838,0.258920617187179,0.2258173117846117,1.6375149036877552,0.6203111510051036,-0.2301872395541003,0.3022632443488813,-0.1274757209492627
0.4210777262745461,-0.16988837225830958,-0.4640291883353377,0.018791264651596317,0.5863641561691995,0.2945243112739994,0.8851069146098838,0.2579848889065688,0.2279035256561359,1.6361630831184306,0.6196668790741917,-0.2313894969966055,0.3027924677207018,-0.126748997551002
0.4210777262745461,-0.16988837225830958,-0.4640291883353377,0.018791264651596317,0.5863641561691995,0.2945243112739994,0.8851069146098838,0.2570491606259588,0.2299897395276601,1.634811262549107,0.6190226071432798,-0.2325917544391107,0.3033216910925222,-0.1260222741527413
0.4210777262745461,-0.16988837225830958,-0.4640291883353377,0.018791264651596317,0.5863641561691995,0.2945243112739994,0.8851069146098838,0.2561134323453486,0.2320759533991842,1.6334594419797828,0.618378335212368,-0.2337940118816159,0.3038509144643427,-0.1252955507544805
0.4210777262745461,-0.16988837225830958,-0.4640291883353377,0.018791264651596317,0.5863641561691995,0.2945243112739994,0.8851069146098838,0.2551777040647386,0.2341621672707084,1.6321076214104588,0.6177340632814561,-0.2349962693241211,0.3043801378361632,-0.1245688273562198
0.4210777262745461,-0.16988837225830958,-0.4640291883353377,0.018791264651596317,0.5863641561691995,0.2945243112739994,0.8851069146098838,0.2542419757841284,0.2362483811422326,1.6307558008411347,0.6170897913505442,-0.2361985267666262,0.3049093612079837,-0.1238421039579591
0.4210777262745461,-0.16988837225830958,-0.4640291883353377,0.018791264651596317,0.5863641561691995,0.2945243112739994,0.8851069146098838,0.2533062475035184,0.2383345950137567,1.629403980271811,0.6164455194196323,-0.2374007842091315,0.3054385845798041,-0.1231153805596984
0.4210777262745461,-0.16988837225830958,-0.4640291883353377,0.018791264651596317,0.5863641561691995,0.2945243112739994,0.8851069146098838,0.2523705192229082,0.2404208088852809,1.6280521597024866,0.6158012474887204,-0.2386030416516367,0.3059678079516246,-0.1223886571614377
0.4210777262745461,-0.16988837225830958,-0.4640291883353377,0.018791264651596317,0.5863641561691995,0.2945243112739994,0.8851069146098838,0.2514347909422981,0.242507022756805,1.6267003391331627,0.6151569755578086,-0.2398052990941418,0.3064970313234451,-0.121661933763177
0.4210777262745461,-0.16988837225830958,-0.4640291883353377,0.018791264651596317,0.5863641561691995,0.2945243112739994,0.8851069146098838,0.2504990626616881,0.2445932366283292,1.6253485185638388,0.6145127036268967,-0.241007556536647,0.3070262546952655,-0.1209352103649162
0.4210777262745461,-0.16988837225830958,-0.4640291883353377,0.018791264651596317,0.5863641561691995,0.2945243112739994,0.8851069146098838,0.2495633343810779,0.2466794504998534,1.6239966979945148,0.6138684316959848,-0.2422098139791522,0.307555478067086,-0.1202084869666555
0.4210777262745461,-0.16988837225830958,-0.4640291883353377,0.018791264651596317,0.5863641561691995,0.2945243112739994,0.8851069146098838,0.2486276061004678,0.2487656643713775,1.6226448774251905,0.6132241597650729,-0.2434120714216574,0.3080847014389065,-0.1194817635683948
0.4210777262745461,-0.16988837225830958,-0.4640291883353377,0.018791264651596317,0.5863641561691995,0.2945243112739994,0.8851069146098838,0.2476918778198577,0.2508518782429017,1.6212930568558668,0.6125798878341611,-0.2446143288641626,0.3086139248107269,-0.1187550401701341
0.4210777262745461,-0.16988837225830958,-0.4640291883353377,0.018791264651596317,0.5863641561691995,0.2945243112739994,0.8851069146098838,0.2467561495392476,0.2529380921144259,1.6199412362865426,0.6119356159032492,-0.2458165863066678,0.3091431481825474,-0.1180283167718734
0.4210777262745461,-0.16988837225830958,-0.4640291883353377,0.018791264651596317,0.5863641561691995,0.2945243112739994,0.8851069146098838,0.2458204212586375,0.25502430598595,1.6185894157172185,0.6112913439723373,-0.247018843749173,0.3096723715543679,-0.1173015933736127
0.4210777262745461,-0.16988837225830958,-0.4640291883353377,0.018791264651596317,0.5863641561691995,0.2945243112739994,0.8851069146098838,0.2448846929780274,0.2571105198574742,1.6172375951478946,0.6106470720414254,-0.2482211011916782,0.3102015949261884,-0.116574869975352
0.4210777262745461,-0.16988837225830958,-0.4640291883353377,0.018791264651596317,0.5863641561691995,0.2945243112739994,0.8851069146098838,0.2439489646974173,0.2591967337289984,1.6158857745785706,0.6100028001105136,-0.2494233586341834,0.3107308182980088,-0.1158481465770912
0.4210777262745461,-0.16988837225830958,-0.4640291883353377,0.018791264651596317,0.5863641561691995,0.2945243112739994,0.8851069146098838,0.2430132364168072,0.2612829476005225,1.6145339540092467,0.6093585281796017,-0.2506256160766886,0.3112600416698293,-0.1151214231788305
0.4210777262745461,-0.16988837225830958,-0.4640291883353377,0.018791264651596317,0.5863641561691995,0.2945243112739994,0.8851069146098838,0.2420775081361971,0.2633691614720467,1.6131821334399223,0.6087142562486898,-0.2518278735191938,0.3117892650416497,-0.1143946997805698
0.4210777262745461,-0.16988837225830958,-0.4640291883353377,0.018791264651596317,0.5863641561691995,0.2945243112739994,0.8851069146098838,0.241141779855587,0.2654553753435709,1.6118303128705986,0.6080699843177779,-0.253030130961699,0.3123184884134702,-0.1136679763823091
0.4210777262745461,-0.16988837225830958,-0.4640291883353377,0.018791264651596317,0.5863641561691995,0.2945243112739994,0.8851069146098838,0.2402060515749769,0.267541589215095,1.6104784923012745,0.607425712386866,-0.2542323884042042,0.3128477117852907,-0.1129412529840484
0.4210777262745461,-0.16988837225830958,-0.4640291883353377,0.018791264651596317,0.5863641561691995,0.2945243112739994,0.8851069146098838,0.2392703232943668,0.2696278030866192,1.6091266717319506,0.6067814404559543,-0.2554346458467094,0.3133769351571112,-0.1122145295857877
0.4210777262745461,-0.16988837225830958,-0.4640291883353377,0.018791264651596317,0.5863641561691995,0.2945243112739994,0.8851069146098838,0.2383345950137567,0.2717140169581433,1.6077748511626264,0.6061371685250423,-0.2566369032892145,0.3139061585289316,-0.111487806187527
0.4210777262745461,-0.16988837225830958,-0.4640291883353377,0.018791264651596317,0.5863641561691995,0.2945243112739994,0.8851069146098838,0.2373988667331466,0.2738002308296675,1.6064230305933025,0.6054928965941305,-0.2578391607317197,0.3144353819007521,-0.1107610827892663
0.4210777262745461,-0.16988837225830958,-0.4640291883353377,0.018791264651596317,0.5863641561691995,0.2945243112739994,0.8851069146098838,0.2364631384525365,0.2758864447011916,1.6050712100239783,0.6048486246632185,-0.259041418174225,0.3149646052725725,-0.1100343593910055
0.4210777262745461,-0.16988837225830958,-0.4640291883353377,0.018791264651596317,0.5863641561691995,0.2945243112739994,0.8851069146098838,0.2355274101719264,0.2779726585727158,1.6037193894546546,0.6042043527323068,-0.2602436756167302,0.315493828644393,-0.1093076359927448
0.4210777262745461,-0.16988837225830958,-0.4640291883353377,0.018791264651596317,0.5863641561691995,0.2945243112739994,0.8851069146098838,0.2345916818913163,0.28005887244424,1.6023675688853305,0.6035600808013948,-0.2614459330592353,0.3160230520162135,-0.1085809125944841
0.4210777262745461,-0.16988837225830958,-0.4640291883353377,0.018791264651596317,0.5863641561691995,0.2945243112739994,0.8851069146098838,0.2336559536107062,0.2821450863157642,1.6010157483160063,0.602915808870483,-0.2626481905017405,0.316552275388034,-0.1078541891962234
0.4210777262745461,-0.16988837225830958,-0.4640291883353377,0.018791264651596317,0.5863641561691995,0.2945243112739994,0.8851069146098838,0.2327202253300961,0.2842313001872883,1.5996639277466822,0.602271536939571,-0.2638504479442457,0.3170814987598544,-0.1071274657979627
0.4210777262745461,-0.16988837225830958,-0.4640291883353377,0.018791264651596317,0.5863641561691995,0.2945243112739994,0.8851069146098838,0.231784497049486,0.2863175140588125,1.5983121071773585,0.6016272650086593,-0.2650527053867509,0.3176107221316749,-0.106400742399702
0.4210777262745461,-0.16988837225830958,-0.4640291883353377,0.018791264651596317,0.5863641561691995,0.2945243112739994,0.8851069146098838,0.2308487687688759,0.2884037279303366,1.5969602866080344,0.6009829930777473,-0.2662549628292561,0.3181399455034953,-0.1056740190014412
0.4210777262745461,-0.16988837225830958,-0.4640291883353377,0.018791264651596317,0.5863641561691995,0.2945243112739994,0.8851069146098838,0.2299130404882658,0.2904899418018608,1.5956084660387104,0.6003387211468355,-0.2674572202717613,0.3186691688753158,-0.1049472956031805
0.4210777262745461,-0.16988837225830958,-0.4640291883353377,0.018791264651596317,0.5863641561691995,0.2945243112739994,0.8851069146098838,0.2289773122076556,0.292576155673385,1.594256645469386,0.5996944492159235,-0.2686594777142665,0.3191983922471363,-0.1042205722049198
0.4210777262745461,-0.16988837225830958,-0.4640291883353377,0.018791264651596317,0.5863641561691995,0.2945243112739994,0.8851069146098838,0.2280415839270456,0.2946623695449091,1.5929048249000624,0.5990501772850118,-0.2698617351567717,0.3197276156189568,-0.1034938488066591
0.4210777262745461,-0.16988837225830958,-0.4640291883353377,0.018791264651596317,0.5863641561691995,0.2945243112739994,0.8851069146098838,0.2271058556464354,0.2967485834164333,1.5915530043307382,0.5984059053540999,-0.2710639925992769,0.3202568389907772,-0.1027671254083984
0.4210777262745461,-0.16988837225830958,-0.4640291883353377,0.018791264651596317,0.5863641561691995,0.2945243112739994,0.8851069146098838,0.2261701273658254,0.2988347972879575,1.590201183761414,0.5977616334231879,-0.272266250041782,0.3207860623625976,-0.1020404020101377
0.4210777262745461,-0.16988837225830958,-0.4640291883353377,0.018791264651596317,0.5863641561691995,0.2945243112739994,0.8851069146098838,0.2252343990852152,0.3009210111594816,1.5888493631920904,0.5971173614922761,-0.2734685074842873,0.3213152857344181,-0.101313678611877
0.4210777262745461,-0.16988837225830958,-0.4640291883353377,0.018791264651596317,0.5863641561691995,0.2945243112739994,0.8851069146098838,0.2242986708046052,0.3030072250310058,1.5874975426227662,0.5964730895613642,-0.2746707649267925,0.3218445091062386,-0.1005869552136162
0.4210777262745461,-0.16988837225830958,-0.4640291883353377,0.018791264651596317,0.5863641561691995,0.2945243112739994,0.8851069146098838,0.223362942523995,0.30509343890253,1.586145722053442,0.5958288176304524,-0.2758730223692976,0.3223737324780591,-0.0998602318153555
0.4210777262745461,-0.16988837225830958,-0.4640291883353377,0.018791264651596317,0.5863641561691995,0.2945243112739994,0.8851069146098838,0.2224272142433849,0.3071796527740541,1.584793901484118,0.5951845456995405,-0.2770752798118028,0.3229029558498796,-0.0991335084170948
0.4210777262745461,-0.16988837225830958,-0.4640291883353377,0.018791264651596317,0.5863641561691995,0.2945243112739994,0.8851069146098838,0.2214914859627749,0.3092658666455782,1.5834420809147942,0.5945402737686286,-0.278277537254308,0.3234321792217001,-0.0984067850188341
0.4210777262745461,-0.16988837225830958,-0.4640291883353377,0.018791264651596317,0.5863641561691995,0.2945243112739994,0.8851069146098838,0.2205557576821648,0.3113520805171024,1.58209026034547,0.5938960018377167,-0.2794797946968132,0.3239614025935204,-0.0976800616205734
0.4210777262745461,-0.16988837225830958,-0.4640291883353377,0.018791264651596317,0.5863641561691995,0.2945243112739994,0.8851069146098838,0.2196200294015546,0.3134382943886266,1.580738439776146,0.5932517299068049,-0.2806820521393184,0.3244906259653409,-0.0969533382223127
0.4210777262745461,-0.16988837225830958,-0.4640291883353377,0.018791264651596317,0.5863641561691995,0.2945243112739994,0.8851069146098838,0.2186843011209445,0.3155245082601507,1.5793866192068222,0.5926074579758931,-0.2818843095818236,0.3250198493371614,-0.096226614824052
0.4210777262745461,-0.16988837225830958,-0.4640291883353377,0.018791264651596317,0.5863641561691995,0.2945243112739994,0.8851069146098838,0.2177485728403344,0.3176107221316749,1.578034798637498,0.5919631860449811,-0.2830865670243288,0.3255490727089819,-0.0954998914257912
0.4210777262745461,-0.16988837225830958,-0.4640291883353377,0.018791264651596317,0.5863641561691995,0.2945243112739994,0.8851069146098838,0.2168128445597243,0.3196969360031991,1.576682978068174,0.5913189141140692,-0.284288824466834,0.3260782960808024,-0.0947731680275305
0.4210777262745461,-0.16988837225830958,-0.4640291883353377,0.018791264651596317,0.5863641561691995,0.2945243112739994,0.8851069146098838,0.2158771162791142,0.3217831498747233,1.57533115749885,0.5906746421831574,-0.2854910819093392,0.3266075194526229,-0.0940464446292698
0.4210777262745461,-0.16988837225830958,-0.4640291883353377,0.018791264651596317,0.5863641561691995,0.2945243112739994,0.8851069146098838,0.2149413879985041,0.3238693637462474,1.573979336929526,0.5900303702522455,-0.2866933393518444,0.3271367428244433,-0.0933197212310091
0.4210777262745461,-0.16988837225830958,-0.4640291883353377,0.018791264651596317,0.5863641561691995,0.2945243112739994,0.8851069146098838,0.214005659717894,0.3259555776177716,1.572627516360202,0.5893860983213337,-0.2878955967943496,0.3276659661962637,-0.0925929978327484
0.4210777262745461,-0.16988837225830958,-0.4640291883353377,0.018791264651596317,0.5863641561691995,0.2945243112739994,0.8851069146098838,0.2130699314372839,0.3280417914892958,1.5712756957908778,0.5887418263904217,-0.2890978542368548,0.3281951895680842,-0.0918662744344877
0.4210777262745461,-0.16988837225830958,-0.4640291883353377,0.018791264651596317,0.5863641561691995,0.2945243112739994,0.8851069146098838,0.2121342031566738,0.3301280053608199,1.569923875221554,0.5880975544595098,-0.29030011167936,0.3287244129399047,-0.0911395510362269
0.4210777262745461,-0.16988837225830958,-0.4640291883353377,0.018791264651596317,0.5863641561691995,0.2945243112739994,0.8851069146098838,0.2111984748760637,0.332214219232344,1.56857205465223,0.5874532825285981,-0.2915023691218651,0.3292536363117252,-0.0904128276379662
0.4210777262745461,-0.16988837225830958,-0.4640291883353377,0.018791264651596317,0.5863641561691995,0.2945243112739994,0.8851069146098838,0.2102627465954536,0.3343004331038682,1.5672202340829058,0.5868090105976862,-0.2927046265643703,0.3297828596835456,-0.0896861042397055
0.4210777262745461,-0.16988837225830958,-0.4640291883353377,0.018791264651596317,0.5863641561691995,0.2945243112739994,0.8851069146098838,0.2093270183148435,0.3363866469753924,1.565868413513582,0.5861647386667743,-0.2939068840068755,0.3303120830553661,-0.0889593808414448
0.4210777262745461,-0.16988837225830958,-0.4640291883353377,0.018791264651596317,0.5863641561691995,0.2945243112739994,0.8851069146098838,0.2083912900342334,0.3384728608469166,1.564516592944258,0.5855204667358624,-0.2951091414493807,0.3308413064271865,-0.0882326574431841
0.4210777262745461,-0.16988837225830958,-0.4640291883353377,0.018791264651596317,0.5863641561691995,0.2945243112739994,0.8851069146098838,0.2074555617536233,0.3405590747184407,1.5631647723749338,0.5848761948049506,-0.2963113988918859,0.331370529799007,-0.0875059340449234
0.4210777262745461,-0.16988837225830958,-0.4640291883353377,0.018791264651596317,0.5863641561691995,0.2945243112739994,0.8851069146098838,0.2065198334730132,0.3426452885899648,1.56181295180561,0.5842319228740387,-0.2975136563343911,0.3318997531708275,-0.0867792106466627
0.4210777262745461,-0.16988837225830958,-0.4640291883353377,0.018791264651596317,0.5863641561691995,0.2945243112739994,0.8851069146098838,0.2055841051924031,0.3447315024614891,1.5604611312362855,0.5835876509431268,-0.2987159137768963,0.3324289765426479,-0.0860524872484019
0.4210777262745461,-0.16988837225830958,-0.4640291883353377,0.018791264651596317,0.5863641561691995,0.2945243112739994,0.8851069146098838,0.204648376911793,0.3468177163330132,1.5591093106669618,0.5829433790122149,-0.2999181712194015,0.3329581999144684,-0.0853257638501412
0.4210777262745461,-0.16988837225830958,-0.4640291883353377,0.018791264651596317,0.5863641561691995,0.2945243112739994,0.8851069146098838,0.2037126486311829,0.3489039302045373,1.5577574900976376,0.5822991070813031,-0.3011204286619067,0.3334874232862889,-0.0845990404518805
0.4210777262745461,-0.16988837225830958,-0.4640291883353377,0.018791264651596317,0.5863641561691995,0.2945243112739994,0.8851069146098838,0.2027769203505728,0.3509901440760615,1.5564056695283135,0.5816548351503912,-0.3023226861044119,0.3340166466581094,-0.0838723170536198
0.4210777262745461,-0.16988837225830958,-0.4640291883353377,0.018791264651596317,0.5863641561691995,0.2945243112739994,0.8851069146098838,0.2018411920699627,0.3530763579475857,1.5550538489589898,0.5810105632194793,-0.303524943546917,0.3345458700299298,-0.0831455936553591
0.4210777262745461,-0.16988837225830958,-0.4640291883353377,0.018791264651596317,0.5863641561691995,0.2945243112739994,0.8851069146098838,0.2009054637893526,0.3551625718191099,1.5537020283896656,0.5803662912885674,-0.3047272009894223,0.3350750934017503,-0.0824188702570984
0.4210777262745461,-0.16988837225830958,-0.4640291883353377,0.018791264651596317,0.5863641561691995,0.2945243112739994,0.8851069146098838,0.1999697355087425,0.357248785690634,1.5523502078203415,0.5797220193576555,-0.3059294584319275,0.3356043167735708,-0.0816921468588377
0.4210777262745461,-0.16988837225830958,-0.4640291883353377,0.018791264651596317,0.5863641561691995,0.2945243112739994,0.8851069146098838,0.1990340072281324,0.3593349995621582,1.5509983872510178,0.5790777474267437,-0.3071317158744326,0.3361335401453912,-0.0809654234605769
0.4210777262745461,-0.16988837225830958,-0.4640291883353377,0.018791264651596317,0.5863641561691995,0.2945243112739994,0.8851069146098838,0.1980982789475223,0.3614212134336824,1.5496465666816936,0.5784334754958318,-0.3083339733169378,0.3366627635172117,-0.0802387000623162
0.4210777262745461,-0.16988837225830958,-0.4640291883353377,0.018791264651596317,0.5863641561691995,0.2945243112739994,0.8851069146098838,0.1971625506669122,0.3635074273052065,1.5482947461123695,0.5777892035649199,-0.3095362307594431,0.3371919868890322,-0.0795119766640555
0.4210777262745461,-0.16988837225830958,-0.4640291883353377,0.018791264651596317,0.5863641561691995,0.2945243112739994,0.8851069146098838,0.1962268223863021,0.3655936411767306,1.5469429255430456,0.577144931634008,-0.3107384882019482,0.3377212102608526,-0.0787852532657948
0.4210777262745461,-0.16988837225830958,-0.4640291883353377,0.018791264651596317,0.5863641561691995,0.2945243112739994,0.8851069146098838,0.195291094105692,0.3676798550482548,1.5455911049737217,0.5765006597030962,-0.3119407456444534,0.3382504336326731,-0.0780585298675341
0.4210777262745461,-0.16988837225830958,-0.4640291883353377,0.018791264651596317,0.5863641561691995,0.2945243112739994,0.8851069146098838,0.1943553658250819,0.369766068919779,1.5442392844043975,0.5758563877721843,-0.3131430030869586,0.3387796570044936,-0.0773318064692734
0.4210777262745461,-0.16988837225830958,-0.4640291883353377,0.018791264651596317,0.5863641561691995,0.2945243112739994,0.8851069146098838,0.1934196375444717,0.3718522827913031,1.5428874638350734,0.5752121158412724,-0.3143452605294638,0.339308880376314,-0.0766050830710127
0.4210777262745461,-0.16988837225830958,-0.4640291883353377,0.018791264651596317,0.5863641561691995,0.2945243112739994,0.8851069146098838,0.1924839092638617,0.3739384966628273,1.5415356432657497,0.5745678439103605,-0.315547517971969,0.3398381037481345,-0.0758783596727519
0.4210777262745461,-0.16988837225830958,-0.4640291883353377,0.018791264651596317,0.5863641561691995,0.2945243112739994,0.8851069146098838,0.1915481809832516,0.3760247105343515,1.5401838226964255,0.5739235719794487,-0.3167497754144742,0.340367327119955,-0.0751516362744912
0.4210777262745461,-0.16988837225830958,-0.4640291883353377,0.018791264651596317,0.5863641561691995,0.2945243112739994,0.8851069146098838,0.1906124527026415,0.3781109244058757,1.5388320021271014,0.5732793000485368,-0.3179520328569794,0.3408965504917755,-0.0744249128762305
0.4210777262745461,-0.16988837225830958,-0.4640291883353377,0.018791264651596317,0.5863641561691995,0.2945243112739994,0.8851069146098838,0.1896767244220313,0.3801971382773998,1.5374801815577774,0.5726350281176249,-0.3191542902994846,0.3414257738635959,-0.0736981894779698
0.4210777262745461,-0.16988837225830958,-0.4640291883353377,0.018791264651596317,0.5863641561691995,0.2945243112739994,0.8851069146098838,0.1887409961414212,0.382283352148924,1.5361283609884535,0.571990756186713,-0.3203565477419898,0.3419549972354164,-0.0729714660797091
0.4210777262745461,-0.16988837225830958,-0.4640291883353377,0.018791264651596317,0.5863641561691995,0.2945243112739994,0.8851069146098838,0.1878052678608111,0.3843695660204482,1.5347765404191294,0.5713464842558011,-0.321558805184495,0.3424842206072369,-0.0722447426814484
0.4210777262745461,-0.16988837225830958,-0.4640291883353377,0.018791264651596317,0.5863641561691995,0.2945243112739994,0.8851069146098838,0.186869539580201,0.3864557798919723,1.5334247198498052,0.5707022123248893,-0.3227610626270001,0.3430134439790573,-0.0715180192831877
0.4210777262745461,-0.16988837225830958,-0.4640291883353377,0.018791264651596317,0.5863641561691995,0.2945243112739994,0.8851069146098838,0.185933811299591,0.3885419937634964,1.5320728992804813,0.5700579403939774,-0.3239633200695053,0.3435426673508778,-0.070791295884927
0.4210777262745461,-0.16988837225830958,-0.4640291883353377,0.018791264651596317,0.5863641561691995,0.2945243112739994,0.8851069146098838,0.1849980830189809,0.3906282076350206,1.5307210787111574,0.5694136684630655,-0.3251655775120106,0.3440718907226983,-0.0700645724866662
0.4210777262745461,-0.16988837225830958,-0.4640291883353377,0.018791264651596317,0.5863641561691995,0.2945243112739994,0.8851069146098838,0.1840623547383708,0.3927144215065448,1.5293692581418332,0.5687693965321536,-0.3263678349545157,0.3446011140945187,-0.0693378490884055
0.4210777262745461,-0.16988837225830958,-0.4640291883353377,0.018791264651596317,0.5863641561691995,0.2945243112739994,0.8851069146098838,0.1831266264577606,0.394800635378069,1.5280174375725093,0.5681251246012418,-0.3275700923970209,0.3451303374663392,-0.0686111256901448
0.4210777262745461,-0.16988837225830958,-0.4640291883353377,0.018791264651596317,0.5863641561691995,0.2945243112739994,0.8851069146098838,0.1821908981771505,0.3968868492495931,1.5266656170031851,0.5674808526703299,-0.3287723498395262,0.3456595608381597,-0.0678844022918841
0.4210777262745461,-0.16988837225830958,-0.4640291883353377,0.018791264651596317,0.5863641561691995,0.2945243112739994,0.8851069146098838,0.1812551698965405,0.3989730631211172,1.5253137964338612,0.566836580739418,-0.3299746072820313,0.3461887842099801,-0.0671576788936234
0.4210777262745461,-0.16988837225830958,-0.4640291883353377,0.018791264651596317,0.5863641561691995,0.2945243112739994,0.8851069146098838,0.1803194416159304,0.4010592769926415,1.523961975864537,0.5661923088085061,-0.3311768647245365,0.3467180075818006,-0.0664309554953627
0.4210777262745461,-0.16988837225830958,-0.4640291883353377,0.018791264651596317,0.5863641561691995,0.2945243112739994,0.8851069146098838,0.1793837133353202,0.4031454908641656,1.5226101552952132,0.5655480368775943,-0.3323791221670417,0.3472472309536211,-0.0657042320971019
0.4210777262745461,-0.16988837225830958,-0.4640291883353377,0.018791264651596317,0.5863641561691995,0.2945243112739994,0.8851069146098838,0.1784479850547101,0.4052317047356897,1.5212583347258892,0.5649037649466824,-0.3335813796095469,0.3477764543254415,-0.0649775086988412
0.4210777262745461,-0.16988837225830958,-0.4640291883353377,0.018791264651596317,0.5863641561691995,0.2945243112739994,0.8851069146098838,0.1775122567741,0.4073179186072139,1.519906514156565,0.5642594930157705,-0.3347836370520521,0.348305677697262,-0.0642507853005805
0.4210777262745461,-0.16988837225830958,-0.4640291883353377,0.018791264651596317,0.5863641561691995,0.2945243112739994,0.8851069146098838,0.1765765284934899,0.4094041324787381,1.5185546935872412,0.5636152210848586,-0.3359858944945573,0.3488349010690825,-0.0635240619023198
0.4210777262745461,-0.16988837225830958,-0.4640291883353377,0.018791264651596317,0.5863641561691995,0.2945243112739994,0.8851069146098838,0.1756408002128798,0.4114903463502622,1.517202873017917,0.5629709491539467,-0.3371881519370625,0.349364124440903,-0.0627973385040591
0.4210777262745461,-0.16988837225830958,-0.4640291883353377,0.018791264651596317,0.5863641561691995,0.2945243112739994,0.8851069146098838,0.1747050719322697,0.4135765602217864,1.515851052448593,0.562326677223035,-0.3383904093795676,0.3498933478127234,-0.0620706151057984
0.4210777262745461,-0.16988837225830958,-0.4640291883353377,0.018791264651596317,0.5863641561691995,0.2945243112739994,0.8851069146098838,0.1737693436516596,0.4156627740933106,1.514499231879269,0.561682405292123,-0.3395926668220729,0.3504225711845439,-0.0613438917075376
0.4210777262745461,-0.16988837225830958,-0.4640291883353377,0.018791264651596317,0.5863641561691995,0.2945243112739994,0.8851069146098838,0.1728336153710495,0.4177489879648348,1.513147411309945,0.5610381333612111,-0.3407949242645781,0.3509517945563644,-0.0606171683092769
0.4210777262745461,-0.16988837225830958,-0.4640291883353377,0.018791264651596317,0.5863641561691995,0.2945243112739994,0.8851069146098838,0.1718978870904394,0.4198352018363589,1.511795590740621,0.5603938614302993,-0.3419971817070832,0.3514810179281848,-0.0598904449110162
0.4210777262745461,-0.16988837225830958,-0.4640291883353377,0.018791264651596317,0.5863641561691995,0.2945243112739994,0.8851069146098838,0.1709621588098293,0.421921415707883,1.510443770171297,0.5597495894993874,-0.3431994391495885,0.3520102413000053,-0.0591637215127555
0.4210777262745461,-0.16988837225830958,-0.4640291883353377,0.018791264651596317,0.5863641561691995,0.2945243112739994,0.8851069146098838,0.1700264305292192,0.4240076295794073,1.509091949601973,0.5591053175684756,-0.3444016965920937,0.3525394646718258,-0.0584369981144948
0.4210777262745461,-0.16988837225830958,-0.4640291883353377,0.018791264651596317,0.5863641561691995,0.2945243112739994,0.8851069146098838,0.1690907022486091,0.4260938434509314,1.507740129032649,0.5584610456375636,-0.3456039540345988,0.3530686880436462,-0.0577102747162341
0.4210777262745461,-0.16988837225830958,-0.4640291883353377,0.018791264651596317,0.5863641561691995,0.2945243112739994,0.8851069146098838,0.168154973967999,0.4281800573224555,1.506388308463325,0.5578167737066518,-0.346806211477104,0.3535979114154667,-0.0569835513179734
0.4210777262745461,-0.16988837225830958,-0.4640291883353377,0.018791264651596317,0.5863641561691995,0.2945243112739994,0.8851069146098838,0.1672192456873889,0.4302662711939797,1.5050364878940008,0.55717250177574,-0.3480084689196092,0.3541271347872872,-0.0562568279197126
0.4210777262745461,-0.16988837225830958,-0.4640291883353377,0.018791264651596317,0.5863641561691995,0.2945243112739994,0.8851069146098838,0.1662835174067788,0.4323524850655039,1.5036846673246769,0.556528229844828,-0.3492107263621145,0.3546563581591077,-0.0555301045214519
0.4210777262745461,-0.16988837225830958,-0.4640291883353377,0.018791264651596317,0.5863641561691995,0.2945243112739994,0.8851069146098838,0.1653477891261687,0.4344386989370281,1.502332846755353,0.5558839579139162,-0.3504129838046196,0.3551855815309281,-0.0548033811231912
0.4210777262745461,-0.16988837225830958,-0.4640291883353377,0.018791264651596317,0.5863641561691995,0.2945243112739994,0.8851069146098838,0.1644120608455586,0.4365249128085522,1.5009810261860288,0.5552396859830043,-0.3516152412471248,0.3557148049027486,-0.0540766577249305
0.4210777262745461,-0.16988837225830958,-0.4640291883353377,0.018791264651596317,0.5863641561691995,0.2945243112739994,0.8851069146098838,0.1634763325649485,0.4386111266800763,1.4996292056167049,0.5545954140520925,-0.35281749868963,0.356244028274569,-0.0533499343266698
0.4210777262745461,-0.16988837225830958,-0.4640291883353377,0.018791264651596317,0.5863641561691995,0.2945243112739994,0.8851069146098838,0.1625406042843384,0.4406973405516005,1.498277385047381,0.5539511421211806,-0.3540197561321351,0.3567732516463895,-0.0526232109284091
0.4210777262745461,-0.16988837225830958,-0.4640291883353377,0.018791264651596317,0.5863641561691995,0.2945243112739994,0.8851069146098838,0.1616048760037283,0.4427835544231246,1.4969255644780568,0.5533068701902687,-0.3552220135746403,0.35730247501821,-0.0518964875301484
0.4210777262745461,-0.16988837225830958,-0.4640291883353377,0.018791264651596317,0.5863641561691995,0.2945243112739994,0.8851069146098838,0.1606691477231182,0.4448697682946488,1.4955737439087329,0.5526625982593568,-0.3564242710171456,0.3578316983900305,-0.0511697641318876
0.4210777262745461,-0.16988837225830958,-0.4640291883353377,0.018791264651596317,0.5863641561691995,0.2945243112739994,0.8851069146098838,0.1597334194425081,0.446955982166173,1.4942219233394087,0.5520183263284449,-0.3576265284596507,0.3583609217618509,-0.0504430407336269
0.4210777262745461,-0.16988837225830958,-0.4640291883353377,0.018791264651596317,0.5863641561691995,0.2945243112739994,0.8851069146098838,0.158797691161898,0.4490421960376972,1.4928701027700848,0.5513740543975331,-0.358828785902156,0.3588901451336714,-0.0497163173353662
0.4210777262745461,-0.16988837225830958,-0.4640291883353377,0.018791264651596317,0.5863641561691995,0.2945243112739994,0.8851069146098838,0.1578619628812879,0.4511284099092214,1.4915182822007609,0.5507297824666212,-0.3600310433446612,0.3594193685054918,-0.0489895939371055
0.4210777262745461,-0.16988837225830958,-0.4640291883353377,0.018791264651596317,0.5863641561691995,0.2945243112739994,0.8851069146098838,0.1569262346006778,0.4532146237807455,1.4901664616314367,0.5500855105357093,-0.3612333007871663,0.3599485918773123,-0.0482628705388448
0.4210777262745461,-0.16988837225830958,-0.4640291883353377,0.018791264651596317,0.5863641561691995,0.2945243112739994,0.8851069146098838,0.1559905063200677,0.4553008376522697,1.4888146410621128,0.5494412386047974,-0.3624355582296715,0.3604778152491328,-0.0475361471405841
0.4210777262745461,-0.16988837225830958,-0.4640291883353377,0.018791264651596317,0.5863641561691995,0.2945243112739994,0.8851069146098838,0.1550547780394576,0.4573870515237939,1.4874628204927889,0.5487969666738856,-0.3636378156721767,0.3610070386209532,-0.0468094237423234
0.4210777262745461,-0.16988837225830958,-0.4640291883353377,0.018791264651596317,0.5863641561691995,0.2945243112739994,0.8851069146098838,0.1541190497588475,0.459473265395318,1.4861109999234647,0.5481526947429737,-0.3648400731146819,0.3615362619927737,-0.0460827003440626
0.4210777262745461,-0.16988837225830958,-0.4640291883353377,0.018791264651596317,0.5863641561691995,0.2945243112739994,0.8851069146098838,0.1531833214782374,0.4615594792668421,1.4847591793541406,0.5475084228120618,-0.3660423305571871,0.3620654853645942,-0.0453559769458019
0.4210777262745461,-0.16988837225830958,-0.4640291883353377,0.018791264651596317,0.5863641561691995,0.2945243112739994,0.8851069146098838,0.1522475931976273,0.4636456931383663,1.4834073587848169,0.5468641508811499,-0.3672445879996923,0.3625947087364146,-0.0446292535475412
0.4210777262745461,-0.16988837225830958,-0.4640291883353377,0.018791264651596317,0.5863641561691995,0.2945243112739994,0.8851069146098838,0.1513118649170172,0.4657319070098905,1.4820555382154923,0.5462198789502382,-0.3684468454421975,0.3631239321082351,-0.0439025301492805
0.4210777262745461,-0.16988837225830958,-0.4640291883353377,0.018791264651596317,0.5863641561691995,0.2945243112739994,0.8851069146098838,0.1503761366364071,0.4678181208814146,1.4807037176461686,0.5455756070193262,-0.3696491028847027,0.3636531554800556,-0.0431758067510198
0.4210777262745461,-0.16988837225830958,-0.4640291883353377,0.018791264651596317,0.5863641561691995,0.2945243112739994,0.8851069146098838,0.149440408355797,0.4699043347529388,1.479351897076845,0.5449313350884143,-0.3708513603272079,0.364182378851876,-0.0424490833527591
0.4210777262745461,-0.16988837225830958,-0.4640291883353377,0.018791264651596317,0.5863641561691995,0.2945243112739994,0.8851069146098838,0.1485046800751868,0.471990548624463,1.4780000765075203,0.5442870631575025,-0.3720536177697131,0.3647116022236965,-0.0417223599544983
0.4210777262745461,-0.16988837225830958,-0.4640291883353377,0.018791264651596317,0.5863641561691995,0.2945243112739994,0.8851069146098838,0.1475689517945768,0.4740767624959872,1.4766482559381966,0.5436427912265905,-0.3732558752122183,0.365240825595517,-0.0409956365562376
0.4210777262745461,-0.16988837225830958,-0.4640291883353377,0.018791264651596317,0.5863641561691995,0.2945243112739994,0.8851069146098838,0.1466332235139666,0.4761629763675113,1.4752964353688724,0.5429985192956788,-0.3744581326547235,0.3657700489673375,-0.0402689131579769
0.4210777262745461,-0.16988837225830958,-0.4640291883353377,0.018791264651596317,0.5863641561691995,0.2945243112739994,0.8851069146098838,0.1456974952333565,0.4782491902390355,1.4739446147995483,0.5423542473647668,-0.3756603900972287,0.3662992723391579,-0.0395421897597162
0.4210777262745461,-0.16988837225830958,-0.4640291883353377,0.018791264651596317,0.5863641561691995,0.2945243112739994,0.8851069146098838,0.1447617669527464,0.4803354041105597,1.4725927942302244,0.5417099754338549,-0.3768626475397338,0.3668284957109783,-0.0388154663614555
0.4210777262745461,-0.16988837225830958,-0.4640291883353377,0.018791264651596317,0.5863641561691995,0.2945243112739994,0.8851069146098838,0.1438260386721363,0.4824216179820838,1.4712409736609005,0.5410657035029431,-0.378064904982239,0.3673577190827988,-0.0380887429631948
0.4210777262745461,-0.16988837225830958,-0.4640291883353377,0.018791264651596317,0.5863641561691995,0.2945243112739994,0.8851069146098838,0.1428903103915262,0.4845078318536079,1.4698891530915763,0.5404214315720312,-0.3792671624247442,0.3678869424546193,-0.0373620195649341
0.4210777262745461,-0.16988837225830958,-0.4640291883353377,0.018791264651596317,0.5863641561691995,0.2945243112739994,0.8851069146098838,0.1419545821109161,0.4865940457251321,1.4685373325222524,0.5397771596411194,-0.3804694198672494,0.3684161658264398,-0.0366352961666733
0.4210777262745461,-0.16988837225830958,-0.4640291883353377,0.018791264651596317,0.5863641561691995,0.2945243112739994,0.8851069146098838,0.141018853830306,0.4886802595966563,1.4671855119529285,0.5391328877102075,-0.3816716773097546,0.3689453891982603,-0.0359085727684126
0.4210777262745461,-0.16988837225830958,-0.4640291883353377,0.018791264651596317,0.5863641561691995,0.2945243112739994,0.8851069146098838,0.1400831255496959,0.4907664734681805,1.4658336913836043,0.5384886157792956,-0.3828739347522598,0.3694746125700807,-0.0351818493701519
0.4210777262745461,-0.16988837225830958,-0.4640291883353377,0.018791264651596317,0.5863641561691995,0.2945243112739994,0.8851069146098838,0.1391473972690858,0.4928526873397046,1.4644818708142804,0.5378443438483836,-0.384076192194765,0.3700038359419012,-0.0344551259718912
0.4210777262745461,-0.16988837225830958,-0.4640291883353377,0.018791264651596317,0.5863641561691995,0.2945243112739994,0.8851069146098838,0.1382116689884757,0.4949389012112287,1.4631300502449562,0.5372000719174719,-0.3852784496372702,0.3705330593137216,-0.0337284025736305
0.4210777262745461,-0.16988837225830958,-0.4640291883353377,0.018791264651596317,0.5863641561691995,0.2945243112739994,0.8851069146098838,0.1372759407078656,0.4970251150827529,1.4617782296756323,0.53655579998656,-0.3864807070797754,0.3710622826855421,-0.0330016791753698
0.4210777262745461,-0.16988837225830958,-0.4640291883353377,0.018791264651596317,0.5863641561691995,0.2945243112739994,0.8851069146098838,0.1363402124272555,0.4991113289542771,1.4604264091063082,0.535911528055648,-0.3876829645222805,0.3715915060573626,-0.0322749557771091
0.4210777262745461,-0.16988837225830958,-0.4640291883353377,0.018791264651596317,0.5863641561691995,0.2945243112739994,0.8851069146098838,0.1354044841466454,0.5011975428258012,1.4590745885369842,0.5352672561247362,-0.3888852219647858,0.372120729429183,-0.0315482323788483
0.4210777262745461,-0.16988837225830958,-0.4640291883353377,0.018791264651596317,0.5863641561691995,0.2945243112739994,0.8851069146098838,0.1344687558660353,0.5032837566973254,1.4577227679676603,0.5346229841938244,-0.390087479407291,0.3726499528010035,-0.0308215089805876
0.4210777262745461,-0.16988837225830958,-0.4640291883353377,0.018791264651596317,0.5863641561691995,0.2945243112739994,0.8851069146098838,0.1335330275854252,0.5053699705688497,1.4563709473983362,0.5339787122629124,-0.3912897368497962,0.373179176172824,-0.0300947855823269
0.4210777262745461,-0.16988837225830958,-0.4640291883353377,0.018791264651596317,0.5863641561691995,0.2945243112739994,0.8851069146098838,0.1325972993048151,0.5074561844403738,1.4550191268290122,0.5333344403320006,-0.3924919942923014,0.3737083995446445,-0.0293680621840662
0.4210777262745461,-0.16988837225830958,-0.4640291883353377,0.018791264651596317,0.5863641561691995,0.2945243112739994,0.8851069146098838,0.131661571024205,0.509542398311898,1.453667306259688,0.5326901684010887,-0.3936942517348065,0.3742376229164649,-0.0286413387858055
0.4210777262745461,-0.16988837225830958,-0.4640291883353377,0.018791264651596317,0.5863641561691995,0.2945243112739994,0.8851069146098838,0.1307258427435949,0.5116286121834221,1.4523154856903642,0.5320458964701769,-0.3948965091773117,0.3747668462882854,-0.0279146153875448
0.4210777262745461,-0.16988837225830958,-0.4640291883353377,0.018791264651596317,0.5863641561691995,0.2945243112739994,0.8851069146098838,0.1297901144629848,0.5137148260549462,1.45096366512104,0.531401624539265,-0.3960987666198169,0.3752960696601058,-0.0271878919892841
0.4210777262745461,-0.16988837225830958,-0.4640291883353377,0.018791264651596317,0.5863641561691995,0.2945243112739994,0.8851069146098838,0.1288543861823747,0.5158010399264704,1.449611844551716,0.5307573526083531,-0.3973010240623221,0.3758252930319263,-0.0264611685910233
0.4210777262745461,-0.16988837225830958,-0.4640291883353377,0.018791264651596317,0.5863641561691995,0.2945243112739994,0.8851069146098838,0.1288543861823747,0.5158010399264704,1.449611844551716,0.5307573526083531,-0.3973010240623221,0.3758252930319263,-0.0264611685910233
0.4210777262745461,-0.16988837225830958,-0.4640291883353377,0.018791264651596317,0.5863641561691995,0.2945243112739994,0.8851069146098838,0.12931841537071,0.5139775202648716,1.4502407766747492,0.5313671099715376,-0.3976308299317175,0.3762241280367766,-0.0264592511150385
0.4210777262745461,-0.16988837225830958,-0.4640291883353377,0.018791264651596317,0.5863641561691995,0.2945243112739994,0.8851069146098838,0.1297824445590454,0.5121540006032729,1.450869708797782,0.5319768673347219,-0.3979606358011128,0.3766229630416267,-0.0264573336390536
0.4210777262745461,-0.16988837225830958,-0.4640291883353377,0.018791264651596317,0.5863641561691995,0.2945243112739994,0.8851069146098838,0.1302464737473807,0.5103304809416741,1.451498640920815,0.5325866246979064,-0.3982904416705082,0.3770217980464769,-0.0264554161630688
0.4210777262745461,-0.16988837225830958,-0.4640291883353377,0.018791264651596317,0.5863641561691995,0.2945243112739994,0.8851069146098838,0.130710502935716,0.5085069612800752,1.4521275730438483,0.533196382061091,-0.3986202475399036,0.3774206330513272,-0.0264534986870839
0.4210777262745461,-0.16988837225830958,-0.4640291883353377,0.018791264651596317,0.5863641561691995,0.2945243112739994,0.8851069146098838,0.1311745321240514,0.5066834416184766,1.4527565051668812,0.5338061394242753,-0.3989500534092989,0.3778194680561774,-0.0264515812110991
0.4210777262745461,-0.16988837225830958,-0.4640291883353377,0.018791264651596317,0.5863641561691995,0.2945243112739994,0.8851069146098838,0.1316385613123867,0.5048599219568777,1.4533854372899142,0.5344158967874598,-0.3992798592786943,0.3782183030610276,-0.0264496637351142
0.4210777262745461,-0.16988837225830958,-0.4640291883353377,0.018791264651596317,0.5863641561691995,0.2945243112739994,0.8851069146098838,0.1321025905007221,0.5030364022952789,1.4540143694129473,0.5350256541506443,-0.3996096651480897,0.3786171380658778,-0.0264477462591293
0.4210777262745461,-0.16988837225830958,-0.4640291883353377,0.018791264651596317,0.5863641561691995,0.2945243112739994,0.8851069146098838,0.1325666196890574,0.5012128826336801,1.45464330153598,0.5356354115138287,-0.399939471017485,0.379015973070728,-0.0264458287831445
0.4210777262745461,-0.16988837225830958,-0.4640291883353377,0.018791264651596317,0.5863641561691995,0.2945243112739994,0.8851069146098838,0.1330306488773927,0.4993893629720813,1.4552722336590131,0.5362451688770131,-0.4002692768868804,0.3794148080755782,-0.0264439113071596
0.4210777262745461,-0.16988837225830958,-0.4640291883353377,0.018791264651596317,0.5863641561691995,0.2945243112739994,0.8851069146098838,0.1334946780657281,0.4975658433104825,1.4559011657820462,0.5368549262401976,-0.4005990827562758,0.3798136430804283,-0.0264419938311748
0.4210777262745461,-0.16988837225830958,-0.4640291883353377,0.018791264651596317,0.5863641561691995,0.2945243112739994,0.8851069146098838,0.1339587072540634,0.4957423236488837,1.4565300979050793,0.537464683603382,-0.4009288886256711,0.3802124780852786,-0.0264400763551899
0.4210777262745461,-0.16988837225830958,-0.4640291883353377,0.018791264651596317,0.5863641561691995,0.2945243112739994,0.8851069146098838,0.1344227364423988,0.493918803987285,1.4571590300281123,0.5380744409665665,-0.4012586944950665,0.3806113130901288,-0.0264381588792051
0.4210777262745461,-0.16988837225830958,-0.4640291883353377,0.018791264651596317,0.5863641561691995,0.2945243112739994,0.8851069146098838,0.1348867656307341,0.4920952843256862,1.4577879621511456,0.538684198329751,-0.4015885003644619,0.3810101480949791,-0.0264362414032202
0.4210777262745461,-0.16988837225830958,-0.4640291883353377,0.018791264651596317,0.5863641561691995,0.2945243112739994,0.8851069146098838,0.1353507948190694,0.4902717646640874,1.4584168942741782,0.5392939556929354,-0.4019183062338572,0.3814089830998292,-0.0264343239272353
0.4210777262745461,-0.16988837225830958,-0.4640291883353377,0.018791264651596317,0.5863641561691995,0.2945243112739994,0.8851069146098838,0.1358148240074048,0.4884482450024886,1.4590458263972117,0.5399037130561198,-0.4022481121032526,0.3818078181046795,-0.0264324064512505
0.4210777262745461,-0.16988837225830958,-0.4640291883353377,0.018791264651596317,0.5863641561691995,0.2945243112739994,0.8851069146098838,0.1362788531957401,0.4866247253408898,1.4596747585202443,0.5405134704193044,-0.4025779179726479,0.3822066531095296,-0.0264304889752656
0.4210777262745461,-0.16988837225830958,-0.4640291883353377,0.018791264651596317,0.5863641561691995,0.2945243112739994,0.8851069146098838,0.1367428823840755,0.4848012056792911,1.4603036906432774,0.5411232277824888,-0.4029077238420433,0.3826054881143799,-0.0264285714992808
0.4210777262745461,-0.16988837225830958,-0.4640291883353377,0.018791264651596317,0.5863641561691995,0.2945243112739994,0.8851069146098838,0.1372069115724108,0.4829776860176922,1.4609326227663104,0.5417329851456733,-0.4032375297114387,0.38300432311923,-0.0264266540232959
0.4210777262745461,-0.16988837225830958,-0.4640291883353377,0.018791264651596317,0.5863641561691995,0.2945243112739994,0.8851069146098838,0.1376709407607461,0.4811541663560935,1.4615615548893437,0.5423427425088577,-0.4035673355808341,0.3834031581240803,-0.0264247365473111
0.4210777262745461,-0.16988837225830958,-0.4640291883353377,0.018791264651596317,0.5863641561691995,0.2945243112739994,0.8851069146098838,0.1381349699490815,0.4793306466944947,1.4621904870123767,0.5429524998720422,-0.4038971414502294,0.3838019931289305,-0.0264228190713262
0.4210777262745461,-0.16988837225830958,-0.4640291883353377,0.018791264651596317,0.5863641561691995,0.2945243112739994,0.8851069146098838,0.1385989991374168,0.4775071270328959,1.4628194191354096,0.5435622572352267,-0.4042269473196248,0.3842008281337807,-0.0264209015953413
0.4210777262745461,-0.16988837225830958,-0.4640291883353377,0.018791264651596317,0.5863641561691995,0.2945243112739994,0.8851069146098838,0.1390630283257521,0.4756836073712971,1.4634483512584426,0.544172014598411,-0.4045567531890201,0.3845996631386309,-0.0264189841193565
0.4210777262745461,-0.16988837225830958,-0.4640291883353377,0.018791264651596317,0.5863641561691995,0.2945243112739994,0.8851069146098838,0.1395270575140875,0.4738600877096983,1.4640772833814757,0.5447817719615955,-0.4048865590584155,0.3849984981434811,-0.0264170666433716
0.4210777262745461,-0.16988837225830958,-0.4640291883353377,0.018791264651596317,0.5863641561691995,0.2945243112739994,0.8851069146098838,0.1399910867024228,0.4720365680480995,1.4647062155045083,0.54539152932478,-0.4052163649278109,0.3853973331483313,-0.0264151491673868
0.4210777262745461,-0.16988837225830958,-0.4640291883353377,0.018791264651596317,0.5863641561691995,0.2945243112739994,0.8851069146098838,0.1404551158907581,0.4702130483865008,1.4653351476275416,0.5460012866879644,-0.4055461707972063,0.3857961681531815,-0.0264132316914019
0.4210777262745461,-0.16988837225830958,-0.4640291883353377,0.018791264651596317,0.5863641561691995,0.2945243112739994,0.8851069146098838,0.1409191450790935,0.4683895287249019,1.4659640797505746,0.5466110440511488,-0.4058759766666016,0.3861950031580318,-0.0264113142154171
0.4210777262745461,-0.16988837225830958,-0.4640291883353377,0.018791264651596317,0.5863641561691995,0.2945243112739994,0.8851069146098838,0.1413831742674288,0.4665660090633032,1.4665930118736077,0.5472208014143334,-0.406205782535997,0.3865938381628819,-0.0264093967394322
0.4210777262745461,-0.16988837225830958,-0.4640291883353377,0.018791264651596317,0.5863641561691995,0.2945243112739994,0.8851069146098838,0.1418472034557642,0.4647424894017044,1.4672219439966407,0.5478305587775177,-0.4065355884053923,0.3869926731677321,-0.0264074792634474
0.4210777262745461,-0.16988837225830958,-0.4640291883353377,0.018791264651596317,0.5863641561691995,0.2945243112739994,0.8851069146098838,0.1423112326440995,0.4629189697401056,1.4678508761196736,0.5484403161407022,-0.4068653942747877,0.3873915081725824,-0.0264055617874625
0.4210777262745461,-0.16988837225830958,-0.4640291883353377,0.018791264651596317,0.5863641561691995,0.2945243112739994,0.8851069146098838,0.1427752618324348,0.4610954500785068,1.4684798082427066,0.5490500735038867,-0.4071952001441831,0.3877903431774325,-0.0264036443114776
0.4210777262745461,-0.16988837225830958,-0.4640291883353377,0.018791264651596317,0.5863641561691995,0.2945243112739994,0.8851069146098838,0.1432392910207702,0.459271930416908,1.4691087403657397,0.549659830867071,-0.4075250060135784,0.3881891781822827,-0.0264017268354928
0.4210777262745461,-0.16988837225830958,-0.4640291883353377,0.018791264651596317,0.5863641561691995,0.2945243112739994,0.8851069146098838,0.1437033202091055,0.4574484107553092,1.4697376724887723,0.5502695882302556,-0.4078548118829738,0.388588013187133,-0.0263998093595079
0.4210777262745461,-0.16988837225830958,-0.4640291883353377,0.018791264651596317,0.5863641561691995,0.2945243112739994,0.8851069146098838,0.1441673493974408,0.4556248910937104,1.4703666046118056,0.55087934559344,-0.4081846177523691,0.3889868481919832,-0.0263978918835231
0.4210777262745461,-0.16988837225830958,-0.4640291883353377,0.018791264651596317,0.5863641561691995,0.2945243112739994,0.8851069146098838,0.1446313785857762,0.4538013714321116,1.4709955367348388,0.5514891029566245,-0.4085144236217645,0.3893856831968334,-0.0263959744075382
0.4210777262745461,-0.16988837225830958,-0.4640291883353377,0.018791264651596317,0.5863641561691995,0.2945243112739994,0.8851069146098838,0.1450954077741115,0.4519778517705128,1.4716244688578717,0.5520988603198089,-0.4088442294911598,0.3897845182016836,-0.0263940569315534
0.4210777262745461,-0.16988837225830958,-0.4640291883353377,0.018791264651596317,0.5863641561691995,0.2945243112739994,0.8851069146098838,0.1455594369624469,0.4501543321089142,1.472253400980905,0.5527086176829934,-0.4091740353605552,0.3901833532065338,-0.0263921394555685
0.4210777262745461,-0.16988837225830958,-0.4640291883353377,0.018791264651596317,0.5863641561691995,0.2945243112739994,0.8851069146098838,0.1460234661507822,0.4483308124473153,1.4728823331039378,0.5533183750461778,-0.4095038412299506,0.390582188211384,-0.0263902219795836
0.4210777262745461,-0.16988837225830958,-0.4640291883353377,0.018791264651596317,0.5863641561691995,0.2945243112739994,0.8851069146098838,0.1464874953391176,0.4465072927857166,1.4735112652269708,0.5539281324093623,-0.409833647099346,0.3909810232162342,-0.0263883045035988
0.4210777262745461,-0.16988837225830958,-0.4640291883353377,0.018791264651596317,0.5863641561691995,0.2945243112739994,0.8851069146098838,0.1469515245274529,0.4446837731241178,1.4741401973500037,0.5545378897725467,-0.4101634529687413,0.3913798582210844,-0.0263863870276139
0.4210777262745461,-0.16988837225830958,-0.4640291883353377,0.018791264651596317,0.5863641561691995,0.2945243112739994,0.8851069146098838,0.1474155537157882,0.442860253462519,1.474769129473037,0.5551476471357312,-0.4104932588381367,0.3917786932259347,-0.0263844695516291
0.4210777262745461,-0.16988837225830958,-0.4640291883353377,0.018791264651596317,0.5863641561691995,0.2945243112739994,0.8851069146098838,0.1478795829041236,0.4410367338009202,1.4753980615960698,0.5557574044989156,-0.410823064707532,0.3921775282307849,-0.0263825520756442
0.4210777262745461,-0.16988837225830958,-0.4640291883353377,0.018791264651596317,0.5863641561691995,0.2945243112739994,0.8851069146098838,0.1483436120924589,0.4392132141393214,1.4760269937191028,0.5563671618621001,-0.4111528705769274,0.3925763632356351,-0.0263806345996594
0.4210777262745461,-0.16988837225830958,-0.4640291883353377,0.018791264651596317,0.5863641561691995,0.2945243112739994,0.8851069146098838,0.1488076412807942,0.4373896944777226,1.476655925842136,0.5569769192252845,-0.4114826764463228,0.3929751982404853,-0.0263787171236745
0.4210777262745461,-0.16988837225830958,-0.4640291883353377,0.018791264651596317,0.5863641561691995,0.2945243112739994,0.8851069146098838,0.1492716704691296,0.4355661748161238,1.4772848579651692,0.557586676588469,-0.4118124823157182,0.3933740332453355,-0.0263767996476896
0.4210777262745461,-0.16988837225830958,-0.4640291883353377,0.018791264651596317,0.5863641561691995,0.2945243112739994,0.8851069146098838,0.1497356996574649,0.433742655154525,1.477913790088202,0.5581964339516534,-0.4121422881851135,0.3937728682501857,-0.0263748821717048
0.4210777262745461,-0.16988837225830958,-0.4640291883353377,0.018791264651596317,0.5863641561691995,0.2945243112739994,0.8851069146098838,0.1501997288458003,0.4319191354929262,1.478542722211235,0.5588061913148379,-0.4124720940545089,0.3941717032550359,-0.0263729646957199
0.4210777262745461,-0.16988837225830958,-0.4640291883353377,0.018791264651596317,0.5863641561691995,0.2945243112739994,0.8851069146098838,0.1506637580341356,0.4300956158313275,1.479171654334268,0.5594159486780224,-0.4128018999239042,0.3945705382598861,-0.0263710472197351
0.4210777262745461,-0.16988837225830958,-0.4640291883353377,0.018791264651596317,0.5863641561691995,0.2945243112739994,0.8851069146098838,0.1511277872224709,0.4282720961697286,1.479800586457301,0.5600257060412068,-0.4131317057932996,0.3949693732647363,-0.0263691297437502
0.4210777262745461,-0.16988837225830958,-0.4640291883353377,0.018791264651596317,0.5863641561691995,0.2945243112739994,0.8851069146098838,0.1515918164108062,0.4264485765081299,1.480429518580334,0.5606354634043913,-0.4134615116626949,0.3953682082695865,-0.0263672122677654
0.4210777262745461,-0.16988837225830958,-0.4640291883353377,0.018791264651596317,0.5863641561691995,0.2945243112739994,0.8851069146098838,0.1520558455991416,0.4246250568465312,1.481058450703367,0.5612452207675758,-0.4137913175320903,0.3957670432744367,-0.0263652947917805
0.4210777262745461,-0.16988837225830958,-0.4640291883353377,0.018791264651596317,0.5863641561691995,0.2945243112739994,0.8851069146098838,0.1525198747874769,0.4228015371849323,1.4816873828264,0.5618549781307601,-0.4141211234014857,0.3961658782792869,-0.0263633773157956
0.4210777262745461,-0.16988837225830958,-0.4640291883353377,0.018791264651596317,0.5863641561691995,0.2945243112739994,0.8851069146098838,0.1529839039758123,0.4209780175233336,1.4823163149494332,0.5624647354939446,-0.4144509292708811,0.3965647132841371,-0.0263614598398108
0.4210777262745461,-0.16988837225830958,-0.4640291883353377,0.018791264651596317,0.5863641561691995,0.2945243112739994,0.8851069146098838,0.1534479331641476,0.4191544978617347,1.482945247072466,0.5630744928571291,-0.4147807351402764,0.3969635482889873,-0.0263595423638259
0.4210777262745461,-0.16988837225830958,-0.4640291883353377,0.018791264651596317,0.5863641561691995,0.2945243112739994,0.8851069146098838,0.1539119623524829,0.417330978200136,1.483574179195499,0.5636842502203134,-0.4151105410096718,0.3973623832938376,-0.0263576248878411
0.4210777262745461,-0.16988837225830958,-0.4640291883353377,0.018791264651596317,0.5863641561691995,0.2945243112739994,0.8851069146098838,0.1543759915408183,0.4155074585385372,1.484203111318532,0.564294007583498,-0.4154403468790671,0.3977612182986878,-0.0263557074118562
0.4210777262745461,-0.16988837225830958,-0.4640291883353377,0.018791264651596317,0.5863641561691995,0.2945243112739994,0.8851069146098838,0.1548400207291536,0.4136839388769384,1.4848320434415652,0.5649037649466824,-0.4157701527484625,0.398160053303538,-0.0263537899358714
0.4210777262745461,-0.16988837225830958,-0.4640291883353377,0.018791264651596317,0.5863641561691995,0.2945243112739994,0.8851069146098838,0.155304049917489,0.4118604192153396,1.4854609755645982,0.565513522309867,-0.4160999586178578,0.3985588883083882,-0.0263518724598865
0.4210777262745461,-0.16988837225830958,-0.4640291883353377,0.018791264651596317,0.5863641561691995,0.2945243112739994,0.8851069146098838,0.1557680791058243,0.4100368995537408,1.4860899076876313,0.5661232796730513,-0.4164297644872532,0.3989577233132383,-0.0263499549839016
0.4210777262745461,-0.16988837225830958,-0.4640291883353377,0.018791264651596317,0.5863641561691995,0.2945243112739994,0.8851069146098838,0.1562321082941596,0.408213379892142,1.4867188398106643,0.5667330370362358,-0.4167595703566487,0.3993565583180886,-0.0263480375079168
0.4210777262745461,-0.16988837225830958,-0.4640291883353377,0.018791264651596317,0.5863641561691995,0.2945243112739994,0.8851069146098838,0.156696137482495,0.4063898602305432,1.4873477719336972,0.5673427943994203,-0.417089376226044,0.3997553933229387,-0.0263461200319319
0.4210777262745461,-0.16988837225830958,-0.4640291883353377,0.018791264651596317,0.5863641561691995,0.2945243112739994,0.8851069146098838,0.1571601666708303,0.4045663405689444,1.4879767040567304,0.5679525517626047,-0.4174191820954394,0.400154228327789,-0.0263442025559471
0.4210777262745461,-0.16988837225830958,-0.4640291883353377,0.018791264651596317,0.5863641561691995,0.2945243112739994,0.8851069146098838,0.1576241958591656,0.4027428209073456,1.4886056361797633,0.5685623091257891,-0.4177489879648347,0.4005530633326392,-0.0263422850799622
0.4210777262745461,-0.16988837225830958,-0.4640291883353377,0.018791264651596317,0.5863641561691995,0.2945243112739994,0.8851069146098838,0.158088225047501,0.4009193012457469,1.4892345683027963,0.5691720664889737,-0.4180787938342301,0.4009518983374894,-0.0263403676039774
0.4210777262745461,-0.16988837225830958,-0.4640291883353377,0.018791264651596317,0.5863641561691995,0.2945243112739994,0.8851069146098838,0.1585522542358363,0.399095781584148,1.4898635004258294,0.569781823852158,-0.4184085997036254,0.4013507333423396,-0.0263384501279925
0.4210777262745461,-0.16988837225830958,-0.4640291883353377,0.018791264651596317,0.5863641561691995,0.2945243112739994,0.8851069146098838,0.1590162834241717,0.3972722619225494,1.4904924325488624,0.5703915812153425,-0.4187384055730209,0.4017495683471899,-0.0263365326520077
0.4210777262745461,-0.16988837225830958,-0.4640291883353377,0.018791264651596317,0.5863641561691995,0.2945243112739994,0.8851069146098838,0.159480312612507,0.3954487422609505,1.4911213646718957,0.571001338578527,-0.4190682114424161,0.40214840335204,-0.0263346151760228
0.4210777262745461,-0.16988837225830958,-0.4640291883353377,0.018791264651596317,0.5863641561691995,0.2945243112739994,0.8851069146098838,0.1599443418008423,0.3936252225993518,1.4917502967949283,0.5716110959417114,-0.4193980173118116,0.4025472383568903,-0.0263326977000379
0.4210777262745461,-0.16988837225830958,-0.4640291883353377,0.018791264651596317,0.5863641561691995,0.2945243112739994,0.8851069146098838,0.1604083709891777,0.3918017029377529,1.4923792289179612,0.5722208533048958,-0.4197278231812068,0.4029460733617404,-0.0263307802240531
0.4210777262745461,-0.16988837225830958,-0.4640291883353377,0.018791264651596317,0.5863641561691995,0.2945243112739994,0.8851069146098838,0.160872400177513,0.3899781832761542,1.4930081610409944,0.5728306106680803,-0.4200576290506023,0.4033449083665906,-0.0263288627480682
0.4210777262745461,-0.16988837225830958,-0.4640291883353377,0.018791264651596317,0.5863641561691995,0.2945243112739994,0.8851069146098838,0.1613364293658483,0.3881546636145554,1.4936370931640273,0.5734403680312647,-0.4203874349199976,0.4037437433714409,-0.0263269452720834
0.4210777262745461,-0.16988837225830958,-0.4640291883353377,0.018791264651596317,0.5863641561691995,0.2945243112739994,0.8851069146098838,0.1618004585541837,0.3863311439529566,1.4942660252870603,0.5740501253944492,-0.420717240789393,0.4041425783762911,-0.0263250277960985
0.4210777262745461,-0.16988837225830958,-0.4640291883353377,0.018791264651596317,0.5863641561691995,0.2945243112739994,0.8851069146098838,0.162264487742519,0.3845076242913578,1.4948949574100934,0.5746598827576337,-0.4210470466587883,0.4045414133811413,-0.0263231103201137
0.4210777262745461,-0.16988837225830958,-0.4640291883353377,0.018791264651596317,0.5863641561691995,0.2945243112739994,0.8851069146098838,0.1627285169308543,0.382684104629759,1.4955238895331266,0.5752696401208182,-0.4213768525281837,0.4049402483859915,-0.0263211928441288
0.4210777262745461,-0.16988837225830958,-0.4640291883353377,0.018791264651596317,0.5863641561691995,0.2945243112739994,0.8851069146098838,0.1631925461191897,0.3808605849681603,1.4961528216561597,0.5758793974840026,-0.4217066583975791,0.4053390833908417,-0.0263192753681439
0.4210777262745461,-0.16988837225830958,-0.4640291883353377,0.018791264651596317,0.5863641561691995,0.2945243112739994,0.8851069146098838,0.1636565753075251,0.3790370653065614,1.4967817537791923,0.576489154847187,-0.4220364642669744,0.4057379183956919,-0.0263173578921591
0.4210777262745461,-0.16988837225830958,-0.4640291883353377,0.018791264651596317,0.5863641561691995,0.2945243112739994,0.8851069146098838,0.1641206044958604,0.3772135456449627,1.4974106859022256,0.5770989122103715,-0.4223662701363698,0.4061367534005421,-0.0263154404161742
0.4210777262745461,-0.16988837225830958,-0.4640291883353377,0.018791264651596317,0.5863641561691995,0.2945243112739994,0.8851069146098838,0.1645846336841957,0.3753900259833639,1.4980396180252584,0.5777086695735559,-0.4226960760057652,0.4065355884053924,-0.0263135229401894
0.4210777262745461,-0.16988837225830958,-0.4640291883353377,0.018791264651596317,0.5863641561691995,0.2945243112739994,0.8851069146098838,0.165048662872531,0.3735665063217651,1.4986685501482917,0.5783184269367403,-0.4230258818751605,0.4069344234102425,-0.0263116054642045
0.4210777262745461,-0.16988837225830958,-0.4640291883353377,0.018791264651596317,0.5863641561691995,0.2945243112739994,0.8851069146098838,0.1655126920608664,0.3717429866601663,1.4992974822713243,0.5789281842999248,-0.4233556877445559,0.4073332584150927,-0.0263096879882197
0.4210777262745461,-0.16988837225830958,-0.4640291883353377,0.018791264651596317,0.5863641561691995,0.2945243112739994,0.8851069146098838,0.1659767212492017,0.3699194669985675,1.4999264143943578,0.5795379416631092,-0.4236854936139512,0.407732093419943,-0.0263077705122348
0.4210777262745461,-0.16988837225830958,-0.4640291883353377,0.018791264651596317,0.5863641561691995,0.2945243112739994,0.8851069146098838,0.1664407504375371,0.3680959473369687,1.5005553465173906,0.5801476990262937,-0.4240152994833466,0.4081309284247931,-0.0263058530362499
0.4210777262745461,-0.16988837225830958,-0.4640291883353377,0.018791264651596317,0.5863641561691995,0.2945243112739994,0.8851069146098838,0.1669047796258724,0.36627242767537,1.501184278640424,0.5807574563894782,-0.424345105352742,0.4085297634296434,-0.0263039355602651
0.4210777262745461,-0.16988837225830958,-0.4640291883353377,0.018791264651596317,0.5863641561691995,0.2945243112739994,0.8851069146098838,0.1673688088142077,0.3644489080137711,1.5018132107634568,0.5813672137526626,-0.4246749112221373,0.4089285984344936,-0.0263020180842802
0.4210777262745461,-0.16988837225830958,-0.4640291883353377,0.018791264651596317,0.5863641561691995,0.2945243112739994,0.8851069146098838,0.1678328380025431,0.3626253883521724,1.5024421428864896,0.5819769711158471,-0.4250047170915327,0.4093274334393438,-0.0263001006082954
0.4210777262745461,-0.16988837225830958,-0.4640291883353377,0.018791264651596317,0.5863641561691995,0.2945243112739994,0.8851069146098838,0.1682968671908784,0.3608018686905736,1.5030710750095226,0.5825867284790316,-0.4253345229609281,0.409726268444194,-0.0262981831323105
0.4210777262745461,-0.16988837225830958,-0.4640291883353377,0.018791264651596317,0.5863641561691995,0.2945243112739994,0.8851069146098838,0.1687608963792138,0.3589783490289748,1.5037000071325557,0.5831964858422161,-0.4256643288303234,0.4101251034490442,-0.0262962656563257
0.4210777262745461,-0.16988837225830958,-0.4640291883353377,0.018791264651596317,0.5863641561691995,0.2945243112739994,0.8851069146098838,0.1692249255675491,0.357154829367376,1.5043289392555887,0.5838062432054004,-0.4259941346997188,0.4105239384538944,-0.0262943481803408
0.4210777262745461,-0.16988837225830958,-0.4640291883353377,0.018791264651596317,0.5863641561691995,0.2945243112739994,0.8851069146098838,0.1696889547558844,0.3553313097057772,1.5049578713786218,0.584416000568585,-0.4263239405691141,0.4109227734587446,-0.0262924307043559
0.4210777262745461,-0.16988837225830958,-0.4640291883353377,0.018791264651596317,0.5863641561691995,0.2945243112739994,0.8851069146098838,0.1701529839442198,0.3535077900441784,1.5055868035016546,0.5850257579317693,-0.4266537464385095,0.4113216084635948,-0.0262905132283711
0.4210777262745461,-0.16988837225830958,-0.4640291883353377,0.018791264651596317,0.5863641561691995,0.2945243112739994,0.8851069146098838,0.1706170131325551,0.3516842703825797,1.506215735624688,0.5856355152949538,-0.4269835523079049,0.411720443468445,-0.0262885957523862
0.4210777262745461,-0.16988837225830958,-0.4640291883353377,0.018791264651596317,0.5863641561691995,0.2945243112739994,0.8851069146098838,0.1710810423208904,0.3498607507209809,1.5068446677477207,0.5862452726581382,-0.4273133581773002,0.4121192784732952,-0.0262866782764014
0.4210777262745461,-0.16988837225830958,-0.4640291883353377,0.018791264651596317,0.5863641561691995,0.2945243112739994,0.8851069146098838,0.1715450715092258,0.3480372310593821,1.507473599870754,0.5868550300213227,-0.4276431640466956,0.4125181134781455,-0.0262847608004165
0.4210777262745461,-0.16988837225830958,-0.4640291883353377,0.018791264651596317,0.5863641561691995,0.2945243112739994,0.8851069146098838,0.1720091006975611,0.3462137113977833,1.5081025319937869,0.5874647873845071,-0.4279729699160909,0.4129169484829956,-0.0262828433244317
0.4210777262745461,-0.16988837225830958,-0.4640291883353377,0.018791264651596317,0.5863641561691995,0.2945243112739994,0.8851069146098838,0.1724731298858964,0.3443901917361845,1.50873146411682,0.5880745447476916,-0.4283027757854863,0.4133157834878458,-0.0262809258484468
0.4210777262745461,-0.16988837225830958,-0.4640291883353377,0.018791264651596317,0.5863641561691995,0.2945243112739994,0.8851069146098838,0.1729371590742318,0.3425666720745858,1.509360396239853,0.5886843021108761,-0.4286325816548817,0.4137146184926961,-0.0262790083724619
0.4210777262745461,-0.16988837225830958,-0.4640291883353377,0.018791264651596317,0.5863641561691995,0.2945243112739994,0.8851069146098838,0.1734011882625671,0.3407431524129869,1.5099893283628858,0.5892940594740605,-0.428962387524277,0.4141134534975463,-0.0262770908964771
0.4210777262745461,-0.16988837225830958,-0.4640291883353377,0.018791264651596317,0.5863641561691995,0.2945243112739994,0.8851069146098838,0.1738652174509025,0.3389196327513882,1.510618260485919,0.589903816837245,-0.4292921933936724,0.4145122885023965,-0.0262751734204922
0.4210777262745461,-0.16988837225830958,-0.4640291883353377,0.018791264651596317,0.5863641561691995,0.2945243112739994,0.8851069146098838,0.1743292466392378,0.3370961130897894,1.511247192608952,0.5905135742004294,-0.4296219992630678,0.4149111235072467,-0.0262732559445074
0.4210777262745461,-0.16988837225830958,-0.4640291883353377,0.018791264651596317,0.5863641561691995,0.2945243112739994,0.8851069146098838,0.1747932758275731,0.3352725934281906,1.5118761247319852,0.591123331563614,-0.4299518051324632,0.4153099585120969,-0.0262713384685225
0.4210777262745461,-0.16988837225830958,-0.4640291883353377,0.018791264651596317,0.5863641561691995,0.2945243112739994,0.8851069146098838,0.1752573050159085,0.3334490737665918,1.512505056855018,0.5917330889267983,-0.4302816110018586,0.4157087935169471,-0.0262694209925377
0.4210777262745461,-0.16988837225830958,-0.4640291883353377,0.018791264651596317,0.5863641561691995,0.2945243112739994,0.8851069146098838,0.1757213342042438,0.331625554104993,1.5131339889780508,0.5923428462899827,-0.4306114168712539,0.4161076285217973,-0.0262675035165528
0.4210777262745461,-0.16988837225830958,-0.4640291883353377,0.018791264651596317,0.5863641561691995,0.2945243112739994,0.8851069146098838,0.1761853633925791,0.3298020344433942,1.513762921101084,0.5929526036531673,-0.4309412227406493,0.4165064635266475,-0.0262655860405679
0.4210777262745461,-0.16988837225830958,-0.4640291883353377,0.018791264651596317,0.5863641561691995,0.2945243112739994,0.8851069146098838,0.1766493925809145,0.3279785147817954,1.514391853224117,0.5935623610163516,-0.4312710286100446,0.4169052985314977,-0.0262636685645831
0.4210777262745461,-0.16988837225830958,-0.4640291883353377,0.018791264651596317,0.5863641561691995,0.2945243112739994,0.8851069146098838,0.1771134217692498,0.3261549951201967,1.5150207853471502,0.5941721183795361,-0.43160083447944,0.4173041335363479,-0.0262617510885982
0.4210777262745461,-0.16988837225830958,-0.4640291883353377,0.018791264651596317,0.5863641561691995,0.2945243112739994,0.8851069146098838,0.1775774509575852,0.3243314754585978,1.515649717470183,0.5947818757427206,-0.4319306403488354,0.4177029685411981,-0.0262598336126134
0.4210777262745461,-0.16988837225830958,-0.4640291883353377,0.018791264651596317,0.5863641561691995,0.2945243112739994,0.8851069146098838,0.1780414801459205,0.3225079557969991,1.516278649593216,0.595391633105905,-0.4322604462182307,0.4181018035460483,-0.0262579161366285
0.4210777262745461,-0.16988837225830958,-0.4640291883353377,0.018791264651596317,0.5863641561691995,0.2945243112739994,0.8851069146098838,0.1785055093342558,0.3206844361354003,1.5169075817162492,0.5960013904690895,-0.4325902520876261,0.4185006385508986,-0.0262559986606437
0.4210777262745461,-0.16988837225830958,-0.4640291883353377,0.018791264651596317,0.5863641561691995,0.2945243112739994,0.8851069146098838,0.1789695385225912,0.3188609164738015,1.517536513839282,0.596611147832274,-0.4329200579570215,0.4188994735557487,-0.0262540811846588
0.4210777262745461,-0.16988837225830958,-0.4640291883353377,0.018791264651596317,0.5863641561691995,0.2945243112739994,0.8851069146098838,0.1794335677109265,0.3170373968122027,1.5181654459623153,0.5972209051954585,-0.4332498638264168,0.419298308560599,-0.026252163708674
0.4210777262745461,-0.16988837225830958,-0.4640291883353377,0.018791264651596317,0.5863641561691995,0.2945243112739994,0.8851069146098838,0.1798975968992618,0.3152138771506039,1.518794378085348,0.5978306625586428,-0.4335796696958122,0.4196971435654492,-0.0262502462326891
0.4210777262745461,-0.16988837225830958,-0.4640291883353377,0.018791264651596317,0.5863641561691995,0.2945243112739994,0.8851069146098838,0.1803616260875972,0.3133903574890052,1.5194233102083812,0.5984404199218273,-0.4339094755652075,0.4200959785702993,-0.0262483287567042
0.4210777262745461,-0.16988837225830958,-0.4640291883353377,0.018791264651596317,0.5863641561691995,0.2945243112739994,0.8851069146098838,0.1808256552759325,0.3115668378274063,1.5200522423314142,0.5990501772850118,-0.4342392814346029,0.4204948135751496,-0.0262464112807194
0.4210777262745461,-0.16988837225830958,-0.4640291883353377,0.018791264651596317,0.5863641561691995,0.2945243112739994,0.8851069146098838,0.1812896844642678,0.3097433181658076,1.5206811744544473,0.5996599346481962,-0.4345690873039983,0.4208936485799998,-0.0262444938047345
0.4210777262745461,-0.16988837225830958,-0.4640291883353377,0.018791264651596317,0.5863641561691995,0.2945243112739994,0.8851069146098838,0.1817537136526032,0.3079197985042088,1.5213101065774803,0.6002696920113806,-0.4348988931733936,0.42129248358485,-0.0262425763287497
0.4210777262745461,-0.16988837225830958,-0.4640291883353377,0.018791264651596317,0.5863641561691995,0.2945243112739994,0.8851069146098838,0.1822177428409385,0.30609627884261,1.5219390387005132,0.6008794493745651,-0.435228699042789,0.4216913185897002,-0.0262406588527648
0.4210777262745461,-0.16988837225830958,-0.4640291883353377,0.018791264651596317,0.5863641561691995,0.2945243112739994,0.8851069146098838,0.1826817720292739,0.3042727591810112,1.5225679708235464,0.6014892067377495,-0.4355585049121844,0.4220901535945504,-0.02623874137678
0.4210777262745461,-0.16988837225830958,-0.4640291883353377,0.018791264651596317,0.5863641561691995,0.2945243112739994,0.8851069146098838,0.1831458012176092,0.3024492395194125,1.5231969029465793,0.602098964100934,-0.4358883107815797,0.4224889885994006,-0.0262368239007951
0.4210777262745461,-0.16988837225830958,-0.4640291883353377,0.018791264651596317,0.5863641561691995,0.2945243112739994,0.8851069146098838,0.1836098304059445,0.3006257198578137,1.5238258350696126,0.6027087214641185,-0.4362181166509751,0.4228878236042508,-0.0262349064248102
0.4210777262745461,-0.16988837225830958,-0.4640291883353377,0.018791264651596317,0.5863641561691995,0.2945243112739994,0.8851069146098838,0.1840738595942799,0.2988022001962149,1.5244547671926454,0.6033184788273029,-0.4365479225203705,0.4232866586091011,-0.0262329889488254
0.4210777262745461,-0.16988837225830958,-0.4640291883353377,0.018791264651596317,0.5863641561691995,0.2945243112739994,0.8851069146098838,0.1845378887826152,0.2969786805346161,1.5250836993156782,0.6039282361904874,-0.4368777283897658,0.4236854936139513,-0.0262310714728405
0.4210777262745461,-0.16988837225830958,-0.4640291883353377,0.018791264651596317,0.5863641561691995,0.2945243112739994,0.8851069146098838,0.1850019179709505,0.2951551608730173,1.5257126314387115,0.6045379935536718,-0.4372075342591612,0.4240843286188014,-0.0262291539968557
0.4210777262745461,-0.16988837225830958,-0.4640291883353377,0.018791264651596317,0.5863641561691995,0.2945243112739994,0.8851069146098838,0.1854659471592859,0.2933316412114185,1.5263415635617443,0.6051477509168564,-0.4375373401285566,0.4244831636236517,-0.0262272365208708
0.4210777262745461,-0.16988837225830958,-0.4640291883353377,0.018791264651596317,0.5863641561691995,0.2945243112739994,0.8851069146098838,0.1859299763476212,0.2915081215498197,1.5269704956847776,0.6057575082800407,-0.4378671459979519,0.4248819986285019,-0.026225319044886
0.4210777262745461,-0.16988837225830958,-0.4640291883353377,0.018791264651596317,0.5863641561691995,0.2945243112739994,0.8851069146098838,0.1863940055359566,0.289684601888221,1.5275994278078104,0.6063672656432252,-0.4381969518673473,0.4252808336333521,-0.0262234015689011
0.4210777262745461,-0.16988837225830958,-0.4640291883353377,0.018791264651596317,0.5863641561691995,0.2945243112739994,0.8851069146098838,0.1868580347242919,0.2878610822266222,1.5282283599308435,0.6069770230064095,-0.4385267577367426,0.4256796686382023,-0.0262214840929162
0.4210777262745461,-0.16988837225830958,-0.4640291883353377,0.018791264651596317,0.5863641561691995,0.2945243112739994,0.8851069146098838,0.1873220639126273,0.2860375625650234,1.5288572920538763,0.6075867803695941,-0.438856563606138,0.4260785036430525,-0.0262195666169314
0.4210777262745461,-0.16988837225830958,-0.4640291883353377,0.018791264651596317,0.5863641561691995,0.2945243112739994,0.8851069146098838,0.1877860931009626,0.2842140429034246,1.5294862241769094,0.6081965377327785,-0.4391863694755333,0.4264773386479027,-0.0262176491409465
0.4210777262745461,-0.16988837225830958,-0.4640291883353377,0.018791264651596317,0.5863641561691995,0.2945243112739994,0.8851069146098838,0.1882501222892979,0.2823905232418258,1.5301151562999429,0.608806295095963,-0.4395161753449287,0.4268761736527529,-0.0262157316649617
0.4210777262745461,-0.16988837225830958,-0.4640291883353377,0.018791264651596317,0.5863641561691995,0.2945243112739994,0.8851069146098838,0.1887141514776333,0.280567003580227,1.5307440884229755,0.6094160524591474,-0.4398459812143241,0.4272750086576031,-0.0262138141889768
0.4210777262745461,-0.16988837225830958,-0.4640291883353377,0.018791264651596317,0.5863641561691995,0.2945243112739994,0.8851069146098838,0.1891781806659686,0.2787434839186282,1.5313730205460083,0.6100258098223319,-0.4401757870837195,0.4276738436624533,-0.026211896712992
0.4210777262745461,-0.16988837225830958,-0.4640291883353377,0.018791264651596317,0.5863641561691995,0.2945243112739994,0.8851069146098838,0.1896422098543039,0.2769199642570294,1.5320019526690416,0.6106355671855164,-0.4405055929531148,0.4280726786673036,-0.0262099792370071
0.4210777262745461,-0.16988837225830958,-0.4640291883353377,0.018791264651596317,0.5863641561691995,0.2945243112739994,0.8851069146098838,0.1901062390426393,0.2750964445954306,1.5326308847920749,0.6112453245487008,-0.4408353988225102,0.4284715136721537,-0.0262080617610222
0.4210777262745461,-0.16988837225830958,-0.4640291883353377,0.018791264651596317,0.5863641561691995,0.2945243112739994,0.8851069146098838,0.1905702682309746,0.2732729249338319,1.5332598169151077,0.6118550819118853,-0.4411652046919055,0.4288703486770039,-0.0262061442850374
0.4210777262745461,-0.16988837225830958,-0.4640291883353377,0.018791264651596317,0.5863641561691995,0.2945243112739994,0.8851069146098838,0.19103429741931,0.2714494052722331,1.5338887490381403,0.6124648392750697,-0.4414950105613009,0.4292691836818542,-0.0262042268090525
0.4210777262745461,-0.16988837225830958,-0.4640291883353377,0.018791264651596317,0.5863641561691995,0.2945243112739994,0.8851069146098838,0.1914983266076453,0.2696258856106343,1.5345176811611738,0.6130745966382541,-0.4418248164306962,0.4296680186867044,-0.0262023093330677
0.4210777262745461,-0.16988837225830958,-0.4640291883353377,0.018791264651596317,0.5863641561691995,0.2945243112739994,0.8851069146098838,0.1919623557959806,0.2678023659490355,1.5351466132842069,0.6136843540014386,-0.4421546223000916,0.4300668536915545,-0.0262003918570828
0.4210777262745461,-0.16988837225830958,-0.4640291883353377,0.018791264651596317,0.5863641561691995,0.2945243112739994,0.8851069146098838,0.192426384984316,0.2659788462874367,1.5357755454072397,0.6142941113646231,-0.4424844281694869,0.4304656886964048,-0.026198474381098
0.4210777262745461,-0.16988837225830958,-0.4640291883353377,0.018791264651596317,0.5863641561691995,0.2945243112739994,0.8851069146098838,0.1928904141726513,0.2641553266258379,1.5364044775302728,0.6149038687278074,-0.4428142340388824,0.430864523701255,-0.0261965569051131
0.4210777262745461,-0.16988837225830958,-0.4640291883353377,0.018791264651596317,0.5863641561691995,0.2945243112739994,0.8851069146098838,0.1933544433609866,0.2623318069642392,1.5370334096533058,0.6155136260909919,-0.4431440399082778,0.4312633587061052,-0.0261946394291282
0.4210777262745461,-0.16988837225830958,-0.4640291883353377,0.018791264651596317,0.5863641561691995,0.2945243112739994,0.8851069146098838,0.193818472549322,0.2605082873026404,1.5376623417763386,0.6161233834541764,-0.4434738457776731,0.4316621937109554,-0.0261927219531434
0.4210777262745461,-0.16988837225830958,-0.4640291883353377,0.018791264651596317,0.5863641561691995,0.2945243112739994,0.8851069146098838,0.1942825017376573,0.2586847676410416,1.5382912738993717,0.6167331408173609,-0.4438036516470685,0.4320610287158056,-0.0261908044771585
0.4210777262745461,-0.16988837225830958,-0.4640291883353377,0.018791264651596317,0.5863641561691995,0.2945243112739994,0.8851069146098838,0.1947465309259927,0.2568612479794428,1.5389202060224048,0.6173428981805453,-0.4441334575164638,0.4324598637206558,-0.0261888870011737
0.4210777262745461,-0.16988837225830958,-0.4640291883353377,0.018791264651596317,0.5863641561691995,0.2945243112739994,0.8851069146098838,0.195210560114328,0.255037728317844,1.5395491381454378,0.6179526555437298,-0.4444632633858592,0.432858698725506,-0.0261869695251888
0.4210777262745461,-0.16988837225830958,-0.4640291883353377,0.018791264651596317,0.5863641561691995,0.2945243112739994,0.8851069146098838,0.1956745893026633,0.2532142086562452,1.5401780702684709,0.6185624129069143,-0.4447930692552545,0.4332575337303562,-0.026185052049204
0.4210777262745461,-0.16988837225830958,-0.4640291883353377,0.018791264651596317,0.5863641561691995,0.2945243112739994,0.8851069146098838,0.1961386184909987,0.2513906889946464,1.540807002391504,0.6191721702700986,-0.4451228751246499,0.4336563687352064,-0.0261831345732191
0.4210777262745461,-0.16988837225830958,-0.4640291883353377,0.018791264651596317,0.5863641561691995,0.2945243112739994,0.8851069146098838,0.196602647679334,0.2495671693330476,1.541435934514537,0.6197819276332831,-0.4454526809940453,0.4340552037400567,-0.0261812170972342
0.4210777262745461,-0.16988837225830958,-0.4640291883353377,0.018791264651596317,0.5863641561691995,0.2945243112739994,0.8851069146098838,0.1970666768676693,0.2477436496714489,1.5420648666375698,0.6203916849964676,-0.4457824868634406,0.4344540387449068,-0.0261792996212494
0.4210777262745461,-0.16988837225830958,-0.4640291883353377,0.018791264651596317,0.5863641561691995,0.2945243112739994,0.8851069146098838,0.1975307060560047,0.24592013000985,1.5426937987606029,0.621001442359652,-0.446112292732836,0.4348528737497571,-0.0261773821452645
0.4210777262745461,-0.16988837225830958,-0.4640291883353377,0.018791264651596317,0.5863641561691995,0.2945243112739994,0.8851069146098838,0.19799473524434,0.2440966103482513,1.543322730883636,0.6216111997228365,-0.4464420986022314,0.4352517087546073,-0.0261754646692797
0.4210777262745461,-0.16988837225830958,-0.4640291883353377,0.018791264651596317,0.5863641561691995,0.2945243112739994,0.8851069146098838,0.1984587644326754,0.2422730906866525,1.543951663006669,0.6222209570860209,-0.4467719044716267,0.4356505437594575,-0.0261735471932948
0.4210777262745461,-0.16988837225830958,-0.4640291883353377,0.018791264651596317,0.5863641561691995,0.2945243112739994,0.8851069146098838,0.1989227936210107,0.2404495710250537,1.544580595129702,0.6228307144492053,-0.4471017103410221,0.4360493787643077,-0.02617162971731
0.4210777262745461,-0.16988837225830958,-0.4640291883353377,0.018791264651596317,0.5863641561691995,0.2945243112739994,0.8851069146098838,0.199386822809346,0.2386260513634549,1.545209527252735,0.6234404718123898,-0.4474315162104175,0.4364482137691579,-0.0261697122413251
0.4210777262745461,-0.16988837225830958,-0.4640291883353377,0.018791264651596317,0.5863641561691995,0.2945243112739994,0.8851069146098838,0.1998508519976814,0.2368025317018561,1.545838459375768,0.6240502291755743,-0.4477613220798128,0.4368470487740081,-0.0261677947653403
0.4210777262745461,-0.16988837225830958,-0.4640291883353377,0.018791264651596317,0.5863641561691995,0.2945243112739994,0.8851069146098838,0.2003148811860167,0.2349790120402574,1.546467391498801,0.6246599865387588,-0.4480911279492082,0.4372458837788583,-0.0261658772893554
0.4210777262745461,-0.16988837225830958,-0.4640291883353377,0.018791264651596317,0.5863641561691995,0.2945243112739994,0.8851069146098838,0.200778910374352,0.2331554923786586,1.547096323621834,0.6252697439019431,-0.4484209338186035,0.4376447187837085,-0.0261639598133705
0.4210777262745461,-0.16988837225830958,-0.4640291883353377,0.018791264651596317,0.5863641561691995,0.2945243112739994,0.8851069146098838,0.2012429395626874,0.2313319727170598,1.547725255744867,0.6258795012651276,-0.4487507396879989,0.4380435537885587,-0.0261620423373857
0.4210777262745461,-0.16988837225830958,-0.4640291883353377,0.018791264651596317,0.5863641561691995,0.2945243112739994,0.8851069146098838,0.2017069687510227,0.229508453055461,1.5483541878679,0.6264892586283122,-0.4490805455573943,0.4384423887934089,-0.0261601248614008
0.4210777262745461,-0.16988837225830958,-0.4640291883353377,0.018791264651596317,0.5863641561691995,0.2945243112739994,0.8851069146098838,0.2021709979393581,0.2276849333938622,1.5489831199909332,0.6270990159914965,-0.4494103514267897,0.4388412237982591,-0.026158207385416
0.4210777262745461,-0.16988837225830958,-0.4640291883353377,0.018791264651596317,0.5863641561691995,0.2945243112739994,0.8851069146098838,0.2026350271276934,0.2258614137322634,1.5496120521139662,0.627708773354681,-0.449740157296185,0.4392400588031093,-0.0261562899094311
0.4210777262745461,-0.16988837225830958,-0.4640291883353377,0.018791264651596317,0.5863641561691995,0.2945243112739994,0.8851069146098838,0.2030990563160288,0.2240378940706646,1.5502409842369993,0.6283185307178655,-0.4500699631655804,0.4396388938079596,-0.0261543724334463
0.4210777262745461,-0.16988837225830958,-0.4640291883353377,0.018791264651596317,0.5863641561691995,0.2945243112739994,0.8851069146098838,0.2035630855043641,0.2222143744090658,1.550869916360032,0.6289282880810498,-0.4503997690349757,0.4400377288128098,-0.0261524549574614
0.4210777262745461,-0.16988837225830958,-0.4640291883353377,0.018791264651596317,0.5863641561691995,0.2945243112739994,0.8851069146098838,0.2040271146926994,0.220390854747467,1.5514988484830652,0.6295380454442343,-0.4507295749043711,0.44043656381766,-0.0261505374814765
0.4210777262745461,-0.16988837225830958,-0.4640291883353377,0.018791264651596317,0.5863641561691995,0.2945243112739994,0.8851069146098838,0.2044911438810348,0.2185673350858683,1.5521277806060982,0.6301478028074188,-0.4510593807737664,0.4408353988225102,-0.0261486200054917
0.4210777262745461,-0.16988837225830958,-0.4640291883353377,0.018791264651596317,0.5863641561691995,0.2945243112739994,0.8851069146098838,0.2049551730693701,0.2167438154242695,1.5527567127291313,0.6307575601706032,-0.4513891866431618,0.4412342338273604,-0.0261467025295068
0.4210777262745461,-0.16988837225830958,-0.4640291883353377,0.018791264651596317,0.5863641561691995,0.2945243112739994,0.8851069146098838,0.2054192022577054,0.2149202957626707,1.553385644852164,0.6313673175337877,-0.4517189925125572,0.4416330688322106,-0.026144785053522
0.4210777262745461,-0.16988837225830958,-0.4640291883353377,0.018791264651596317,0.5863641561691995,0.2945243112739994,0.8851069146098838,0.2058832314460408,0.2130967761010719,1.5540145769751974,0.6319770748969721,-0.4520487983819525,0.4420319038370608,-0.0261428675775371
0.4210777262745461,-0.16988837225830958,-0.4640291883353377,0.018791264651596317,0.5863641561691995,0.2945243112739994,0.8851069146098838,0.2063472606343761,0.2112732564394732,1.5546435090982305,0.6325868322601567,-0.4523786042513479,0.442430738841911,-0.0261409501015523
0.4210777262745461,-0.16988837225830958,-0.4640291883353377,0.018791264651596317,0.5863641561691995,0.2945243112739994,0.8851069146098838,0.2068112898227114,0.2094497367778743,1.5552724412212633,0.6331965896233411,-0.4527084101207433,0.4428295738467612,-0.0261390326255674
0.4210777262745461,-0.16988837225830958,-0.4640291883353377,0.018791264651596317,0.5863641561691995,0.2945243112739994,0.8851069146098838,0.2072753190110468,0.2076262171162756,1.5559013733442963,0.6338063469865255,-0.4530382159901386,0.4432284088516114,-0.0261371151495825
0.4210777262745461,-0.16988837225830958,-0.4640291883353377,0.018791264651596317,0.5863641561691995,0.2945243112739994,0.8851069146098838,0.2077393481993821,0.2058026974546768,1.5565303054673294,0.63441610434971,-0.453368021859534,0.4436272438564617,-0.0261351976735977
0.4210777262745461,-0.16988837225830958,-0.4640291883353377,0.018791264651596317,0.5863641561691995,0.2945243112739994,0.8851069146098838,0.2082033773877175,0.203979177793078,1.5571592375903622,0.6350258617128944,-0.4536978277289294,0.4440260788613118,-0.0261332801976128
0.4210777262745461,-0.16988837225830958,-0.4640291883353377,0.018791264651596317,0.5863641561691995,0.2945243112739994,0.8851069146098838,0.2086674065760528,0.2021556581314792,1.5577881697133953,0.6356356190760788,-0.4540276335983247,0.444424913866162,-0.026131362721628
0.4210777262745461,-0.16988837225830958,-0.4640291883353377,0.018791264651596317,0.5863641561691995,0.2945243112739994,0.8851069146098838,0.2091314357643881,0.2003321384698804,1.5584171018364286,0.6362453764392633,-0.4543574394677201,0.4448237488710123,-0.0261294452456431
0.4210777262745461,-0.16988837225830958,-0.4640291883353377,0.018791264651596317,0.5863641561691995,0.2945243112739994,0.8851069146098838,0.2095954649527235,0.1985086188082816,1.5590460339594616,0.6368551338024478,-0.4546872453371154,0.4452225838758624,-0.0261275277696583
0.4210777262745461,-0.16988837225830958,-0.4640291883353377,0.018791264651596317,0.5863641561691995,0.2945243112739994,0.8851069146098838,0.2100594941410588,0.1966850991466828,1.5596749660824945,0.6374648911656322,-0.4550170512065108,0.4456214188807127,-0.0261256102936734
0.4210777262745461,-0.16988837225830958,-0.4640291883353377,0.018791264651596317,0.5863641561691995,0.2945243112739994,0.8851069146098838,0.2105235233293941,0.1948615794850841,1.5603038982055275,0.6380746485288167,-0.4553468570759061,0.4460202538855629,-0.0261236928176885
0.4210777262745461,-0.16988837225830958,-0.4640291883353377,0.018791264651596317,0.5863641561691995,0.2945243112739994,0.8851069146098838,0.2109875525177295,0.1930380598234853,1.5609328303285606,0.6386844058920012,-0.4556766629453016,0.4464190888904131,-0.0261217753417037
0.4210777262745461,-0.16988837225830958,-0.4640291883353377,0.018791264651596317,0.5863641561691995,0.2945243112739994,0.8851069146098838,0.2114515817060648,0.1912145401618865,1.5615617624515934,0.6392941632551856,-0.456006468814697,0.4468179238952633,-0.0261198578657188
0.4210777262745461,-0.16988837225830958,-0.4640291883353377,0.018791264651596317,0.5863641561691995,0.2945243112739994,0.8851069146098838,0.2119156108944002,0.1893910205002877,1.5621906945746264,0.63990392061837,-0.4563362746840923,0.4472167589001135,-0.026117940389734
0.4210777262745461,-0.16988837225830958,-0.4640291883353377,0.018791264651596317,0.5863641561691995,0.2945243112739994,0.8851069146098838,0.2123796400827355,0.1875675008386889,1.5628196266976595,0.6405136779815546,-0.4566660805534877,0.4476155939049637,-0.0261160229137491
0.4210777262745461,-0.16988837225830958,-0.4640291883353377,0.018791264651596317,0.5863641561691995,0.2945243112739994,0.8851069146098838,0.2128436692710708,0.1857439811770901,1.5634485588206926,0.641123435344739,-0.456995886422883,0.4480144289098139,-0.0261141054377643
0.4210777262745461,-0.16988837225830958,-0.4640291883353377,0.018791264651596317,0.5863641561691995,0.2945243112739994,0.8851069146098838,0.2133076984594062,0.1839204615154913,1.5640774909437256,0.6417331927079234,-0.4573256922922784,0.4484132639146642,-0.0261121879617794
0.4210777262745461,-0.16988837225830958,-0.4640291883353377,0.018791264651596317,0.5863641561691995,0.2945243112739994,0.8851069146098838,0.2137717276477415,0.1820969418538925,1.564706423066759,0.6423429500711079,-0.4576554981616737,0.4488120989195143,-0.0261102704857946
0.4210777262745461,-0.16988837225830958,-0.4640291883353377,0.018791264651596317,0.5863641561691995,0.2945243112739994,0.8851069146098838,0.2142357568360769,0.1802734221922938,1.5653353551897915,0.6429527074342923,-0.4579853040310691,0.4492109339243645,-0.0261083530098097
0.4210777262745461,-0.16988837225830958,-0.4640291883353377,0.018791264651596317,0.5863641561691995,0.2945243112739994,0.8851069146098838,0.2146997860244122,0.178449902530695,1.5659642873128246,0.6435624647974767,-0.4583151099004645,0.4496097689292148,-0.0261064355338248
0.4210777262745461,-0.16988837225830958,-0.4640291883353377,0.018791264651596317,0.5863641561691995,0.2945243112739994,0.8851069146098838,0.2151638152127475,0.1766263828690962,1.5665932194358576,0.6441722221606612,-0.4586449157698598,0.4500086039340649,-0.02610451805784
0.4210777262745461,-0.16988837225830958,-0.4640291883353377,0.018791264651596317,0.5863641561691995,0.2945243112739994,0.8851069146098838,0.2156278444010829,0.1748028632074974,1.5672221515588909,0.6447819795238457,-0.4589747216392552,0.4504074389389151,-0.0261026005818551
0.4210777262745461,-0.16988837225830958,-0.4640291883353377,0.018791264651596317,0.5863641561691995,0.2945243112739994,0.8851069146098838,0.2160918735894182,0.1729793435458987,1.5678510836819235,0.6453917368870301,-0.4593045275086506,0.4508062739437654,-0.0261006831058703
0.4210777262745461,-0.16988837225830958,-0.4640291883353377,0.018791264651596317,0.5863641561691995,0.2945243112739994,0.8851069146098838,0.2165559027777535,0.1711558238842999,1.5684800158049566,0.6460014942502146,-0.4596343333780459,0.4512051089486156,-0.0260987656298854
0.4210777262745461,-0.16988837225830958,-0.4640291883353377,0.018791264651596317,0.5863641561691995,0.2945243112739994,0.8851069146098838,0.2170199319660889,0.1693323042227011,1.5691089479279898,0.6466112516133989,-0.4599641392474413,0.4516039439534658,-0.0260968481539006
0.4210777262745461,-0.16988837225830958,-0.4640291883353377,0.018791264651596317,0.5863641561691995,0.2945243112739994,0.8851069146098838,0.2174839611544242,0.1675087845611023,1.5697378800510229,0.6472210089765835,-0.4602939451168367,0.452002778958316,-0.0260949306779157
0.4210777262745461,-0.16988837225830958,-0.4640291883353377,0.018791264651596317,0.5863641561691995,0.2945243112739994,0.8851069146098838,0.2179479903427595,0.1656852648995035,1.5703668121740555,0.647830766339768,-0.460623750986232,0.4524016139631662,-0.0260930132019308
0.4210777262745461,-0.16988837225830958,-0.4640291883353377,0.018791264651596317,0.5863641561691995,0.2945243112739994,0.8851069146098838,0.2184120195310949,0.1638617452379047,1.5709957442970888,0.6484405237029524,-0.4609535568556274,0.4528004489680164,-0.026091095725946
0.4210777262745461,-0.16988837225830958,-0.4640291883353377,0.018791264651596317,0.5863641561691995,0.2945243112739994,0.8851069146098838,0.2188760487194302,0.1620382255763059,1.5716246764201218,0.6490502810661368,-0.4612833627250227,0.4531992839728666,-0.0260891782499611
0.4210777262745461,-0.16988837225830958,-0.4640291883353377,0.018791264651596317,0.5863641561691995,0.2945243112739994,0.8851069146098838,0.2193400779077655,0.1602147059147071,1.5722536085431549,0.6496600384293213,-0.4616131685944181,0.4535981189777168,-0.0260872607739763
0.4210777262745461,-0.16988837225830958,-0.4640291883353377,0.018791264651596317,0.5863641561691995,0.2945243112739994,0.8851069146098838,0.2198041070961009,0.1583911862531083,1.5728825406661875,0.6502697957925057,-0.4619429744638135,0.453996953982567,-0.0260853432979914
0.4210777262745461,-0.16988837225830958,-0.4640291883353377,0.018791264651596317,0.5863641561691995,0.2945243112739994,0.8851069146098838,0.2202681362844362,0.1565676665915096,1.573511472789221,0.6508795531556902,-0.4622727803332089,0.4543957889874173,-0.0260834258220066
0.4210777262745461,-0.16988837225830958,-0.4640291883353377,0.018791264651596317,0.5863641561691995,0.2945243112739994,0.8851069146098838,0.2207321654727716,0.1547441469299108,1.574140404912254,0.6514893105188747,-0.4626025862026042,0.4547946239922675,-0.0260815083460217
0.4210777262745461,-0.16988837225830958,-0.4640291883353377,0.018791264651596317,0.5863641561691995,0.2945243112739994,0.8851069146098838,0.2211961946611069,0.152920627268312,1.5747693370352869,0.6520990678820591,-0.4629323920719996,0.4551934589971176,-0.0260795908700368
0.4210777262745461,-0.16988837225830958,-0.4640291883353377,0.018791264651596317,0.5863641561691995,0.2945243112739994,0.8851069146098838,0.2216602238494422,0.1510971076067132,1.57539826915832,0.6527088252452435,-0.4632621979413949,0.4555922940019679,-0.026077673394052
0.4210777262745461,-0.16988837225830958,-0.4640291883353377,0.018791264651596317,0.5863641561691995,0.2945243112739994,0.8851069146098838,0.2216602238494422,0.1510971076067132,1.57539826915832,0.6527088252452435,-0.4632621979413949,0.4555922940019679,-0.026077673394052
0.4210777262745461,-0.16988837225830958,-0.4640291883353377,0.018791264651596317,0.5863641561691995,0.2945243112739994,0.8851069146098838,0.2192480390604924,0.1528362583249783,1.571783826926865,0.6516887280212997,-0.4638777077325339,0.4556939202291653,-0.0257785471404143
0.4210777262745461,-0.16988837225830958,-0.4640291883353377,0.018791264651596317,0.5863641561691995,0.2945243112739994,0.8851069146098838,0.2168358542715426,0.1545754090432434,1.56816938469541,0.6506686307973559,-0.464493217523673,0.4557955464563627,-0.0254794208867767
0.4210777262745461,-0.16988837225830958,-0.4640291883353377,0.018791264651596317,0.5863641561691995,0.2945243112739994,0.8851069146098838,0.2144236694825928,0.1563145597615085,1.5645549424639549,0.6496485335734122,-0.465108727314812,0.4558971726835601,-0.025180294633139
0.4210777262745461,-0.16988837225830958,-0.4640291883353377,0.018791264651596317,0.5863641561691995,0.2945243112739994,0.8851069146098838,0.212011484693643,0.1580537104797735,1.5609405002325,0.6486284363494683,-0.465724237105951,0.4559987989107575,-0.0248811683795014
0.4210777262745461,-0.16988837225830958,-0.4640291883353377,0.018791264651596317,0.5863641561691995,0.2945243112739994,0.8851069146098838,0.2095992999046932,0.1597928611980386,1.5573260580010448,0.6476083391255245,-0.46633974689709,0.4561004251379549,-0.0245820421258637
0.4210777262745461,-0.16988837225830958,-0.4640291883353377,0.018791264651596317,0.5863641561691995,0.2945243112739994,0.8851069146098838,0.2071871151157434,0.1615320119163037,1.5537116157695898,0.6465882419015807,-0.466955256688229,0.4562020513651523,-0.0242829158722261
0.4210777262745461,-0.16988837225830958,-0.4640291883353377,0.018791264651596317,0.5863641561691995,0.2945243112739994,0.8851069146098838,0.2047749303267935,0.1632711626345688,1.5500971735381348,0.6455681446776369,-0.467570766479368,0.4563036775923497,-0.0239837896185884
0.4210777262745461,-0.16988837225830958,-0.4640291883353377,0.018791264651596317,0.5863641561691995,0.2945243112739994,0.8851069146098838,0.2023627455378437,0.1650103133528339,1.5464827313066798,0.6445480474536931,-0.4681862762705071,0.4564053038195471,-0.0236846633649507
0.4210777262745461,-0.16988837225830958,-0.4640291883353377,0.018791264651596317,0.5863641561691995,0.2945243112739994,0.8851069146098838,0.1999505607488939,0.166749464071099,1.5428682890752248,0.6435279502297494,-0.4688017860616461,0.4565069300467445,-0.0233855371113131
0.4210777262745461,-0.16988837225830958,-0.4640291883353377,0.018791264651596317,0.5863641561691995,0.2945243112739994,0.8851069146098838,0.1975383759599441,0.1684886147893641,1.5392538468437698,0.6425078530058055,-0.4694172958527851,0.4566085562739419,-0.0230864108576754
0.4210777262745461,-0.16988837225830958,-0.4640291883353377,0.018791264651596317,0.5863641561691995,0.2945243112739994,0.8851069146098838,0.1951261911709943,0.1702277655076292,1.5356394046123147,0.6414877557818617,-0.4700328056439242,0.4567101825011394,-0.0227872846040378
0.4210777262745461,-0.16988837225830958,-0.4640291883353377,0.018791264651596317,0.5863641561691995,0.2945243112739994,0.8851069146098838,0.1927140063820445,0.1719669162258942,1.53202496238086,0.6404676585579179,-0.4706483154350632,0.4568118087283367,-0.0224881583504001
0.4210777262745461,-0.16988837225830958,-0.4640291883353377,0.018791264651596317,0.5863641561691995,0.2945243112739994,0.8851069146098838,0.1903018215930947,0.1737060669441593,1.528410520149405,0.6394475613339742,-0.4712638252262023,0.4569134349555342,-0.0221890320967625
0.4210777262745461,-0.16988837225830958,-0.4640291883353377,0.018791264651596317,0.5863641561691995,0.2945243112739994,0.8851069146098838,0.1878896368041449,0.1754452176624245,1.5247960779179497,0.6384274641100304,-0.4718793350173412,0.4570150611827316,-0.0218899058431248
0.4210777262745461,-0.16988837225830958,-0.4640291883353377,0.018791264651596317,0.5863641561691995,0.2945243112739994,0.8851069146098838,0.1854774520151951,0.1771843683806895,1.521181635686495,0.6374073668860866,-0.4724948448084803,0.457116687409929,-0.0215907795894872
0.4210777262745461,-0.16988837225830958,-0.4640291883353377,0.018791264651596317,0.5863641561691995,0.2945243112739994,0.8851069146098838,0.1830652672262453,0.1789235190989546,1.51756719345504,0.6363872696621428,-0.4731103545996193,0.4572183136371264,-0.0212916533358495
0.4210777262745461,-0.16988837225830958,-0.4640291883353377,0.018791264651596317,0.5863641561691995,0.2945243112739994,0.8851069146098838,0.1806530824372954,0.1806626698172197,1.5139527512235849,0.635367172438199,-0.4737258643907583,0.4573199398643238,-0.0209925270822118
0.4210777262745461,-0.16988837225830958,-0.4640291883353377,0.018791264651596317,0.5863641561691995,0.2945243112739994,0.8851069146098838,0.1782408976483456,0.1824018205354848,1.5103383089921298,0.6343470752142552,-0.4743413741818973,0.4574215660915213,-0.0206934008285742
0.4210777262745461,-0.16988837225830958,-0.4640291883353377,0.018791264651596317,0.5863641561691995,0.2945243112739994,0.8851069146098838,0.1758287128593958,0.1841409712537499,1.5067238667606748,0.6333269779903113,-0.4749568839730363,0.4575231923187186,-0.0203942745749365
0.4210777262745461,-0.16988837225830958,-0.4640291883353377,0.018791264651596317,0.5863641561691995,0.2945243112739994,0.8851069146098838,0.173416528070446,0.185880121972015,1.5031094245292198,0.6323068807663677,-0.4755723937641754,0.457624818545916,-0.0200951483212989
0.4210777262745461,-0.16988837225830958,-0.4640291883353377,0.018791264651596317,0.5863641561691995,0.2945243112739994,0.8851069146098838,0.1710043432814962,0.1876192726902801,1.4994949822977648,0.6312867835424237,-0.4761879035553144,0.4577264447731134,-0.0197960220676612
0.4210777262745461,-0.16988837225830958,-0.4640291883353377,0.018791264651596317,0.5863641561691995,0.2945243112739994,0.8851069146098838,0.1685921584925463,0.1893584234085451,1.4958805400663098,0.6302666863184799,-0.4768034133464535,0.4578280710003108,-0.0194968958140236
0.4210777262745461,-0.16988837225830958,-0.4640291883353377,0.018791264651596317,0.5863641561691995,0.2945243112739994,0.8851069146098838,0.1661799737035966,0.1910975741268102,1.492266097834855,0.6292465890945361,-0.4774189231375925,0.4579296972275082,-0.0191977695603859
0.4210777262745461,-0.16988837225830958,-0.4640291883353377,0.018791264651596317,0.5863641561691995,0.2945243112739994,0.8851069146098838,0.1637677889146467,0.1928367248450753,1.4886516556033995,0.6282264918705923,-0.4780344329287315,0.4580313234547057,-0.0188986433067483
0.4210777262745461,-0.16988837225830958,-0.4640291883353377,0.018791264651596317,0.5863641561691995,0.2945243112739994,0.8851069146098838,0.1613556041256969,0.1945758755633404,1.4850372133719447,0.6272063946466486,-0.4786499427198705,0.4581329496819031,-0.0185995170531106
0.4210777262745461,-0.16988837225830958,-0.4640291883353377,0.018791264651596317,0.5863641561691995,0.2945243112739994,0.8851069146098838,0.1589434193367471,0.1963150262816055,1.48142277114049,0.6261862974227048,-0.4792654525110095,0.4582345759091005,-0.0183003907994729
0.4210777262745461,-0.16988837225830958,-0.4640291883353377,0.018791264651596317,0.5863641561691995,0.2945243112739994,0.8851069146098838,0.1565312345477973,0.1980541769998706,1.477808328909035,0.6251662001987609,-0.4798809623021485,0.4583362021362979,-0.0180012645458353
0.4210777262745461,-0.16988837225830958,-0.4640291883353377,0.018791264651596317,0.5863641561691995,0.2945243112739994,0.8851069146098838,0.1541190497588475,0.1997933277181357,1.4741938866775797,0.6241461029748171,-0.4804964720932876,0.4584378283634953,-0.0177021382921976
0.4210777262745461,-0.16988837225830958,-0.4640291883353377,0.018791264651596317,0.5863641561691995,0.2945243112739994,0.8851069146098838,0.1517068649698977,0.2015324784364008,1.4705794444461249,0.6231260057508733,-0.4811119818844266,0.4585394545906927,-0.01740301203856
0.4210777262745461,-0.16988837225830958,-0.4640291883353377,0.018791264651596317,0.5863641561691995,0.2945243112739994,0.8851069146098838,0.1492946801809478,0.2032716291546659,1.46696500221467,0.6221059085269295,-0.4817274916755656,0.4586410808178901,-0.0171038857849223
0.4210777262745461,-0.16988837225830958,-0.4640291883353377,0.018791264651596317,0.5863641561691995,0.2945243112739994,0.8851069146098838,0.1468824953919981,0.2050107798729309,1.4633505599832146,0.6210858113029858,-0.4823430014667046,0.4587427070450875,-0.0168047595312847
0.4210777262745461,-0.16988837225830958,-0.4640291883353377,0.018791264651596317,0.5863641561691995,0.2945243112739994,0.8851069146098838,0.1444703106030482,0.206749930591196,1.4597361177517596,0.620065714079042,-0.4829585112578436,0.4588443332722849,-0.016505633277647
0.4210777262745461,-0.16988837225830958,-0.4640291883353377,0.018791264651596317,0.5863641561691995,0.2945243112739994,0.8851069146098838,0.1420581258140984,0.2084890813094611,1.4561216755203048,0.6190456168550982,-0.4835740210489827,0.4589459594994823,-0.0162065070240093
0.4210777262745461,-0.16988837225830958,-0.4640291883353377,0.018791264651596317,0.5863641561691995,0.2945243112739994,0.8851069146098838,0.1396459410251486,0.2102282320277262,1.4525072332888498,0.6180255196311543,-0.4841895308401217,0.4590475857266797,-0.0159073807703717
0.4210777262745461,-0.16988837225830958,-0.4640291883353377,0.018791264651596317,0.5863641561691995,0.2945243112739994,0.8851069146098838,0.1372337562361988,0.2119673827459913,1.4488927910573943,0.6170054224072105,-0.4848050406312607,0.4591492119538771,-0.015608254516734
0.4210777262745461,-0.16988837225830958,-0.4640291883353377,0.018791264651596317,0.5863641561691995,0.2945243112739994,0.8851069146098838,0.134821571447249,0.2137065334642564,1.4452783488259398,0.6159853251832668,-0.4854205504223998,0.4592508381810746,-0.0153091282630964
0.4210777262745461,-0.16988837225830958,-0.4640291883353377,0.018791264651596317,0.5863641561691995,0.2945243112739994,0.8851069146098838,0.1324093866582991,0.2154456841825214,1.4416639065944847,0.614965227959323,-0.4860360602135387,0.459352464408272,-0.0150100020094587
0.4210777262745461,-0.16988837225830958,-0.4640291883353377,0.018791264651596317,0.5863641561691995,0.2945243112739994,0.8851069146098838,0.1299972018693494,0.2171848349007866,1.4380494643630295,0.6139451307353792,-0.4866515700046778,0.4594540906354694,-0.0147108757558211
0.4210777262745461,-0.16988837225830958,-0.4640291883353377,0.018791264651596317,0.5863641561691995,0.2945243112739994,0.8851069146098838,0.1275850170803995,0.2189239856190516,1.4344350221315745,0.6129250335114353,-0.4872670797958168,0.4595557168626668,-0.0144117495021834
0.4210777262745461,-0.16988837225830958,-0.4640291883353377,0.018791264651596317,0.5863641561691995,0.2945243112739994,0.8851069146098838,0.1251728322914497,0.2206631363373167,1.43082057990012,0.6119049362874915,-0.4878825895869559,0.4596573430898643,-0.0141126232485458
0.4210777262745461,-0.16988837225830958,-0.4640291883353377,0.018791264651596317,0.5863641561691995,0.2945243112739994,0.8851069146098838,0.1227606475024999,0.2224022870555818,1.4272061376686649,0.6108848390635477,-0.4884980993780949,0.4597589693170616,-0.0138134969949081
0.4210777262745461,-0.16988837225830958,-0.4640291883353377,0.018791264651596317,0.5863641561691995,0.2945243112739994,0.8851069146098838,0.1203484627135501,0.2241414377738469,1.4235916954372096,0.6098647418396039,-0.4891136091692339,0.459860595544259,-0.0135143707412704
0.4210777262745461,-0.16988837225830958,-0.4640291883353377,0.018791264651596317,0.5863641561691995,0.2945243112739994,0.8851069146098838,0.1179362779246003,0.225880588492112,1.4199772532057546,0.6088446446156602,-0.4897291189603729,0.4599622217714564,-0.0132152444876328
0.4210777262745461,-0.16988837225830958,-0.4640291883353377,0.018791264651596317,0.5863641561691995,0.2945243112739994,0.8851069146098838,0.1155240931356505,0.2276197392103771,1.4163628109742998,0.6078245473917163,-0.4903446287515119,0.4600638479986538,-0.0129161182339951
0.4210777262745461,-0.16988837225830958,-0.4640291883353377,0.018791264651596317,0.5863641561691995,0.2945243112739994,0.8851069146098838,0.1131119083467007,0.2293588899286422,1.4127483687428446,0.6068044501677725,-0.4909601385426509,0.4601654742258512,-0.0126169919803575
0.4210777262745461,-0.16988837225830958,-0.4640291883353377,0.018791264651596317,0.5863641561691995,0.2945243112739994,0.8851069146098838,0.1106997235577509,0.2310980406469072,1.4091339265113896,0.6057843529438287,-0.4915756483337899,0.4602671004530487,-0.0123178657267198
0.4210777262745461,-0.16988837225830958,-0.4640291883353377,0.018791264651596317,0.5863641561691995,0.2945243112739994,0.8851069146098838,0.108287538768801,0.2328371913651723,1.4055194842799348,0.6047642557198849,-0.492191158124929,0.4603687266802461,-0.0120187394730822
0.4210777262745461,-0.16988837225830958,-0.4640291883353377,0.018791264651596317,0.5863641561691995,0.2945243112739994,0.8851069146098838,0.1058753539798512,0.2345763420834374,1.4019050420484795,0.6037441584959412,-0.492806667916068,0.4604703529074435,-0.0117196132194445
0.4210777262745461,-0.16988837225830958,-0.4640291883353377,0.018791264651596317,0.5863641561691995,0.2945243112739994,0.8851069146098838,0.1034631691909014,0.2363154928017025,1.3982905998170243,0.6027240612719973,-0.4934221777072071,0.4605719791346409,-0.0114204869658069
0.4210777262745461,-0.16988837225830958,-0.4640291883353377,0.018791264651596317,0.5863641561691995,0.2945243112739994,0.8851069146098838,0.1010509844019516,0.2380546435199676,1.3946761575855695,0.6017039640480535,-0.4940376874983461,0.4606736053618383,-0.0111213607121692
0.4210777262745461,-0.16988837225830958,-0.4640291883353377,0.018791264651596317,0.5863641561691995,0.2945243112739994,0.8851069146098838,0.0986387996130018,0.2397937942382327,1.3910617153541147,0.6006838668241098,-0.4946531972894851,0.4607752315890357,-0.0108222344585315
0.4210777262745461,-0.16988837225830958,-0.4640291883353377,0.018791264651596317,0.5863641561691995,0.2945243112739994,0.8851069146098838,0.096226614824052,0.2415329449564978,1.3874472731226597,0.5996637696001659,-0.4952687070806241,0.4608768578162331,-0.0105231082048939
0.4210777262745461,-0.16988837225830958,-0.4640291883353377,0.018791264651596317,0.5863641561691995,0.2945243112739994,0.8851069146098838,0.0938144300351021,0.2432720956747628,1.3838328308912045,0.5986436723762222,-0.4958842168717631,0.4609784840434305,-0.0102239819512562
0.4210777262745461,-0.16988837225830958,-0.4640291883353377,0.018791264651596317,0.5863641561691995,0.2945243112739994,0.8851069146098838,0.0914022452461523,0.245011246393028,1.3802183886597497,0.5976235751522784,-0.4964997266629021,0.4610801102706279,-0.0099248556976186
0.4210777262745461,-0.16988837225830958,-0.4640291883353377,0.018791264651596317,0.5863641561691995,0.2945243112739994,0.8851069146098838,0.0889900604572025,0.246750397111293,1.3766039464282946,0.5966034779283345,-0.4971152364540412,0.4611817364978253,-0.0096257294439809
0.4210777262745461,-0.16988837225830958,-0.4640291883353377,0.018791264651596317,0.5863641561691995,0.2945243112739994,0.8851069146098838,0.0865778756682527,0.2484895478295581,1.3729895041968394,0.5955833807043908,-0.4977307462451802,0.4612833627250228,-0.0093266031903433
0.4210777262745461,-0.16988837225830958,-0.4640291883353377,0.018791264651596317,0.5863641561691995,0.2945243112739994,0.8851069146098838,0.0841656908793029,0.2502286985478232,1.3693750619653846,0.594563283480447,-0.4983462560363192,0.4613849889522202,-0.0090274769367056
0.4210777262745461,-0.16988837225830958,-0.4640291883353377,0.018791264651596317,0.5863641561691995,0.2945243112739994,0.8851069146098838,0.0817535060903531,0.2519678492660883,1.3657606197339296,0.5935431862565032,-0.4989617658274582,0.4614866151794176,-0.008728350683068
0.4210777262745461,-0.16988837225830958,-0.4640291883353377,0.018791264651596317,0.5863641561691995,0.2945243112739994,0.8851069146098838,0.0793413213014033,0.2537069999843534,1.3621461775024746,0.5925230890325593,-0.4995772756185973,0.461588241406615,-0.0084292244294303
0.4210777262745461,-0.16988837225830958,-0.4640291883353377,0.018791264651596317,0.5863641561691995,0.2945243112739994,0.8851069146098838,0.0769291365124534,0.2554461507026185,1.3585317352710191,0.5915029918086155,-0.5001927854097363,0.4616898676338123,-0.0081300981757926
0.4210777262745461,-0.16988837225830958,-0.4640291883353377,0.018791264651596317,0.5863641561691995,0.2945243112739994,0.8851069146098838,0.0745169517235037,0.2571853014208836,1.3549172930395648,0.5904828945846718,-0.5008082952008754,0.4617914938610098,-0.007830971922155
0.4210777262745461,-0.16988837225830958,-0.4640291883353377,0.018791264651596317,0.5863641561691995,0.2945243112739994,0.8851069146098838,0.0721047669345538,0.2589244521391487,1.3513028508081095,0.5894627973607279,-0.5014238049920143,0.4618931200882071,-0.0075318456685173
0.4210777262745461,-0.16988837225830958,-0.4640291883353377,0.018791264651596317,0.5863641561691995,0.2945243112739994,0.8851069146098838,0.069692582145604,0.2606636028574138,1.3476884085766545,0.5884427001367841,-0.5020393147831533,0.4619947463154046,-0.0072327194148797
0.4210777262745461,-0.16988837225830958,-0.4640291883353377,0.018791264651596317,0.5863641561691995,0.2945243112739994,0.8851069146098838,0.0672803973566542,0.2624027535756788,1.3440739663451997,0.5874226029128403,-0.5026548245742923,0.462096372542602,-0.006933593161242
0.4210777262745461,-0.16988837225830958,-0.4640291883353377,0.018791264651596317,0.5863641561691995,0.2945243112739994,0.8851069146098838,0.0648682125677044,0.2641419042939439,1.3404595241137447,0.5864025056888966,-0.5032703343654314,0.4621979987697995,-0.0066344669076044
0.4210777262745461,-0.16988837225830958,-0.4640291883353377,0.018791264651596317,0.5863641561691995,0.2945243112739994,0.8851069146098838,0.0624560277787546,0.265881055012209,1.3368450818822892,0.5853824084649527,-0.5038858441565703,0.4622996249969968,-0.0063353406539667
0.4210777262745461,-0.16988837225830958,-0.4640291883353377,0.018791264651596317,0.5863641561691995,0.2945243112739994,0.8851069146098838,0.0600438429898048,0.2676202057304742,1.3332306396508344,0.584362311241009,-0.5045013539477095,0.4624012512241943,-0.0060362144003291
0.4210777262745461,-0.16988837225830958,-0.4640291883353377,0.018791264651596317,0.5863641561691995,0.2945243112739994,0.8851069146098838,0.0576316582008549,0.2693593564487392,1.3296161974193794,0.5833422140170651,-0.5051168637388485,0.4625028774513916,-0.0057370881466914
0.4210777262745461,-0.16988837225830958,-0.4640291883353377,0.018791264651596317,0.5863641561691995,0.2945243112739994,0.8851069146098838,0.0552194734119051,0.2710985071670043,1.3260017551879244,0.5823221167931213,-0.5057323735299875,0.4626045036785891,-0.0054379618930537
0.4210777262745461,-0.16988837225830958,-0.4640291883353377,0.018791264651596317,0.5863641561691995,0.2945243112739994,0.8851069146098838,0.0528072886229553,0.2728376578852693,1.3223873129564694,0.5813020195691776,-0.5063478833211266,0.4627061299057864,-0.0051388356394161
0.4210777262745461,-0.16988837225830958,-0.4640291883353377,0.018791264651596317,0.5863641561691995,0.2945243112739994,0.8851069146098838,0.0503951038340055,0.2745768086035345,1.3187728707250146,0.5802819223452338,-0.5069633931122656,0.4628077561329839,-0.0048397093857784
0.4210777262745461,-0.16988837225830958,-0.4640291883353377,0.018791264651596317,0.5863641561691995,0.2945243112739994,0.8851069146098838,0.0479829190450557,0.2763159593217995,1.3151584284935596,0.57926182512129,-0.5075789029034046,0.4629093823601813,-0.0045405831321408
0.4210777262745461,-0.16988837225830958,-0.4640291883353377,0.018791264651596317,0.5863641561691995,0.2945243112739994,0.8851069146098838,0.0455707342561059,0.2780551100400646,1.3115439862621043,0.5782417278973462,-0.5081944126945436,0.4630110085873786,-0.0042414568785031
0.4210777262745461,-0.16988837225830958,-0.4640291883353377,0.018791264651596317,0.5863641561691995,0.2945243112739994,0.8851069146098838,0.0431585494671561,0.2797942607583297,1.3079295440306495,0.5772216306734024,-0.5088099224856826,0.4631126348145761,-0.0039423306248655
0.4210777262745461,-0.16988837225830958,-0.4640291883353377,0.018791264651596317,0.5863641561691995,0.2945243112739994,0.8851069146098838,0.0407463646782063,0.2815334114765948,1.3043151017991943,0.5762015334494586,-0.5094254322768217,0.4632142610417735,-0.0036432043712278
0.4210777262745461,-0.16988837225830958,-0.4640291883353377,0.018791264651596317,0.5863641561691995,0.2945243112739994,0.8851069146098838,0.0383341798892565,0.2832725621948599,1.3007006595677395,0.5751814362255148,-0.5100409420679607,0.4633158872689709,-0.0033440781175902
0.4210777262745461,-0.16988837225830958,-0.4640291883353377,0.018791264651596317,0.5863641561691995,0.2945243112739994,0.8851069146098838,0.0359219951003066,0.285011712913125,1.2970862173362845,0.574161339001571,-0.5106564518590997,0.4634175134961683,-0.0030449518639525
0.4210777262745461,-0.16988837225830958,-0.4640291883353377,0.018791264651596317,0.5863641561691995,0.2945243112739994,0.8851069146098838,0.0335098103113568,0.2867508636313901,1.2934717751048297,0.5731412417776272,-0.5112719616502387,0.4635191397233658,-0.0027458256103148
0.4210777262745461,-0.16988837225830958,-0.4640291883353377,0.018791264651596317,0.5863641561691995,0.2945243112739994,0.8851069146098838,0.031097625522407,0.2884900143496551,1.2898573328733745,0.5721211445536833,-0.5118874714413777,0.4636207659505631,-0.0024466993566772
0.4210777262745461,-0.16988837225830958,-0.4640291883353377,0.018791264651596317,0.5863641561691995,0.2945243112739994,0.8851069146098838,0.0286854407334572,0.2902291650679203,1.2862428906419194,0.5711010473297395,-0.5125029812325168,0.4637223921777605,-0.0021475731030395
0.4210777262745461,-0.16988837225830958,-0.4640291883353377,0.018791264651596317,0.5863641561691995,0.2945243112739994,0.8851069146098838,0.0262732559445074,0.2919683157861854,1.2826284484104644,0.5700809501057957,-0.5131184910236558,0.463824018404958,-0.0018484468494019
0.4210777262745461,-0.16988837225830958,-0.4640291883353377,0.018791264651596317,0.5863641561691995,0.2945243112739994,0.8851069146098838,0.0238610711555576,0.2937074665044504,1.2790140061790094,0.569060852881852,-0.5137340008147948,0.4639256446321554,-0.0015493205957642
0.4210777262745461,-0.16988837225830958,-0.4640291883353377,0.018791264651596317,0.5863641561691995,0.2945243112739994,0.8851069146098838,0.0214488863666078,0.2954466172227155,1.2753995639475544,0.5680407556579081,-0.5143495106059338,0.4640272708593528,-0.0012501943421266
0.4210777262745461,-0.16988837225830958,-0.4640291883353377,0.018791264651596317,0.5863641561691995,0.2945243112739994,0.8851069146098838,0.019036701577658,0.2971857679409806,1.2717851217160994,0.5670206584339643,-0.5149650203970728,0.4641288970865502,-0.0009510680884889
0.4210777262745461,-0.16988837225830958,-0.4640291883353377,0.018791264651596317,0.5863641561691995,0.2945243112739994,0.8851069146098838,0.0166245167887081,0.2989249186592457,1.2681706794846443,0.5660005612100205,-0.5155805301882118,0.4642305233137476,-0.0006519418348513
0.4210777262745461,-0.16988837225830958,-0.4640291883353377,0.018791264651596317,0.5863641561691995,0.2945243112739994,0.8851069146098838,0.0142123319997583,0.3006640693775108,1.2645562372531896,0.5649804639860767,-0.5161960399793509,0.464332149540945,-0.0003528155812136
0.4210777262745461,-0.16988837225830958,-0.4640291883353377,0.018791264651596317,0.5863641561691995,0.2945243112739994,0.8851069146098838,0.0118001472108085,0.3024032200957758,1.2609417950217343,0.5639603667621329,-0.5168115497704899,0.4644337757681424,-5.3689327575989765e-05
0.4210777262745461,-0.16988837225830958,-0.4640291883353377,0.018791264651596317,0.5863641561691995,0.2945243112739994,0.8851069146098838,0.0093879624218587,0.3041423708140409,1.2573273527902795,0.5629402695381892,-0.517427059561629,0.4645354019953398,0.0002454369260616
0.4210777262745461,-0.16988837225830958,-0.4640291883353377,0.018791264651596317,0.5863641561691995,0.2945243112739994,0.8851069146098838,0.0069757776329089,0.3058815215323061,1.2537129105588245,0.5619201723142453,-0.5180425693527679,0.4646370282225373,0.0005445631796993
0.4210777262745461,-0.16988837225830958,-0.4640291883353377,0.018791264651596317,0.5863641561691995,0.2945243112739994,0.8851069146098838,0.0045635928439591,0.3076206722505711,1.2500984683273697,0.5609000750903016,-0.518658079143907,0.4647386544497347,0.0008436894333369
0.4210777262745461,-0.16988837225830958,-0.4640291883353377,0.018791264651596317,0.5863641561691995,0.2945243112739994,0.8851069146098838,0.0021514080550092,0.3093598229688362,1.2464840260959142,0.5598799778663577,-0.5192735889350459,0.464840280676932,0.0011428156869746
0.4210777262745461,-0.16988837225830958,-0.4640291883353377,0.018791264651596317,0.5863641561691995,0.2945243112739994,0.8851069146098838,-0.0002607767339405,0.3110989736871013,1.2428695838644594,0.558859880642414,-0.519889098726185,0.4649419069041295,0.0014419419406122
0.4210777262745461,-0.16988837225830958,-0.4640291883353377,0.018791264651596317,0.5863641561691995,0.2945243112739994,0.8851069146098838,-0.0026729615228903,0.3128381244053664,1.2392551416330042,0.5578397834184701,-0.520504608517324,0.4650435331313268,0.0017410681942499
0.4210777262745461,-0.16988837225830958,-0.4640291883353377,0.018791264651596317,0.5863641561691995,0.2945243112739994,0.8851069146098838,-0.0050851463118401,0.3145772751236315,1.2356406994015492,0.5568196861945264,-0.521120118308463,0.4651451593585243,0.0020401944478875
0.4210777262745461,-0.16988837225830958,-0.4640291883353377,0.018791264651596317,0.5863641561691995,0.2945243112739994,0.8851069146098838,-0.0074973311007899,0.3163164258418965,1.2320262571700944,0.5557995889705826,-0.5217356280996022,0.4652467855857217,0.0023393207015252
0.4210777262745461,-0.16988837225830958,-0.4640291883353377,0.018791264651596317,0.5863641561691995,0.2945243112739994,0.8851069146098838,-0.0099095158897397,0.3180555765601616,1.2284118149386394,0.5547794917466388,-0.5223511378907411,0.4653484118129191,0.0026384469551629
0.4210777262745461,-0.16988837225830958,-0.4640291883353377,0.018791264651596317,0.5863641561691995,0.2945243112739994,0.8851069146098838,-0.0123217006786895,0.3197947272784268,1.2247973727071844,0.553759394522695,-0.5229666476818802,0.4654500380401165,0.0029375732088005
0.4210777262745461,-0.16988837225830958,-0.4640291883353377,0.018791264651596317,0.5863641561691995,0.2945243112739994,0.8851069146098838,-0.0147338854676393,0.3215338779966918,1.2211829304757291,0.5527392972987512,-0.5235821574730192,0.4655516642673139,0.0032366994624382
0.4210777262745461,-0.16988837225830958,-0.4640291883353377,0.018791264651596317,0.5863641561691995,0.2945243112739994,0.8851069146098838,-0.0171460702565891,0.3232730287149569,1.2175684882442743,0.5517192000748073,-0.5241976672641582,0.4656532904945113,0.0035358257160758
0.4210777262745461,-0.16988837225830958,-0.4640291883353377,0.018791264651596317,0.5863641561691995,0.2945243112739994,0.8851069146098838,-0.019558255045539,0.325012179433222,1.2139540460128193,0.5506991028508635,-0.5248131770552972,0.4657549167217087,0.0038349519697135
0.4210777262745461,-0.16988837225830958,-0.4640291883353377,0.018791264651596317,0.5863641561691995,0.2945243112739994,0.8851069146098838,-0.0219704398344888,0.3267513301514871,1.2103396037813643,0.5496790056269197,-0.5254286868464362,0.4658565429489061,0.0041340782233511
0.4210777262745461,-0.16988837225830958,-0.4640291883353377,0.018791264651596317,0.5863641561691995,0.2945243112739994,0.8851069146098838,-0.0243826246234386,0.3284904808697522,1.2067251615499093,0.5486589084029759,-0.5260441966375753,0.4659581691761035,0.0044332044769888
0.4210777262745461,-0.16988837225830958,-0.4640291883353377,0.018791264651596317,0.5863641561691995,0.2945243112739994,0.8851069146098838,-0.0267948094123884,0.3302296315880173,1.2031107193184545,0.5476388111790321,-0.5266597064287142,0.466059795403301,0.0047323307306265
0.4210777262745461,-0.16988837225830958,-0.4640291883353377,0.018791264651596317,0.5863641561691995,0.2945243112739994,0.8851069146098838,-0.0292069942013382,0.3319687823062824,1.1994962770869992,0.5466187139550883,-0.5272752162198533,0.4661614216304984,0.0050314569842641
0.4210777262745461,-0.16988837225830958,-0.4640291883353377,0.018791264651596317,0.5863641561691995,0.2945243112739994,0.8851069146098838,-0.0316191789902881,0.3337079330245475,1.1958818348555442,0.5455986167311445,-0.5278907260109923,0.4662630478576958,0.0053305832379018
0.4210777262745461,-0.16988837225830958,-0.4640291883353377,0.018791264651596317,0.5863641561691995,0.2945243112739994,0.8851069146098838,-0.0340313637792379,0.3354470837428125,1.1922673926240894,0.5445785195072007,-0.5285062358021313,0.4663646740848932,0.0056297094915394
0.4210777262745461,-0.16988837225830958,-0.4640291883353377,0.018791264651596317,0.5863641561691995,0.2945243112739994,0.8851069146098838,-0.0364435485681877,0.3371862344610776,1.1886529503926342,0.543558422283257,-0.5291217455932704,0.4664663003120906,0.0059288357451771
0.4210777262745461,-0.16988837225830958,-0.4640291883353377,0.018791264651596317,0.5863641561691995,0.2945243112739994,0.8851069146098838,-0.0388557333571375,0.3389253851793427,1.1850385081611794,0.5425383250593132,-0.5297372553844094,0.466567926539288,0.0062279619988147
0.4210777262745461,-0.16988837225830958,-0.4640291883353377,0.018791264651596317,0.5863641561691995,0.2945243112739994,0.8851069146098838,-0.0412679181460873,0.3406645358976078,1.1814240659297242,0.5415182278353693,-0.5303527651755484,0.4666695527664854,0.0065270882524524
0.4210777262745461,-0.16988837225830958,-0.4640291883353377,0.018791264651596317,0.5863641561691995,0.2945243112739994,0.8851069146098838,-0.0436801029350371,0.3424036866158729,1.1778096236982691,0.5404981306114256,-0.5309682749666874,0.4667711789936828,0.00682621450609
0.4210777262745461,-0.16988837225830958,-0.4640291883353377,0.018791264651596317,0.5863641561691995,0.2945243112739994,0.8851069146098838,-0.0460922877239869,0.344142837334138,1.174195181466814,0.5394780333874818,-0.5315837847578264,0.4668728052208802,0.0071253407597277
0.4210777262745461,-0.16988837225830958,-0.4640291883353377,0.018791264651596317,0.5863641561691995,0.2945243112739994,0.8851069146098838,-0.0485044725129367,0.3458819880524031,1.170580739235359,0.538457936163538,-0.5321992945489655,0.4669744314480776,0.0074244670133654
0.4210777262745461,-0.16988837225830958,-0.4640291883353377,0.018791264651596317,0.5863641561691995,0.2945243112739994,0.8851069146098838,-0.0509166573018865,0.3476211387706681,1.1669662970039043,0.5374378389395942,-0.5328148043401044,0.467076057675275,0.007723593267003
0.4210777262745461,-0.16988837225830958,-0.4640291883353377,0.018791264651596317,0.5863641561691995,0.2945243112739994,0.8851069146098838,-0.0533288420908363,0.3493602894889332,1.1633518547724493,0.5364177417156504,-0.5334303141312435,0.4671776839024725,0.0080227195206407
0.4210777262745461,-0.16988837225830958,-0.4640291883353377,0.018791264651596317,0.5863641561691995,0.2945243112739994,0.8851069146098838,-0.0557410268797861,0.3510994402071983,1.1597374125409945,0.5353976444917066,-0.5340458239223825,0.4672793101296699,0.0083218457742783
0.4210777262745461,-0.16988837225830958,-0.4640291883353377,0.018791264651596317,0.5863641561691995,0.2945243112739994,0.8851069146098838,-0.058153211668736,0.3528385909254634,1.1561229703095393,0.5343775472677628,-0.5346613337135215,0.4673809363568673,0.008620972027916
0.4210777262745461,-0.16988837225830958,-0.4640291883353377,0.018791264651596317,0.5863641561691995,0.2945243112739994,0.8851069146098838,-0.0605653964576858,0.3545777416437285,1.1525085280780842,0.533357450043819,-0.5352768435046605,0.4674825625840647,0.0089200982815536
0.4210777262745461,-0.16988837225830958,-0.4640291883353377,0.018791264651596317,0.5863641561691995,0.2945243112739994,0.8851069146098838,-0.0629775812466356,0.3563168923619936,1.1488940858466292,0.5323373528198752,-0.5358923532957997,0.467584188811262,0.0092192245351913
0.4210777262745461,-0.16988837225830958,-0.4640291883353377,0.018791264651596317,0.5863641561691995,0.2945243112739994,0.8851069146098838,-0.0653897660355854,0.3580560430802587,1.1452796436151742,0.5313172555959313,-0.5365078630869387,0.4676858150384595,0.0095183507888289
0.4210777262745461,-0.16988837225830958,-0.4640291883353377,0.018791264651596317,0.5863641561691995,0.2945243112739994,0.8851069146098838,-0.0678019508245352,0.3597951937985238,1.1416652013837192,0.5302971583719875,-0.5371233728780777,0.4677874412656569,0.0098174770424666
0.4210777262745461,-0.16988837225830958,-0.4640291883353377,0.018791264651596317,0.5863641561691995,0.2945243112739994,0.8851069146098838,-0.070214135613485,0.3615343445167889,1.1380507591522642,0.5292770611480437,-0.5377388826692167,0.4678890674928543,0.0101166032961042
0.4210777262745461,-0.16988837225830958,-0.4640291883353377,0.018791264651596317,0.5863641561691995,0.2945243112739994,0.8851069146098838,-0.0726263204024348,0.3632734952350539,1.1344363169208092,0.5282569639240999,-0.5383543924603558,0.4679906937200517,0.0104157295497419
0.4210777262745461,-0.16988837225830958,-0.4640291883353377,0.018791264651596317,0.5863641561691995,0.2945243112739994,0.8851069146098838,-0.0750385051913846,0.365012645953319,1.130821874689354,0.5272368667001561,-0.5389699022514947,0.4680923199472491,0.0107148558033796
0.4210777262745461,-0.16988837225830958,-0.4640291883353377,0.018791264651596317,0.5863641561691995,0.2945243112739994,0.8851069146098838,-0.0774506899803345,0.3667517966715841,1.1272074324578991,0.5262167694762123,-0.5395854120426338,0.4681939461744465,0.0110139820570172
0.4210777262745461,-0.16988837225830958,-0.4640291883353377,0.018791264651596317,0.5863641561691995,0.2945243112739994,0.8851069146098838,-0.0798628747692843,0.3684909473898492,1.123592990226444,0.5251966722522685,-0.5402009218337728,0.4682955724016439,0.0113131083106549
0.4210777262745461,-0.16988837225830958,-0.4640291883353377,0.018791264651596317,0.5863641561691995,0.2945243112739994,0.8851069146098838,-0.0822750595582341,0.3702300981081143,1.119978547994989,0.5241765750283247,-0.5408164316249118,0.4683971986288413,0.0116122345642925
0.4210777262745461,-0.16988837225830958,-0.4640291883353377,0.018791264651596317,0.5863641561691995,0.2945243112739994,0.8851069146098838,-0.0846872443471839,0.3719692488263794,1.1163641057635345,0.5231564778043809,-0.5414319414160508,0.4684988248560388,0.0119113608179302
0.4210777262745461,-0.16988837225830958,-0.4640291883353377,0.018791264651596317,0.5863641561691995,0.2945243112739994,0.8851069146098838,-0.0870994291361337,0.3737083995446444,1.112749663532079,0.5221363805804371,-0.5420474512071898,0.4686004510832361,0.0122104870715678
0.4210777262745461,-0.16988837225830958,-0.4640291883353377,0.018791264651596317,0.5863641561691995,0.2945243112739994,0.8851069146098838,-0.0895116139250836,0.3754475502629096,1.1091352213006245,0.5211162833564934,-0.5426629609983289,0.4687020773104335,0.0125096133252055
0.4210777262745461,-0.16988837225830958,-0.4640291883353377,0.018791264651596317,0.5863641561691995,0.2945243112739994,0.8851069146098838,-0.0919237987140334,0.3771867009811747,1.105520779069169,0.5200961861325495,-0.5432784707894679,0.468803703537631,0.0128087395788432
0.4210777262745461,-0.16988837225830958,-0.4640291883353377,0.018791264651596317,0.5863641561691995,0.2945243112739994,0.8851069146098838,-0.0943359835029832,0.3789258516994397,1.1019063368377142,0.5190760889086057,-0.5438939805806069,0.4689053297648284,0.0131078658324808
0.4210777262745461,-0.16988837225830958,-0.4640291883353377,0.018791264651596317,0.5863641561691995,0.2945243112739994,0.8851069146098838,-0.096748168291933,0.3806650024177048,1.098291894606259,0.518055991684662,-0.5445094903717459,0.4690069559920258,0.0134069920861185
0.4210777262745461,-0.16988837225830958,-0.4640291883353377,0.018791264651596317,0.5863641561691995,0.2945243112739994,0.8851069146098838,-0.0991603530808828,0.38240415313597,1.0946774523748042,0.5170358944607181,-0.5451250001628849,0.4691085822192232,0.0137061183397561
0.4210777262745461,-0.16988837225830958,-0.4640291883353377,0.018791264651596317,0.5863641561691995,0.2945243112739994,0.8851069146098838,-0.1015725378698326,0.384143303854235,1.091063010143349,0.5160157972367744,-0.545740509954024,0.4692102084464206,0.0140052445933938
0.4210777262745461,-0.16988837225830958,-0.4640291883353377,0.018791264651596317,0.5863641561691995,0.2945243112739994,0.8851069146098838,-0.1039847226587825,0.3858824545725001,1.087448567911894,0.5149957000128306,-0.546356019745163,0.469311834673618,0.0143043708470314
0.4210777262745461,-0.16988837225830958,-0.4640291883353377,0.018791264651596317,0.5863641561691995,0.2945243112739994,0.8851069146098838,-0.1063969074477323,0.3876216052907651,1.083834125680439,0.5139756027888867,-0.546971529536302,0.4694134609008155,0.0146034971006691
0.4210777262745461,-0.16988837225830958,-0.4640291883353377,0.018791264651596317,0.5863641561691995,0.2945243112739994,0.8851069146098838,-0.1088090922366821,0.3893607560090303,1.080219683448984,0.512955505564943,-0.547587039327441,0.4695150871280129,0.0149026233543067
0.4210777262745461,-0.16988837225830958,-0.4640291883353377,0.018791264651596317,0.5863641561691995,0.2945243112739994,0.8851069146098838,-0.1112212770256318,0.3910999067272953,1.076605241217529,0.5119354083409992,-0.54820254911858,0.4696167133552102,0.0152017496079444
0.4210777262745461,-0.16988837225830958,-0.4640291883353377,0.018791264651596317,0.5863641561691995,0.2945243112739994,0.8851069146098838,-0.1136334618145816,0.3928390574455604,1.072990798986074,0.5109153111170553,-0.5488180589097191,0.4697183395824077,0.0155008758615821
0.4210777262745461,-0.16988837225830958,-0.4640291883353377,0.018791264651596317,0.5863641561691995,0.2945243112739994,0.8851069146098838,-0.1160456466035315,0.3945782081638255,1.069376356754619,0.5098952138931115,-0.5494335687008581,0.4698199658096051,0.0158000021152197
0.4210777262745461,-0.16988837225830958,-0.4640291883353377,0.018791264651596317,0.5863641561691995,0.2945243112739994,0.8851069146098838,-0.1184578313924813,0.3963173588820906,1.065761914523164,0.5088751166691677,-0.5500490784919971,0.4699215920368025,0.0160991283688574
0.4210777262745461,-0.16988837225830958,-0.4640291883353377,0.018791264651596317,0.5863641561691995,0.2945243112739994,0.8851069146098838,-0.1208700161814311,0.3980565096003557,1.062147472291709,0.5078550194452239,-0.5506645882831361,0.4700232182639999,0.016398254622495
0.4210777262745461,-0.16988837225830958,-0.4640291883353377,0.018791264651596317,0.5863641561691995,0.2945243112739994,0.8851069146098838,-0.1232822009703809,0.3997956603186208,1.058533030060254,0.5068349222212801,-0.5512800980742751,0.4701248444911973,0.0166973808761327
0.4210777262745461,-0.16988837225830958,-0.4640291883353377,0.018791264651596317,0.5863641561691995,0.2945243112739994,0.8851069146098838,-0.1256943857593307,0.4015348110368859,1.054918587828799,0.5058148249973364,-0.5518956078654143,0.4702264707183947,0.0169965071297703
0.4210777262745461,-0.16988837225830958,-0.4640291883353377,0.018791264651596317,0.5863641561691995,0.2945243112739994,0.8851069146098838,-0.1281065705482806,0.4032739617551509,1.051304145597344,0.5047947277733925,-0.5525111176565533,0.4703280969455921,0.017295633383408
0.4210777262745461,-0.16988837225830958,-0.4640291883353377,0.018791264651596317,0.5863641561691995,0.2945243112739994,0.8851069146098838,-0.1305187553372304,0.4050131124734161,1.047689703365889,0.5037746305494487,-0.5531266274476923,0.4704297231727895,0.0175947596370456
0.4210777262745461,-0.16988837225830958,-0.4640291883353377,0.018791264651596317,0.5863641561691995,0.2945243112739994,0.8851069146098838,-0.1329309401261802,0.4067522631916812,1.044075261134434,0.502754533325505,-0.5537421372388313,0.4705313493999869,0.0178938858906833
0.4210777262745461,-0.16988837225830958,-0.4640291883353377,0.018791264651596317,0.5863641561691995,0.2945243112739994,0.8851069146098838,-0.13534312491513,0.4084914139099462,1.0404608189029791,0.5017344361015611,-0.5543576470299703,0.4706329756271843,0.018193012144321
0.4210777262745461,-0.16988837225830958,-0.4640291883353377,0.018791264651596317,0.5863641561691995,0.2945243112739994,0.8851069146098838,-0.1377553097040798,0.4102305646282113,1.036846376671524,0.5007143388776174,-0.5549731568211094,0.4707346018543817,0.0184921383979586
0.4210777262745461,-0.16988837225830958,-0.4640291883353377,0.018791264651596317,0.5863641561691995,0.2945243112739994,0.8851069146098838,-0.1401674944930296,0.4119697153464764,1.033231934440069,0.4996942416536735,-0.5555886666122484,0.4708362280815791,0.0187912646515963
0.4210777262745461,-0.16988837225830958,-0.4640291883353377,0.018791264651596317,0.5863641561691995,0.2945243112739994,0.8851069146098838,-0.1425796792819794,0.4137088660647415,1.029617492208614,0.4986741444297297,-0.5562041764033874,0.4709378543087765,0.0190903909052339
0.4210777262745461,-0.16988837225830958,-0.4640291883353377,0.018791264651596317,0.5863641561691995,0.2945243112739994,0.8851069146098838,-0.1449918640709293,0.4154480167830066,1.026003049977159,0.497654047205786,-0.5568196861945264,0.471039480535974,0.0193895171588716
0.4210777262745461,-0.16988837225830958,-0.4640291883353377,0.018791264651596317,0.5863641561691995,0.2945243112739994,0.8851069146098838,-0.1474040488598791,0.4171871675012716,1.0223886077457038,0.4966339499818421,-0.5574351959856654,0.4711411067631714,0.0196886434125092
0.4210777262745461,-0.16988837225830958,-0.4640291883353377,0.018791264651596317,0.5863641561691995,0.2945243112739994,0.8851069146098838,-0.1498162336488289,0.4189263182195367,1.018774165514249,0.4956138527578984,-0.5580507057768044,0.4712427329903688,0.0199877696661469
0.4210777262745461,-0.16988837225830958,-0.4640291883353377,0.018791264651596317,0.5863641561691995,0.2945243112739994,0.8851069146098838,-0.1522284184377787,0.4206654689378019,1.0151597232827938,0.4945937555339545,-0.5586662155679434,0.4713443592175662,0.0202868959197845
0.4210777262745461,-0.16988837225830958,-0.4640291883353377,0.018791264651596317,0.5863641561691995,0.2945243112739994,0.8851069146098838,-0.1546406032267285,0.4224046196560669,1.011545281051339,0.4935736583100107,-0.5592817253590825,0.4714459854447636,0.0205860221734222
0.4210777262745461,-0.16988837225830958,-0.4640291883353377,0.018791264651596317,0.5863641561691995,0.2945243112739994,0.8851069146098838,-0.1570527880156783,0.424143770374332,1.0079308388198838,0.4925535610860669,-0.5598972351502215,0.471547611671961,0.0208851484270599
0.4210777262745461,-0.16988837225830958,-0.4640291883353377,0.018791264651596317,0.5863641561691995,0.2945243112739994,0.8851069146098838,-0.1594649728046281,0.4258829210925971,1.004316396588429,0.4915334638621231,-0.5605127449413605,0.4716492378991584,0.0211842746806975
0.4210777262745461,-0.16988837225830958,-0.4640291883353377,0.018791264651596317,0.5863641561691995,0.2945243112739994,0.8851069146098838,-0.161877157593578,0.4276220718108622,1.000701954356974,0.4905133666381793,-0.5611282547324995,0.4717508641263558,0.0214834009343352
0.4210777262745461,-0.16988837225830958,-0.4640291883353377,0.018791264651596317,0.5863641561691995,0.2945243112739994,0.8851069146098838,-0.1642893423825278,0.4293612225291273,0.9970875121255188,0.4894932694142355,-0.5617437645236386,0.4718524903535532,0.0217825271879728
0.4210777262745461,-0.16988837225830958,-0.4640291883353377,0.018791264651596317,0.5863641561691995,0.2945243112739994,0.8851069146098838,-0.1667015271714776,0.4311003732473924,0.993473069894064,0.4884731721902917,-0.5623592743147776,0.4719541165807507,0.0220816534416105
0.4210777262745461,-0.16988837225830958,-0.4640291883353377,0.018791264651596317,0.5863641561691995,0.2945243112739994,0.8851069146098838,-0.1691137119604274,0.4328395239656575,0.9898586276626088,0.4874530749663479,-0.5629747841059166,0.4720557428079481,0.0223807796952481
0.4210777262745461,-0.16988837225830958,-0.4640291883353377,0.018791264651596317,0.5863641561691995,0.2945243112739994,0.8851069146098838,-0.1715258967493772,0.4345786746839225,0.986244185431154,0.4864329777424041,-0.5635902938970556,0.4721573690351455,0.0226799059488858
0.4210777262745461,-0.16988837225830958,-0.4640291883353377,0.018791264651596317,0.5863641561691995,0.2945243112739994,0.8851069146098838,-0.173938081538327,0.4363178254021876,0.982629743199699,0.4854128805184604,-0.5642058036881946,0.4722589952623429,0.0229790322025234
0.4210777262745461,-0.16988837225830958,-0.4640291883353377,0.018791264651596317,0.5863641561691995,0.2945243112739994,0.8851069146098838,-0.1763502663272768,0.4380569761204527,0.979015300968244,0.4843927832945165,-0.5648213134793336,0.4723606214895403,0.0232781584561611
0.4210777262745461,-0.16988837225830958,-0.4640291883353377,0.018791264651596317,0.5863641561691995,0.2945243112739994,0.8851069146098838,-0.1787624511162266,0.4397961268387178,0.975400858736789,0.4833726860705727,-0.5654368232704727,0.4724622477167377,0.0235772847097988
0.4210777262745461,-0.16988837225830958,-0.4640291883353377,0.018791264651596317,0.5863641561691995,0.2945243112739994,0.8851069146098838,-0.1811746359051764,0.4415352775569828,0.9717864165053338,0.4823525888466289,-0.5660523330616117,0.4725638739439352,0.0238764109634364
0.4210777262745461,-0.16988837225830958,-0.4640291883353377,0.018791264651596317,0.5863641561691995,0.2945243112739994,0.8851069146098838,-0.1835868206941262,0.443274428275248,0.968171974273879,0.4813324916226851,-0.5666678428527507,0.4726655001711325,0.0241755372170741
0.4210777262745461,-0.16988837225830958,-0.4640291883353377,0.018791264651596317,0.5863641561691995,0.2945243112739994,0.8851069146098838,-0.1859990054830761,0.445013578993513,0.964557532042424,0.4803123943987413,-0.5672833526438897,0.4727671263983299,0.0244746634707117
0.4210777262745461,-0.16988837225830958,-0.4640291883353377,0.018791264651596317,0.5863641561691995,0.2945243112739994,0.8851069146098838,-0.1884111902720259,0.4467527297117781,0.960943089810969,0.4792922971747975,-0.5678988624350289,0.4728687526255273,0.0247737897243494
0.4210777262745461,-0.16988837225830958,-0.4640291883353377,0.018791264651596317,0.5863641561691995,0.2945243112739994,0.8851069146098838,-0.1908233750609757,0.4484918804300432,0.957328647579514,0.4782721999508537,-0.5685143722261679,0.4729703788527247,0.025072915977987
0.4210777262745461,-0.16988837225830958,-0.4640291883353377,0.018791264651596317,0.5863641561691995,0.2945243112739994,0.8851069146098838,-0.1932355598499255,0.4502310311483083,0.953714205348059,0.47725210272691,-0.5691298820173069,0.4730720050799221,0.0253720422316247
0.4210777262745461,-0.16988837225830958,-0.4640291883353377,0.018791264651596317,0.5863641561691995,0.2945243112739994,0.8851069146098838,-0.1956477446388753,0.4519701818665734,0.9500997631166038,0.4762320055029661,-0.5697453918084459,0.4731736313071195,0.0256711684852623
0.4210777262745461,-0.16988837225830958,-0.4640291883353377,0.018791264651596317,0.5863641561691995,0.2945243112739994,0.8851069146098838,-0.1980599294278252,0.4537093325848385,0.9464853208851488,0.4752119082790224,-0.5703609015995849,0.473275257534317,0.0259702947389
0.4210777262745461,-0.16988837225830958,-0.4640291883353377,0.018791264651596317,0.5863641561691995,0.2945243112739994,0.8851069146098838,-0.200472114216775,0.4554484833031036,0.942870878653694,0.4741918110550785,-0.5709764113907239,0.4733768837615144,0.0262694209925377
0.4210777262745461,-0.16988837225830958,-0.4640291883353377,0.018791264651596317,0.5863641561691995,0.2945243112739994,0.8851069146098838,-0.2028842990057248,0.4571876340213687,0.9392564364222388,0.4731717138311347,-0.571591921181863,0.4734785099887117,0.0265685472461753
0.4210777262745461,-0.16988837225830958,-0.4640291883353377,0.018791264651596317,0.5863641561691995,0.2945243112739994,0.8851069146098838,-0.2052964837946746,0.4589267847396338,0.935641994190784,0.4721516166071909,-0.572207430973002,0.4735801362159092,0.026867673499813
0.4210777262745461,-0.16988837225830958,-0.4640291883353377,0.018791264651596317,0.5863641561691995,0.2945243112739994,0.8851069146098838,-0.2077086685836244,0.4606659354578989,0.9320275519593288,0.4711315193832471,-0.572822940764141,0.4736817624431066,0.0271667997534506
0.4210777262745461,-0.16988837225830958,-0.4640291883353377,0.018791264651596317,0.5863641561691995,0.2945243112739994,0.8851069146098838,-0.2101208533725742,0.4624050861761639,0.9284131097278738,0.4701114221593033,-0.57343845055528,0.473783388670304,0.0274659260070883
0.4210777262745461,-0.16988837225830958,-0.4640291883353377,0.018791264651596317,0.5863641561691995,0.2945243112739994,0.8851069146098838,-0.212533038161524,0.464144236894429,0.9247986674964188,0.4690913249353595,-0.5740539603464191,0.4738850148975014,0.0277650522607259
0.4210777262745461,-0.16988837225830958,-0.4640291883353377,0.018791264651596317,0.5863641561691995,0.2945243112739994,0.8851069146098838,-0.2149452229504738,0.4658833876126941,0.9211842252649638,0.4680712277114157,-0.5746694701375581,0.4739866411246988,0.0280641785143636
0.4210777262745461,-0.16988837225830958,-0.4640291883353377,0.018791264651596317,0.5863641561691995,0.2945243112739994,0.8851069146098838,-0.2173574077394237,0.4676225383309592,0.9175697830335088,0.4670511304874719,-0.575284979928697,0.4740882673518962,0.0283633047680013
0.4210777262745461,-0.16988837225830958,-0.4640291883353377,0.018791264651596317,0.5863641561691995,0.2945243112739994,0.8851069146098838,-0.2197695925283735,0.4693616890492243,0.9139553408020538,0.4660310332635281,-0.575900489719836,0.4741898935790937,0.0286624310216389
0.4210777262745461,-0.16988837225830958,-0.4640291883353377,0.018791264651596317,0.5863641561691995,0.2945243112739994,0.8851069146098838,-0.2221817773173233,0.4711008397674894,0.9103408985705989,0.4650109360395844,-0.5765159995109751,0.4742915198062911,0.0289615572752766
0.4210777262745461,-0.16988837225830958,-0.4640291883353377,0.018791264651596317,0.5863641561691995,0.2945243112739994,0.8851069146098838,-0.2245939621062731,0.4728399904857545,0.9067264563391436,0.4639908388156405,-0.5771315093021141,0.4743931460334885,0.0292606835289142
0.4210777262745461,-0.16988837225830958,-0.4640291883353377,0.018791264651596317,0.5863641561691995,0.2945243112739994,0.8851069146098838,-0.2270061468952229,0.4745791412040196,0.9031120141076888,0.4629707415916967,-0.5777470190932531,0.4744947722606859,0.0295598097825519
0.4210777262745461,-0.16988837225830958,-0.4640291883353377,0.018791264651596317,0.5863641561691995,0.2945243112739994,0.8851069146098838,-0.2294183316841727,0.4763182919222847,0.8994975718762338,0.4619506443677529,-0.5783625288843921,0.4745963984878833,0.0298589360361895
0.4210777262745461,-0.16988837225830958,-0.4640291883353377,0.018791264651596317,0.5863641561691995,0.2945243112739994,0.8851069146098838,-0.2318305164731225,0.4780574426405497,0.8958831296447788,0.4609305471438091,-0.5789780386755312,0.4746980247150807,0.0301580622898272
0.4210777262745461,-0.16988837225830958,-0.4640291883353377,0.018791264651596317,0.5863641561691995,0.2945243112739994,0.8851069146098838,-0.2342427012620723,0.4797965933588148,0.8922686874133238,0.4599104499198653,-0.5795935484666702,0.4747996509422781,0.0304571885434648
0.4210777262745461,-0.16988837225830958,-0.4640291883353377,0.018791264651596317,0.5863641561691995,0.2945243112739994,0.8851069146098838,-0.2366548860510221,0.4815357440770799,0.8886542451818688,0.4588903526959215,-0.5802090582578092,0.4749012771694755,0.0307563147971025
0.4210777262745461,-0.16988837225830958,-0.4640291883353377,0.018791264651596317,0.5863641561691995,0.2945243112739994,0.8851069146098838,-0.2390670708399719,0.483274894795345,0.8850398029504138,0.4578702554719777,-0.5808245680489482,0.4750029033966729,0.0310554410507401
0.4210777262745461,-0.16988837225830958,-0.4640291883353377,0.018791264651596317,0.5863641561691995,0.2945243112739994,0.8851069146098838,-0.2414792556289217,0.4850140455136101,0.8814253607189587,0.456850158248034,-0.5814400778400872,0.4751045296238703,0.0313545673043778
0.4210777262745461,-0.16988837225830958,-0.4640291883353377,0.018791264651596317,0.5863641561691995,0.2945243112739994,0.8851069146098838,-0.2438914404178716,0.4867531962318752,0.8778109184875038,0.4558300610240901,-0.5820555876312262,0.4752061558510677,0.0316536935580155
0.4210777262745461,-0.16988837225830958,-0.4640291883353377,0.018791264651596317,0.5863641561691995,0.2945243112739994,0.8851069146098838,-0.2463036252068214,0.4884923469501403,0.8741964762560487,0.4548099638001464,-0.5826710974223653,0.4753077820782651,0.0319528198116531
0.4210777262745461,-0.16988837225830958,-0.4640291883353377,0.018791264651596317,0.5863641561691995,0.2945243112739994,0.8851069146098838,-0.2487158099957712,0.4902314976684053,0.8705820340245938,0.4537898665762025,-0.5832866072135043,0.4754094083054625,0.0322519460652908
0.4210777262745461,-0.16988837225830958,-0.4640291883353377,0.018791264651596317,0.5863641561691995,0.2945243112739994,0.8851069146098838,-0.251127994784721,0.4919706483866704,0.8669675917931388,0.4527697693522587,-0.5839021170046433,0.4755110345326599,0.0325510723189284
0.4210777262745461,-0.16988837225830958,-0.4640291883353377,0.018791264651596317,0.5863641561691995,0.2945243112739994,0.8851069146098838,-0.2535401795736708,0.4937097991049355,0.8633531495616837,0.4517496721283149,-0.5845176267957823,0.4756126607598573,0.0328501985725661
0.4210777262745461,-0.16988837225830958,-0.4640291883353377,0.018791264651596317,0.5863641561691995,0.2945243112739994,0.8851069146098838,-0.2559523643626207,0.4954489498232006,0.8597387073302287,0.4507295749043711,-0.5851331365869215,0.4757142869870547,0.0331493248262037
0.4210777262745461,-0.16988837225830958,-0.4640291883353377,0.018791264651596317,0.5863641561691995,0.2945243112739994,0.8851069146098838,-0.2583645491515705,0.4971881005414657,0.8561242650987737,0.4497094776804273,-0.5857486463780605,0.4758159132142522,0.0334484510798414
0.4210777262745461,-0.16988837225830958,-0.4640291883353377,0.018791264651596317,0.5863641561691995,0.2945243112739994,0.8851069146098838,-0.2607767339405203,0.4989272512597308,0.8525098228673187,0.4486893804564835,-0.5863641561691995,0.4759175394414496,0.0337475773334791
