left_w0,left_w1,left_w2,left_e0,left_e1,left_s0,left_s1,right_s0,right_s1,right_e0,right_e1,right_w0,right_w1,right_w2
0.4210777262745461,-0.16988837225830958,-0.4640291883353377,0.018791264651596317,0.5863641561691995,0.2945243112739994,0.8851069146098838,-0.2945243228085967,0.8873574220299085,-0.0187628359402367,0.5866762347088796,-0.4211011338184871,-0.1692696182858886,0.4640276257028661
0.4210777262745461,-0.16988837225830958,-0.4640291883353377,0.018791264651596317,0.5863641561691995,0.2945243112739994,0.8851069146098838,-0.2931475749937966,0.8851353196822686,-0.0151849678960508,0.5866324898445144,-0.4197453612594736,-0.1671596535204385,0.4625435071037493
0.4210777262745461,-0.16988837225830958,-0.4640291883353377,0.018791264651596317,0.5863641561691995,0.2945243112739994,0.8851069146098838,-0.2917708271789964,0.8829132173346286,-0.0116070998518648,0.5865887449801491,-0.4183895887004603,-0.1650496887549885,0.4610593885046326
0.4210777262745461,-0.16988837225830958,-0.4640291883353377,0.018791264651596317,0.5863641561691995,0.2945243112739994,0.8851069146098838,-0.2903940793641963,0.8806911149869886,-0.0080292318076789,0.5865450001157839,-0.4170338161414468,-0.1629397239895384,0.4595752699055158
0.4210777262745461,-0.16988837225830958,-0.4640291883353377,0.018791264651596317,0.5863641561691995,0.2945243112739994,0.8851069146098838,-0.2890173315493961,0.8784690126393486,-0.004451363763493,0.5865012552514186,-0.4156780435824333,-0.1608297592240883,0.458091151306399
0.4210777262745461,-0.16988837225830958,-0.4640291883353377,0.018791264651596317,0.5863641561691995,0.2945243112739994,0.8851069146098838,-0.287640583734596,0.8762469102917086,-0.0008734957193071,0.5864575103870534,-0.4143222710234199,-0.1587197944586383,0.4566070327072822
0.4210777262745461,-0.16988837225830958,-0.4640291883353377,0.018791264651596317,0.5863641561691995,0.2945243112739994,0.8851069146098838,-0.2862638359197959,0.8740248079440686,0.0027043723248788,0.5864137655226882,-0.4129664984644065,-0.1566098296931883,0.4551229141081654
0.4210777262745461,-0.16988837225830958,-0.4640291883353377,0.018791264651596317,0.5863641561691995,0.2945243112739994,0.8851069146098838,-0.2848870881049957,0.8718027055964287,0.0062822403690647,0.5863700206583229,-0.411610725905393,-0.1544998649277382,0.4536387955090487
0.4210777262745461,-0.16988837225830958,-0.4640291883353377,0.018791264651596317,0.5863641561691995,0.2945243112739994,0.8851069146098838,-0.2835103402901955,0.8695806032487887,0.0098601084132506,0.5863262757939576,-0.4102549533463796,-0.1523899001622881,0.4521546769099319
0.4210777262745461,-0.16988837225830958,-0.4640291883353377,0.018791264651596317,0.5863641561691995,0.2945243112739994,0.8851069146098838,-0.2821335924753954,0.8673585009011487,0.0134379764574366,0.5862825309295924,-0.4088991807873661,-0.1502799353968381,0.4506705583108151
0.4210777262745461,-0.16988837225830958,-0.4640291883353377,0.018791264651596317,0.5863641561691995,0.2945243112739994,0.8851069146098838,-0.2807568446605953,0.8651363985535088,0.0170158445016225,0.5862387860652271,-0.4075434082283527,-0.148169970631388,0.4491864397116983
0.4210777262745461,-0.16988837225830958,-0.4640291883353377,0.018791264651596317,0.5863641561691995,0.2945243112739994,0.8851069146098838,-0.2793800968457951,0.8629142962058687,0.0205937125458084,0.5861950412008619,-0.4061876356693393,-0.146060005865938,0.4477023211125815
0.4210777262745461,-0.16988837225830958,-0.4640291883353377,0.018791264651596317,0.5863641561691995,0.2945243112739994,0.8851069146098838,-0.278003349030995,0.8606921938582288,0.0241715805899944,0.5861512963364965,-0.4048318631103258,-0.1439500411004879,0.4462182025134648
0.4210777262745461,-0.16988837225830958,-0.4640291883353377,0.018791264651596317,0.5863641561691995,0.2945243112739994,0.8851069146098838,-0.2766266012161948,0.8584700915105888,0.0277494486341803,0.5861075514721314,-0.4034760905513124,-0.1418400763350379,0.444734083914348
0.4210777262745461,-0.16988837225830958,-0.4640291883353377,0.018791264651596317,0.5863641561691995,0.2945243112739994,0.8851069146098838,-0.2752498534013947,0.8562479891629489,0.0313273166783662,0.5860638066077661,-0.4021203179922989,-0.1397301115695878,0.4432499653152312
0.4210777262745461,-0.16988837225830958,-0.4640291883353377,0.018791264651596317,0.5863641561691995,0.2945243112739994,0.8851069146098838,-0.2738731055865945,0.8540258868153089,0.0349051847225521,0.5860200617434009,-0.4007645454332855,-0.1376201468041378,0.4417658467161144
0.4210777262745461,-0.16988837225830958,-0.4640291883353377,0.018791264651596317,0.5863641561691995,0.2945243112739994,0.8851069146098838,-0.2724963577717944,0.8518037844676689,0.0384830527667381,0.5859763168790356,-0.3994087728742721,-0.1355101820386877,0.4402817281169977
0.4210777262745461,-0.16988837225830958,-0.4640291883353377,0.018791264651596317,0.5863641561691995,0.2945243112739994,0.8851069146098838,-0.2711196099569943,0.8495816821200289,0.042060920810924,0.5859325720146704,-0.3980530003152586,-0.1334002172732377,0.4387976095178809
0.4210777262745461,-0.16988837225830958,-0.4640291883353377,0.018791264651596317,0.5863641561691995,0.2945243112739994,0.8851069146098838,-0.2697428621421941,0.847359579772389,0.0456387888551099,0.5858888271503052,-0.3966972277562452,-0.1312902525077876,0.4373134909187641
0.4210777262745461,-0.16988837225830958,-0.4640291883353377,0.018791264651596317,0.5863641561691995,0.2945243112739994,0.8851069146098838,-0.268366114327394,0.8451374774247491,0.0492166568992959,0.5858450822859399,-0.3953414551972318,-0.1291802877423376,0.4358293723196473
0.4210777262745461,-0.16988837225830958,-0.4640291883353377,0.018791264651596317,0.5863641561691995,0.2945243112739994,0.8851069146098838,-0.2669893665125938,0.842915375077109,0.0527945249434818,0.5858013374215747,-0.3939856826382183,-0.1270703229768875,0.4343452537205305
0.4210777262745461,-0.16988837225830958,-0.4640291883353377,0.018791264651596317,0.5863641561691995,0.2945243112739994,0.8851069146098838,-0.2656126186977937,0.840693272729469,0.0563723929876677,0.5857575925572095,-0.3926299100792049,-0.1249603582114375,0.4328611351214138
0.4210777262745461,-0.16988837225830958,-0.4640291883353377,0.018791264651596317,0.5863641561691995,0.2945243112739994,0.8851069146098838,-0.2642358708829935,0.8384711703818291,0.0599502610318537,0.5857138476928442,-0.3912741375201914,-0.1228503934459874,0.431377016522297
0.4210777262745461,-0.16988837225830958,-0.4640291883353377,0.018791264651596317,0.5863641561691995,0.2945243112739994,0.8851069146098838,-0.2628591230681934,0.8362490680341891,0.0635281290760396,0.585670102828479,-0.389918364961178,-0.1207404286805373,0.4298928979231802
0.4210777262745461,-0.16988837225830958,-0.4640291883353377,0.018791264651596317,0.5863641561691995,0.2945243112739994,0.8851069146098838,-0.2614823752533932,0.834026965686549,0.0671059971202255,0.5856263579641136,-0.3885625924021646,-0.1186304639150873,0.4284087793240634
0.4210777262745461,-0.16988837225830958,-0.4640291883353377,0.018791264651596317,0.5863641561691995,0.2945243112739994,0.8851069146098838,-0.2601056274385931,0.8318048633389091,0.0706838651644114,0.5855826130997484,-0.3872068198431511,-0.1165204991496372,0.4269246607249466
0.4210777262745461,-0.16988837225830958,-0.4640291883353377,0.018791264651596317,0.5863641561691995,0.2945243112739994,0.8851069146098838,-0.258728879623793,0.8295827609912692,0.0742617332085974,0.5855388682353831,-0.3858510472841376,-0.1144105343841872,0.4254405421258299
0.4210777262745461,-0.16988837225830958,-0.4640291883353377,0.018791264651596317,0.5863641561691995,0.2945243112739994,0.8851069146098838,-0.2573521318089928,0.8273606586436292,0.0778396012527833,0.5854951233710178,-0.3844952747251243,-0.1123005696187371,0.4239564235267131
0.4210777262745461,-0.16988837225830958,-0.4640291883353377,0.018791264651596317,0.5863641561691995,0.2945243112739994,0.8851069146098838,-0.2559753839941927,0.8251385562959892,0.0814174692969692,0.5854513785066526,-0.3831395021661108,-0.1101906048532871,0.4224723049275963
0.4210777262745461,-0.16988837225830958,-0.4640291883353377,0.018791264651596317,0.5863641561691995,0.2945243112739994,0.8851069146098838,-0.2545986361793925,0.8229164539483491,0.0849953373411551,0.5854076336422873,-0.3817837296070973,-0.108080640087837,0.4209881863284795
0.4210777262745461,-0.16988837225830958,-0.4640291883353377,0.018791264651596317,0.5863641561691995,0.2945243112739994,0.8851069146098838,-0.2532218883645923,0.8206943516007092,0.0885732053853411,0.5853638887779221,-0.3804279570480839,-0.105970675322387,0.4195040677293627
0.4210777262745461,-0.16988837225830958,-0.4640291883353377,0.018791264651596317,0.5863641561691995,0.2945243112739994,0.8851069146098838,-0.2518451405497922,0.8184722492530692,0.092151073429527,0.5853201439135569,-0.3790721844890705,-0.1038607105569369,0.4180199491302459
0.4210777262745461,-0.16988837225830958,-0.4640291883353377,0.018791264651596317,0.5863641561691995,0.2945243112739994,0.8851069146098838,-0.250468392734992,0.8162501469054293,0.095728941473713,0.5852763990491916,-0.377716411930057,-0.1017507457914869,0.4165358305311292
0.4210777262745461,-0.16988837225830958,-0.4640291883353377,0.018791264651596317,0.5863641561691995,0.2945243112739994,0.8851069146098838,-0.2490916449201919,0.8140280445577893,0.0993068095178989,0.5852326541848264,-0.3763606393710436,-0.0996407810260368,0.4150517119320124
0.4210777262745461,-0.16988837225830958,-0.4640291883353377,0.018791264651596317,0.5863641561691995,0.2945243112739994,0.8851069146098838,-0.2477148971053918,0.8118059422101493,0.1028846775620848,0.5851889093204611,-0.3750048668120301,-0.0975308162605868,0.4135675933328956
0.4210777262745461,-0.16988837225830958,-0.4640291883353377,0.018791264651596317,0.5863641561691995,0.2945243112739994,0.8851069146098838,-0.2463381492905916,0.8095838398625094,0.1064625456062707,0.5851451644560959,-0.3736490942530167,-0.0954208514951367,0.4120834747337788
0.4210777262745461,-0.16988837225830958,-0.4640291883353377,0.018791264651596317,0.5863641561691995,0.2945243112739994,0.8851069146098838,-0.2449614014757915,0.8073617375148694,0.1100404136504566,0.5851014195917307,-0.3722933216940033,-0.0933108867296867,0.4105993561346621
0.4210777262745461,-0.16988837225830958,-0.4640291883353377,0.018791264651596317,0.5863641561691995,0.2945243112739994,0.8851069146098838,-0.2435846536609913,0.8051396351672294,0.1136182816946426,0.5850576747273654,-0.3709375491349898,-0.0912009219642366,0.4091152375355452
0.4210777262745461,-0.16988837225830958,-0.4640291883353377,0.018791264651596317,0.5863641561691995,0.2945243112739994,0.8851069146098838,-0.2422079058461912,0.8029175328195894,0.1171961497388285,0.5850139298630002,-0.3695817765759764,-0.0890909571987866,0.4076311189364285
0.4210777262745461,-0.16988837225830958,-0.4640291883353377,0.018791264651596317,0.5863641561691995,0.2945243112739994,0.8851069146098838,-0.240831158031391,0.8006954304719494,0.1207740177830145,0.5849701849986348,-0.368226004016963,-0.0869809924333365,0.4061470003373116
0.4210777262745461,-0.16988837225830958,-0.4640291883353377,0.018791264651596317,0.5863641561691995,0.2945243112739994,0.8851069146098838,-0.2394544102165909,0.7984733281243095,0.1243518858272004,0.5849264401342698,-0.3668702314579495,-0.0848710276678865,0.404662881738195
0.4210777262745461,-0.16988837225830958,-0.4640291883353377,0.018791264651596317,0.5863641561691995,0.2945243112739994,0.8851069146098838,-0.2380776624017908,0.7962512257766695,0.1279297538713863,0.5848826952699044,-0.3655144588989361,-0.0827610629024364,0.4031787631390782
0.4210777262745461,-0.16988837225830958,-0.4640291883353377,0.018791264651596317,0.5863641561691995,0.2945243112739994,0.8851069146098838,-0.2367009145869906,0.7940291234290295,0.1315076219155723,0.5848389504055391,-0.3641586863399226,-0.0806510981369864,0.4016946445399614
0.4210777262745461,-0.16988837225830958,-0.4640291883353377,0.018791264651596317,0.5863641561691995,0.2945243112739994,0.8851069146098838,-0.2353241667721905,0.7918070210813896,0.1350854899597582,0.5847952055411739,-0.3628029137809092,-0.0785411333715363,0.4002105259408446
0.4210777262745461,-0.16988837225830958,-0.4640291883353377,0.018791264651596317,0.5863641561691995,0.2945243112739994,0.8851069146098838,-0.2339474189573903,0.7895849187337496,0.1386633580039441,0.5847514606768087,-0.3614471412218958,-0.0764311686060863,0.3987264073417279
0.4210777262745461,-0.16988837225830958,-0.4640291883353377,0.018791264651596317,0.5863641561691995,0.2945243112739994,0.8851069146098838,-0.2325706711425902,0.7873628163861096,0.14224122604813,0.5847077158124434,-0.3600913686628823,-0.0743212038406362,0.3972422887426111
0.4210777262745461,-0.16988837225830958,-0.4640291883353377,0.018791264651596317,0.5863641561691995,0.2945243112739994,0.8851069146098838,-0.23119392332779,0.7851407140384696,0.145819094092316,0.5846639709480781,-0.3587355961038689,-0.0722112390751861,0.3957581701434943
0.4210777262745461,-0.16988837225830958,-0.4640291883353377,0.018791264651596317,0.5863641561691995,0.2945243112739994,0.8851069146098838,-0.2298171755129899,0.7829186116908295,0.1493969621365019,0.5846202260837129,-0.3573798235448555,-0.0701012743097361,0.3942740515443775
0.4210777262745461,-0.16988837225830958,-0.4640291883353377,0.018791264651596317,0.5863641561691995,0.2945243112739994,0.8851069146098838,-0.2284404276981897,0.7806965093431897,0.1529748301806878,0.5845764812193477,-0.356024050985842,-0.067991309544286,0.3927899329452607
0.4210777262745461,-0.16988837225830958,-0.4640291883353377,0.018791264651596317,0.5863641561691995,0.2945243112739994,0.8851069146098838,-0.2270636798833896,0.7784744069955496,0.1565526982248737,0.5845327363549824,-0.3546682784268286,-0.065881344778836,0.3913058143461439
0.4210777262745461,-0.16988837225830958,-0.4640291883353377,0.018791264651596317,0.5863641561691995,0.2945243112739994,0.8851069146098838,-0.2256869320685894,0.7762523046479097,0.1601305662690597,0.5844889914906172,-0.3533125058678151,-0.0637713800133859,0.3898216957470271
0.4210777262745461,-0.16988837225830958,-0.4640291883353377,0.018791264651596317,0.5863641561691995,0.2945243112739994,0.8851069146098838,-0.2243101842537893,0.7740302023002698,0.1637084343132456,0.5844452466262519,-0.3519567333088017,-0.0616614152479359,0.3883375771479103
0.4210777262745461,-0.16988837225830958,-0.4640291883353377,0.018791264651596317,0.5863641561691995,0.2945243112739994,0.8851069146098838,-0.2229334364389891,0.7718080999526298,0.1672863023574315,0.5844015017618867,-0.3506009607497883,-0.0595514504824858,0.3868534585487935
0.4210777262745461,-0.16988837225830958,-0.4640291883353377,0.018791264651596317,0.5863641561691995,0.2945243112739994,0.8851069146098838,-0.221556688624189,0.7695859976049898,0.1708641704016175,0.5843577568975213,-0.3492451881907748,-0.0574414857170358,0.3853693399496767
0.4210777262745461,-0.16988837225830958,-0.4640291883353377,0.018791264651596317,0.5863641561691995,0.2945243112739994,0.8851069146098838,-0.2201799408093889,0.7673638952573497,0.1744420384458034,0.5843140120331561,-0.3478894156317613,-0.0553315209515857,0.3838852213505599
0.4210777262745461,-0.16988837225830958,-0.4640291883353377,0.018791264651596317,0.5863641561691995,0.2945243112739994,0.8851069146098838,-0.2188031929945887,0.7651417929097099,0.1780199064899894,0.5842702671687909,-0.346533643072748,-0.0532215561861357,0.3824011027514432
0.4210777262745461,-0.16988837225830958,-0.4640291883353377,0.018791264651596317,0.5863641561691995,0.2945243112739994,0.8851069146098838,-0.2174264451797886,0.7629196905620698,0.1815977745341753,0.5842265223044256,-0.3451778705137345,-0.0511115914206856,0.3809169841523264
0.4210777262745461,-0.16988837225830958,-0.4640291883353377,0.018791264651596317,0.5863641561691995,0.2945243112739994,0.8851069146098838,-0.2160496973649885,0.76069758821443,0.1851756425783612,0.5841827774400604,-0.3438220979547211,-0.0490016266552356,0.3794328655532097
0.4210777262745461,-0.16988837225830958,-0.4640291883353377,0.018791264651596317,0.5863641561691995,0.2945243112739994,0.8851069146098838,-0.2146729495501883,0.7584754858667899,0.1887535106225471,0.5841390325756951,-0.3424663253957076,-0.0468916618897855,0.3779487469540929
0.4210777262745461,-0.16988837225830958,-0.4640291883353377,0.018791264651596317,0.5863641561691995,0.2945243112739994,0.8851069146098838,-0.2132962017353881,0.75625338351915,0.192331378666733,0.5840952877113299,-0.3411105528366942,-0.0447816971243355,0.3764646283549762
0.4210777262745461,-0.16988837225830958,-0.4640291883353377,0.018791264651596317,0.5863641561691995,0.2945243112739994,0.8851069146098838,-0.211919453920588,0.75403128117151,0.195909246710919,0.5840515428469646,-0.3397547802776807,-0.0426717323588854,0.3749805097558593
0.4210777262745461,-0.16988837225830958,-0.4640291883353377,0.018791264651596317,0.5863641561691995,0.2945243112739994,0.8851069146098838,-0.2105427061057879,0.75180917882387,0.1994871147551049,0.5840077979825995,-0.3383990077186673,-0.0405617675934354,0.3734963911567426
0.4210777262745461,-0.16988837225830958,-0.4640291883353377,0.018791264651596317,0.5863641561691995,0.2945243112739994,0.8851069146098838,-0.2091659582909877,0.74958707647623,0.2030649827992909,0.5839640531182342,-0.3370432351596538,-0.0384518028279853,0.3720122725576257
0.4210777262745461,-0.16988837225830958,-0.4640291883353377,0.018791264651596317,0.5863641561691995,0.2945243112739994,0.8851069146098838,-0.2077892104761876,0.74736497412859,0.2066428508434768,0.5839203082538689,-0.3356874626006404,-0.0363418380625353,0.370528153958509
0.4210777262745461,-0.16988837225830958,-0.4640291883353377,0.018791264651596317,0.5863641561691995,0.2945243112739994,0.8851069146098838,-0.2064124626613874,0.74514287178095,0.2102207188876627,0.5838765633895036,-0.334331690041627,-0.0342318732970852,0.3690440353593922
0.4210777262745461,-0.16988837225830958,-0.4640291883353377,0.018791264651596317,0.5863641561691995,0.2945243112739994,0.8851069146098838,-0.2050357148465873,0.7429207694333101,0.2137985869318486,0.5838328185251385,-0.3329759174826135,-0.0321219085316352,0.3675599167602754
0.4210777262745461,-0.16988837225830958,-0.4640291883353377,0.018791264651596317,0.5863641561691995,0.2945243112739994,0.8851069146098838,-0.2036589670317871,0.74069866708567,0.2173764549760346,0.5837890736607732,-0.3316201449236001,-0.0300119437661851,0.3660757981611586
0.4210777262745461,-0.16988837225830958,-0.4640291883353377,0.018791264651596317,0.5863641561691995,0.2945243112739994,0.8851069146098838,-0.202282219216987,0.73847656473803,0.2209543230202205,0.583745328796408,-0.3302643723645866,-0.027901979000735,0.3645916795620418
0.4210777262745461,-0.16988837225830958,-0.4640291883353377,0.018791264651596317,0.5863641561691995,0.2945243112739994,0.8851069146098838,-0.2009054714021868,0.73625446239039,0.2245321910644064,0.5837015839320426,-0.3289085998055732,-0.025792014235285,0.363107560962925
0.4210777262745461,-0.16988837225830958,-0.4640291883353377,0.018791264651596317,0.5863641561691995,0.2945243112739994,0.8851069146098838,-0.1995287235873867,0.7340323600427502,0.2281100591085923,0.5836578390676774,-0.3275528272465598,-0.0236820494698349,0.3616234423638083
0.4210777262745461,-0.16988837225830958,-0.4640291883353377,0.018791264651596317,0.5863641561691995,0.2945243112739994,0.8851069146098838,-0.1981519757725865,0.7318102576951102,0.2316879271527782,0.5836140942033121,-0.3261970546875463,-0.0215720847043849,0.3601393237646915
0.4210777262745461,-0.16988837225830958,-0.4640291883353377,0.018791264651596317,0.5863641561691995,0.2945243112739994,0.8851069146098838,-0.1967752279577864,0.7295881553474702,0.2352657951969642,0.5835703493389469,-0.3248412821285329,-0.0194621199389348,0.3586552051655747
0.4210777262745461,-0.16988837225830958,-0.4640291883353377,0.018791264651596317,0.5863641561691995,0.2945243112739994,0.8851069146098838,-0.1953984801429862,0.7273660529998303,0.2388436632411501,0.5835266044745816,-0.3234855095695195,-0.0173521551734848,0.357171086566458
0.4210777262745461,-0.16988837225830958,-0.4640291883353377,0.018791264651596317,0.5863641561691995,0.2945243112739994,0.8851069146098838,-0.1940217323281861,0.7251439506521903,0.242421531285336,0.5834828596102164,-0.322129737010506,-0.0152421904080347,0.3556869679673412
0.4210777262745461,-0.16988837225830958,-0.4640291883353377,0.018791264651596317,0.5863641561691995,0.2945243112739994,0.8851069146098838,-0.192644984513386,0.7229218483045502,0.245999399329522,0.5834391147458512,-0.3207739644514926,-0.0131322256425847,0.3542028493682244
0.4210777262745461,-0.16988837225830958,-0.4640291883353377,0.018791264651596317,0.5863641561691995,0.2945243112739994,0.8851069146098838,-0.1912682366985858,0.7206997459569102,0.2495772673737079,0.5833953698814859,-0.3194181918924791,-0.0110222608771346,0.3527187307691076
0.4210777262745461,-0.16988837225830958,-0.4640291883353377,0.018791264651596317,0.5863641561691995,0.2945243112739994,0.8851069146098838,-0.1898914888837856,0.7184776436092704,0.2531551354178938,0.5833516250171207,-0.3180624193334657,-0.0089122961116846,0.3512346121699908
0.4210777262745461,-0.16988837225830958,-0.4640291883353377,0.018791264651596317,0.5863641561691995,0.2945243112739994,0.8851069146098838,-0.1885147410689855,0.7162555412616303,0.2567330034620798,0.5833078801527554,-0.3167066467744522,-0.0068023313462345,0.349750493570874
0.4210777262745461,-0.16988837225830958,-0.4640291883353377,0.018791264651596317,0.5863641561691995,0.2945243112739994,0.8851069146098838,-0.1871379932541854,0.7140334389139904,0.2603108715062657,0.5832641352883902,-0.3153508742154388,-0.0046923665807844,0.3482663749717573
0.4210777262745461,-0.16988837225830958,-0.4640291883353377,0.018791264651596317,0.5863641561691995,0.2945243112739994,0.8851069146098838,-0.1857612454393852,0.7118113365663503,0.2638887395504516,0.583220390424025,-0.3139951016564253,-0.0025824018153344,0.3467822563726405
0.4210777262745461,-0.16988837225830958,-0.4640291883353377,0.018791264651596317,0.5863641561691995,0.2945243112739994,0.8851069146098838,-0.1843844976245851,0.7095892342187105,0.2674666075946376,0.5831766455596596,-0.312639329097412,-0.0004724370498843,0.3452981377735237
0.4210777262745461,-0.16988837225830958,-0.4640291883353377,0.018791264651596317,0.5863641561691995,0.2945243112739994,0.8851069146098838,-0.1830077498097849,0.7073671318710704,0.2710444756388235,0.5831329006952943,-0.3112835565383985,0.0016375277155656,0.3438140191744069
0.4210777262745461,-0.16988837225830958,-0.4640291883353377,0.018791264651596317,0.5863641561691995,0.2945243112739994,0.8851069146098838,-0.1816310019949848,0.7051450295234305,0.2746223436830095,0.5830891558309292,-0.3099277839793851,0.0037474924810156,0.3423299005752902
0.4210777262745461,-0.16988837225830958,-0.4640291883353377,0.018791264651596317,0.5863641561691995,0.2945243112739994,0.8851069146098838,-0.1802542541801846,0.7029229271757905,0.2782002117271954,0.5830454109665639,-0.3085720114203716,0.0058574572464657,0.3408457819761734
0.4210777262745461,-0.16988837225830958,-0.4640291883353377,0.018791264651596317,0.5863641561691995,0.2945243112739994,0.8851069146098838,-0.1788775063653845,0.7007008248281505,0.2817780797713813,0.5830016661021986,-0.3072162388613582,0.0079674220119157,0.3393616633770566
0.4210777262745461,-0.16988837225830958,-0.4640291883353377,0.018791264651596317,0.5863641561691995,0.2945243112739994,0.8851069146098838,-0.1775007585505844,0.6984787224805105,0.2853559478155673,0.5829579212378333,-0.3058604663023447,0.0100773867773658,0.3378775447779398
0.4210777262745461,-0.16988837225830958,-0.4640291883353377,0.018791264651596317,0.5863641561691995,0.2945243112739994,0.8851069146098838,-0.1761240107357842,0.6962566201328706,0.2889338158597532,0.5829141763734682,-0.3045046937433313,0.0121873515428159,0.336393426178823
0.4210777262745461,-0.16988837225830958,-0.4640291883353377,0.018791264651596317,0.5863641561691995,0.2945243112739994,0.8851069146098838,-0.174747262920984,0.6940345177852305,0.2925116839039391,0.5828704315091029,-0.3031489211843178,0.0142973163082659,0.3349093075797063
0.4210777262745461,-0.16988837225830958,-0.4640291883353377,0.018791264651596317,0.5863641561691995,0.2945243112739994,0.8851069146098838,-0.1733705151061839,0.6918124154375906,0.2960895519481251,0.5828266866447377,-0.3017931486253045,0.016407281073716,0.3334251889805895
0.4210777262745461,-0.16988837225830958,-0.4640291883353377,0.018791264651596317,0.5863641561691995,0.2945243112739994,0.8851069146098838,-0.1719937672913838,0.6895903130899506,0.299667419992311,0.5827829417803723,-0.3004373760662909,0.018517245839166,0.3319410703814727
0.4210777262745461,-0.16988837225830958,-0.4640291883353377,0.018791264651596317,0.5863641561691995,0.2945243112739994,0.8851069146098838,-0.1706170194765836,0.6873682107423107,0.3032452880364969,0.5827391969160072,-0.2990816035072776,0.0206272106046161,0.3304569517823559
0.4210777262745461,-0.16988837225830958,-0.4640291883353377,0.018791264651596317,0.5863641561691995,0.2945243112739994,0.8851069146098838,-0.1692402716617835,0.6851461083946706,0.3068231560806829,0.5826954520516419,-0.2977258309482641,0.0227371753700662,0.3289728331832391
0.4210777262745461,-0.16988837225830958,-0.4640291883353377,0.018791264651596317,0.5863641561691995,0.2945243112739994,0.8851069146098838,-0.1678635238469833,0.6829240060470307,0.3104010241248688,0.5826517071872767,-0.2963700583892507,0.0248471401355162,0.3274887145841224
0.4210777262745461,-0.16988837225830958,-0.4640291883353377,0.018791264651596317,0.5863641561691995,0.2945243112739994,0.8851069146098838,-0.1664867760321832,0.6807019036993907,0.3139788921690547,0.5826079623229113,-0.2950142858302372,0.0269571049009663,0.3260045959850055
0.4210777262745461,-0.16988837225830958,-0.4640291883353377,0.018791264651596317,0.5863641561691995,0.2945243112739994,0.8851069146098838,-0.1651100282173831,0.6784798013517508,0.3175567602132406,0.5825642174585461,-0.2936585132712238,0.0290670696664163,0.3245204773858888
0.4210777262745461,-0.16988837225830958,-0.4640291883353377,0.018791264651596317,0.5863641561691995,0.2945243112739994,0.8851069146098838,-0.1637332804025829,0.6762576990041107,0.3211346282574265,0.5825204725941808,-0.2923027407122104,0.0311770344318663,0.323036358786772
0.4210777262745461,-0.16988837225830958,-0.4640291883353377,0.018791264651596317,0.5863641561691995,0.2945243112739994,0.8851069146098838,-0.1623565325877828,0.6740355966564707,0.3247124963016125,0.5824767277298156,-0.2909469681531969,0.0332869991973164,0.3215522401876552
0.4210777262745461,-0.16988837225830958,-0.4640291883353377,0.018791264651596317,0.5863641561691995,0.2945243112739994,0.8851069146098838,-0.1609797847729826,0.6718134943088309,0.3282903643457984,0.5824329828654504,-0.2895911955941835,0.0353969639627664,0.3200681215885385
0.4210777262745461,-0.16988837225830958,-0.4640291883353377,0.018791264651596317,0.5863641561691995,0.2945243112739994,0.8851069146098838,-0.1596030369581825,0.6695913919611909,0.3318682323899843,0.5823892380010851,-0.28823542303517,0.0375069287282165,0.3185840029894217
0.4210777262745461,-0.16988837225830958,-0.4640291883353377,0.018791264651596317,0.5863641561691995,0.2945243112739994,0.8851069146098838,-0.1582262891433823,0.6673692896135508,0.3354461004341703,0.5823454931367199,-0.2868796504761566,0.0396168934936665,0.3170998843903049
0.4210777262745461,-0.16988837225830958,-0.4640291883353377,0.018791264651596317,0.5863641561691995,0.2945243112739994,0.8851069146098838,-0.1568495413285822,0.6651471872659109,0.3390239684783562,0.5823017482723547,-0.2855238779171432,0.0417268582591166,0.3156157657911881
0.4210777262745461,-0.16988837225830958,-0.4640291883353377,0.018791264651596317,0.5863641561691995,0.2945243112739994,0.8851069146098838,-0.155472793513782,0.6629250849182708,0.3426018365225421,0.5822580034079894,-0.2841681053581297,0.0438368230245667,0.3141316471920713
0.4210777262745461,-0.16988837225830958,-0.4640291883353377,0.018791264651596317,0.5863641561691995,0.2945243112739994,0.8851069146098838,-0.1540960456989819,0.6607029825706309,0.3461797045667281,0.5822142585436241,-0.2828123327991163,0.0459467877900167,0.3126475285929545
0.4210777262745461,-0.16988837225830958,-0.4640291883353377,0.018791264651596317,0.5863641561691995,0.2945243112739994,0.8851069146098838,-0.1527192978841818,0.6584808802229909,0.349757572610914,0.582170513679259,-0.2814565602401028,0.0480567525554668,0.3111634099938377
0.4210777262745461,-0.16988837225830958,-0.4640291883353377,0.018791264651596317,0.5863641561691995,0.2945243112739994,0.8851069146098838,-0.1513425500693816,0.656258777875351,0.3533354406550999,0.5821267688148937,-0.2801007876810894,0.0501667173209168,0.309679291394721
0.4210777262745461,-0.16988837225830958,-0.4640291883353377,0.018791264651596317,0.5863641561691995,0.2945243112739994,0.8851069146098838,-0.1499658022545814,0.6540366755277109,0.3569133086992858,0.5820830239505284,-0.2787450151220759,0.0522766820863669,0.3081951727956042
0.4210777262745461,-0.16988837225830958,-0.4640291883353377,0.018791264651596317,0.5863641561691995,0.2945243112739994,0.8851069146098838,-0.1485890544397813,0.6518145731800711,0.3604911767434718,0.582039279086163,-0.2773892425630625,0.0543866468518169,0.3067110541964874
0.4210777262745461,-0.16988837225830958,-0.4640291883353377,0.018791264651596317,0.5863641561691995,0.2945243112739994,0.8851069146098838,-0.1472123066249811,0.649592470832431,0.3640690447876577,0.581995534221798,-0.2760334700040491,0.056496611617267,0.3052269355973706
0.4210777262745461,-0.16988837225830958,-0.4640291883353377,0.018791264651596317,0.5863641561691995,0.2945243112739994,0.8851069146098838,-0.145835558810181,0.647370368484791,0.3676469128318436,0.5819517893574326,-0.2746776974450356,0.0586065763827171,0.3037428169982538
0.4210777262745461,-0.16988837225830958,-0.4640291883353377,0.018791264651596317,0.5863641561691995,0.2945243112739994,0.8851069146098838,-0.1444588109953809,0.645148266137151,0.3712247808760296,0.5819080444930673,-0.2733219248860222,0.0607165411481671,0.3022586983991371
0.4210777262745461,-0.16988837225830958,-0.4640291883353377,0.018791264651596317,0.5863641561691995,0.2945243112739994,0.8851069146098838,-0.1430820631805807,0.6429261637895111,0.3748026489202155,0.5818642996287021,-0.2719661523270087,0.0628265059136171,0.3007745798000203
0.4210777262745461,-0.16988837225830958,-0.4640291883353377,0.018791264651596317,0.5863641561691995,0.2945243112739994,0.8851069146098838,-0.1417053153657806,0.6407040614418711,0.3783805169644014,0.5818205547643369,-0.2706103797679953,0.0649364706790672,0.2992904612009035
0.4210777262745461,-0.16988837225830958,-0.4640291883353377,0.018791264651596317,0.5863641561691995,0.2945243112739994,0.8851069146098838,-0.1403285675509804,0.6384819590942312,0.3819583850085873,0.5817768098999716,-0.2692546072089818,0.0670464354445173,0.2978063426017867
0.4210777262745461,-0.16988837225830958,-0.4640291883353377,0.018791264651596317,0.5863641561691995,0.2945243112739994,0.8851069146098838,-0.1389518197361803,0.6362598567465911,0.3855362530527733,0.5817330650356064,-0.2678988346499684,0.0691564002099673,0.29632222400267
0.4210777262745461,-0.16988837225830958,-0.4640291883353377,0.018791264651596317,0.5863641561691995,0.2945243112739994,0.8851069146098838,-0.1375750719213802,0.6340377543989513,0.3891141210969592,0.5816893201712412,-0.266543062090955,0.0712663649754173,0.2948381054035532
0.4210777262745461,-0.16988837225830958,-0.4640291883353377,0.018791264651596317,0.5863641561691995,0.2945243112739994,0.8851069146098838,-0.13619832410658,0.6318156520513112,0.3926919891411451,0.5816455753068759,-0.2651872895319416,0.0733763297408674,0.2933539868044364
0.4210777262745461,-0.16988837225830958,-0.4640291883353377,0.018791264651596317,0.5863641561691995,0.2945243112739994,0.8851069146098838,-0.1348215762917799,0.6295935497036713,0.396269857185331,0.5816018304425107,-0.2638315169729281,0.0754862945063174,0.2918698682053197
0.4210777262745461,-0.16988837225830958,-0.4640291883353377,0.018791264651596317,0.5863641561691995,0.2945243112739994,0.8851069146098838,-0.1334448284769797,0.6273714473560312,0.399847725229517,0.5815580855781454,-0.2624757444139147,0.0775962592717675,0.2903857496062029
0.4210777262745461,-0.16988837225830958,-0.4640291883353377,0.018791264651596317,0.5863641561691995,0.2945243112739994,0.8851069146098838,-0.1320680806621796,0.6251493450083914,0.4034255932737029,0.5815143407137802,-0.2611199718549012,0.0797062240372175,0.2889016310070861
0.4210777262745461,-0.16988837225830958,-0.4640291883353377,0.018791264651596317,0.5863641561691995,0.2945243112739994,0.8851069146098838,-0.1306913328473794,0.6229272426607513,0.4070034613178888,0.5814705958494149,-0.2597641992958878,0.0818161888026676,0.2874175124079693
0.4210777262745461,-0.16988837225830958,-0.4640291883353377,0.018791264651596317,0.5863641561691995,0.2945243112739994,0.8851069146098838,-0.1293145850325793,0.6207051403131114,0.4105813293620748,0.5814268509850496,-0.2584084267368743,0.0839261535681177,0.2859333938088525
0.4210777262745461,-0.16988837225830958,-0.4640291883353377,0.018791264651596317,0.5863641561691995,0.2945243112739994,0.8851069146098838,-0.1279378372177791,0.6184830379654713,0.4141591974062607,0.5813831061206844,-0.2570526541778609,0.0860361183335677,0.2844492752097357
0.4210777262745461,-0.16988837225830958,-0.4640291883353377,0.018791264651596317,0.5863641561691995,0.2945243112739994,0.8851069146098838,-0.126561089402979,0.6162609356178315,0.4177370654504466,0.5813393612563191,-0.2556968816188475,0.0881460830990178,0.2829651566106189
0.4210777262745461,-0.16988837225830958,-0.4640291883353377,0.018791264651596317,0.5863641561691995,0.2945243112739994,0.8851069146098838,-0.1251843415881788,0.6140388332701914,0.4213149334946325,0.5812956163919539,-0.2543411090598341,0.0902560478644678,0.2814810380115022
0.4210777262745461,-0.16988837225830958,-0.4640291883353377,0.018791264651596317,0.5863641561691995,0.2945243112739994,0.8851069146098838,-0.1238075937733787,0.6118167309225515,0.4248928015388185,0.5812518715275887,-0.2529853365008206,0.0923660126299179,0.2799969194123854
0.4210777262745461,-0.16988837225830958,-0.4640291883353377,0.018791264651596317,0.5863641561691995,0.2945243112739994,0.8851069146098838,-0.1224308459585785,0.6095946285749114,0.4284706695830044,0.5812081266632234,-0.2516295639418072,0.0944759773953679,0.2785128008132686
0.4210777262745461,-0.16988837225830958,-0.4640291883353377,0.018791264651596317,0.5863641561691995,0.2945243112739994,0.8851069146098838,-0.1210540981437784,0.6073725262272716,0.4320485376271903,0.5811643817988581,-0.2502737913827937,0.096585942160818,0.2770286822141518
0.4210777262745461,-0.16988837225830958,-0.4640291883353377,0.018791264651596317,0.5863641561691995,0.2945243112739994,0.8851069146098838,-0.1196773503289782,0.6051504238796315,0.4356264056713763,0.5811206369344929,-0.2489180188237802,0.098695906926268,0.275544563615035
0.4210777262745461,-0.16988837225830958,-0.4640291883353377,0.018791264651596317,0.5863641561691995,0.2945243112739994,0.8851069146098838,-0.1183006025141781,0.6029283215319915,0.4392042737155622,0.5810768920701276,-0.2475622462647668,0.1008058716917181,0.2740604450159182
0.4210777262745461,-0.16988837225830958,-0.4640291883353377,0.018791264651596317,0.5863641561691995,0.2945243112739994,0.8851069146098838,-0.116923854699378,0.6007062191843515,0.4427821417597481,0.5810331472057624,-0.2462064737057534,0.1029158364571681,0.2725763264168015
0.4210777262745461,-0.16988837225830958,-0.4640291883353377,0.018791264651596317,0.5863641561691995,0.2945243112739994,0.8851069146098838,-0.1155471068845778,0.5984841168367117,0.4463600098039341,0.5809894023413971,-0.2448507011467399,0.1050258012226182,0.2710922078176847
0.4210777262745461,-0.16988837225830958,-0.4640291883353377,0.018791264651596317,0.5863641561691995,0.2945243112739994,0.8851069146098838,-0.1141703590697777,0.5962620144890716,0.44993787784812,0.5809456574770319,-0.2434949285877265,0.1071357659880682,0.2696080892185679
0.4210777262745461,-0.16988837225830958,-0.4640291883353377,0.018791264651596317,0.5863641561691995,0.2945243112739994,0.8851069146098838,-0.1127936112549775,0.5940399121414317,0.453515745892306,0.5809019126126667,-0.2421391560287131,0.1092457307535183,0.2681239706194511
0.4210777262745461,-0.16988837225830958,-0.4640291883353377,0.018791264651596317,0.5863641561691995,0.2945243112739994,0.8851069146098838,-0.1114168634401774,0.5918178097937916,0.4570936139364919,0.5808581677483013,-0.2407833834696996,0.1113556955189684,0.2666398520203343
0.4210777262745461,-0.16988837225830958,-0.4640291883353377,0.018791264651596317,0.5863641561691995,0.2945243112739994,0.8851069146098838,-0.1100401156253772,0.5895957074461516,0.4606714819806778,0.5808144228839361,-0.2394276109106862,0.1134656602844184,0.2651557334212175
0.4210777262745461,-0.16988837225830958,-0.4640291883353377,0.018791264651596317,0.5863641561691995,0.2945243112739994,0.8851069146098838,-0.1086633678105771,0.5873736050985117,0.4642493500248638,0.5807706780195709,-0.2380718383516727,0.1155756250498685,0.2636716148221008
0.4210777262745461,-0.16988837225830958,-0.4640291883353377,0.018791264651596317,0.5863641561691995,0.2945243112739994,0.8851069146098838,-0.1072866199957769,0.5851515027508717,0.4678272180690497,0.5807269331552056,-0.2367160657926593,0.1176855898153185,0.262187496222984
0.4210777262745461,-0.16988837225830958,-0.4640291883353377,0.018791264651596317,0.5863641561691995,0.2945243112739994,0.8851069146098838,-0.1059098721809768,0.5829294004032317,0.4714050861132356,0.5806831882908404,-0.2353602932336458,0.1197955545807686,0.2607033776238672
0.4210777262745461,-0.16988837225830958,-0.4640291883353377,0.018791264651596317,0.5863641561691995,0.2945243112739994,0.8851069146098838,-0.1045331243661766,0.5807072980555918,0.4749829541574215,0.5806394434264752,-0.2340045206746324,0.1219055193462186,0.2592192590247505
0.4210777262745461,-0.16988837225830958,-0.4640291883353377,0.018791264651596317,0.5863641561691995,0.2945243112739994,0.8851069146098838,-0.1031563765513765,0.5784851957079518,0.4785608222016074,0.5805956985621099,-0.232648748115619,0.1240154841116686,0.2577351404256337
0.4210777262745461,-0.16988837225830958,-0.4640291883353377,0.018791264651596317,0.5863641561691995,0.2945243112739994,0.8851069146098838,-0.1017796287365764,0.5762630933603119,0.4821386902457933,0.5805519536977446,-0.2312929755566055,0.1261254488771187,0.2562510218265169
0.4210777262745461,-0.16988837225830958,-0.4640291883353377,0.018791264651596317,0.5863641561691995,0.2945243112739994,0.8851069146098838,-0.1004028809217762,0.5740409910126718,0.4857165582899792,0.5805082088333794,-0.2299372029975921,0.1282354136425688,0.2547669032274001
0.4210777262745461,-0.16988837225830958,-0.4640291883353377,0.018791264651596317,0.5863641561691995,0.2945243112739994,0.8851069146098838,-0.0990261331069761,0.5718188886650319,0.4892944263341652,0.5804644639690142,-0.2285814304385787,0.1303453784080188,0.2532827846282833
0.4210777262745461,-0.16988837225830958,-0.4640291883353377,0.018791264651596317,0.5863641561691995,0.2945243112739994,0.8851069146098838,-0.0976493852921759,0.5695967863173919,0.4928722943783511,0.5804207191046489,-0.2272256578795652,0.1324553431734688,0.2517986660291665
0.4210777262745461,-0.16988837225830958,-0.4640291883353377,0.018791264651596317,0.5863641561691995,0.2945243112739994,0.8851069146098838,-0.0962726374773758,0.567374683969752,0.496450162422537,0.5803769742402837,-0.2258698853205518,0.1345653079389189,0.2503145474300497
0.4210777262745461,-0.16988837225830958,-0.4640291883353377,0.018791264651596317,0.5863641561691995,0.2945243112739994,0.8851069146098838,-0.0948958896625756,0.5651525816221119,0.5000280304667231,0.5803332293759185,-0.2245141127615383,0.136675272704369,0.248830428830933
0.4210777262745461,-0.16988837225830958,-0.4640291883353377,0.018791264651596317,0.5863641561691995,0.2945243112739994,0.8851069146098838,-0.0935191418477755,0.5629304792744719,0.5036058985109089,0.5802894845115532,-0.2231583402025249,0.138785237469819,0.2473463102318162
0.4210777262745461,-0.16988837225830958,-0.4640291883353377,0.018791264651596317,0.5863641561691995,0.2945243112739994,0.8851069146098838,-0.0921423940329753,0.560708376926832,0.5071837665550949,0.580245739647188,-0.2218025676435115,0.1408952022352691,0.2458621916326994
0.4210777262745461,-0.16988837225830958,-0.4640291883353377,0.018791264651596317,0.5863641561691995,0.2945243112739994,0.8851069146098838,-0.0907656462181752,0.558486274579192,0.5107616345992808,0.5802019947828226,-0.220446795084498,0.1430051670007191,0.2443780730335826
0.4210777262745461,-0.16988837225830958,-0.4640291883353377,0.018791264651596317,0.5863641561691995,0.2945243112739994,0.8851069146098838,-0.089388898403375,0.556264172231552,0.5143395026434667,0.5801582499184574,-0.2190910225254846,0.1451151317661692,0.2428939544344658
0.4210777262745461,-0.16988837225830958,-0.4640291883353377,0.018791264651596317,0.5863641561691995,0.2945243112739994,0.8851069146098838,-0.0880121505885749,0.554042069883912,0.5179173706876526,0.5801145050540921,-0.2177352499664711,0.1472250965316192,0.2414098358353491
0.4210777262745461,-0.16988837225830958,-0.4640291883353377,0.018791264651596317,0.5863641561691995,0.2945243112739994,0.8851069146098838,-0.0866354027737748,0.551819967536272,0.5214952387318387,0.5800707601897268,-0.2163794774074577,0.1493350612970693,0.2399257172362323
0.4210777262745461,-0.16988837225830958,-0.4640291883353377,0.018791264651596317,0.5863641561691995,0.2945243112739994,0.8851069146098838,-0.0852586549589746,0.5495978651886321,0.5250731067760245,0.5800270153253616,-0.2150237048484443,0.1514450260625194,0.2384415986371155
0.4210777262745461,-0.16988837225830958,-0.4640291883353377,0.018791264651596317,0.5863641561691995,0.2945243112739994,0.8851069146098838,-0.0838819071441745,0.5473757628409921,0.5286509748202105,0.5799832704609964,-0.2136679322894308,0.1535549908279694,0.2369574800379987
0.4210777262745461,-0.16988837225830958,-0.4640291883353377,0.018791264651596317,0.5863641561691995,0.2945243112739994,0.8851069146098838,-0.0825051593293743,0.5451536604933521,0.5322288428643964,0.5799395255966311,-0.2123121597304174,0.1556649555934195,0.2354733614388819
0.4210777262745461,-0.16988837225830958,-0.4640291883353377,0.018791264651596317,0.5863641561691995,0.2945243112739994,0.8851069146098838,-0.0811284115145742,0.5429315581457121,0.5358067109085823,0.5798957807322659,-0.2109563871714039,0.1577749203588695,0.2339892428397652
0.4210777262745461,-0.16988837225830958,-0.4640291883353377,0.018791264651596317,0.5863641561691995,0.2945243112739994,0.8851069146098838,-0.079751663699774,0.5407094557980722,0.5393845789527683,0.5798520358679007,-0.2096006146123905,0.1598848851243196,0.2325051242406484
0.4210777262745461,-0.16988837225830958,-0.4640291883353377,0.018791264651596317,0.5863641561691995,0.2945243112739994,0.8851069146098838,-0.0783749158849739,0.5384873534504322,0.5429624469969542,0.5798082910035354,-0.2082448420533771,0.1619948498897696,0.2310210056415316
0.4210777262745461,-0.16988837225830958,-0.4640291883353377,0.018791264651596317,0.5863641561691995,0.2945243112739994,0.8851069146098838,-0.0769981680701737,0.5362652511027922,0.5465403150411401,0.5797645461391702,-0.2068890694943636,0.1641048146552197,0.2295368870424148
0.4210777262745461,-0.16988837225830958,-0.4640291883353377,0.018791264651596317,0.5863641561691995,0.2945243112739994,0.8851069146098838,-0.0756214202553736,0.5340431487551522,0.5501181830853261,0.579720801274805,-0.2055332969353502,0.1662147794206697,0.228052768443298
0.4210777262745461,-0.16988837225830958,-0.4640291883353377,0.018791264651596317,0.5863641561691995,0.2945243112739994,0.8851069146098838,-0.0742446724405734,0.5318210464075123,0.5536960511295119,0.5796770564104397,-0.2041775243763367,0.1683247441861198,0.2265686498441813
0.4210777262745461,-0.16988837225830958,-0.4640291883353377,0.018791264651596317,0.5863641561691995,0.2945243112739994,0.8851069146098838,-0.0728679246257733,0.5295989440598723,0.557273919173698,0.5796333115460744,-0.2028217518173233,0.1704347089515698,0.2250845312450645
0.4210777262745461,-0.16988837225830958,-0.4640291883353377,0.018791264651596317,0.5863641561691995,0.2945243112739994,0.8851069146098838,-0.0714911768109731,0.5273768417122323,0.5608517872178839,0.5795895666817091,-0.2014659792583099,0.1725446737170199,0.2236004126459477
0.4210777262745461,-0.16988837225830958,-0.4640291883353377,0.018791264651596317,0.5863641561691995,0.2945243112739994,0.8851069146098838,-0.070114428996173,0.5251547393645923,0.5644296552620697,0.5795458218173439,-0.2001102066992964,0.1746546384824699,0.2221162940468309
0.4210777262745461,-0.16988837225830958,-0.4640291883353377,0.018791264651596317,0.5863641561691995,0.2945243112739994,0.8851069146098838,-0.0687376811813729,0.5229326370169524,0.5680075233062557,0.5795020769529786,-0.198754434140283,0.1767646032479199,0.2206321754477141
0.4210777262745461,-0.16988837225830958,-0.4640291883353377,0.018791264651596317,0.5863641561691995,0.2945243112739994,0.8851069146098838,-0.0673609333665727,0.5207105346693124,0.5715853913504416,0.5794583320886134,-0.1973986615812696,0.17887456801337,0.2191480568485974
0.4210777262745461,-0.16988837225830958,-0.4640291883353377,0.018791264651596317,0.5863641561691995,0.2945243112739994,0.8851069146098838,-0.0659841855517726,0.5184884323216725,0.5751632593946275,0.5794145872242482,-0.1960428890222561,0.1809845327788201,0.2176639382494806
0.4210777262745461,-0.16988837225830958,-0.4640291883353377,0.018791264651596317,0.5863641561691995,0.2945243112739994,0.8851069146098838,-0.0646074377369724,0.5162663299740324,0.5787411274388135,0.5793708423598829,-0.1946871164632427,0.1830944975442701,0.2161798196503638
0.4210777262745461,-0.16988837225830958,-0.4640291883353377,0.018791264651596317,0.5863641561691995,0.2945243112739994,0.8851069146098838,-0.0632306899221723,0.5140442276263925,0.5823189954829995,0.5793270974955177,-0.1933313439042293,0.1852044623097202,0.214695701051247
0.4210777262745461,-0.16988837225830958,-0.4640291883353377,0.018791264651596317,0.5863641561691995,0.2945243112739994,0.8851069146098838,-0.0618539421073721,0.5118221252787525,0.5858968635271853,0.5792833526311524,-0.1919755713452158,0.1873144270751702,0.2132115824521303
0.4210777262745461,-0.16988837225830958,-0.4640291883353377,0.018791264651596317,0.5863641561691995,0.2945243112739994,0.8851069146098838,-0.060477194292572,0.5096000229311125,0.5894747315713713,0.5792396077667872,-0.1906197987862024,0.1894243918406203,0.2117274638530135
0.4210777262745461,-0.16988837225830958,-0.4640291883353377,0.018791264651596317,0.5863641561691995,0.2945243112739994,0.8851069146098838,-0.0591004464777718,0.5073779205834725,0.5930525996155571,0.5791958629024219,-0.1892640262271889,0.1915343566060703,0.2102433452538967
0.4210777262745461,-0.16988837225830958,-0.4640291883353377,0.018791264651596317,0.5863641561691995,0.2945243112739994,0.8851069146098838,-0.0577236986629717,0.5051558182358326,0.5966304676597431,0.5791521180380567,-0.1879082536681755,0.1936443213715204,0.2087592266547799
0.4210777262745461,-0.16988837225830958,-0.4640291883353377,0.018791264651596317,0.5863641561691995,0.2945243112739994,0.8851069146098838,-0.0563469508481715,0.5029337158881926,0.6002083357039291,0.5791083731736913,-0.1865524811091621,0.1957542861369705,0.2072751080556631
0.4210777262745461,-0.16988837225830958,-0.4640291883353377,0.018791264651596317,0.5863641561691995,0.2945243112739994,0.8851069146098838,-0.0549702030333714,0.5007116135405526,0.603786203748115,0.5790646283093261,-0.1851967085501486,0.1978642509024205,0.2057909894565464
0.4210777262745461,-0.16988837225830958,-0.4640291883353377,0.018791264651596317,0.5863641561691995,0.2945243112739994,0.8851069146098838,-0.0535934552185713,0.4984895111929126,0.6073640717923009,0.5790208834449609,-0.1838409359911351,0.1999742156678706,0.2043068708574296
0.4210777262745461,-0.16988837225830958,-0.4640291883353377,0.018791264651596317,0.5863641561691995,0.2945243112739994,0.8851069146098838,-0.0522167074037711,0.4962674088452726,0.6109419398364869,0.5789771385805957,-0.1824851634321217,0.2020841804333206,0.2028227522583128
0.4210777262745461,-0.16988837225830958,-0.4640291883353377,0.018791264651596317,0.5863641561691995,0.2945243112739994,0.8851069146098838,-0.050839959588971,0.4940453064976327,0.6145198078806727,0.5789333937162304,-0.1811293908731083,0.2041941451987707,0.201338633659196
0.4210777262745461,-0.16988837225830958,-0.4640291883353377,0.018791264651596317,0.5863641561691995,0.2945243112739994,0.8851069146098838,-0.0494632117741708,0.4918232041499927,0.6180976759248588,0.5788896488518651,-0.1797736183140948,0.2063041099642207,0.1998545150600792
0.4210777262745461,-0.16988837225830958,-0.4640291883353377,0.018791264651596317,0.5863641561691995,0.2945243112739994,0.8851069146098838,-0.0480864639593707,0.4896011018023527,0.6216755439690447,0.5788459039874998,-0.1784178457550814,0.2084140747296708,0.1983703964609624
0.4210777262745461,-0.16988837225830958,-0.4640291883353377,0.018791264651596317,0.5863641561691995,0.2945243112739994,0.8851069146098838,-0.0467097161445705,0.4873789994547127,0.6252534120132306,0.5788021591231346,-0.1770620731960679,0.2105240394951208,0.1968862778618457
0.4210777262745461,-0.16988837225830958,-0.4640291883353377,0.018791264651596317,0.5863641561691995,0.2945243112739994,0.8851069146098838,-0.0453329683297704,0.4851568971070727,0.6288312800574165,0.5787584142587694,-0.1757063006370545,0.2126340042605709,0.1954021592627289
0.4210777262745461,-0.16988837225830958,-0.4640291883353377,0.018791264651596317,0.5863641561691995,0.2945243112739994,0.8851069146098838,-0.0439562205149702,0.4829347947594328,0.6324091481016024,0.5787146693944041,-0.174350528078041,0.2147439690260209,0.1939180406636121
0.4210777262745461,-0.16988837225830958,-0.4640291883353377,0.018791264651596317,0.5863641561691995,0.2945243112739994,0.8851069146098838,-0.0425794727001701,0.4807126924117928,0.6359870161457883,0.5786709245300389,-0.1729947555190276,0.216853933791471,0.1924339220644953
0.4210777262745461,-0.16988837225830958,-0.4640291883353377,0.018791264651596317,0.5863641561691995,0.2945243112739994,0.8851069146098838,-0.0412027248853699,0.4784905900641528,0.6395648841899744,0.5786271796656737,-0.1716389829600142,0.218963898556921,0.1909498034653785
0.4210777262745461,-0.16988837225830958,-0.4640291883353377,0.018791264651596317,0.5863641561691995,0.2945243112739994,0.8851069146098838,-0.0398259770705698,0.4762684877165128,0.6431427522341602,0.5785834348013084,-0.1702832104010008,0.2210738633223711,0.1894656848662617
0.4210777262745461,-0.16988837225830958,-0.4640291883353377,0.018791264651596317,0.5863641561691995,0.2945243112739994,0.8851069146098838,-0.0384492292557696,0.4740463853688728,0.6467206202783462,0.5785396899369432,-0.1689274378419873,0.2231838280878212,0.187981566267145
0.4210777262745461,-0.16988837225830958,-0.4640291883353377,0.018791264651596317,0.5863641561691995,0.2945243112739994,0.8851069146098838,-0.0370724814409695,0.4718242830212329,0.6502984883225321,0.5784959450725778,-0.1675716652829739,0.2252937928532712,0.1864974476680282
0.4210777262745461,-0.16988837225830958,-0.4640291883353377,0.018791264651596317,0.5863641561691995,0.2945243112739994,0.8851069146098838,-0.0356957336261694,0.4696021806735929,0.6538763563667179,0.5784522002082128,-0.1662158927239604,0.2274037576187212,0.1850133290689114
0.4210777262745461,-0.16988837225830958,-0.4640291883353377,0.018791264651596317,0.5863641561691995,0.2945243112739994,0.8851069146098838,-0.0343189858113692,0.467380078325953,0.6574542244109038,0.5784084553438473,-0.164860120164947,0.2295137223841713,0.1835292104697946
0.4210777262745461,-0.16988837225830958,-0.4640291883353377,0.018791264651596317,0.5863641561691995,0.2945243112739994,0.8851069146098838,-0.0329422379965691,0.465157975978313,0.6610320924550899,0.5783647104794821,-0.1635043476059336,0.2316236871496213,0.1820450918706778
0.4210777262745461,-0.16988837225830958,-0.4640291883353377,0.018791264651596317,0.5863641561691995,0.2945243112739994,0.8851069146098838,-0.0315654901817689,0.462935873630673,0.6646099604992757,0.5783209656151168,-0.1621485750469201,0.2337336519150714,0.1805609732715611
0.4210777262745461,-0.16988837225830958,-0.4640291883353377,0.018791264651596317,0.5863641561691995,0.2945243112739994,0.8851069146098838,-0.0301887423669688,0.460713771283033,0.6681878285434617,0.5782772207507516,-0.1607928024879067,0.2358436166805214,0.1790768546724443
0.4210777262745461,-0.16988837225830958,-0.4640291883353377,0.018791264651596317,0.5863641561691995,0.2945243112739994,0.8851069146098838,-0.0288119945521686,0.458491668935393,0.6717656965876476,0.5782334758863864,-0.1594370299288932,0.2379535814459715,0.1775927360733275
0.4210777262745461,-0.16988837225830958,-0.4640291883353377,0.018791264651596317,0.5863641561691995,0.2945243112739994,0.8851069146098838,-0.0274352467373685,0.4562695665877531,0.6753435646318335,0.5781897310220211,-0.1580812573698798,0.2400635462114215,0.1761086174742107
0.4210777262745461,-0.16988837225830958,-0.4640291883353377,0.018791264651596317,0.5863641561691995,0.2945243112739994,0.8851069146098838,-0.0260584989225684,0.4540474642401131,0.6789214326760195,0.5781459861576559,-0.1567254848108664,0.2421735109768716,0.174624498875094
0.4210777262745461,-0.16988837225830958,-0.4640291883353377,0.018791264651596317,0.5863641561691995,0.2945243112739994,0.8851069146098838,-0.0246817511077682,0.4518253618924731,0.6824993007202054,0.5781022412932907,-0.1553697122518529,0.2442834757423216,0.1731403802759772
0.4210777262745461,-0.16988837225830958,-0.4640291883353377,0.018791264651596317,0.5863641561691995,0.2945243112739994,0.8851069146098838,-0.0233050032929681,0.4496032595448332,0.6860771687643913,0.5780584964289254,-0.1540139396928395,0.2463934405077717,0.1716562616768604
0.4210777262745461,-0.16988837225830958,-0.4640291883353377,0.018791264651596317,0.5863641561691995,0.2945243112739994,0.8851069146098838,-0.0219282554781679,0.4473811571971932,0.6896550368085773,0.5780147515645602,-0.1526581671338261,0.2485034052732218,0.1701721430777436
0.4210777262745461,-0.16988837225830958,-0.4640291883353377,0.018791264651596317,0.5863641561691995,0.2945243112739994,0.8851069146098838,-0.0205515076633678,0.4451590548495532,0.6932329048527631,0.5779710067001949,-0.1513023945748126,0.2506133700386719,0.1686880244786268
0.4210777262745461,-0.16988837225830958,-0.4640291883353377,0.018791264651596317,0.5863641561691995,0.2945243112739994,0.8851069146098838,-0.0191747598485676,0.4429369525019132,0.6968107728969491,0.5779272618358297,-0.1499466220157992,0.2527233348041219,0.1672039058795101
0.4210777262745461,-0.16988837225830958,-0.4640291883353377,0.018791264651596317,0.5863641561691995,0.2945243112739994,0.8851069146098838,-0.0579178572943099,0.4944402244285388,0.6791887519066595,0.5795581328521751,-0.156035155369552,0.2450795866616562,0.1745326778820555
0.4210777262745461,-0.16988837225830958,-0.4640291883353377,0.018791264651596317,0.5863641561691995,0.2945243112739994,0.8851069146098838,-0.0566484377795766,0.4928500622594303,0.681123391385028,0.5793620658505774,-0.154802455260278,0.2455051355513096,0.1741873203884808
0.4210777262745461,-0.16988837225830958,-0.4640291883353377,0.018791264651596317,0.5863641561691995,0.2945243112739994,0.8851069146098838,-0.0553790182648432,0.4912599000903217,0.6830580308633966,0.5791659988489797,-0.1535697551510041,0.2459306844409629,0.1738419628949061
0.4210777262745461,-0.16988837225830958,-0.4640291883353377,0.018791264651596317,0.5863641561691995,0.2945243112739994,0.8851069146098838,-0.0541095987501099,0.4896697379212131,0.684992670341765,0.578969931847382,-0.1523370550417301,0.2463562333306163,0.1734966054013315
0.4210777262745461,-0.16988837225830958,-0.4640291883353377,0.018791264651596317,0.5863641561691995,0.2945243112739994,0.8851069146098838,-0.0528401792353765,0.4880795757521045,0.6869273098201335,0.5787738648457843,-0.1511043549324562,0.2467817822202697,0.1731512479077568
0.4210777262745461,-0.16988837225830958,-0.4640291883353377,0.018791264651596317,0.5863641561691995,0.2945243112739994,0.8851069146098838,-0.0515707597206431,0.4864894135829959,0.6888619492985021,0.5785777978441866,-0.1498716548231822,0.2472073311099231,0.1728058904141821
0.4210777262745461,-0.16988837225830958,-0.4640291883353377,0.018791264651596317,0.5863641561691995,0.2945243112739994,0.8851069146098838,-0.0503013402059098,0.4848992514138874,0.6907965887768706,0.5783817308425889,-0.1486389547139082,0.2476328799995765,0.1724605329206075
0.4210777262745461,-0.16988837225830958,-0.4640291883353377,0.018791264651596317,0.5863641561691995,0.2945243112739994,0.8851069146098838,-0.0490319206911764,0.4833090892447787,0.692731228255239,0.5781856638409912,-0.1474062546046343,0.2480584288892299,0.1721151754270328
0.4210777262745461,-0.16988837225830958,-0.4640291883353377,0.018791264651596317,0.5863641561691995,0.2945243112739994,0.8851069146098838,-0.0477625011764431,0.4817189270756701,0.6946658677336076,0.5779895968393935,-0.1461735544953603,0.2484839777788833,0.1717698179334581
0.4210777262745461,-0.16988837225830958,-0.4640291883353377,0.018791264651596317,0.5863641561691995,0.2945243112739994,0.8851069146098838,-0.0464930816617097,0.4801287649065616,0.6966005072119761,0.5777935298377959,-0.1449408543860864,0.2489095266685367,0.1714244604398835
0.4210777262745461,-0.16988837225830958,-0.4640291883353377,0.018791264651596317,0.5863641561691995,0.2945243112739994,0.8851069146098838,-0.0452236621469763,0.478538602737453,0.6985351466903446,0.5775974628361981,-0.1437081542768124,0.2493350755581901,0.1710791029463088
0.4210777262745461,-0.16988837225830958,-0.4640291883353377,0.018791264651596317,0.5863641561691995,0.2945243112739994,0.8851069146098838,-0.043954242632243,0.4769484405683444,0.7004697861687131,0.5774013958346004,-0.1424754541675384,0.2497606244478435,0.1707337454527341
0.4210777262745461,-0.16988837225830958,-0.4640291883353377,0.018791264651596317,0.5863641561691995,0.2945243112739994,0.8851069146098838,-0.0426848231175096,0.4753582783992358,0.7024044256470816,0.5772053288330027,-0.1412427540582645,0.2501861733374969,0.1703883879591595
0.4210777262745461,-0.16988837225830958,-0.4640291883353377,0.018791264651596317,0.5863641561691995,0.2945243112739994,0.8851069146098838,-0.0414154036027763,0.4737681162301273,0.7043390651254502,0.5770092618314051,-0.1400100539489906,0.2506117222271503,0.1700430304655848
0.4210777262745461,-0.16988837225830958,-0.4640291883353377,0.018791264651596317,0.5863641561691995,0.2945243112739994,0.8851069146098838,-0.0401459840880429,0.4721779540610187,0.7062737046038188,0.5768131948298073,-0.1387773538397166,0.2510372711168037,0.1696976729720102
0.4210777262745461,-0.16988837225830958,-0.4640291883353377,0.018791264651596317,0.5863641561691995,0.2945243112739994,0.8851069146098838,-0.0388765645733096,0.4705877918919102,0.7082083440821872,0.5766171278282097,-0.1375446537304427,0.2514628200064571,0.1693523154784355
0.4210777262745461,-0.16988837225830958,-0.4640291883353377,0.018791264651596317,0.5863641561691995,0.2945243112739994,0.8851069146098838,-0.0376071450585762,0.4689976297228015,0.7101429835605557,0.576421060826612,-0.1363119536211687,0.2518883688961105,0.1690069579848608
0.4210777262745461,-0.16988837225830958,-0.4640291883353377,0.018791264651596317,0.5863641561691995,0.2945243112739994,0.8851069146098838,-0.0363377255438429,0.467407467553693,0.7120776230389243,0.5762249938250144,-0.1350792535118947,0.2523139177857639,0.1686616004912861
0.4210777262745461,-0.16988837225830958,-0.4640291883353377,0.018791264651596317,0.5863641561691995,0.2945243112739994,0.8851069146098838,-0.0350683060291095,0.4658173053845844,0.7140122625172929,0.5760289268234167,-0.1338465534026208,0.2527394666754173,0.1683162429977115
0.4210777262745461,-0.16988837225830958,-0.4640291883353377,0.018791264651596317,0.5863641561691995,0.2945243112739994,0.8851069146098838,-0.0337988865143761,0.4642271432154758,0.7159469019956614,0.575832859821819,-0.1326138532933468,0.2531650155650707,0.1679708855041368
0.4210777262745461,-0.16988837225830958,-0.4640291883353377,0.018791264651596317,0.5863641561691995,0.2945243112739994,0.8851069146098838,-0.0325294669996428,0.4626369810463672,0.7178815414740298,0.5756367928202213,-0.1313811531840729,0.2535905644547241,0.1676255280105621
0.4210777262745461,-0.16988837225830958,-0.4640291883353377,0.018791264651596317,0.5863641561691995,0.2945243112739994,0.8851069146098838,-0.0312600474849094,0.4610468188772586,0.7198161809523984,0.5754407258186236,-0.1301484530747989,0.2540161133443775,0.1672801705169875
0.4210777262745461,-0.16988837225830958,-0.4640291883353377,0.018791264651596317,0.5863641561691995,0.2945243112739994,0.8851069146098838,-0.0299906279701761,0.45945665670815,0.7217508204307669,0.5752446588170259,-0.128915752965525,0.2544416622340309,0.1669348130234128
0.4210777262745461,-0.16988837225830958,-0.4640291883353377,0.018791264651596317,0.5863641561691995,0.2945243112739994,0.8851069146098838,-0.0287212084554427,0.4578664945390415,0.7236854599091354,0.5750485918154282,-0.127683052856251,0.2548672111236842,0.1665894555298381
0.4210777262745461,-0.16988837225830958,-0.4640291883353377,0.018791264651596317,0.5863641561691995,0.2945243112739994,0.8851069146098838,-0.0274517889407093,0.4562763323699329,0.7256200993875039,0.5748525248138305,-0.126450352746977,0.2552927600133376,0.1662440980362635
0.4210777262745461,-0.16988837225830958,-0.4640291883353377,0.018791264651596317,0.5863641561691995,0.2945243112739994,0.8851069146098838,-0.026182369425976,0.4546861702008243,0.7275547388658724,0.5746564578122328,-0.1252176526377031,0.2557183089029911,0.1658987405426888
0.4210777262745461,-0.16988837225830958,-0.4640291883353377,0.018791264651596317,0.5863641561691995,0.2945243112739994,0.8851069146098838,-0.0249129499112426,0.4530960080317157,0.7294893783442409,0.5744603908106352,-0.1239849525284291,0.2561438577926445,0.1655533830491141
0.4210777262745461,-0.16988837225830958,-0.4640291883353377,0.018791264651596317,0.5863641561691995,0.2945243112739994,0.8851069146098838,-0.0236435303965093,0.4515058458626071,0.7314240178226095,0.5742643238090375,-0.1227522524191551,0.2565694066822979,0.1652080255555395
0.4210777262745461,-0.16988837225830958,-0.4640291883353377,0.018791264651596317,0.5863641561691995,0.2945243112739994,0.8851069146098838,-0.0223741108817759,0.4499156836934986,0.7333586573009779,0.5740682568074398,-0.1215195523098812,0.2569949555719513,0.1648626680619648
0.4210777262745461,-0.16988837225830958,-0.4640291883353377,0.018791264651596317,0.5863641561691995,0.2945243112739994,0.8851069146098838,-0.0211046913670426,0.44832552152439,0.7352932967793464,0.573872189805842,-0.1202868522006072,0.2574205044616047,0.1645173105683901
0.4210777262745461,-0.16988837225830958,-0.4640291883353377,0.018791264651596317,0.5863641561691995,0.2945243112739994,0.8851069146098838,-0.0198352718523092,0.4467353593552814,0.737227936257715,0.5736761228042443,-0.1190541520913333,0.257846053351258,0.1641719530748155
0.4210777262745461,-0.16988837225830958,-0.4640291883353377,0.018791264651596317,0.5863641561691995,0.2945243112739994,0.8851069146098838,-0.0185658523375758,0.4451451971861728,0.7391625757360835,0.5734800558026466,-0.1178214519820593,0.2582716022409114,0.1638265955812408
0.4210777262745461,-0.16988837225830958,-0.4640291883353377,0.018791264651596317,0.5863641561691995,0.2945243112739994,0.8851069146098838,-0.0172964328228425,0.4435550350170642,0.7410972152144519,0.5732839888010489,-0.1165887518727853,0.2586971511305648,0.1634812380876661
0.4210777262745461,-0.16988837225830958,-0.4640291883353377,0.018791264651596317,0.5863641561691995,0.2945243112739994,0.8851069146098838,-0.0160270133081091,0.4419648728479556,0.7430318546928205,0.5730879217994512,-0.1153560517635114,0.2591227000202182,0.1631358805940915
0.4210777262745461,-0.16988837225830958,-0.4640291883353377,0.018791264651596317,0.5863641561691995,0.2945243112739994,0.8851069146098838,-0.0147575937933758,0.440374710678847,0.744966494171189,0.5728918547978535,-0.1141233516542374,0.2595482489098716,0.1627905231005168
0.4210777262745461,-0.16988837225830958,-0.4640291883353377,0.018791264651596317,0.5863641561691995,0.2945243112739994,0.8851069146098838,-0.0134881742786424,0.4387845485097384,0.7469011336495575,0.5726957877962559,-0.1128906515449635,0.259973797799525,0.1624451656069421
0.4210777262745461,-0.16988837225830958,-0.4640291883353377,0.018791264651596317,0.5863641561691995,0.2945243112739994,0.8851069146098838,-0.0122187547639091,0.4371943863406299,0.748835773127926,0.5724997207946583,-0.1116579514356895,0.2603993466891784,0.1620998081133675
0.4210777262745461,-0.16988837225830958,-0.4640291883353377,0.018791264651596317,0.5863641561691995,0.2945243112739994,0.8851069146098838,-0.0109493352491757,0.4356042241715213,0.7507704126062945,0.5723036537930605,-0.1104252513264156,0.2608248955788318,0.1617544506197928
0.4210777262745461,-0.16988837225830958,-0.4640291883353377,0.018791264651596317,0.5863641561691995,0.2945243112739994,0.8851069146098838,-0.0096799157344423,0.4340140620024127,0.7527050520846631,0.5721075867914629,-0.1091925512171416,0.2612504444684852,0.1614090931262181
0.4210777262745461,-0.16988837225830958,-0.4640291883353377,0.018791264651596317,0.5863641561691995,0.2945243112739994,0.8851069146098838,-0.008410496219709,0.4324238998333041,0.7546396915630316,0.5719115197898651,-0.1079598511078677,0.2616759933581386,0.1610637356326435
0.4210777262745461,-0.16988837225830958,-0.4640291883353377,0.018791264651596317,0.5863641561691995,0.2945243112739994,0.8851069146098838,-0.0071410767049756,0.4308337376641956,0.7565743310414001,0.5717154527882675,-0.1067271509985937,0.262101542247792,0.1607183781390688
0.4210777262745461,-0.16988837225830958,-0.4640291883353377,0.018791264651596317,0.5863641561691995,0.2945243112739994,0.8851069146098838,-0.0058716571902423,0.429243575495087,0.7585089705197686,0.5715193857866698,-0.1054944508893198,0.2625270911374454,0.1603730206454942
0.4210777262745461,-0.16988837225830958,-0.4640291883353377,0.018791264651596317,0.5863641561691995,0.2945243112739994,0.8851069146098838,-0.0046022376755089,0.4276534133259784,0.7604436099981371,0.5713233187850721,-0.1042617507800458,0.2629526400270988,0.1600276631519195
0.4210777262745461,-0.16988837225830958,-0.4640291883353377,0.018791264651596317,0.5863641561691995,0.2945243112739994,0.8851069146098838,-0.0033328181607755,0.4260632511568699,0.7623782494765057,0.5711272517834745,-0.1030290506707718,0.2633781889167522,0.1596823056583448
0.4210777262745461,-0.16988837225830958,-0.4640291883353377,0.018791264651596317,0.5863641561691995,0.2945243112739994,0.8851069146098838,-0.0020633986460422,0.4244730889877612,0.7643128889548741,0.5709311847818768,-0.1017963505614979,0.2638037378064056,0.1593369481647701
0.4210777262745461,-0.16988837225830958,-0.4640291883353377,0.018791264651596317,0.5863641561691995,0.2945243112739994,0.8851069146098838,-0.0007939791313088,0.4228829268186527,0.7662475284332426,0.5707351177802791,-0.1005636504522239,0.264229286696059,0.1589915906711955
0.4210777262745461,-0.16988837225830958,-0.4640291883353377,0.018791264651596317,0.5863641561691995,0.2945243112739994,0.8851069146098838,0.0004754403834244,0.4212927646495441,0.7681821679116112,0.5705390507786814,-0.09933095034295,0.2646548355857124,0.1586462331776208
0.4210777262745461,-0.16988837225830958,-0.4640291883353377,0.018791264651596317,0.5863641561691995,0.2945243112739994,0.8851069146098838,0.0017448598981578,0.4197026024804355,0.7701168073899798,0.5703429837770836,-0.098098250233676,0.2650803844753658,0.1583008756840462
0.4210777262745461,-0.16988837225830958,-0.4640291883353377,0.018791264651596317,0.5863641561691995,0.2945243112739994,0.8851069146098838,0.0030142794128911,0.4181124403113269,0.7720514468683481,0.5701469167754859,-0.0968655501244021,0.2655059333650191,0.1579555181904715
0.4210777262745461,-0.16988837225830958,-0.4640291883353377,0.018791264651596317,0.5863641561691995,0.2945243112739994,0.8851069146098838,0.0042836989276245,0.4165222781422183,0.7739860863467167,0.5699508497738882,-0.0956328500151281,0.2659314822546725,0.1576101606968968
0.4210777262745461,-0.16988837225830958,-0.4640291883353377,0.018791264651596317,0.5863641561691995,0.2945243112739994,0.8851069146098838,0.0055531184423579,0.4149321159731098,0.7759207258250853,0.5697547827722905,-0.0944001499058541,0.2663570311443259,0.1572648032033221
0.4210777262745461,-0.16988837225830958,-0.4640291883353377,0.018791264651596317,0.5863641561691995,0.2945243112739994,0.8851069146098838,0.0068225379570912,0.4133419538040012,0.7778553653034537,0.5695587157706928,-0.0931674497965802,0.2667825800339793,0.1569194457097475
0.4210777262745461,-0.16988837225830958,-0.4640291883353377,0.018791264651596317,0.5863641561691995,0.2945243112739994,0.8851069146098838,0.0080919574718246,0.4117517916348926,0.7797900047818223,0.5693626487690951,-0.0919347496873062,0.2672081289236327,0.1565740882161728
0.4210777262745461,-0.16988837225830958,-0.4640291883353377,0.018791264651596317,0.5863641561691995,0.2945243112739994,0.8851069146098838,0.0093613769865579,0.410161629465784,0.7817246442601908,0.5691665817674975,-0.0907020495780323,0.2676336778132862,0.1562287307225981
0.4210777262745461,-0.16988837225830958,-0.4640291883353377,0.018791264651596317,0.5863641561691995,0.2945243112739994,0.8851069146098838,0.0106307965012913,0.4085714672966755,0.7836592837385594,0.5689705147658998,-0.0894693494687583,0.2680592267029396,0.1558833732290235
0.4210777262745461,-0.16988837225830958,-0.4640291883353377,0.018791264651596317,0.5863641561691995,0.2945243112739994,0.8851069146098838,0.0119002160160247,0.4069813051275669,0.7855939232169278,0.5687744477643021,-0.0882366493594843,0.268484775592593,0.1555380157354488
0.4210777262745461,-0.16988837225830958,-0.4640291883353377,0.018791264651596317,0.5863641561691995,0.2945243112739994,0.8851069146098838,0.013169635530758,0.4053911429584583,0.7875285626952964,0.5685783807627044,-0.0870039492502104,0.2689103244822464,0.1551926582418741
0.4210777262745461,-0.16988837225830958,-0.4640291883353377,0.018791264651596317,0.5863641561691995,0.2945243112739994,0.8851069146098838,0.0144390550454914,0.4038009807893497,0.789463202173665,0.5683823137611067,-0.0857712491409364,0.2693358733718998,0.1548473007482995
0.4210777262745461,-0.16988837225830958,-0.4640291883353377,0.018791264651596317,0.5863641561691995,0.2945243112739994,0.8851069146098838,0.0157084745602247,0.4022108186202411,0.7913978416520333,0.568186246759509,-0.0845385490316625,0.2697614222615531,0.1545019432547248
0.4210777262745461,-0.16988837225830958,-0.4640291883353377,0.018791264651596317,0.5863641561691995,0.2945243112739994,0.8851069146098838,0.0169778940749581,0.4006206564511325,0.7933324811304019,0.5679901797579113,-0.0833058489223885,0.2701869711512065,0.1541565857611501
0.4210777262745461,-0.16988837225830958,-0.4640291883353377,0.018791264651596317,0.5863641561691995,0.2945243112739994,0.8851069146098838,0.0182473135896914,0.3990304942820239,0.7952671206087704,0.5677941127563136,-0.0820731488131146,0.2706125200408599,0.1538112282675754
0.4210777262745461,-0.16988837225830958,-0.4640291883353377,0.018791264651596317,0.5863641561691995,0.2945243112739994,0.8851069146098838,0.0195167331044248,0.3974403321129154,0.797201760087139,0.5675980457547161,-0.0808404487038406,0.2710380689305133,0.1534658707740008
0.4210777262745461,-0.16988837225830958,-0.4640291883353377,0.018791264651596317,0.5863641561691995,0.2945243112739994,0.8851069146098838,0.0207861526191582,0.3958501699438068,0.7991363995655074,0.5674019787531182,-0.0796077485945666,0.2714636178201667,0.1531205132804261
0.4210777262745461,-0.16988837225830958,-0.4640291883353377,0.018791264651596317,0.5863641561691995,0.2945243112739994,0.8851069146098838,0.0220555721338915,0.3942600077746983,0.801071039043876,0.5672059117515207,-0.0783750484852927,0.2718891667098201,0.1527751557868515
0.4210777262745461,-0.16988837225830958,-0.4640291883353377,0.018791264651596317,0.5863641561691995,0.2945243112739994,0.8851069146098838,0.0233249916486249,0.3926698456055896,0.8030056785222444,0.5670098447499228,-0.0771423483760187,0.2723147155994735,0.1524297982932768
0.4210777262745461,-0.16988837225830958,-0.4640291883353377,0.018791264651596317,0.5863641561691995,0.2945243112739994,0.8851069146098838,0.0245944111633582,0.3910796834364811,0.8049403180006129,0.5668137777483253,-0.0759096482667448,0.2727402644891269,0.1520844407997021
0.4210777262745461,-0.16988837225830958,-0.4640291883353377,0.018791264651596317,0.5863641561691995,0.2945243112739994,0.8851069146098838,0.0258638306780916,0.3894895212673724,0.8068749574789815,0.5666177107467275,-0.0746769481574708,0.2731658133787802,0.1517390833061275
0.4210777262745461,-0.16988837225830958,-0.4640291883353377,0.018791264651596317,0.5863641561691995,0.2945243112739994,0.8851069146098838,0.0271332501928249,0.3878993590982639,0.8088095969573501,0.5664216437451299,-0.0734442480481969,0.2735913622684337,0.1513937258125528
0.4210777262745461,-0.16988837225830958,-0.4640291883353377,0.018791264651596317,0.5863641561691995,0.2945243112739994,0.8851069146098838,0.0284026697075583,0.3863091969291553,0.8107442364357185,0.5662255767435321,-0.0722115479389229,0.2740169111580871,0.1510483683189781
0.4210777262745461,-0.16988837225830958,-0.4640291883353377,0.018791264651596317,0.5863641561691995,0.2945243112739994,0.8851069146098838,0.0296720892222917,0.3847190347600467,0.812678875914087,0.5660295097419344,-0.070978847829649,0.2744424600477405,0.1507030108254035
0.4210777262745461,-0.16988837225830958,-0.4640291883353377,0.018791264651596317,0.5863641561691995,0.2945243112739994,0.8851069146098838,0.030941508737025,0.3831288725909381,0.8146135153924556,0.5658334427403368,-0.069746147720375,0.2748680089373939,0.1503576533318288
0.4210777262745461,-0.16988837225830958,-0.4640291883353377,0.018791264651596317,0.5863641561691995,0.2945243112739994,0.8851069146098838,0.0322109282517584,0.3815387104218296,0.816548154870824,0.5656373757387391,-0.068513447611101,0.2752935578270473,0.1500122958382541
0.4210777262745461,-0.16988837225830958,-0.4640291883353377,0.018791264651596317,0.5863641561691995,0.2945243112739994,0.8851069146098838,0.0334803477664917,0.3799485482527209,0.8184827943491926,0.5654413087371414,-0.0672807475018271,0.2757191067167007,0.1496669383446795
0.4210777262745461,-0.16988837225830958,-0.4640291883353377,0.018791264651596317,0.5863641561691995,0.2945243112739994,0.8851069146098838,0.0347497672812251,0.3783583860836124,0.8204174338275612,0.5652452417355437,-0.0660480473925531,0.2761446556063541,0.1493215808511048
0.4210777262745461,-0.16988837225830958,-0.4640291883353377,0.018791264651596317,0.5863641561691995,0.2945243112739994,0.8851069146098838,0.0360191867959585,0.3767682239145038,0.8223520733059295,0.565049174733946,-0.0648153472832792,0.2765702044960074,0.1489762233575302
0.4210777262745461,-0.16988837225830958,-0.4640291883353377,0.018791264651596317,0.5863641561691995,0.2945243112739994,0.8851069146098838,0.0372886063106918,0.3751780617453952,0.8242867127842981,0.5648531077323483,-0.0635826471740052,0.2769957533856608,0.1486308658639555
0.4210777262745461,-0.16988837225830958,-0.4640291883353377,0.018791264651596317,0.5863641561691995,0.2945243112739994,0.8851069146098838,0.0385580258254252,0.3735878995762867,0.8262213522626667,0.5646570407307506,-0.0623499470647312,0.2774213022753142,0.1482855083703808
0.4210777262745461,-0.16988837225830958,-0.4640291883353377,0.018791264651596317,0.5863641561691995,0.2945243112739994,0.8851069146098838,0.0398274453401585,0.3719977374071781,0.8281559917410352,0.5644609737291529,-0.0611172469554573,0.2778468511649676,0.1479401508768061
0.4210777262745461,-0.16988837225830958,-0.4640291883353377,0.018791264651596317,0.5863641561691995,0.2945243112739994,0.8851069146098838,0.0410968648548919,0.3704075752380695,0.8300906312194036,0.5642649067275552,-0.0598845468461833,0.278272400054621,0.1475947933832315
0.4210777262745461,-0.16988837225830958,-0.4640291883353377,0.018791264651596317,0.5863641561691995,0.2945243112739994,0.8851069146098838,0.0423662843696253,0.3688174130689609,0.8320252706977722,0.5640688397259576,-0.0586518467369094,0.2786979489442744,0.1472494358896568
0.4210777262745461,-0.16988837225830958,-0.4640291883353377,0.018791264651596317,0.5863641561691995,0.2945243112739994,0.8851069146098838,0.0436357038843586,0.3672272508998523,0.8339599101761407,0.5638727727243599,-0.0574191466276354,0.2791234978339278,0.1469040783960822
0.4210777262745461,-0.16988837225830958,-0.4640291883353377,0.018791264651596317,0.5863641561691995,0.2945243112739994,0.8851069146098838,0.044905123399092,0.3656370887307438,0.8358945496545092,0.5636767057227622,-0.0561864465183614,0.2795490467235813,0.1465587209025075
0.4210777262745461,-0.16988837225830958,-0.4640291883353377,0.018791264651596317,0.5863641561691995,0.2945243112739994,0.8851069146098838,0.0461745429138253,0.3640469265616352,0.8378291891328777,0.5634806387211645,-0.0549537464090875,0.2799745956132347,0.1462133634089328
0.4210777262745461,-0.16988837225830958,-0.4640291883353377,0.018791264651596317,0.5863641561691995,0.2945243112739994,0.8851069146098838,0.0474439624285587,0.3624567643925265,0.8397638286112462,0.5632845717195667,-0.0537210462998135,0.280400144502888,0.1458680059153581
0.4210777262745461,-0.16988837225830958,-0.4640291883353377,0.018791264651596317,0.5863641561691995,0.2945243112739994,0.8851069146098838,0.048713381943292,0.360866602223418,0.8416984680896148,0.5630885047179691,-0.0524883461905396,0.2808256933925415,0.1455226484217835
0.4210777262745461,-0.16988837225830958,-0.4640291883353377,0.018791264651596317,0.5863641561691995,0.2945243112739994,0.8851069146098838,0.0499828014580254,0.3592764400543094,0.8436331075679833,0.5628924377163713,-0.0512556460812656,0.2812512422821948,0.1451772909282088
0.4210777262745461,-0.16988837225830958,-0.4640291883353377,0.018791264651596317,0.5863641561691995,0.2945243112739994,0.8851069146098838,0.0512522209727588,0.3576862778852009,0.8455677470463518,0.5626963707147737,-0.0500229459719917,0.2816767911718482,0.1448319334346341
0.4210777262745461,-0.16988837225830958,-0.4640291883353377,0.018791264651596317,0.5863641561691995,0.2945243112739994,0.8851069146098838,0.0525216404874921,0.3560961157160922,0.8475023865247202,0.5625003037131759,-0.0487902458627177,0.2821023400615016,0.1444865759410595
0.4210777262745461,-0.16988837225830958,-0.4640291883353377,0.018791264651596317,0.5863641561691995,0.2945243112739994,0.8851069146098838,0.0537910600022255,0.3545059535469837,0.8494370260030888,0.5623042367115784,-0.0475575457534438,0.282527888951155,0.1441412184474848
0.4210777262745461,-0.16988837225830958,-0.4640291883353377,0.018791264651596317,0.5863641561691995,0.2945243112739994,0.8851069146098838,0.0550604795169588,0.3529157913778751,0.8513716654814573,0.5621081697099806,-0.0463248456441698,0.2829534378408084,0.1437958609539101
0.4210777262745461,-0.16988837225830958,-0.4640291883353377,0.018791264651596317,0.5863641561691995,0.2945243112739994,0.8851069146098838,0.0563298990316922,0.3513256292087665,0.853306304959826,0.561912102708383,-0.0450921455348958,0.2833789867304618,0.1434505034603355
0.4210777262745461,-0.16988837225830958,-0.4640291883353377,0.018791264651596317,0.5863641561691995,0.2945243112739994,0.8851069146098838,0.0575993185464256,0.3497354670396579,0.8552409444381943,0.5617160357067852,-0.0438594454256219,0.2838045356201152,0.1431051459667608
0.4210777262745461,-0.16988837225830958,-0.4640291883353377,0.018791264651596317,0.5863641561691995,0.2945243112739994,0.8851069146098838,0.0588687380611589,0.3481453048705494,0.8571755839165629,0.5615199687051876,-0.0426267453163479,0.2842300845097686,0.1427597884731861
0.4210777262745461,-0.16988837225830958,-0.4640291883353377,0.018791264651596317,0.5863641561691995,0.2945243112739994,0.8851069146098838,0.0601381575758923,0.3465551427014408,0.8591102233949314,0.5613239017035898,-0.041394045207074,0.2846556333994219,0.1424144309796115
0.4210777262745461,-0.16988837225830958,-0.4640291883353377,0.018791264651596317,0.5863641561691995,0.2945243112739994,0.8851069146098838,0.0614075770906256,0.3449649805323321,0.8610448628733,0.5611278347019921,-0.0401613450978,0.2850811822890754,0.1420690734860368
0.4210777262745461,-0.16988837225830958,-0.4640291883353377,0.018791264651596317,0.5863641561691995,0.2945243112739994,0.8851069146098838,0.062676996605359,0.3433748183632236,0.8629795023516684,0.5609317677003944,-0.0389286449885261,0.2855067311787287,0.1417237159924622
0.4210777262745461,-0.16988837225830958,-0.4640291883353377,0.018791264651596317,0.5863641561691995,0.2945243112739994,0.8851069146098838,0.0639464161200923,0.341784656194115,0.864914141830037,0.5607357006987967,-0.0376959448792521,0.2859322800683821,0.1413783584988875
0.4210777262745461,-0.16988837225830958,-0.4640291883353377,0.018791264651596317,0.5863641561691995,0.2945243112739994,0.8851069146098838,0.0652158356348257,0.3401944940250064,0.8668487813084055,0.5605396336971991,-0.0364632447699781,0.2863578289580356,0.1410330010053128
0.4210777262745461,-0.16988837225830958,-0.4640291883353377,0.018791264651596317,0.5863641561691995,0.2945243112739994,0.8851069146098838,0.0664852551495591,0.3386043318558979,0.868783420786774,0.5603435666956014,-0.0352305446607042,0.286783377847689,0.1406876435117381
0.4210777262745461,-0.16988837225830958,-0.4640291883353377,0.018791264651596317,0.5863641561691995,0.2945243112739994,0.8851069146098838,0.0677546746642924,0.3370141696867893,0.8707180602651425,0.5601474996940037,-0.0339978445514302,0.2872089267373423,0.1403422860181635
0.4210777262745461,-0.16988837225830958,-0.4640291883353377,0.018791264651596317,0.5863641561691995,0.2945243112739994,0.8851069146098838,0.0690240941790258,0.3354240075176807,0.872652699743511,0.559951432692406,-0.0327651444421563,0.2876344756269957,0.1399969285245888
0.4210777262745461,-0.16988837225830958,-0.4640291883353377,0.018791264651596317,0.5863641561691995,0.2945243112739994,0.8851069146098838,0.0702935136937591,0.3338338453485721,0.8745873392218795,0.5597553656908083,-0.0315324443328823,0.2880600245166491,0.1396515710310142
0.4210777262745461,-0.16988837225830958,-0.4640291883353377,0.018791264651596317,0.5863641561691995,0.2945243112739994,0.8851069146098838,0.0715629332084925,0.3322436831794635,0.8765219787002481,0.5595592986892106,-0.0302997442236084,0.2884855734063025,0.1393062135374395
0.4210777262745461,-0.16988837225830958,-0.4640291883353377,0.018791264651596317,0.5863641561691995,0.2945243112739994,0.8851069146098838,0.0728323527232258,0.3306535210103549,0.8784566181786165,0.5593632316876129,-0.0290670441143344,0.2889111222959559,0.1389608560438648
0.4210777262745461,-0.16988837225830958,-0.4640291883353377,0.018791264651596317,0.5863641561691995,0.2945243112739994,0.8851069146098838,0.0741017722379592,0.3290633588412464,0.880391257656985,0.5591671646860152,-0.0278343440050604,0.2893366711856093,0.1386154985502901
0.4210777262745461,-0.16988837225830958,-0.4640291883353377,0.018791264651596317,0.5863641561691995,0.2945243112739994,0.8851069146098838,0.0753711917526926,0.3274731966721378,0.8823258971353536,0.5589710976844176,-0.0266016438957865,0.2897622200752627,0.1382701410567155
0.4210777262745461,-0.16988837225830958,-0.4640291883353377,0.018791264651596317,0.5863641561691995,0.2945243112739994,0.8851069146098838,0.0766406112674259,0.3258830345030292,0.8842605366137221,0.5587750306828199,-0.0253689437865125,0.2901877689649161,0.1379247835631408
0.4210777262745461,-0.16988837225830958,-0.4640291883353377,0.018791264651596317,0.5863641561691995,0.2945243112739994,0.8851069146098838,0.0779100307821593,0.3242928723339206,0.8861951760920908,0.5585789636812222,-0.0241362436772386,0.2906133178545695,0.1375794260695662
0.4210777262745461,-0.16988837225830958,-0.4640291883353377,0.018791264651596317,0.5863641561691995,0.2945243112739994,0.8851069146098838,0.0791794502968926,0.322702710164812,0.8881298155704591,0.5583828966796245,-0.0229035435679646,0.2910388667442229,0.1372340685759915
0.4210777262745461,-0.16988837225830958,-0.4640291883353377,0.018791264651596317,0.5863641561691995,0.2945243112739994,0.8851069146098838,0.080448869811626,0.3211125479957035,0.8900644550488277,0.5581868296780268,-0.0216708434586906,0.2914644156338763,0.1368887110824168
0.4210777262745461,-0.16988837225830958,-0.4640291883353377,0.018791264651596317,0.5863641561691995,0.2945243112739994,0.8851069146098838,0.0817182893263594,0.3195223858265948,0.8919990945271963,0.5579907626764291,-0.0204381433494167,0.2918899645235297,0.1365433535888421
0.4210777262745461,-0.16988837225830958,-0.4640291883353377,0.018791264651596317,0.5863641561691995,0.2945243112739994,0.8851069146098838,0.0829877088410927,0.3179322236574863,0.8939337340055646,0.5577946956748314,-0.0192054432401427,0.2923155134131831,0.1361979960952675
0.4210777262745461,-0.16988837225830958,-0.4640291883353377,0.018791264651596317,0.5863641561691995,0.2945243112739994,0.8851069146098838,0.0842571283558261,0.3163420614883777,0.8958683734839332,0.5575986286732337,-0.0179727431308688,0.2927410623028365,0.1358526386016928
0.4210777262745461,-0.16988837225830958,-0.4640291883353377,0.018791264651596317,0.5863641561691995,0.2945243112739994,0.8851069146098838,0.0855265478705594,0.3147518993192691,0.8978030129623017,0.557402561671636,-0.0167400430215948,0.2931666111924899,0.1355072811081182
0.4210777262745461,-0.16988837225830958,-0.4640291883353377,0.018791264651596317,0.5863641561691995,0.2945243112739994,0.8851069146098838,0.0867959673852928,0.3131617371501606,0.8997376524406702,0.5572064946700384,-0.0155073429123209,0.2935921600821433,0.1351619236145435
0.4210777262745461,-0.16988837225830958,-0.4640291883353377,0.018791264651596317,0.5863641561691995,0.2945243112739994,0.8851069146098838,0.0880653869000261,0.311571574981052,0.9016722919190387,0.5570104276684407,-0.0142746428030469,0.2940177089717967,0.1348165661209688
0.4210777262745461,-0.16988837225830958,-0.4640291883353377,0.018791264651596317,0.5863641561691995,0.2945243112739994,0.8851069146098838,0.0893348064147595,0.3099814128119434,0.9036069313974072,0.556814360666843,-0.013041942693773,0.2944432578614501,0.1344712086273942
0.4210777262745461,-0.16988837225830958,-0.4640291883353377,0.018791264651596317,0.5863641561691995,0.2945243112739994,0.8851069146098838,0.0906042259294928,0.3083912506428348,0.9055415708757756,0.5566182936652453,-0.011809242584499,0.2948688067511035,0.1341258511338195
0.4210777262745461,-0.16988837225830958,-0.4640291883353377,0.018791264651596317,0.5863641561691995,0.2945243112739994,0.8851069146098838,0.0918736454442262,0.3068010884737262,0.9074762103541444,0.5564222266636476,-0.010576542475225,0.2952943556407569,0.1337804936402448
0.4210777262745461,-0.16988837225830958,-0.4640291883353377,0.018791264651596317,0.5863641561691995,0.2945243112739994,0.8851069146098838,0.0931430649589596,0.3052109263046176,0.9094108498325127,0.5562261596620499,-0.0093438423659511,0.2957199045304103,0.1334351361466701
0.4210777262745461,-0.16988837225830958,-0.4640291883353377,0.018791264651596317,0.5863641561691995,0.2945243112739994,0.8851069146098838,0.0944124844736929,0.3036207641355091,0.9113454893108812,0.5560300926604522,-0.0081111422566771,0.2961454534200637,0.1330897786530955
0.4210777262745461,-0.16988837225830958,-0.4640291883353377,0.018791264651596317,0.5863641561691995,0.2945243112739994,0.8851069146098838,0.0956819039884263,0.3020306019664005,0.9132801287892498,0.5558340256588545,-0.0068784421474032,0.296571002309717,0.1327444211595208
0.4210777262745461,-0.16988837225830958,-0.4640291883353377,0.018791264651596317,0.5863641561691995,0.2945243112739994,0.8851069146098838,0.0969513235031596,0.3004404397972919,0.9152147682676184,0.5556379586572568,-0.0056457420381292,0.2969965511993704,0.1323990636659461
0.4210777262745461,-0.16988837225830958,-0.4640291883353377,0.018791264651596317,0.5863641561691995,0.2945243112739994,0.8851069146098838,0.098220743017893,0.2988502776281833,0.917149407745987,0.5554418916556592,-0.0044130419288552,0.2974221000890238,0.1320537061723715
0.4210777262745461,-0.16988837225830958,-0.4640291883353377,0.018791264651596317,0.5863641561691995,0.2945243112739994,0.8851069146098838,0.0994901625326264,0.2972601154590747,0.9190840472243552,0.5552458246540615,-0.0031803418195813,0.2978476489786772,0.1317083486787968
0.4210777262745461,-0.16988837225830958,-0.4640291883353377,0.018791264651596317,0.5863641561691995,0.2945243112739994,0.8851069146098838,0.1007595820473597,0.2956699532899661,0.921018686702724,0.5550497576524638,-0.0019476417103073,0.2982731978683306,0.1313629911852221
0.4210777262745461,-0.16988837225830958,-0.4640291883353377,0.018791264651596317,0.5863641561691995,0.2945243112739994,0.8851069146098838,0.1020290015620931,0.2940797911208576,0.9229533261810924,0.5548536906508661,-0.0007149416010334,0.298698746757984,0.1310176336916475
0.4210777262745461,-0.16988837225830958,-0.4640291883353377,0.018791264651596317,0.5863641561691995,0.2945243112739994,0.8851069146098838,0.1032984210768264,0.292489628951749,0.924887965659461,0.5546576236492684,0.0005177585082405,0.2991242956476374,0.1306722761980728
0.4210777262745461,-0.16988837225830958,-0.4640291883353377,0.018791264651596317,0.5863641561691995,0.2945243112739994,0.8851069146098838,0.1045678405915598,0.2908994667826404,0.9268226051378294,0.5544615566476707,0.0017504586175144,0.2995498445372908,0.1303269187044982
0.4210777262745461,-0.16988837225830958,-0.4640291883353377,0.018791264651596317,0.5863641561691995,0.2945243112739994,0.8851069146098838,0.1058372601062932,0.2893093046135318,0.928757244616198,0.554265489646073,0.0029831587267884,0.2999753934269442,0.1299815612109235
0.4210777262745461,-0.16988837225830958,-0.4640291883353377,0.018791264651596317,0.5863641561691995,0.2945243112739994,0.8851069146098838,0.1071066796210265,0.2877191424444232,0.9306918840945664,0.5540694226444753,0.0042158588360624,0.3004009423165976,0.1296362037173488
0.4210777262745461,-0.16988837225830958,-0.4640291883353377,0.018791264651596317,0.5863641561691995,0.2945243112739994,0.8851069146098838,0.1083760991357599,0.2861289802753147,0.932626523572935,0.5538733556428777,0.0054485589453363,0.300826491206251,0.1292908462237741
0.4210777262745461,-0.16988837225830958,-0.4640291883353377,0.018791264651596317,0.5863641561691995,0.2945243112739994,0.8851069146098838,0.1096455186504932,0.284538818106206,0.9345611630513034,0.55367728864128,0.0066812590546103,0.3012520400959044,0.1289454887301995
0.4210777262745461,-0.16988837225830958,-0.4640291883353377,0.018791264651596317,0.5863641561691995,0.2945243112739994,0.8851069146098838,0.1109149381652266,0.2829486559370975,0.936495802529672,0.5534812216396823,0.0079139591638842,0.3016775889855578,0.1286001312366248
0.4210777262745461,-0.16988837225830958,-0.4640291883353377,0.018791264651596317,0.5863641561691995,0.2945243112739994,0.8851069146098838,0.1121843576799599,0.2813584937679889,0.9384304420080404,0.5532851546380846,0.0091466592731582,0.3021031378752112,0.1282547737430502
0.4210777262745461,-0.16988837225830958,-0.4640291883353377,0.018791264651596317,0.5863641561691995,0.2945243112739994,0.8851069146098838,0.1134537771946933,0.2797683315988803,0.940365081486409,0.5530890876364869,0.0103793593824321,0.3025286867648646,0.1279094162494755
0.4210777262745461,-0.16988837225830958,-0.4640291883353377,0.018791264651596317,0.5863641561691995,0.2945243112739994,0.8851069146098838,0.1147231967094267,0.2781781694297717,0.9422997209647777,0.5528930206348892,0.0116120594917061,0.302954235654518,0.1275640587559008
0.4210777262745461,-0.16988837225830958,-0.4640291883353377,0.018791264651596317,0.5863641561691995,0.2945243112739994,0.8851069146098838,0.11599261622416,0.2765880072606632,0.944234360443146,0.5526969536332915,0.0128447596009801,0.3033797845441714,0.1272187012623261
0.4210777262745461,-0.16988837225830958,-0.4640291883353377,0.018791264651596317,0.5863641561691995,0.2945243112739994,0.8851069146098838,0.1172620357388934,0.2749978450915546,0.9461689999215146,0.5525008866316938,0.014077459710254,0.3038053334338248,0.1268733437687515
0.4210777262745461,-0.16988837225830958,-0.4640291883353377,0.018791264651596317,0.5863641561691995,0.2945243112739994,0.8851069146098838,0.1185314552536267,0.273407682922446,0.9481036393998832,0.5523048196300961,0.015310159819528,0.3042308823234781,0.1265279862751768
0.4210777262745461,-0.16988837225830958,-0.4640291883353377,0.018791264651596317,0.5863641561691995,0.2945243112739994,0.8851069146098838,0.1198008747683601,0.2718175207533375,0.9500382788782517,0.5521087526284985,0.0165428599288019,0.3046564312131316,0.1261826287816022
0.4210777262745461,-0.16988837225830958,-0.4640291883353377,0.018791264651596317,0.5863641561691995,0.2945243112739994,0.8851069146098838,0.1210702942830934,0.2702273585842288,0.95197291835662,0.5519126856269008,0.0177755600380759,0.305081980102785,0.1258372712880275
0.4210777262745461,-0.16988837225830958,-0.4640291883353377,0.018791264651596317,0.5863641561691995,0.2945243112739994,0.8851069146098838,0.1223397137978268,0.2686371964151203,0.9539075578349886,0.5517166186253031,0.0190082601473498,0.3055075289924384,0.1254919137944528
0.4210777262745461,-0.16988837225830958,-0.4640291883353377,0.018791264651596317,0.5863641561691995,0.2945243112739994,0.8851069146098838,0.1236091333125602,0.2670470342460117,0.9558421973133572,0.5515205516237054,0.0202409602566238,0.3059330778820918,0.1251465563008782
0.4210777262745461,-0.16988837225830958,-0.4640291883353377,0.018791264651596317,0.5863641561691995,0.2945243112739994,0.8851069146098838,0.1248785528272935,0.2654568720769031,0.9577768367917256,0.5513244846221077,0.0214736603658978,0.3063586267717452,0.1248011988073035
0.4210777262745461,-0.16988837225830958,-0.4640291883353377,0.018791264651596317,0.5863641561691995,0.2945243112739994,0.8851069146098838,0.1261479723420269,0.2638667099077946,0.959711476270094,0.55112841762051,0.0227063604751717,0.3067841756613986,0.1244558413137288
0.4210777262745461,-0.16988837225830958,-0.4640291883353377,0.018791264651596317,0.5863641561691995,0.2945243112739994,0.8851069146098838,0.1274173918567603,0.262276547738686,0.9616461157484628,0.5509323506189123,0.0239390605844457,0.307209724551052,0.1241104838201541
0.4210777262745461,-0.16988837225830958,-0.4640291883353377,0.018791264651596317,0.5863641561691995,0.2945243112739994,0.8851069146098838,0.1286868113714936,0.2606863855695773,0.9635807552268312,0.5507362836173146,0.0251717606937196,0.3076352734407053,0.1237651263265795
0.4210777262745461,-0.16988837225830958,-0.4640291883353377,0.018791264651596317,0.5863641561691995,0.2945243112739994,0.8851069146098838,0.129956230886227,0.2590962234004688,0.9655153947051996,0.550540216615717,0.0264044608029936,0.3080608223303587,0.1234197688330048
0.4210777262745461,-0.16988837225830958,-0.4640291883353377,0.018791264651596317,0.5863641561691995,0.2945243112739994,0.8851069146098838,0.1312256504009603,0.2575060612313602,0.9674500341835682,0.5503441496141193,0.0276371609122675,0.3084863712200121,0.1230744113394301
0.4210777262745461,-0.16988837225830958,-0.4640291883353377,0.018791264651596317,0.5863641561691995,0.2945243112739994,0.8851069146098838,0.1324950699156937,0.2559158990622516,0.9693846736619368,0.5501480826125216,0.0288698610215415,0.3089119201096655,0.1227290538458555
0.4210777262745461,-0.16988837225830958,-0.4640291883353377,0.018791264651596317,0.5863641561691995,0.2945243112739994,0.8851069146098838,0.133764489430427,0.2543257368931431,0.9713193131403052,0.5499520156109239,0.0301025611308155,0.3093374689993189,0.1223836963522808
0.4210777262745461,-0.16988837225830958,-0.4640291883353377,0.018791264651596317,0.5863641561691995,0.2945243112739994,0.8851069146098838,0.1350339089451604,0.2527355747240344,0.973253952618674,0.5497559486093262,0.0313352612400894,0.3097630178889723,0.1220383388587061
0.4210777262745461,-0.16988837225830958,-0.4640291883353377,0.018791264651596317,0.5863641561691995,0.2945243112739994,0.8851069146098838,0.1363033284598938,0.2511454125549259,0.9751885920970425,0.5495598816077285,0.0325679613493634,0.3101885667786257,0.1216929813651315
0.4210777262745461,-0.16988837225830958,-0.4640291883353377,0.018791264651596317,0.5863641561691995,0.2945243112739994,0.8851069146098838,0.1375727479746271,0.2495552503858173,0.9771232315754108,0.5493638146061308,0.0338006614586373,0.3106141156682791,0.1213476238715568
0.4210777262745461,-0.16988837225830958,-0.4640291883353377,0.018791264651596317,0.5863641561691995,0.2945243112739994,0.8851069146098838,0.1388421674893604,0.2479650882167087,0.9790578710537794,0.5491677476045331,0.0350333615679113,0.3110396645579325,0.1210022663779822
0.4210777262745461,-0.16988837225830958,-0.4640291883353377,0.018791264651596317,0.5863641561691995,0.2945243112739994,0.8851069146098838,0.1401115870040938,0.2463749260476001,0.980992510532148,0.5489716806029354,0.0362660616771852,0.3114652134475859,0.1206569088844075
0.4210777262745461,-0.16988837225830958,-0.4640291883353377,0.018791264651596317,0.5863641561691995,0.2945243112739994,0.8851069146098838,0.1413810065188272,0.2447847638784915,0.9829271500105164,0.5487756136013378,0.0374987617864592,0.3118907623372393,0.1203115513908328
0.4210777262745461,-0.16988837225830958,-0.4640291883353377,0.018791264651596317,0.5863641561691995,0.2945243112739994,0.8851069146098838,0.1426504260335606,0.2431946017093829,0.9848617894888848,0.5485795465997401,0.0387314618957332,0.3123163112268927,0.1199661938972581
0.4210777262745461,-0.16988837225830958,-0.4640291883353377,0.018791264651596317,0.5863641561691995,0.2945243112739994,0.8851069146098838,0.1439198455482939,0.2416044395402743,0.9867964289672534,0.5483834795981424,0.0399641620050071,0.3127418601165461,0.1196208364036835
0.4210777262745461,-0.16988837225830958,-0.4640291883353377,0.018791264651596317,0.5863641561691995,0.2945243112739994,0.8851069146098838,0.1451892650630273,0.2400142773711658,0.988731068445622,0.5481874125965447,0.0411968621142811,0.3131674090061995,0.1192754789101088
0.4210777262745461,-0.16988837225830958,-0.4640291883353377,0.018791264651596317,0.5863641561691995,0.2945243112739994,0.8851069146098838,0.1464586845777606,0.2384241152020572,0.9906657079239904,0.547991345594947,0.042429562223555,0.3135929578958529,0.1189301214165342
0.4210777262745461,-0.16988837225830958,-0.4640291883353377,0.018791264651596317,0.5863641561691995,0.2945243112739994,0.8851069146098838,0.147728104092494,0.2368339530329486,0.9926003474023588,0.5477952785933493,0.043662262332829,0.3140185067855063,0.1185847639229595
0.4210777262745461,-0.16988837225830958,-0.4640291883353377,0.018791264651596317,0.5863641561691995,0.2945243112739994,0.8851069146098838,0.1489975236072273,0.2352437908638401,0.9945349868807274,0.5475992115917516,0.0448949624421029,0.3144440556751596,0.1182394064293848
0.4210777262745461,-0.16988837225830958,-0.4640291883353377,0.018791264651596317,0.5863641561691995,0.2945243112739994,0.8851069146098838,0.1502669431219607,0.2336536286947315,0.996469626359096,0.5474031445901538,0.0461276625513769,0.314869604564813,0.1178940489358101
0.4210777262745461,-0.16988837225830958,-0.4640291883353377,0.018791264651596317,0.5863641561691995,0.2945243112739994,0.8851069146098838,0.151536362636694,0.2320634665256229,0.9984042658374646,0.5472070775885561,0.0473603626606509,0.3152951534544664,0.1175486914422355
0.4210777262745461,-0.16988837225830958,-0.4640291883353377,0.018791264651596317,0.5863641561691995,0.2945243112739994,0.8851069146098838,0.1528057821514274,0.2304733043565143,1.0003389053158331,0.5470110105869584,0.0485930627699248,0.3157207023441198,0.1172033339486608
0.4210777262745461,-0.16988837225830958,-0.4640291883353377,0.018791264651596317,0.5863641561691995,0.2945243112739994,0.8851069146098838,0.1540752016661608,0.2288831421874058,1.0022735447942015,0.5468149435853608,0.0498257628791988,0.3161462512337732,0.1168579764550862
0.4210777262745461,-0.16988837225830958,-0.4640291883353377,0.018791264651596317,0.5863641561691995,0.2945243112739994,0.8851069146098838,0.1553446211808941,0.2272929800182971,1.00420818427257,0.5466188765837631,0.0510584629884727,0.3165718001234266,0.1165126189615115
0.4210777262745461,-0.16988837225830958,-0.4640291883353377,0.018791264651596317,0.5863641561691995,0.2945243112739994,0.8851069146098838,0.1566140406956275,0.2257028178491886,1.0061428237509389,0.5464228095821654,0.0522911630977467,0.3169973490130801,0.1161672614679368
0.4210777262745461,-0.16988837225830958,-0.4640291883353377,0.018791264651596317,0.5863641561691995,0.2945243112739994,0.8851069146098838,0.1578834602103608,0.22411265568008,1.008077463229307,0.5462267425805677,0.0535238632070206,0.3174228979027335,0.1158219039743621
0.4210777262745461,-0.16988837225830958,-0.4640291883353377,0.018791264651596317,0.5863641561691995,0.2945243112739994,0.8851069146098838,0.1591528797250942,0.2225224935109714,1.0100121027076756,0.54603067557897,0.0547565633162946,0.3178484467923868,0.1154765464807875
0.4210777262745461,-0.16988837225830958,-0.4640291883353377,0.018791264651596317,0.5863641561691995,0.2945243112739994,0.8851069146098838,0.1604222992398276,0.2209323313418628,1.0119467421860442,0.5458346085773724,0.0559892634255686,0.3182739956820402,0.1151311889872128
0.4210777262745461,-0.16988837225830958,-0.4640291883353377,0.018791264651596317,0.5863641561691995,0.2945243112739994,0.8851069146098838,0.1616917187545609,0.2193421691727543,1.0138813816644126,0.5456385415757747,0.0572219635348425,0.3186995445716936,0.1147858314936381
0.4210777262745461,-0.16988837225830958,-0.4640291883353377,0.018791264651596317,0.5863641561691995,0.2945243112739994,0.8851069146098838,0.1629611382692943,0.2177520070036457,1.0158160211427811,0.545442474574177,0.0584546636441165,0.319125093461347,0.1144404740000635
0.4210777262745461,-0.16988837225830958,-0.4640291883353377,0.018791264651596317,0.5863641561691995,0.2945243112739994,0.8851069146098838,0.1642305577840276,0.2161618448345371,1.0177506606211495,0.5452464075725794,0.0596873637533904,0.3195506423510004,0.1140951165064888
0.4210777262745461,-0.16988837225830958,-0.4640291883353377,0.018791264651596317,0.5863641561691995,0.2945243112739994,0.8851069146098838,0.165499977298761,0.2145716826654285,1.019685300099518,0.5450503405709817,0.0609200638626644,0.3199761912406538,0.1137497590129141
0.4210777262745461,-0.16988837225830958,-0.4640291883353377,0.018791264651596317,0.5863641561691995,0.2945243112739994,0.8851069146098838,0.1667693968134943,0.2129815204963199,1.0216199395778869,0.544854273569384,0.0621527639719383,0.3204017401303072,0.1134044015193395
0.4210777262745461,-0.16988837225830958,-0.4640291883353377,0.018791264651596317,0.5863641561691995,0.2945243112739994,0.8851069146098838,0.1680388163282277,0.2113913583272113,1.0235545790562552,0.5446582065677863,0.0633854640812123,0.3208272890199606,0.1130590440257648
0.4210777262745461,-0.16988837225830958,-0.4640291883353377,0.018791264651596317,0.5863641561691995,0.2945243112739994,0.8851069146098838,0.1693082358429611,0.2098011961581027,1.0254892185346238,0.5444621395661885,0.0646181641904863,0.321252837909614,0.1127136865321901
0.4210777262745461,-0.16988837225830958,-0.4640291883353377,0.018791264651596317,0.5863641561691995,0.2945243112739994,0.8851069146098838,0.1705776553576944,0.2082110339889941,1.0274238580129922,0.5442660725645908,0.0658508642997602,0.3216783867992674,0.1123683290386155
0.4210777262745461,-0.16988837225830958,-0.4640291883353377,0.018791264651596317,0.5863641561691995,0.2945243112739994,0.8851069146098838,0.1718470748724278,0.2066208718198856,1.0293584974913608,0.5440700055629931,0.0670835644090342,0.3221039356889208,0.1120229715450408
0.4210777262745461,-0.16988837225830958,-0.4640291883353377,0.018791264651596317,0.5863641561691995,0.2945243112739994,0.8851069146098838,0.1731164943871612,0.205030709650777,1.0312931369697294,0.5438739385613954,0.0683162645183081,0.3225294845785742,0.1116776140514662
0.4210777262745461,-0.16988837225830958,-0.4640291883353377,0.018791264651596317,0.5863641561691995,0.2945243112739994,0.8851069146098838,0.1743859139018945,0.2034405474816684,1.0332277764480975,0.5436778715597977,0.0695489646275821,0.3229550334682276,0.1113322565578915
0.4210777262745461,-0.16988837225830958,-0.4640291883353377,0.018791264651596317,0.5863641561691995,0.2945243112739994,0.8851069146098838,0.1756553334166279,0.2018503853125599,1.0351624159264663,0.5434818045582,0.0707816647368561,0.323380582357881,0.1109868990643168
0.4210777262745461,-0.16988837225830958,-0.4640291883353377,0.018791264651596317,0.5863641561691995,0.2945243112739994,0.8851069146098838,0.1769247529313612,0.2002602231434512,1.0370970554048349,0.5432857375566024,0.07201436484613,0.3238061312475344,0.1106415415707421
0.4210777262745461,-0.16988837225830958,-0.4640291883353377,0.018791264651596317,0.5863641561691995,0.2945243112739994,0.8851069146098838,0.1781941724460946,0.1986700609743427,1.0390316948832032,0.5430896705550047,0.073247064955404,0.3242316801371878,0.1102961840771675
0.4210777262745461,-0.16988837225830958,-0.4640291883353377,0.018791264651596317,0.5863641561691995,0.2945243112739994,0.8851069146098838,0.1794635919608279,0.1970798988052341,1.0409663343615718,0.542893603553407,0.0744797650646779,0.3246572290268412,0.1099508265835928
0.4210777262745461,-0.16988837225830958,-0.4640291883353377,0.018791264651596317,0.5863641561691995,0.2945243112739994,0.8851069146098838,0.1807330114755613,0.1954897366361255,1.0429009738399404,0.5426975365518093,0.0757124651739519,0.3250827779164946,0.1096054690900182
0.4210777262745461,-0.16988837225830958,-0.4640291883353377,0.018791264651596317,0.5863641561691995,0.2945243112739994,0.8851069146098838,0.1820024309902946,0.193899574467017,1.044835613318309,0.5425014695502116,0.0769451652832258,0.3255083268061479,0.1092601115964435
0.4210777262745461,-0.16988837225830958,-0.4640291883353377,0.018791264651596317,0.5863641561691995,0.2945243112739994,0.8851069146098838,0.183271850505028,0.1923094122979084,1.0467702527966771,0.5423054025486139,0.0781778653924998,0.3259338756958013,0.1089147541028688
0.4210777262745461,-0.16988837225830958,-0.4640291883353377,0.018791264651596317,0.5863641561691995,0.2945243112739994,0.8851069146098838,0.1845412700197613,0.1907192501287998,1.048704892275046,0.5421093355470162,0.0794105655017737,0.3263594245854547,0.1085693966092941
0.4210777262745461,-0.16988837225830958,-0.4640291883353377,0.018791264651596317,0.5863641561691995,0.2945243112739994,0.8851069146098838,0.1858106895344947,0.1891290879596912,1.0506395317534143,0.5419132685454185,0.0806432656110477,0.3267849734751081,0.1082240391157195
0.4210777262745461,-0.16988837225830958,-0.4640291883353377,0.018791264651596317,0.5863641561691995,0.2945243112739994,0.8851069146098838,0.1870801090492281,0.1875389257905826,1.0525741712317829,0.5417172015438209,0.0818759657203217,0.3272105223647615,0.1078786816221448
0.4210777262745461,-0.16988837225830958,-0.4640291883353377,0.018791264651596317,0.5863641561691995,0.2945243112739994,0.8851069146098838,0.1883495285639614,0.185948763621474,1.0545088107101517,0.5415211345422232,0.0831086658295956,0.3276360712544149,0.1075333241285702
0.4210777262745461,-0.16988837225830958,-0.4640291883353377,0.018791264651596317,0.5863641561691995,0.2945243112739994,0.8851069146098838,0.1896189480786948,0.1843586014523655,1.05644345018852,0.5413250675406255,0.0843413659388696,0.3280616201440683,0.1071879666349955
0.4210777262745461,-0.16988837225830958,-0.4640291883353377,0.018791264651596317,0.5863641561691995,0.2945243112739994,0.8851069146098838,0.1908883675934282,0.1827684392832569,1.0583780896668884,0.5411290005390278,0.0855740660481435,0.3284871690337217,0.1068426091414208
0.4210777262745461,-0.16988837225830958,-0.4640291883353377,0.018791264651596317,0.5863641561691995,0.2945243112739994,0.8851069146098838,0.1921577871081615,0.1811782771141483,1.060312729145257,0.5409329335374301,0.0868067661574175,0.3289127179233751,0.1064972516478462
0.4210777262745461,-0.16988837225830958,-0.4640291883353377,0.018791264651596317,0.5863641561691995,0.2945243112739994,0.8851069146098838,0.1934272066228949,0.1795881149450397,1.0622473686236256,0.5407368665358324,0.0880394662666914,0.3293382668130285,0.1061518941542715
0.4210777262745461,-0.16988837225830958,-0.4640291883353377,0.018791264651596317,0.5863641561691995,0.2945243112739994,0.8851069146098838,0.1946966261376282,0.1779979527759311,1.064182008101994,0.5405407995342347,0.0892721663759654,0.3297638157026819,0.1058065366606968
0.4210777262745461,-0.16988837225830958,-0.4640291883353377,0.018791264651596317,0.5863641561691995,0.2945243112739994,0.8851069146098838,0.1959660456523616,0.1764077906068225,1.0661166475803625,0.540344732532637,0.0905048664852394,0.3301893645923353,0.1054611791671222
0.4210777262745461,-0.16988837225830958,-0.4640291883353377,0.018791264651596317,0.5863641561691995,0.2945243112739994,0.8851069146098838,0.166978432696907,0.2326650379873376,1.060963271696325,0.5410939561620687,0.0880191655457007,0.3286997586478271,0.1063244794606346
0.4210777262745461,-0.16988837225830958,-0.4640291883353377,0.018791264651596317,0.5863641561691995,0.2945243112739994,0.8851069146098838,0.1676928611291867,0.2313674894784609,1.0621989659221898,0.5406185109516468,0.0883920795355515,0.3292153378135366,0.1062588037276516
0.4210777262745461,-0.16988837225830958,-0.4640291883353377,0.018791264651596317,0.5863641561691995,0.2945243112739994,0.8851069146098838,0.1684072895614665,0.2300699409695843,1.0634346601480549,0.5401430657412248,0.0887649935254023,0.3297309169792462,0.1061931279946686
0.4210777262745461,-0.16988837225830958,-0.4640291883353377,0.018791264651596317,0.5863641561691995,0.2945243112739994,0.8851069146098838,0.1691217179937462,0.2287723924607076,1.0646703543739195,0.5396676205308029,0.089137907515253,0.3302464961449558,0.1061274522616856
0.4210777262745461,-0.16988837225830958,-0.4640291883353377,0.018791264651596317,0.5863641561691995,0.2945243112739994,0.8851069146098838,0.1698361464260259,0.2274748439518309,1.0659060485997844,0.539192175320381,0.0895108215051038,0.3307620753106654,0.1060617765287027
0.4210777262745461,-0.16988837225830958,-0.4640291883353377,0.018791264651596317,0.5863641561691995,0.2945243112739994,0.8851069146098838,0.1705505748583057,0.2261772954429543,1.067141742825649,0.538716730109959,0.0898837354949546,0.3312776544763749,0.1059961007957197
0.4210777262745461,-0.16988837225830958,-0.4640291883353377,0.018791264651596317,0.5863641561691995,0.2945243112739994,0.8851069146098838,0.1712650032905854,0.2248797469340776,1.0683774370515138,0.5382412848995372,0.0902566494848053,0.3317932336420846,0.1059304250627367
0.4210777262745461,-0.16988837225830958,-0.4640291883353377,0.018791264651596317,0.5863641561691995,0.2945243112739994,0.8851069146098838,0.1719794317228651,0.2235821984252009,1.069613131277379,0.5377658396891152,0.0906295634746561,0.3323088128077942,0.1058647493297537
0.4210777262745461,-0.16988837225830958,-0.4640291883353377,0.018791264651596317,0.5863641561691995,0.2945243112739994,0.8851069146098838,0.1726938601551449,0.2222846499163243,1.0708488255032436,0.5372903944786932,0.0910024774645069,0.3328243919735038,0.1057990735967707
0.4210777262745461,-0.16988837225830958,-0.4640291883353377,0.018791264651596317,0.5863641561691995,0.2945243112739994,0.8851069146098838,0.1734082885874246,0.2209871014074476,1.0720845197291082,0.5368149492682713,0.0913753914543576,0.3333399711392133,0.1057333978637878
0.4210777262745461,-0.16988837225830958,-0.4640291883353377,0.018791264651596317,0.5863641561691995,0.2945243112739994,0.8851069146098838,0.1741227170197043,0.2196895528985709,1.0733202139549731,0.5363395040578495,0.0917483054442084,0.3338555503049229,0.1056677221308048
0.4210777262745461,-0.16988837225830958,-0.4640291883353377,0.018791264651596317,0.5863641561691995,0.2945243112739994,0.8851069146098838,0.1748371454519841,0.2183920043896943,1.0745559081808378,0.5358640588474275,0.0921212194340591,0.3343711294706325,0.1056020463978218
0.4210777262745461,-0.16988837225830958,-0.4640291883353377,0.018791264651596317,0.5863641561691995,0.2945243112739994,0.8851069146098838,0.1755515738842638,0.2170944558808176,1.075791602406703,0.5353886136370055,0.0924941334239099,0.334886708636342,0.1055363706648388
0.4210777262745461,-0.16988837225830958,-0.4640291883353377,0.018791264651596317,0.5863641561691995,0.2945243112739994,0.8851069146098838,0.1762660023165435,0.215796907371941,1.0770272966325676,0.5349131684265838,0.0928670474137607,0.3354022878020517,0.1054706949318558
0.4210777262745461,-0.16988837225830958,-0.4640291883353377,0.018791264651596317,0.5863641561691995,0.2945243112739994,0.8851069146098838,0.1769804307488233,0.2144993588630643,1.0782629908584322,0.5344377232161618,0.0932399614036114,0.3359178669677612,0.1054050191988729
0.4210777262745461,-0.16988837225830958,-0.4640291883353377,0.018791264651596317,0.5863641561691995,0.2945243112739994,0.8851069146098838,0.177694859181103,0.2132018103541877,1.0794986850842974,0.5339622780057398,0.0936128753934622,0.3364334461334708,0.1053393434658899
0.4210777262745461,-0.16988837225830958,-0.4640291883353377,0.018791264651596317,0.5863641561691995,0.2945243112739994,0.8851069146098838,0.1784092876133827,0.211904261845311,1.080734379310162,0.533486832795318,0.093985789383313,0.3369490252991804,0.1052736677329069
0.4210777262745461,-0.16988837225830958,-0.4640291883353377,0.018791264651596317,0.5863641561691995,0.2945243112739994,0.8851069146098838,0.1791237160456625,0.2106067133364343,1.0819700735360267,0.5330113875848961,0.0943587033731637,0.33746460446489,0.1052079919999239
0.4210777262745461,-0.16988837225830958,-0.4640291883353377,0.018791264651596317,0.5863641561691995,0.2945243112739994,0.8851069146098838,0.1798381444779422,0.2093091648275577,1.0832057677618916,0.5325359423744741,0.0947316173630145,0.3379801836305996,0.105142316266941
0.4210777262745461,-0.16988837225830958,-0.4640291883353377,0.018791264651596317,0.5863641561691995,0.2945243112739994,0.8851069146098838,0.1805525729102219,0.208011616318681,1.0844414619877565,0.5320604971640521,0.0951045313528653,0.3384957627963091,0.105076640533958
0.4210777262745461,-0.16988837225830958,-0.4640291883353377,0.018791264651596317,0.5863641561691995,0.2945243112739994,0.8851069146098838,0.1812670013425017,0.2067140678098044,1.0856771562136214,0.5315850519536303,0.095477445342716,0.3390113419620187,0.105010964800975
0.4210777262745461,-0.16988837225830958,-0.4640291883353377,0.018791264651596317,0.5863641561691995,0.2945243112739994,0.8851069146098838,0.1819814297747814,0.2054165193009277,1.086912850439486,0.5311096067432083,0.0958503593325668,0.3395269211277283,0.104945289067992
0.4210777262745461,-0.16988837225830958,-0.4640291883353377,0.018791264651596317,0.5863641561691995,0.2945243112739994,0.8851069146098838,0.1826958582070611,0.204118970792051,1.088148544665351,0.5306341615327863,0.0962232733224176,0.3400425002934379,0.104879613335009
0.4210777262745461,-0.16988837225830958,-0.4640291883353377,0.018791264651596317,0.5863641561691995,0.2945243112739994,0.8851069146098838,0.1834102866393409,0.2028214222831744,1.0893842388912156,0.5301587163223644,0.0965961873122683,0.3405580794591475,0.1048139376020261
0.4210777262745461,-0.16988837225830958,-0.4640291883353377,0.018791264651596317,0.5863641561691995,0.2945243112739994,0.8851069146098838,0.1841247150716206,0.2015238737742977,1.0906199331170805,0.5296832711119425,0.0969691013021191,0.3410736586248571,0.1047482618690431
0.4210777262745461,-0.16988837225830958,-0.4640291883353377,0.018791264651596317,0.5863641561691995,0.2945243112739994,0.8851069146098838,0.1848391435039003,0.200226325265421,1.0918556273429454,0.5292078259015206,0.0973420152919699,0.3415892377905667,0.1046825861360601
0.4210777262745461,-0.16988837225830958,-0.4640291883353377,0.018791264651596317,0.5863641561691995,0.2945243112739994,0.8851069146098838,0.1855535719361801,0.1989287767565444,1.09309132156881,0.5287323806910987,0.0977149292818206,0.3421048169562762,0.1046169104030771
0.4210777262745461,-0.16988837225830958,-0.4640291883353377,0.018791264651596317,0.5863641561691995,0.2945243112739994,0.8851069146098838,0.1862680003684598,0.1976312282476677,1.094327015794675,0.5282569354806768,0.0980878432716714,0.3426203961219858,0.1045512346700942
0.4210777262745461,-0.16988837225830958,-0.4640291883353377,0.018791264651596317,0.5863641561691995,0.2945243112739994,0.8851069146098838,0.1869824288007395,0.1963336797387911,1.0955627100205396,0.5277814902702549,0.0984607572615222,0.3431359752876954,0.1044855589371112
0.4210777262745461,-0.16988837225830958,-0.4640291883353377,0.018791264651596317,0.5863641561691995,0.2945243112739994,0.8851069146098838,0.1876968572330193,0.1950361312299144,1.0967984042464043,0.5273060450598329,0.0988336712513729,0.343651554453405,0.1044198832041282
0.4210777262745461,-0.16988837225830958,-0.4640291883353377,0.018791264651596317,0.5863641561691995,0.2945243112739994,0.8851069146098838,0.188411285665299,0.1937385827210377,1.0980340984722692,0.5268305998494109,0.0992065852412237,0.3441671336191146,0.1043542074711452
0.4210777262745461,-0.16988837225830958,-0.4640291883353377,0.018791264651596317,0.5863641561691995,0.2945243112739994,0.8851069146098838,0.1891257140975787,0.1924410342121611,1.099269792698134,0.5263551546389891,0.0995794992310745,0.3446827127848242,0.1042885317381622
0.4210777262745461,-0.16988837225830958,-0.4640291883353377,0.018791264651596317,0.5863641561691995,0.2945243112739994,0.8851069146098838,0.1898401425298584,0.1911434857032844,1.100505486923999,0.5258797094285671,0.0999524132209252,0.3451982919505337,0.1042228560051792
0.4210777262745461,-0.16988837225830958,-0.4640291883353377,0.018791264651596317,0.5863641561691995,0.2945243112739994,0.8851069146098838,0.1905545709621382,0.1898459371944078,1.101741181149864,0.5254042642181451,0.100325327210776,0.3457138711162434,0.1041571802721963
0.4210777262745461,-0.16988837225830958,-0.4640291883353377,0.018791264651596317,0.5863641561691995,0.2945243112739994,0.8851069146098838,0.1912689993944179,0.1885483886855311,1.1029768753757283,0.5249288190077233,0.1006982412006267,0.3462294502819529,0.1040915045392133
0.4210777262745461,-0.16988837225830958,-0.4640291883353377,0.018791264651596317,0.5863641561691995,0.2945243112739994,0.8851069146098838,0.1919834278266977,0.1872508401766544,1.1042125696015932,0.5244533737973014,0.1010711551904775,0.3467450294476625,0.1040258288062303
0.4210777262745461,-0.16988837225830958,-0.4640291883353377,0.018791264651596317,0.5863641561691995,0.2945243112739994,0.8851069146098838,0.1926978562589774,0.1859532916677778,1.1054482638274583,0.5239779285868795,0.1014440691803283,0.3472606086133721,0.1039601530732474
0.4210777262745461,-0.16988837225830958,-0.4640291883353377,0.018791264651596317,0.5863641561691995,0.2945243112739994,0.8851069146098838,0.1934122846912571,0.1846557431589011,1.1066839580533228,0.5235024833764576,0.101816983170179,0.3477761877790816,0.1038944773402644
0.4210777262745461,-0.16988837225830958,-0.4640291883353377,0.018791264651596317,0.5863641561691995,0.2945243112739994,0.8851069146098838,0.1941267131235368,0.1833581946500244,1.107919652279188,0.5230270381660356,0.1021898971600298,0.3482917669447913,0.1038288016072814
0.4210777262745461,-0.16988837225830958,-0.4640291883353377,0.018791264651596317,0.5863641561691995,0.2945243112739994,0.8851069146098838,0.1948411415558166,0.1820606461411478,1.1091553465050523,0.5225515929556137,0.1025628111498806,0.3488073461105008,0.1037631258742984
0.4210777262745461,-0.16988837225830958,-0.4640291883353377,0.018791264651596317,0.5863641561691995,0.2945243112739994,0.8851069146098838,0.1955555699880963,0.1807630976322711,1.1103910407309174,0.5220761477451917,0.1029357251397314,0.3493229252762104,0.1036974501413154
0.4210777262745461,-0.16988837225830958,-0.4640291883353377,0.018791264651596317,0.5863641561691995,0.2945243112739994,0.8851069146098838,0.196269998420376,0.1794655491233945,1.1116267349567823,0.5216007025347699,0.1033086391295821,0.34983850444192,0.1036317744083324
0.4210777262745461,-0.16988837225830958,-0.4640291883353377,0.018791264651596317,0.5863641561691995,0.2945243112739994,0.8851069146098838,0.1969844268526558,0.1781680006145178,1.112862429182647,0.5211252573243479,0.1036815531194329,0.3503540836076296,0.1035660986753495
0.4210777262745461,-0.16988837225830958,-0.4640291883353377,0.018791264651596317,0.5863641561691995,0.2945243112739994,0.8851069146098838,0.1976988552849355,0.1768704521056411,1.114098123408512,0.520649812113926,0.1040544671092836,0.3508696627733392,0.1035004229423665
0.4210777262745461,-0.16988837225830958,-0.4640291883353377,0.018791264651596317,0.5863641561691995,0.2945243112739994,0.8851069146098838,0.1984132837172152,0.1755729035967645,1.1153338176343766,0.520174366903504,0.1044273810991344,0.3513852419390488,0.1034347472093835
0.4210777262745461,-0.16988837225830958,-0.4640291883353377,0.018791264651596317,0.5863641561691995,0.2945243112739994,0.8851069146098838,0.199127712149495,0.1742753550878878,1.1165695118602414,0.5196989216930822,0.1048002950889852,0.3519008211047584,0.1033690714764005
0.4210777262745461,-0.16988837225830958,-0.4640291883353377,0.018791264651596317,0.5863641561691995,0.2945243112739994,0.8851069146098838,0.1998421405817747,0.1729778065790111,1.117805206086106,0.5192234764826602,0.1051732090788359,0.3524164002704679,0.1033033957434176
0.4210777262745461,-0.16988837225830958,-0.4640291883353377,0.018791264651596317,0.5863641561691995,0.2945243112739994,0.8851069146098838,0.2005565690140544,0.1716802580701345,1.119040900311971,0.5187480312722382,0.1055461230686867,0.3529319794361776,0.1032377200104346
0.4210777262745461,-0.16988837225830958,-0.4640291883353377,0.018791264651596317,0.5863641561691995,0.2945243112739994,0.8851069146098838,0.2012709974463342,0.1703827095612578,1.120276594537836,0.5182725860618164,0.1059190370585375,0.3534475586018871,0.1031720442774516
0.4210777262745461,-0.16988837225830958,-0.4640291883353377,0.018791264651596317,0.5863641561691995,0.2945243112739994,0.8851069146098838,0.2019854258786139,0.1690851610523812,1.1215122887637006,0.5177971408513944,0.1062919510483882,0.3539631377675967,0.1031063685444686
0.4210777262745461,-0.16988837225830958,-0.4640291883353377,0.018791264651596317,0.5863641561691995,0.2945243112739994,0.8851069146098838,0.2026998543108936,0.1677876125435045,1.1227479829895657,0.5173216956409725,0.106664865038239,0.3544787169333063,0.1030406928114856
0.4210777262745461,-0.16988837225830958,-0.4640291883353377,0.018791264651596317,0.5863641561691995,0.2945243112739994,0.8851069146098838,0.2034142827431734,0.1664900640346278,1.1239836772154304,0.5168462504305507,0.1070377790280898,0.3549942960990159,0.1029750170785027
0.4210777262745461,-0.16988837225830958,-0.4640291883353377,0.018791264651596317,0.5863641561691995,0.2945243112739994,0.8851069146098838,0.2041287111754531,0.1651925155257512,1.125219371441295,0.5163708052201287,0.1074106930179405,0.3555098752647255,0.1029093413455197
0.4210777262745461,-0.16988837225830958,-0.4640291883353377,0.018791264651596317,0.5863641561691995,0.2945243112739994,0.8851069146098838,0.2048431396077328,0.1638949670168745,1.12645506566716,0.5158953600097068,0.1077836070077913,0.3560254544304351,0.1028436656125367
0.4210777262745461,-0.16988837225830958,-0.4640291883353377,0.018791264651596317,0.5863641561691995,0.2945243112739994,0.8851069146098838,0.2055575680400126,0.1625974185079978,1.1276907598930248,0.5154199147992848,0.1081565209976421,0.3565410335961446,0.1027779898795537
0.4210777262745461,-0.16988837225830958,-0.4640291883353377,0.018791264651596317,0.5863641561691995,0.2945243112739994,0.8851069146098838,0.2062719964722923,0.1612998699991212,1.1289264541188897,0.514944469588863,0.1085294349874928,0.3570566127618542,0.1027123141465707
0.4210777262745461,-0.16988837225830958,-0.4640291883353377,0.018791264651596317,0.5863641561691995,0.2945243112739994,0.8851069146098838,0.206986424904572,0.1600023214902445,1.1301621483447544,0.514469024378441,0.1089023489773436,0.3575721919275638,0.1026466384135878
0.4210777262745461,-0.16988837225830958,-0.4640291883353377,0.018791264651596317,0.5863641561691995,0.2945243112739994,0.8851069146098838,0.2077008533368518,0.1587047729813679,1.1313978425706193,0.5139935791680191,0.1092752629671944,0.3580877710932734,0.1025809626806048
0.4210777262745461,-0.16988837225830958,-0.4640291883353377,0.018791264651596317,0.5863641561691995,0.2945243112739994,0.8851069146098838,0.2084152817691315,0.1574072244724912,1.132633536796484,0.513518133957597,0.1096481769570451,0.3586033502589829,0.1025152869476218
0.4210777262745461,-0.16988837225830958,-0.4640291883353377,0.018791264651596317,0.5863641561691995,0.2945243112739994,0.8851069146098838,0.2091297102014112,0.1561096759636145,1.1338692310223488,0.5130426887471753,0.1100210909468959,0.3591189294246926,0.1024496112146388
0.4210777262745461,-0.16988837225830958,-0.4640291883353377,0.018791264651596317,0.5863641561691995,0.2945243112739994,0.8851069146098838,0.2098441386336909,0.1548121274547379,1.1351049252482135,0.5125672435367533,0.1103940049367466,0.3596345085904021,0.1023839354816558
0.4210777262745461,-0.16988837225830958,-0.4640291883353377,0.018791264651596317,0.5863641561691995,0.2945243112739994,0.8851069146098838,0.2105585670659707,0.1535145789458612,1.1363406194740784,0.5120917983263313,0.1107669189265974,0.3601500877561117,0.1023182597486729
0.4210777262745461,-0.16988837225830958,-0.4640291883353377,0.018791264651596317,0.5863641561691995,0.2945243112739994,0.8851069146098838,0.2112729954982504,0.1522170304369846,1.137576313699943,0.5116163531159095,0.1111398329164482,0.3606656669218213,0.1022525840156899
0.4210777262745461,-0.16988837225830958,-0.4640291883353377,0.018791264651596317,0.5863641561691995,0.2945243112739994,0.8851069146098838,0.2119874239305302,0.1509194819281079,1.1388120079258082,0.5111409079054875,0.111512746906299,0.3611812460875309,0.1021869082827069
0.4210777262745461,-0.16988837225830958,-0.4640291883353377,0.018791264651596317,0.5863641561691995,0.2945243112739994,0.8851069146098838,0.2127018523628099,0.1496219334192312,1.1400477021516726,0.5106654626950655,0.1118856608961497,0.3616968252532405,0.1021212325497239
0.4210777262745461,-0.16988837225830958,-0.4640291883353377,0.018791264651596317,0.5863641561691995,0.2945243112739994,0.8851069146098838,0.2134162807950896,0.1483243849103546,1.1412833963775375,0.5101900174846437,0.1122585748860005,0.3622124044189501,0.102055556816741
0.4210777262745461,-0.16988837225830958,-0.4640291883353377,0.018791264651596317,0.5863641561691995,0.2945243112739994,0.8851069146098838,0.2141307092273693,0.1470268364014779,1.1425190906034024,0.5097145722742218,0.1126314888758512,0.3627279835846596,0.101989881083758
0.4210777262745461,-0.16988837225830958,-0.4640291883353377,0.018791264651596317,0.5863641561691995,0.2945243112739994,0.8851069146098838,0.2148451376596491,0.1457292878926012,1.1437547848292673,0.5092391270637999,0.113004402865702,0.3632435627503693,0.101924205350775
0.4210777262745461,-0.16988837225830958,-0.4640291883353377,0.018791264651596317,0.5863641561691995,0.2945243112739994,0.8851069146098838,0.2155595660919288,0.1444317393837246,1.144990479055132,0.5087636818533778,0.1133773168555528,0.3637591419160788,0.101858529617792
0.4210777262745461,-0.16988837225830958,-0.4640291883353377,0.018791264651596317,0.5863641561691995,0.2945243112739994,0.8851069146098838,0.2162739945242086,0.1431341908748479,1.1462261732809966,0.508288236642956,0.1137502308454035,0.3642747210817884,0.101792853884809
0.4210777262745461,-0.16988837225830958,-0.4640291883353377,0.018791264651596317,0.5863641561691995,0.2945243112739994,0.8851069146098838,0.2169884229564883,0.1418366423659713,1.1474618675068615,0.5078127914325341,0.1141231448352543,0.364790300247498,0.1017271781518261
0.4210777262745461,-0.16988837225830958,-0.4640291883353377,0.018791264651596317,0.5863641561691995,0.2945243112739994,0.8851069146098838,0.217702851388768,0.1405390938570946,1.1486975617327264,0.5073373462221121,0.1144960588251051,0.3653058794132076,0.1016615024188431
0.4210777262745461,-0.16988837225830958,-0.4640291883353377,0.018791264651596317,0.5863641561691995,0.2945243112739994,0.8851069146098838,0.2184172798210477,0.1392415453482179,1.1499332559585913,0.5068619010116902,0.1148689728149558,0.3658214585789171,0.1015958266858601
0.4210777262745461,-0.16988837225830958,-0.4640291883353377,0.018791264651596317,0.5863641561691995,0.2945243112739994,0.8851069146098838,0.2191317082533275,0.1379439968393413,1.151168950184456,0.5063864558012683,0.1152418868048066,0.3663370377446268,0.1015301509528771
0.4210777262745461,-0.16988837225830958,-0.4640291883353377,0.018791264651596317,0.5863641561691995,0.2945243112739994,0.8851069146098838,0.2198461366856072,0.1366464483304646,1.1524046444103209,0.5059110105908463,0.1156148007946574,0.3668526169103363,0.1014644752198941
0.4210777262745461,-0.16988837225830958,-0.4640291883353377,0.018791264651596317,0.5863641561691995,0.2945243112739994,0.8851069146098838,0.220560565117887,0.135348899821588,1.1536403386361855,0.5054355653804244,0.1159877147845081,0.3673681960760459,0.1013987994869112
0.4210777262745461,-0.16988837225830958,-0.4640291883353377,0.018791264651596317,0.5863641561691995,0.2945243112739994,0.8851069146098838,0.2212749935501667,0.1340513513127113,1.1548760328620504,0.5049601201700026,0.1163606287743589,0.3678837752417555,0.1013331237539282
0.4210777262745461,-0.16988837225830958,-0.4640291883353377,0.018791264651596317,0.5863641561691995,0.2945243112739994,0.8851069146098838,0.2219894219824464,0.1327538028038346,1.156111727087915,0.5044846749595806,0.1167335427642097,0.3683993544074651,0.1012674480209452
0.4210777262745461,-0.16988837225830958,-0.4640291883353377,0.018791264651596317,0.5863641561691995,0.2945243112739994,0.8851069146098838,0.2227038504147261,0.131456254294958,1.15734742131378,0.5040092297491587,0.1171064567540604,0.3689149335731747,0.1012017722879622
0.4210777262745461,-0.16988837225830958,-0.4640291883353377,0.018791264651596317,0.5863641561691995,0.2945243112739994,0.8851069146098838,0.2234182788470059,0.1301587057860813,1.1585831155396449,0.5035337845387368,0.1174793707439112,0.3694305127388843,0.1011360965549793
0.4210777262745461,-0.16988837225830958,-0.4640291883353377,0.018791264651596317,0.5863641561691995,0.2945243112739994,0.8851069146098838,0.2241327072792856,0.1288611572772046,1.1598188097655098,0.5030583393283148,0.117852284733762,0.3699460919045938,0.1010704208219963
0.4210777262745461,-0.16988837225830958,-0.4640291883353377,0.018791264651596317,0.5863641561691995,0.2945243112739994,0.8851069146098838,0.2248471357115654,0.127563608768328,1.1610545039913744,0.5025828941178929,0.1182251987236127,0.3704616710703034,0.1010047450890133
0.4210777262745461,-0.16988837225830958,-0.4640291883353377,0.018791264651596317,0.5863641561691995,0.2945243112739994,0.8851069146098838,0.2255615641438451,0.1262660602594513,1.1622901982172391,0.502107448907471,0.1185981127134635,0.370977250236013,0.1009390693560303
0.4210777262745461,-0.16988837225830958,-0.4640291883353377,0.018791264651596317,0.5863641561691995,0.2945243112739994,0.8851069146098838,0.2262759925761248,0.1249685117505746,1.1635258924431042,0.501632003697049,0.1189710267033143,0.3714928294017225,0.1008733936230473
0.4210777262745461,-0.16988837225830958,-0.4640291883353377,0.018791264651596317,0.5863641561691995,0.2945243112739994,0.8851069146098838,0.2269904210084046,0.123670963241698,1.164761586668969,0.5011565584866271,0.119343940693165,0.3720084085674322,0.1008077178900644
0.4210777262745461,-0.16988837225830958,-0.4640291883353377,0.018791264651596317,0.5863641561691995,0.2945243112739994,0.8851069146098838,0.2277048494406843,0.1223734147328213,1.1659972808948336,0.5006811132762052,0.1197168546830158,0.3725239877331417,0.1007420421570814
0.4210777262745461,-0.16988837225830958,-0.4640291883353377,0.018791264651596317,0.5863641561691995,0.2945243112739994,0.8851069146098838,0.228419277872964,0.1210758662239447,1.167232975120699,0.5002056680657834,0.1200897686728666,0.3730395668988513,0.1006763664240984
0.4210777262745461,-0.16988837225830958,-0.4640291883353377,0.018791264651596317,0.5863641561691995,0.2945243112739994,0.8851069146098838,0.2291337063052437,0.119778317715068,1.1684686693465631,0.4997302228553614,0.1204626826627173,0.3735551460645609,0.1006106906911154
0.4210777262745461,-0.16988837225830958,-0.4640291883353377,0.018791264651596317,0.5863641561691995,0.2945243112739994,0.8851069146098838,0.2298481347375235,0.1184807692061913,1.1697043635724282,0.4992547776449394,0.1208355966525681,0.3740707252302705,0.1005450149581325
0.4210777262745461,-0.16988837225830958,-0.4640291883353377,0.018791264651596317,0.5863641561691995,0.2945243112739994,0.8851069146098838,0.2305625631698032,0.1171832206973147,1.170940057798293,0.4987793324345175,0.1212085106424188,0.37458630439598,0.1004793392251495
0.4210777262745461,-0.16988837225830958,-0.4640291883353377,0.018791264651596317,0.5863641561691995,0.2945243112739994,0.8851069146098838,0.2312769916020829,0.115885672188438,1.1721757520241578,0.4983038872240956,0.1215814246322696,0.3751018835616897,0.1004136634921665
0.4210777262745461,-0.16988837225830958,-0.4640291883353377,0.018791264651596317,0.5863641561691995,0.2945243112739994,0.8851069146098838,0.2319914200343626,0.1145881236795613,1.1734114462500225,0.4978284420136736,0.1219543386221204,0.3756174627273992,0.1003479877591835
0.4210777262745461,-0.16988837225830958,-0.4640291883353377,0.018791264651596317,0.5863641561691995,0.2945243112739994,0.8851069146098838,0.2327058484666424,0.1132905751706847,1.1746471404758874,0.4973529968032518,0.1223272526119712,0.3761330418931089,0.1002823120262005
0.4210777262745461,-0.16988837225830958,-0.4640291883353377,0.018791264651596317,0.5863641561691995,0.2945243112739994,0.8851069146098838,0.2334202768989221,0.111993026661808,1.1758828347017525,0.4968775515928297,0.1227001666018219,0.3766486210588184,0.1002166362932175
0.4210777262745461,-0.16988837225830958,-0.4640291883353377,0.018791264651596317,0.5863641561691995,0.2945243112739994,0.8851069146098838,0.2341347053312019,0.1106954781529314,1.177118528927617,0.4964021063824079,0.1230730805916727,0.377164200224528,0.1001509605602346
0.4210777262745461,-0.16988837225830958,-0.4640291883353377,0.018791264651596317,0.5863641561691995,0.2945243112739994,0.8851069146098838,0.2348491337634816,0.1093979296440547,1.1783542231534818,0.4959266611719859,0.1234459945815234,0.3776797793902375,0.1000852848272516
0.4210777262745461,-0.16988837225830958,-0.4640291883353377,0.018791264651596317,0.5863641561691995,0.2945243112739994,0.8851069146098838,0.2355635621957613,0.108100381135178,1.1795899173793467,0.495451215961564,0.1238189085713742,0.3781953585559472,0.1000196090942686
0.4210777262745461,-0.16988837225830958,-0.4640291883353377,0.018791264651596317,0.5863641561691995,0.2945243112739994,0.8851069146098838,0.236277990628041,0.1068028326263014,1.1808256116052114,0.4949757707511421,0.124191822561225,0.3787109377216567,0.0999539333612856
0.4210777262745461,-0.16988837225830958,-0.4640291883353377,0.018791264651596317,0.5863641561691995,0.2945243112739994,0.8851069146098838,0.2369924190603208,0.1055052841174247,1.182061305831076,0.4945003255407202,0.1245647365510757,0.3792265168873663,0.0998882576283027
0.4210777262745461,-0.16988837225830958,-0.4640291883353377,0.018791264651596317,0.5863641561691995,0.2945243112739994,0.8851069146098838,0.2377068474926005,0.1042077356085481,1.1832970000569412,0.4940248803302982,0.1249376505409265,0.3797420960530759,0.0998225818953197
0.4210777262745461,-0.16988837225830958,-0.4640291883353377,0.018791264651596317,0.5863641561691995,0.2945243112739994,0.8851069146098838,0.2384212759248803,0.1029101870996714,1.1845326942828058,0.4935494351198763,0.1253105645307773,0.3802576752187855,0.0997569061623367
0.4210777262745461,-0.16988837225830958,-0.4640291883353377,0.018791264651596317,0.5863641561691995,0.2945243112739994,0.8851069146098838,0.23913570435716,0.1016126385907947,1.1857683885086705,0.4930739899094545,0.125683478520628,0.3807732543844951,0.0996912304293537
0.4210777262745461,-0.16988837225830958,-0.4640291883353377,0.018791264651596317,0.5863641561691995,0.2945243112739994,0.8851069146098838,0.2398501327894397,0.1003150900819181,1.1870040827345356,0.4925985446990325,0.1260563925104788,0.3812888335502047,0.0996255546963708
0.4210777262745461,-0.16988837225830958,-0.4640291883353377,0.018791264651596317,0.5863641561691995,0.2945243112739994,0.8851069146098838,0.2405645612217195,0.0990175415730414,1.1882397769604005,0.4921230994886106,0.1264293065003296,0.3818044127159143,0.0995598789633878
0.4210777262745461,-0.16988837225830958,-0.4640291883353377,0.018791264651596317,0.5863641561691995,0.2945243112739994,0.8851069146098838,0.2412789896539992,0.0977199930641647,1.189475471186265,0.4916476542781887,0.1268022204901804,0.3823199918816239,0.0994942032304048
0.4210777262745461,-0.16988837225830958,-0.4640291883353377,0.018791264651596317,0.5863641561691995,0.2945243112739994,0.8851069146098838,0.2419934180862789,0.0964224445552881,1.1907111654121298,0.4911722090677667,0.1271751344800311,0.3828355710473334,0.0994285274974218
0.4210777262745461,-0.16988837225830958,-0.4640291883353377,0.018791264651596317,0.5863641561691995,0.2945243112739994,0.8851069146098838,0.2427078465185587,0.0951248960464114,1.1919468596379947,0.4906967638573448,0.1275480484698819,0.383351150213043,0.0993628517644388
0.4210777262745461,-0.16988837225830958,-0.4640291883353377,0.018791264651596317,0.5863641561691995,0.2945243112739994,0.8851069146098838,0.2434222749508384,0.0938273475375348,1.1931825538638594,0.4902213186469229,0.1279209624597326,0.3838667293787526,0.0992971760314559
0.4210777262745461,-0.16988837225830958,-0.4640291883353377,0.018791264651596317,0.5863641561691995,0.2945243112739994,0.8851069146098838,0.2441367033831181,0.0925297990286581,1.1944182480897243,0.489745873436501,0.1282938764495834,0.3843823085444622,0.0992315002984729
0.4210777262745461,-0.16988837225830958,-0.4640291883353377,0.018791264651596317,0.5863641561691995,0.2945243112739994,0.8851069146098838,0.2448511318153979,0.0912322505197814,1.1956539423155892,0.489270428226079,0.1286667904394342,0.3848978877101718,0.0991658245654899
0.4210777262745461,-0.16988837225830958,-0.4640291883353377,0.018791264651596317,0.5863641561691995,0.2945243112739994,0.8851069146098838,0.2455655602476776,0.0899347020109048,1.196889636541454,0.4887949830156571,0.1290397044292849,0.3854134668758814,0.0991001488325069
0.4210777262745461,-0.16988837225830958,-0.4640291883353377,0.018791264651596317,0.5863641561691995,0.2945243112739994,0.8851069146098838,0.2462799886799573,0.0886371535020281,1.1981253307673188,0.4883195378052352,0.1294126184191357,0.3859290460415909,0.0990344730995239
0.4210777262745461,-0.16988837225830958,-0.4640291883353377,0.018791264651596317,0.5863641561691995,0.2945243112739994,0.8851069146098838,0.246994417112237,0.0873396049931514,1.1993610249931836,0.4878440925948132,0.1297855324089865,0.3864446252073005,0.098968797366541
0.4210777262745461,-0.16988837225830958,-0.4640291883353377,0.018791264651596317,0.5863641561691995,0.2945243112739994,0.8851069146098838,0.2477088455445168,0.0860420564842748,1.2005967192190483,0.4873686473843913,0.1301584463988372,0.3869602043730101,0.098903121633558
0.4210777262745461,-0.16988837225830958,-0.4640291883353377,0.018791264651596317,0.5863641561691995,0.2945243112739994,0.8851069146098838,0.2484232739767965,0.0847445079753981,1.201832413444913,0.4868932021739695,0.130531360388688,0.3874757835387197,0.098837445900575
0.4210777262745461,-0.16988837225830958,-0.4640291883353377,0.018791264651596317,0.5863641561691995,0.2945243112739994,0.8851069146098838,0.2491377024090763,0.0834469594665215,1.203068107670778,0.4864177569635475,0.1309042743785388,0.3879913627044293,0.098771770167592
0.4210777262745461,-0.16988837225830958,-0.4640291883353377,0.018791264651596317,0.5863641561691995,0.2945243112739994,0.8851069146098838,0.249852130841356,0.0821494109576448,1.2043038018966428,0.4859423117531256,0.1312771883683895,0.3885069418701389,0.098706094434609
0.4210777262745461,-0.16988837225830958,-0.4640291883353377,0.018791264651596317,0.5863641561691995,0.2945243112739994,0.8851069146098838,0.2505665592736357,0.0808518624487682,1.2055394961225077,0.4854668665427036,0.1316501023582403,0.3890225210358484,0.0986404187016261
0.4210777262745461,-0.16988837225830958,-0.4640291883353377,0.018791264651596317,0.5863641561691995,0.2945243112739994,0.8851069146098838,0.2512809877059154,0.0795543139398915,1.2067751903483723,0.4849914213322817,0.1320230163480911,0.389538100201558,0.0985747429686431
0.4210777262745461,-0.16988837225830958,-0.4640291883353377,0.018791264651596317,0.5863641561691995,0.2945243112739994,0.8851069146098838,0.2519954161381952,0.0782567654310148,1.2080108845742372,0.4845159761218598,0.1323959303379418,0.3900536793672676,0.0985090672356601
0.4210777262745461,-0.16988837225830958,-0.4640291883353377,0.018791264651596317,0.5863641561691995,0.2945243112739994,0.8851069146098838,0.2527098445704749,0.0769592169221382,1.209246578800102,0.4840405309114379,0.1327688443277926,0.3905692585329772,0.0984433915026771
0.4210777262745461,-0.16988837225830958,-0.4640291883353377,0.018791264651596317,0.5863641561691995,0.2945243112739994,0.8851069146098838,0.2534242730027547,0.0756616684132615,1.2104822730259668,0.483565085701016,0.1331417583176433,0.3910848376986868,0.0983777157696942
0.4210777262745461,-0.16988837225830958,-0.4640291883353377,0.018791264651596317,0.5863641561691995,0.2945243112739994,0.8851069146098838,0.2541387014350344,0.0743641199043848,1.2117179672518317,0.4830896404905941,0.1335146723074941,0.3916004168643964,0.0983120400367112
0.4210777262745461,-0.16988837225830958,-0.4640291883353377,0.018791264651596317,0.5863641561691995,0.2945243112739994,0.8851069146098838,0.2548531298673141,0.0730665713955082,1.2129536614776963,0.4826141952801721,0.1338875862973449,0.392115996030106,0.0982463643037282
0.4210777262745461,-0.16988837225830958,-0.4640291883353377,0.018791264651596317,0.5863641561691995,0.2945243112739994,0.8851069146098838,0.2555675582995939,0.0717690228866315,1.2141893557035612,0.4821387500697502,0.1342605002871957,0.3926315751958156,0.0981806885707452
0.4210777262745461,-0.16988837225830958,-0.4640291883353377,0.018791264651596317,0.5863641561691995,0.2945243112739994,0.8851069146098838,0.2562819867318736,0.0704714743777548,1.215425049929426,0.4816633048593283,0.1346334142770464,0.3931471543615251,0.0981150128377622
0.4210777262745461,-0.16988837225830958,-0.4640291883353377,0.018791264651596317,0.5863641561691995,0.2945243112739994,0.8851069146098838,0.2569964151641533,0.0691739258688782,1.2166607441552908,0.4811878596489063,0.1350063282668972,0.3936627335272347,0.0980493371047793
0.4210777262745461,-0.16988837225830958,-0.4640291883353377,0.018791264651596317,0.5863641561691995,0.2945243112739994,0.8851069146098838,0.2577108435964331,0.0678763773600015,1.2178964383811557,0.4807124144384844,0.1353792422567479,0.3941783126929443,0.0979836613717963
0.4210777262745461,-0.16988837225830958,-0.4640291883353377,0.018791264651596317,0.5863641561691995,0.2945243112739994,0.8851069146098838,0.2584252720287128,0.0665788288511249,1.2191321326070204,0.4802369692280624,0.1357521562465987,0.3946938918586539,0.0979179856388133
0.4210777262745461,-0.16988837225830958,-0.4640291883353377,0.018791264651596317,0.5863641561691995,0.2945243112739994,0.8851069146098838,0.2591397004609925,0.0652812803422482,1.2203678268328852,0.4797615240176406,0.1361250702364495,0.3952094710243635,0.0978523099058303
0.4210777262745461,-0.16988837225830958,-0.4640291883353377,0.018791264651596317,0.5863641561691995,0.2945243112739994,0.8851069146098838,0.2598541288932722,0.0639837318333715,1.22160352105875,0.4792860788072187,0.1364979842263002,0.395725050190073,0.0977866341728473
0.4210777262745461,-0.16988837225830958,-0.4640291883353377,0.018791264651596317,0.5863641561691995,0.2945243112739994,0.8851069146098838,0.260568557325552,0.0626861833244949,1.2228392152846148,0.4788106335967967,0.136870898216151,0.3962406293557827,0.0977209584398644
0.4210777262745461,-0.16988837225830958,-0.4640291883353377,0.018791264651596317,0.5863641561691995,0.2945243112739994,0.8851069146098838,0.2612829857578317,0.0613886348156182,1.2240749095104797,0.4783351883863748,0.1372438122060018,0.3967562085214922,0.0976552827068814
0.4210777262745461,-0.16988837225830958,-0.4640291883353377,0.018791264651596317,0.5863641561691995,0.2945243112739994,0.8851069146098838,0.2619974141901114,0.0600910863067415,1.2253106037363444,0.4778597431759529,0.1376167261958525,0.3972717876872018,0.0975896069738984
0.4210777262745461,-0.16988837225830958,-0.4640291883353377,0.018791264651596317,0.5863641561691995,0.2945243112739994,0.8851069146098838,0.2627118426223912,0.0587935377978649,1.2265462979622093,0.477384297965531,0.1379896401857033,0.3977873668529114,0.0975239312409154
0.4210777262745461,-0.16988837225830958,-0.4640291883353377,0.018791264651596317,0.5863641561691995,0.2945243112739994,0.8851069146098838,0.2634262710546709,0.0574959892889882,1.2277819921880742,0.4769088527551091,0.1383625541755541,0.398302946018621,0.0974582555079325
0.4210777262745461,-0.16988837225830958,-0.4640291883353377,0.018791264651596317,0.5863641561691995,0.2945243112739994,0.8851069146098838,0.2641406994869507,0.0561984407801116,1.2290176864139388,0.4764334075446871,0.1387354681654048,0.3988185251843306,0.0973925797749495
0.4210777262745461,-0.16988837225830958,-0.4640291883353377,0.018791264651596317,0.5863641561691995,0.2945243112739994,0.8851069146098838,0.2648551279192304,0.0549008922712349,1.2302533806398035,0.4759579623342652,0.1391083821552556,0.3993341043500401,0.0973269040419665
0.4210777262745461,-0.16988837225830958,-0.4640291883353377,0.018791264651596317,0.5863641561691995,0.2945243112739994,0.8851069146098838,0.2655695563515101,0.0536033437623583,1.2314890748656684,0.4754825171238432,0.1394812961451064,0.3998496835157498,0.0972612283089835
0.4210777262745461,-0.16988837225830958,-0.4640291883353377,0.018791264651596317,0.5863641561691995,0.2945243112739994,0.8851069146098838,0.2662839847837899,0.0523057952534816,1.2327247690915333,0.4750070719134214,0.1398542101349571,0.4003652626814593,0.0971955525760005
0.4210777262745461,-0.16988837225830958,-0.4640291883353377,0.018791264651596317,0.5863641561691995,0.2945243112739994,0.8851069146098838,0.2669984132160696,0.0510082467446049,1.2339604633173982,0.4745316267029994,0.1402271241248079,0.4008808418471689,0.0971298768430176
0.4210777262745461,-0.16988837225830958,-0.4640291883353377,0.018791264651596317,0.5863641561691995,0.2945243112739994,0.8851069146098838,0.2677128416483493,0.0497106982357283,1.235196157543263,0.4740561814925775,0.1406000381146586,0.4013964210128785,0.0970642011100346
0.4210777262745461,-0.16988837225830958,-0.4640291883353377,0.018791264651596317,0.5863641561691995,0.2945243112739994,0.8851069146098838,0.268427270080629,0.0484131497268516,1.2364318517691275,0.4735807362821556,0.1409729521045094,0.4019120001785881,0.0969985253770516
0.4210777262745461,-0.16988837225830958,-0.4640291883353377,0.018791264651596317,0.5863641561691995,0.2945243112739994,0.8851069146098838,0.2691416985129088,0.0471156012179749,1.2376675459949924,0.4731052910717336,0.1413458660943602,0.4024275793442977,0.0969328496440686
0.4210777262745461,-0.16988837225830958,-0.4640291883353377,0.018791264651596317,0.5863641561691995,0.2945243112739994,0.8851069146098838,0.2698561269451885,0.0458180527090983,1.2389032402208573,0.4726298458613117,0.141718780084211,0.4029431585100072,0.0968671739110857
0.4210777262745461,-0.16988837225830958,-0.4640291883353377,0.018791264651596317,0.5863641561691995,0.2945243112739994,0.8851069146098838,0.2705705553774682,0.0445205042002216,1.2401389344467222,0.4721544006508898,0.1420916940740617,0.4034587376757168,0.0968014981781027
0.4210777262745461,-0.16988837225830958,-0.4640291883353377,0.018791264651596317,0.5863641561691995,0.2945243112739994,0.8851069146098838,0.2712849838097479,0.0432229556913449,1.2413746286725869,0.4716789554404679,0.1424646080639125,0.4039743168414264,0.0967358224451197
0.4210777262745461,-0.16988837225830958,-0.4640291883353377,0.018791264651596317,0.5863641561691995,0.2945243112739994,0.8851069146098838,0.2719994122420277,0.0419254071824683,1.2426103228984515,0.471203510230046,0.1428375220537633,0.404489896007136,0.0966701467121367
0.4210777262745461,-0.16988837225830958,-0.4640291883353377,0.018791264651596317,0.5863641561691995,0.2945243112739994,0.8851069146098838,0.2727138406743075,0.0406278586735916,1.2438460171243166,0.470728065019624,0.143210436043614,0.4050054751728456,0.0966044709791537
0.4210777262745461,-0.16988837225830958,-0.4640291883353377,0.018791264651596317,0.5863641561691995,0.2945243112739994,0.8851069146098838,0.2734282691065872,0.039330310164715,1.2450817113501813,0.4702526198092022,0.1435833500334648,0.4055210543385551,0.0965387952461707
0.4210777262745461,-0.16988837225830958,-0.4640291883353377,0.018791264651596317,0.5863641561691995,0.2945243112739994,0.8851069146098838,0.2741426975388669,0.0380327616558383,1.2463174055760462,0.4697771745987802,0.1439562640233155,0.4060366335042648,0.0964731195131878
0.4210777262745461,-0.16988837225830958,-0.4640291883353377,0.018791264651596317,0.5863641561691995,0.2945243112739994,0.8851069146098838,0.2748571259711466,0.0367352131469616,1.247553099801911,0.4693017293883582,0.1443291780131663,0.4065522126699743,0.0964074437802048
0.4210777262745461,-0.16988837225830958,-0.4640291883353377,0.018791264651596317,0.5863641561691995,0.2945243112739994,0.8851069146098838,0.2755715544034264,0.035437664638085,1.2487887940277758,0.4688262841779363,0.1447020920030171,0.4070677918356839,0.0963417680472218
0.4210777262745461,-0.16988837225830958,-0.4640291883353377,0.018791264651596317,0.5863641561691995,0.2945243112739994,0.8851069146098838,0.2762859828357061,0.0341401161292083,1.2500244882536409,0.4683508389675144,0.1450750059928678,0.4075833710013935,0.0962760923142388
0.4210777262745461,-0.16988837225830958,-0.4640291883353377,0.018791264651596317,0.5863641561691995,0.2945243112739994,0.8851069146098838,0.2770004112679858,0.0328425676203316,1.2512601824795055,0.4678753937570925,0.1454479199827186,0.4080989501671031,0.0962104165812559
0.4210777262745461,-0.16988837225830958,-0.4640291883353377,0.018791264651596317,0.5863641561691995,0.2945243112739994,0.8851069146098838,0.2777148397002655,0.031545019111455,1.2524958767053702,0.4673999485466706,0.1458208339725694,0.4086145293328126,0.0961447408482729
0.4210777262745461,-0.16988837225830958,-0.4640291883353377,0.018791264651596317,0.5863641561691995,0.2945243112739994,0.8851069146098838,0.2784292681325453,0.0302474706025783,1.2537315709312349,0.4669245033362486,0.1461937479624201,0.4091301084985222,0.0960790651152899
0.4210777262745461,-0.16988837225830958,-0.4640291883353377,0.018791264651596317,0.5863641561691995,0.2945243112739994,0.8851069146098838,0.2791436965648251,0.0289499220937017,1.2549672651571,0.4664490581258267,0.1465666619522709,0.4096456876642319,0.0960133893823069
0.4210777262745461,-0.16988837225830958,-0.4640291883353377,0.018791264651596317,0.5863641561691995,0.2945243112739994,0.8851069146098838,0.2798581249971048,0.027652373584825,1.256202959382965,0.4659736129154048,0.1469395759421217,0.4101612668299415,0.0959477136493239
0.4210777262745461,-0.16988837225830958,-0.4640291883353377,0.018791264651596317,0.5863641561691995,0.2945243112739994,0.8851069146098838,0.2805725534293845,0.0263548250759483,1.2574386536088296,0.4654981677049829,0.1473124899319724,0.410676845995651,0.095882037916341
0.4210777262745461,-0.16988837225830958,-0.4640291883353377,0.018791264651596317,0.5863641561691995,0.2945243112739994,0.8851069146098838,0.2812869818616642,0.0250572765670717,1.2586743478346942,0.465022722494561,0.1476854039218232,0.4111924251613605,0.095816362183358
0.4210777262745461,-0.16988837225830958,-0.4640291883353377,0.018791264651596317,0.5863641561691995,0.2945243112739994,0.8851069146098838,0.282001410293944,0.023759728058195,1.259910042060559,0.464547277284139,0.148058317911674,0.4117080043270702,0.095750686450375
0.4210777262745461,-0.16988837225830958,-0.4640291883353377,0.018791264651596317,0.5863641561691995,0.2945243112739994,0.8851069146098838,0.2827158387262237,0.0224621795493183,1.261145736286424,0.4640718320737171,0.1484312319015247,0.4122235834927797,0.095685010717392
0.4210777262745461,-0.16988837225830958,-0.4640291883353377,0.018791264651596317,0.5863641561691995,0.2945243112739994,0.8851069146098838,0.2834302671585034,0.0211646310404417,1.262381430512289,0.4635963868632952,0.1488041458913755,0.4127391626584893,0.095619334984409
0.4210777262745461,-0.16988837225830958,-0.4640291883353377,0.018791264651596317,0.5863641561691995,0.2945243112739994,0.8851069146098838,0.2841446955907831,0.0198670825315651,1.2636171247381536,0.4631209416528733,0.1491770598812263,0.4132547418241989,0.0955536592514261
0.4210777262745461,-0.16988837225830958,-0.4640291883353377,0.018791264651596317,0.5863641561691995,0.2945243112739994,0.8851069146098838,0.2848591240230629,0.0185695340226884,1.2648528189640182,0.4626454964424513,0.149549973871077,0.4137703209899085,0.0954879835184431
0.4210777262745461,-0.16988837225830958,-0.4640291883353377,0.018791264651596317,0.5863641561691995,0.2945243112739994,0.8851069146098838,0.2855735524553426,0.0172719855138117,1.2660885131898831,0.4621700512320294,0.1499228878609278,0.4142859001556181,0.0954223077854601
0.4210777262745461,-0.16988837225830958,-0.4640291883353377,0.018791264651596317,0.5863641561691995,0.2945243112739994,0.8851069146098838,0.2862879808876223,0.0159744370049351,1.2673242074157478,0.4616946060216075,0.1502958018507786,0.4148014793213276,0.0953566320524771
0.4210777262745461,-0.16988837225830958,-0.4640291883353377,0.018791264651596317,0.5863641561691995,0.2945243112739994,0.8851069146098838,0.2870024093199021,0.0146768884960584,1.2685599016416127,0.4612191608111856,0.1506687158406293,0.4153170584870373,0.0952909563194942
0.4210777262745461,-0.16988837225830958,-0.4640291883353377,0.018791264651596317,0.5863641561691995,0.2945243112739994,0.8851069146098838,0.2877168377521818,0.0133793399871817,1.2697955958674776,0.4607437156007637,0.1510416298304801,0.4158326376527468,0.0952252805865112
0.4210777262745461,-0.16988837225830958,-0.4640291883353377,0.018791264651596317,0.5863641561691995,0.2945243112739994,0.8851069146098838,0.2884312661844616,0.0120817914783051,1.2710312900933425,0.4602682703903417,0.1514145438203308,0.4163482168184564,0.0951596048535282
0.4210777262745461,-0.16988837225830958,-0.4640291883353377,0.018791264651596317,0.5863641561691995,0.2945243112739994,0.8851069146098838,0.2891456946167413,0.0107842429694284,1.2722669843192072,0.4597928251799198,0.1517874578101816,0.416863795984166,0.0950939291205452
0.4210777262745461,-0.16988837225830958,-0.4640291883353377,0.018791264651596317,0.5863641561691995,0.2945243112739994,0.8851069146098838,0.289860123049021,0.0094866944605517,1.2735026785450718,0.4593173799694979,0.1521603718000324,0.4173793751498756,0.0950282533875622
0.4210777262745461,-0.16988837225830958,-0.4640291883353377,0.018791264651596317,0.5863641561691995,0.2945243112739994,0.8851069146098838,0.2905745514813008,0.0081891459516751,1.274738372770937,0.458841934759076,0.1525332857898831,0.4178949543155852,0.0949625776545793
0.4210777262745461,-0.16988837225830958,-0.4640291883353377,0.018791264651596317,0.5863641561691995,0.2945243112739994,0.8851069146098838,0.2912889799135805,0.0068915974427984,1.2759740669968016,0.4583664895486541,0.1529061997797339,0.4184105334812947,0.0948969019215963
0.4210777262745461,-0.16988837225830958,-0.4640291883353377,0.018791264651596317,0.5863641561691995,0.2945243112739994,0.8851069146098838,0.2920034083458602,0.0055940489339218,1.2772097612226665,0.4578910443382321,0.1532791137695847,0.4189261126470043,0.0948312261886133
0.4210777262745461,-0.16988837225830958,-0.4640291883353377,0.018791264651596317,0.5863641561691995,0.2945243112739994,0.8851069146098838,0.2927178367781399,0.0042965004250451,1.2784454554485312,0.4574155991278101,0.1536520277594354,0.4194416918127139,0.0947655504556303
0.4210777262745461,-0.16988837225830958,-0.4640291883353377,0.018791264651596317,0.5863641561691995,0.2945243112739994,0.8851069146098838,0.2934322652104197,0.0029989519161684,1.2796811496743958,0.4569401539173883,0.1540249417492862,0.4199572709784235,0.0946998747226473
0.4210777262745461,-0.16988837225830958,-0.4640291883353377,0.018791264651596317,0.5863641561691995,0.2945243112739994,0.8851069146098838,0.2941466936426994,0.0017014034072918,1.280916843900261,0.4564647087069663,0.154397855739137,0.4204728501441331,0.0946341989896644
0.4210777262745461,-0.16988837225830958,-0.4640291883353377,0.018791264651596317,0.5863641561691995,0.2945243112739994,0.8851069146098838,0.2948611220749791,0.0004038548984151,1.2821525381261256,0.4559892634965444,0.1547707697289877,0.4209884293098427,0.0945685232566814
0.4210777262745461,-0.16988837225830958,-0.4640291883353377,0.018791264651596317,0.5863641561691995,0.2945243112739994,0.8851069146098838,0.2955755505072589,-0.0008936936104615,1.2833882323519905,0.4555138182861225,0.1551436837188385,0.4215040084755523,0.0945028475236984
0.4210777262745461,-0.16988837225830958,-0.4640291883353377,0.018791264651596317,0.5863641561691995,0.2945243112739994,0.8851069146098838,0.2962899789395386,-0.0021912421193381,1.2846239265778552,0.4550383730757005,0.1555165977086893,0.4220195876412619,0.0944371717907154
0.4210777262745461,-0.16988837225830958,-0.4640291883353377,0.018791264651596317,0.5863641561691995,0.2945243112739994,0.8851069146098838,0.2970044073718184,-0.0034887906282148,1.28585962080372,0.4545629278652787,0.1558895116985401,0.4225351668069714,0.0943714960577325
0.4210777262745461,-0.16988837225830958,-0.4640291883353377,0.018791264651596317,0.5863641561691995,0.2945243112739994,0.8851069146098838,0.2977188358040981,-0.0047863391370914,1.287095315029585,0.4540874826548567,0.1562624256883908,0.423050745972681,0.0943058203247495
0.4210777262745461,-0.16988837225830958,-0.4640291883353377,0.018791264651596317,0.5863641561691995,0.2945243112739994,0.8851069146098838,0.2984332642363778,-0.0060838876459681,1.2883310092554496,0.4536120374444348,0.1566353396782416,0.4235663251383906,0.0942401445917665
0.4210777262745461,-0.16988837225830958,-0.4640291883353377,0.018791264651596317,0.5863641561691995,0.2945243112739994,0.8851069146098838,0.2991476926686576,-0.0073814361548448,1.2895667034813143,0.4531365922340129,0.1570082536680923,0.4240819043041002,0.0941744688587835
0.4210777262745461,-0.16988837225830958,-0.4640291883353377,0.018791264651596317,0.5863641561691995,0.2945243112739994,0.8851069146098838,0.2998621211009373,-0.0086789846637214,1.2908023977071792,0.4526611470235909,0.1573811676579431,0.4245974834698098,0.0941087931258005
0.4210777262745461,-0.16988837225830958,-0.4640291883353377,0.018791264651596317,0.5863641561691995,0.2945243112739994,0.8851069146098838,0.300576549533217,-0.0099765331725981,1.292038091933044,0.4521857018131691,0.1577540816477939,0.4251130626355193,0.0940431173928176
0.4210777262745461,-0.16988837225830958,-0.4640291883353377,0.018791264651596317,0.5863641561691995,0.2945243112739994,0.8851069146098838,0.3012909779654967,-0.0112740816814747,1.2932737861589088,0.4517102566027471,0.1581269956376446,0.425628641801229,0.0939774416598346
0.4210777262745461,-0.16988837225830958,-0.4640291883353377,0.018791264651596317,0.5863641561691995,0.2945243112739994,0.8851069146098838,0.3020054063977765,-0.0125716301903514,1.294509480384774,0.4512348113923252,0.1584999096274954,0.4261442209669385,0.0939117659268516
0.4210777262745461,-0.16988837225830958,-0.4640291883353377,0.018791264651596317,0.5863641561691995,0.2945243112739994,0.8851069146098838,0.3027198348300562,-0.0138691786992281,1.2957451746106383,0.4507593661819032,0.1588728236173462,0.4266598001326481,0.0938460901938686
0.4210777262745461,-0.16988837225830958,-0.4640291883353377,0.018791264651596317,0.5863641561691995,0.2945243112739994,0.8851069146098838,0.3034342632623359,-0.0151667272081047,1.2969808688365032,0.4502839209714813,0.1592457376071969,0.4271753792983577,0.0937804144608856
0.4210777262745461,-0.16988837225830958,-0.4640291883353377,0.018791264651596317,0.5863641561691995,0.2945243112739994,0.8851069146098838,0.3041486916946156,-0.0164642757169814,1.298216563062368,0.4498084757610595,0.1596186515970477,0.4276909584640673,0.0937147387279027
0.4210777262745461,-0.16988837225830958,-0.4640291883353377,0.018791264651596317,0.5863641561691995,0.2945243112739994,0.8851069146098838,0.3048631201268954,-0.0177618242258581,1.2994522572882328,0.4493330305506375,0.1599915655868984,0.4282065376297769,0.0936490629949197
0.4210777262745461,-0.16988837225830958,-0.4640291883353377,0.018791264651596317,0.5863641561691995,0.2945243112739994,0.8851069146098838,0.3055775485591751,-0.0190593727347347,1.300687951514098,0.4488575853402156,0.1603644795767492,0.4287221167954864,0.0935833872619367
0.4210777262745461,-0.16988837225830958,-0.4640291883353377,0.018791264651596317,0.5863641561691995,0.2945243112739994,0.8851069146098838,0.3062919769914549,-0.0203569212436114,1.3019236457399626,0.4483821401297936,0.1607373935666,0.4292376959611961,0.0935177115289537
0.4210777262745461,-0.16988837225830958,-0.4640291883353377,0.018791264651596317,0.5863641561691995,0.2945243112739994,0.8851069146098838,0.3070064054237346,-0.021654469752488,1.3031593399658272,0.4479066949193717,0.1611103075564507,0.4297532751269056,0.0934520357959707
0.4210777262745461,-0.16988837225830958,-0.4640291883353377,0.018791264651596317,0.5863641561691995,0.2945243112739994,0.8851069146098838,0.3077208338560143,-0.0229520182613647,1.304395034191692,0.4474312497089498,0.1614832215463015,0.4302688542926152,0.0933863600629878
0.4210777262745461,-0.16988837225830958,-0.4640291883353377,0.018791264651596317,0.5863641561691995,0.2945243112739994,0.8851069146098838,0.3084352622882941,-0.0242495667702414,1.305630728417557,0.4469558044985279,0.1618561355361523,0.4307844334583248,0.0933206843300048
0.4210777262745461,-0.16988837225830958,-0.4640291883353377,0.018791264651596317,0.5863641561691995,0.2945243112739994,0.8851069146098838,0.3091496907205738,-0.025547115279118,1.306866422643422,0.446480359288106,0.1622290495260031,0.4313000126240344,0.0932550085970218
0.4210777262745461,-0.16988837225830958,-0.4640291883353377,0.018791264651596317,0.5863641561691995,0.2945243112739994,0.8851069146098838,0.3098641191528535,-0.0268446637879947,1.3081021168692866,0.446004914077684,0.1626019635158538,0.431815591789744,0.0931893328640388
0.4210777262745461,-0.16988837225830958,-0.4640291883353377,0.018791264651596317,0.5863641561691995,0.2945243112739994,0.8851069146098838,0.305614818897693,0.3591703423138135,1.2999930255975238,0.4482275303420158,0.1593103505389486,0.4286729967065734,0.0933204549354203
0.4210777262745461,-0.16988837225830958,-0.4640291883353377,0.018791264651596317,0.5863641561691995,0.2945243112739994,0.8851069146098838,0.3050665750314664,0.3582565295552785,1.298823643707438,0.4486881163529689,0.15896632311868,0.4281805785460023,0.0933811585565788
0.4210777262745461,-0.16988837225830958,-0.4640291883353377,0.018791264651596317,0.5863641561691995,0.2945243112739994,0.8851069146098838,0.3045183311652397,0.3573427167967436,1.297654261817352,0.449148702363922,0.1586222956984115,0.427688160385431,0.0934418621777373
0.4210777262745461,-0.16988837225830958,-0.4640291883353377,0.018791264651596317,0.5863641561691995,0.2945243112739994,0.8851069146098838,0.3039700872990131,0.3564289040382086,1.2964848799272664,0.4496092883748751,0.1582782682781429,0.4271957422248599,0.0935025657988958
0.4210777262745461,-0.16988837225830958,-0.4640291883353377,0.018791264651596317,0.5863641561691995,0.2945243112739994,0.8851069146098838,0.3034218434327864,0.3555150912796737,1.2953154980371806,0.4500698743858282,0.1579342408578744,0.4267033240642886,0.0935632694200543
0.4210777262745461,-0.16988837225830958,-0.4640291883353377,0.018791264651596317,0.5863641561691995,0.2945243112739994,0.8851069146098838,0.3028735995665598,0.3546012785211387,1.2941461161470948,0.4505304603967813,0.1575902134376058,0.4262109059037174,0.0936239730412128
0.4210777262745461,-0.16988837225830958,-0.4640291883353377,0.018791264651596317,0.5863641561691995,0.2945243112739994,0.8851069146098838,0.3023253557003331,0.3536874657626038,1.2929767342570089,0.4509910464077344,0.1572461860173373,0.4257184877431463,0.0936846766623713
0.4210777262745461,-0.16988837225830958,-0.4640291883353377,0.018791264651596317,0.5863641561691995,0.2945243112739994,0.8851069146098838,0.3017771118341064,0.3527736530040687,1.2918073523669231,0.4514516324186875,0.1569021585970687,0.4252260695825751,0.0937453802835298
0.4210777262745461,-0.16988837225830958,-0.4640291883353377,0.018791264651596317,0.5863641561691995,0.2945243112739994,0.8851069146098838,0.3012288679678797,0.3518598402455338,1.2906379704768374,0.4519122184296406,0.1565581311768002,0.4247336514220039,0.0938060839046883
0.4210777262745461,-0.16988837225830958,-0.4640291883353377,0.018791264651596317,0.5863641561691995,0.2945243112739994,0.8851069146098838,0.3006806241016531,0.3509460274869989,1.2894685885867514,0.4523728044405937,0.1562141037565317,0.4242412332614327,0.0938667875258468
0.4210777262745461,-0.16988837225830958,-0.4640291883353377,0.018791264651596317,0.5863641561691995,0.2945243112739994,0.8851069146098838,0.3001323802354264,0.3500322147284639,1.2882992066966656,0.4528333904515468,0.1558700763362631,0.4237488151008615,0.0939274911470054
0.4210777262745461,-0.16988837225830958,-0.4640291883353377,0.018791264651596317,0.5863641561691995,0.2945243112739994,0.8851069146098838,0.2995841363691998,0.3491184019699289,1.28712982480658,0.4532939764624999,0.1555260489159945,0.4232563969402903,0.0939881947681638
0.4210777262745461,-0.16988837225830958,-0.4640291883353377,0.018791264651596317,0.5863641561691995,0.2945243112739994,0.8851069146098838,0.2990358925029731,0.348204589211394,1.285960442916494,0.4537545624734531,0.155182021495726,0.4227639787797191,0.0940488983893224
0.4210777262745461,-0.16988837225830958,-0.4640291883353377,0.018791264651596317,0.5863641561691995,0.2945243112739994,0.8851069146098838,0.2984876486367465,0.3472907764528591,1.2847910610264084,0.4542151484844062,0.1548379940754575,0.422271560619148,0.0941096020104809
0.4210777262745461,-0.16988837225830958,-0.4640291883353377,0.018791264651596317,0.5863641561691995,0.2945243112739994,0.8851069146098838,0.2979394047705198,0.3463769636943241,1.2836216791363224,0.4546757344953592,0.1544939666551889,0.4217791424585767,0.0941703056316394
0.4210777262745461,-0.16988837225830958,-0.4640291883353377,0.018791264651596317,0.5863641561691995,0.2945243112739994,0.8851069146098838,0.2973911609042932,0.3454631509357892,1.2824522972462369,0.4551363205063123,0.1541499392349204,0.4212867242980056,0.0942310092527979
0.4210777262745461,-0.16988837225830958,-0.4640291883353377,0.018791264651596317,0.5863641561691995,0.2945243112739994,0.8851069146098838,0.2968429170380665,0.3445493381772542,1.281282915356151,0.4555969065172655,0.1538059118146518,0.4207943061374344,0.0942917128739564
0.4210777262745461,-0.16988837225830958,-0.4640291883353377,0.018791264651596317,0.5863641561691995,0.2945243112739994,0.8851069146098838,0.2962946731718399,0.3436355254187193,1.2801135334660652,0.4560574925282186,0.1534618843943833,0.4203018879768632,0.0943524164951149
0.4210777262745461,-0.16988837225830958,-0.4640291883353377,0.018791264651596317,0.5863641561691995,0.2945243112739994,0.8851069146098838,0.2957464293056132,0.3427217126601843,1.2789441515759794,0.4565180785391717,0.1531178569741147,0.419809469816292,0.0944131201162734
0.4210777262745461,-0.16988837225830958,-0.4640291883353377,0.018791264651596317,0.5863641561691995,0.2945243112739994,0.8851069146098838,0.2951981854393865,0.3418078999016494,1.2777747696858934,0.4569786645501248,0.1527738295538462,0.4193170516557208,0.0944738237374319
0.4210777262745461,-0.16988837225830958,-0.4640291883353377,0.018791264651596317,0.5863641561691995,0.2945243112739994,0.8851069146098838,0.2946499415731599,0.3408940871431144,1.2766053877958077,0.4574392505610779,0.1524298021335777,0.4188246334951496,0.0945345273585905
0.4210777262745461,-0.16988837225830958,-0.4640291883353377,0.018791264651596317,0.5863641561691995,0.2945243112739994,0.8851069146098838,0.2941016977069332,0.3399802743845794,1.275436005905722,0.457899836572031,0.1520857747133091,0.4183322153345785,0.0945952309797489
0.4210777262745461,-0.16988837225830958,-0.4640291883353377,0.018791264651596317,0.5863641561691995,0.2945243112739994,0.8851069146098838,0.2935534538407066,0.3390664616260445,1.274266624015636,0.4583604225829841,0.1517417472930406,0.4178397971740072,0.0946559346009075
0.4210777262745461,-0.16988837225830958,-0.4640291883353377,0.018791264651596317,0.5863641561691995,0.2945243112739994,0.8851069146098838,0.2930052099744799,0.3381526488675095,1.2730972421255502,0.4588210085939372,0.151397719872772,0.4173473790134361,0.094716638222066
0.4210777262745461,-0.16988837225830958,-0.4640291883353377,0.018791264651596317,0.5863641561691995,0.2945243112739994,0.8851069146098838,0.2924569661082533,0.3372388361089746,1.2719278602354644,0.4592815946048903,0.1510536924525035,0.4168549608528648,0.0947773418432245
0.4210777262745461,-0.16988837225830958,-0.4640291883353377,0.018791264651596317,0.5863641561691995,0.2945243112739994,0.8851069146098838,0.2919087222420266,0.3363250233504396,1.2707584783453787,0.4597421806158434,0.1507096650322349,0.4163625426922936,0.094838045464383
0.4210777262745461,-0.16988837225830958,-0.4640291883353377,0.018791264651596317,0.5863641561691995,0.2945243112739994,0.8851069146098838,0.2913604783758,0.3354112105919046,1.2695890964552927,0.4602027666267965,0.1503656376119664,0.4158701245317225,0.0948987490855415
0.4210777262745461,-0.16988837225830958,-0.4640291883353377,0.018791264651596317,0.5863641561691995,0.2945243112739994,0.8851069146098838,0.2908122345095733,0.3344973978333697,1.2684197145652072,0.4606633526377496,0.1500216101916978,0.4153777063711513,0.0949594527067
0.4210777262745461,-0.16988837225830958,-0.4640291883353377,0.018791264651596317,0.5863641561691995,0.2945243112739994,0.8851069146098838,0.2902639906433466,0.3335835850748347,1.2672503326751214,0.4611239386487027,0.1496775827714293,0.4148852882105801,0.0950201563278585
0.4210777262745461,-0.16988837225830958,-0.4640291883353377,0.018791264651596317,0.5863641561691995,0.2945243112739994,0.8851069146098838,0.28971574677712,0.3326697723162998,1.2660809507850352,0.4615845246596559,0.1493335553511607,0.4143928700500089,0.095080859949017
0.4210777262745461,-0.16988837225830958,-0.4640291883353377,0.018791264651596317,0.5863641561691995,0.2945243112739994,0.8851069146098838,0.2891675029108933,0.3317559595577648,1.2649115688949495,0.462045110670609,0.1489895279308922,0.4139004518894377,0.0951415635701755
0.4210777262745461,-0.16988837225830958,-0.4640291883353377,0.018791264651596317,0.5863641561691995,0.2945243112739994,0.8851069146098838,0.2886192590446667,0.3308421467992299,1.2637421870048635,0.462505696681562,0.1486455005106236,0.4134080337288665,0.0952022671913341
0.4210777262745461,-0.16988837225830958,-0.4640291883353377,0.018791264651596317,0.5863641561691995,0.2945243112739994,0.8851069146098838,0.28807101517844,0.3299283340406949,1.262572805114778,0.4629662826925151,0.1483014730903551,0.4129156155682953,0.0952629708124926
0.4210777262745461,-0.16988837225830958,-0.4640291883353377,0.018791264651596317,0.5863641561691995,0.2945243112739994,0.8851069146098838,0.2875227713122133,0.32901452128216,1.2614034232246922,0.4634268687034683,0.1479574456700866,0.4124231974077241,0.0953236744336511
0.4210777262745461,-0.16988837225830958,-0.4640291883353377,0.018791264651596317,0.5863641561691995,0.2945243112739994,0.8851069146098838,0.2869745274459866,0.328100708523625,1.2602340413346065,0.4638874547144214,0.147613418249818,0.4119307792471529,0.0953843780548096
0.4210777262745461,-0.16988837225830958,-0.4640291883353377,0.018791264651596317,0.5863641561691995,0.2945243112739994,0.8851069146098838,0.28642628357976,0.3271868957650901,1.2590646594445207,0.4643480407253745,0.1472693908295494,0.4114383610865817,0.0954450816759681
0.4210777262745461,-0.16988837225830958,-0.4640291883353377,0.018791264651596317,0.5863641561691995,0.2945243112739994,0.8851069146098838,0.2858780397135334,0.3262730830065551,1.257895277554435,0.4648086267363276,0.1469253634092809,0.4109459429260106,0.0955057852971266
0.4210777262745461,-0.16988837225830958,-0.4640291883353377,0.018791264651596317,0.5863641561691995,0.2945243112739994,0.8851069146098838,0.2853297958473067,0.3253592702480202,1.2567258956643488,0.4652692127472807,0.1465813359890123,0.4104535247654393,0.0955664889182851
0.4210777262745461,-0.16988837225830958,-0.4640291883353377,0.018791264651596317,0.5863641561691995,0.2945243112739994,0.8851069146098838,0.2847815519810801,0.3244454574894852,1.2555565137742632,0.4657297987582338,0.1462373085687438,0.4099611066048682,0.0956271925394436
0.4210777262745461,-0.16988837225830958,-0.4640291883353377,0.018791264651596317,0.5863641561691995,0.2945243112739994,0.8851069146098838,0.2842333081148533,0.3235316447309502,1.2543871318841773,0.4661903847691869,0.1458932811484752,0.4094686884442969,0.0956878961606021
0.4210777262745461,-0.16988837225830958,-0.4640291883353377,0.018791264651596317,0.5863641561691995,0.2945243112739994,0.8851069146098838,0.2836850642486268,0.3226178319724153,1.2532177499940915,0.46665097078014,0.1455492537282067,0.4089762702837258,0.0957485997817606
0.4210777262745461,-0.16988837225830958,-0.4640291883353377,0.018791264651596317,0.5863641561691995,0.2945243112739994,0.8851069146098838,0.2831368203824001,0.3217040192138804,1.2520483681040058,0.4671115567910931,0.1452052263079382,0.4084838521231546,0.0958093034029191
0.4210777262745461,-0.16988837225830958,-0.4640291883353377,0.018791264651596317,0.5863641561691995,0.2945243112739994,0.8851069146098838,0.2825885765161735,0.3207902064553454,1.25087898621392,0.4675721428020462,0.1448611988876696,0.4079914339625834,0.0958700070240776
0.4210777262745461,-0.16988837225830958,-0.4640291883353377,0.018791264651596317,0.5863641561691995,0.2945243112739994,0.8851069146098838,0.2820403326499467,0.3198763936968105,1.2497096043238345,0.4680327288129993,0.1445171714674011,0.4074990158020122,0.0959307106452362
0.4210777262745461,-0.16988837225830958,-0.4640291883353377,0.018791264651596317,0.5863641561691995,0.2945243112739994,0.8851069146098838,0.2814920887837201,0.3189625809382755,1.2485402224337483,0.4684933148239524,0.1441731440471325,0.407006597641441,0.0959914142663947
0.4210777262745461,-0.16988837225830958,-0.4640291883353377,0.018791264651596317,0.5863641561691995,0.2945243112739994,0.8851069146098838,0.2809438449174934,0.3180487681797406,1.2473708405436623,0.4689539008349055,0.143829116626864,0.4065141794808699,0.0960521178875532
0.4210777262745461,-0.16988837225830958,-0.4640291883353377,0.018791264651596317,0.5863641561691995,0.2945243112739994,0.8851069146098838,0.2803956010512668,0.3171349554212056,1.2462014586535768,0.4694144868458587,0.1434850892065954,0.4060217613202987,0.0961128215087117
0.4210777262745461,-0.16988837225830958,-0.4640291883353377,0.018791264651596317,0.5863641561691995,0.2945243112739994,0.8851069146098838,0.2798473571850401,0.3162211426626706,1.245032076763491,0.4698750728568117,0.1431410617863269,0.4055293431597275,0.0961735251298702
0.4210777262745461,-0.16988837225830958,-0.4640291883353377,0.018791264651596317,0.5863641561691995,0.2945243112739994,0.8851069146098838,0.2792991133188135,0.3153073299041357,1.243862694873405,0.4703356588677648,0.1427970343660584,0.4050369249991563,0.0962342287510287
0.4210777262745461,-0.16988837225830958,-0.4640291883353377,0.018791264651596317,0.5863641561691995,0.2945243112739994,0.8851069146098838,0.2787508694525868,0.3143935171456007,1.2426933129833193,0.4707962448787179,0.1424530069457898,0.4045445068385851,0.0962949323721872
0.4210777262745461,-0.16988837225830958,-0.4640291883353377,0.018791264651596317,0.5863641561691995,0.2945243112739994,0.8851069146098838,0.2782026255863601,0.3134797043870658,1.2415239310932336,0.4712568308896711,0.1421089795255213,0.4040520886780139,0.0963556359933457
0.4210777262745461,-0.16988837225830958,-0.4640291883353377,0.018791264651596317,0.5863641561691995,0.2945243112739994,0.8851069146098838,0.2776543817201335,0.3125658916285307,1.2403545492031476,0.4717174169006242,0.1417649521052527,0.4035596705174427,0.0964163396145042
0.4210777262745461,-0.16988837225830958,-0.4640291883353377,0.018791264651596317,0.5863641561691995,0.2945243112739994,0.8851069146098838,0.2771061378539068,0.3116520788699958,1.2391851673130618,0.4721780029115773,0.1414209246849842,0.4030672523568715,0.0964770432356627
0.4210777262745461,-0.16988837225830958,-0.4640291883353377,0.018791264651596317,0.5863641561691995,0.2945243112739994,0.8851069146098838,0.2765578939876802,0.3107382661114609,1.238015785422976,0.4726385889225304,0.1410768972647156,0.4025748341963003,0.0965377468568213
0.4210777262745461,-0.16988837225830958,-0.4640291883353377,0.018791264651596317,0.5863641561691995,0.2945243112739994,0.8851069146098838,0.2760096501214535,0.3098244533529259,1.2368464035328903,0.4730991749334835,0.1407328698444471,0.4020824160357291,0.0965984504779798
0.4210777262745461,-0.16988837225830958,-0.4640291883353377,0.018791264651596317,0.5863641561691995,0.2945243112739994,0.8851069146098838,0.2754614062552268,0.308910640594391,1.2356770216428044,0.4735597609444366,0.1403888424241785,0.4015899978751579,0.0966591540991383
0.4210777262745461,-0.16988837225830958,-0.4640291883353377,0.018791264651596317,0.5863641561691995,0.2945243112739994,0.8851069146098838,0.2749131623890002,0.307996827835856,1.2345076397527186,0.4740203469553897,0.14004481500391,0.4010975797145868,0.0967198577202968
0.4210777262745461,-0.16988837225830958,-0.4640291883353377,0.018791264651596317,0.5863641561691995,0.2945243112739994,0.8851069146098838,0.2743649185227736,0.3070830150773211,1.2333382578626328,0.4744809329663428,0.1397007875836415,0.4006051615540156,0.0967805613414553
0.4210777262745461,-0.16988837225830958,-0.4640291883353377,0.018791264651596317,0.5863641561691995,0.2945243112739994,0.8851069146098838,0.2738166746565469,0.3061692023187861,1.2321688759725469,0.474941518977296,0.1393567601633729,0.4001127433934444,0.0968412649626138
0.4210777262745461,-0.16988837225830958,-0.4640291883353377,0.018791264651596317,0.5863641561691995,0.2945243112739994,0.8851069146098838,0.2732684307903202,0.3052553895602512,1.2309994940824611,0.4754021049882491,0.1390127327431043,0.3996203252328732,0.0969019685837723
0.4210777262745461,-0.16988837225830958,-0.4640291883353377,0.018791264651596317,0.5863641561691995,0.2945243112739994,0.8851069146098838,0.2727201869240936,0.3043415768017162,1.2298301121923754,0.4758626909992022,0.1386687053228358,0.399127907072302,0.0969626722049308
0.4210777262745461,-0.16988837225830958,-0.4640291883353377,0.018791264651596317,0.5863641561691995,0.2945243112739994,0.8851069146098838,0.2721719430578669,0.3034277640431813,1.2286607303022898,0.4763232770101553,0.1383246779025673,0.3986354889117308,0.0970233758260893
0.4210777262745461,-0.16988837225830958,-0.4640291883353377,0.018791264651596317,0.5863641561691995,0.2945243112739994,0.8851069146098838,0.2716236991916402,0.3025139512846463,1.2274913484122036,0.4767838630211083,0.1379806504822987,0.3981430707511596,0.0970840794472478
0.4210777262745461,-0.16988837225830958,-0.4640291883353377,0.018791264651596317,0.5863641561691995,0.2945243112739994,0.8851069146098838,0.2710754553254136,0.3016001385261114,1.226321966522118,0.4772444490320615,0.1376366230620302,0.3976506525905884,0.0971447830684064
0.4210777262745461,-0.16988837225830958,-0.4640291883353377,0.018791264651596317,0.5863641561691995,0.2945243112739994,0.8851069146098838,0.2705272114591869,0.3006863257675763,1.225152584632032,0.4777050350430145,0.1372925956417616,0.3971582344300172,0.0972054866895648
0.4210777262745461,-0.16988837225830958,-0.4640291883353377,0.018791264651596317,0.5863641561691995,0.2945243112739994,0.8851069146098838,0.2699789675929603,0.2997725130090414,1.2239832027419464,0.4781656210539677,0.1369485682214931,0.3966658162694461,0.0972661903107234
0.4210777262745461,-0.16988837225830958,-0.4640291883353377,0.018791264651596317,0.5863641561691995,0.2945243112739994,0.8851069146098838,0.2694307237267336,0.2988587002505065,1.2228138208518606,0.4786262070649207,0.1366045408012245,0.3961733981088748,0.0973268939318819
0.4210777262745461,-0.16988837225830958,-0.4640291883353377,0.018791264651596317,0.5863641561691995,0.2945243112739994,0.8851069146098838,0.268882479860507,0.2979448874919715,1.2216444389617749,0.4790867930758739,0.136260513380956,0.3956809799483037,0.0973875975530404
0.4210777262745461,-0.16988837225830958,-0.4640291883353377,0.018791264651596317,0.5863641561691995,0.2945243112739994,0.8851069146098838,0.2683342359942803,0.2970310747334366,1.220475057071689,0.479547379086827,0.1359164859606874,0.3951885617877324,0.0974483011741989
0.4210777262745461,-0.16988837225830958,-0.4640291883353377,0.018791264651596317,0.5863641561691995,0.2945243112739994,0.8851069146098838,0.2677859921280537,0.2961172619749016,1.2193056751816032,0.4800079650977801,0.1355724585404189,0.3946961436271612,0.0975090047953574
0.4210777262745461,-0.16988837225830958,-0.4640291883353377,0.018791264651596317,0.5863641561691995,0.2945243112739994,0.8851069146098838,0.267237748261827,0.2952034492163666,1.2181362932915174,0.4804685511087332,0.1352284311201503,0.3942037254665901,0.0975697084165159
0.4210777262745461,-0.16988837225830958,-0.4640291883353377,0.018791264651596317,0.5863641561691995,0.2945243112739994,0.8851069146098838,0.2666895043956004,0.2942896364578317,1.2169669114014314,0.4809291371196863,0.1348844036998818,0.3937113073060189,0.0976304120376744
0.4210777262745461,-0.16988837225830958,-0.4640291883353377,0.018791264651596317,0.5863641561691995,0.2945243112739994,0.8851069146098838,0.2661412605293737,0.2933758236992967,1.2157975295113457,0.4813897231306394,0.1345403762796133,0.3932188891454477,0.0976911156588329
0.4210777262745461,-0.16988837225830958,-0.4640291883353377,0.018791264651596317,0.5863641561691995,0.2945243112739994,0.8851069146098838,0.265593016663147,0.2924620109407618,1.21462814762126,0.4818503091415925,0.1341963488593447,0.3927264709848765,0.0977518192799914
0.4210777262745461,-0.16988837225830958,-0.4640291883353377,0.018791264651596317,0.5863641561691995,0.2945243112739994,0.8851069146098838,0.2650447727969204,0.2915481981822269,1.2134587657311742,0.4823108951525456,0.1338523214390762,0.3922340528243053,0.09781252290115
0.4210777262745461,-0.16988837225830958,-0.4640291883353377,0.018791264651596317,0.5863641561691995,0.2945243112739994,0.8851069146098838,0.2644965289306937,0.2906343854236919,1.2122893838410884,0.4827714811634988,0.1335082940188076,0.3917416346637341,0.0978732265223085
0.4210777262745461,-0.16988837225830958,-0.4640291883353377,0.018791264651596317,0.5863641561691995,0.2945243112739994,0.8851069146098838,0.2639482850644671,0.2897205726651569,1.2111200019510024,0.4832320671744519,0.1331642665985391,0.3912492165031629,0.097933930143467
0.4210777262745461,-0.16988837225830958,-0.4640291883353377,0.018791264651596317,0.5863641561691995,0.2945243112739994,0.8851069146098838,0.2634000411982404,0.2888067599066219,1.2099506200609167,0.483692653185405,0.1328202391782705,0.3907567983425917,0.0979946337646255
0.4210777262745461,-0.16988837225830958,-0.4640291883353377,0.018791264651596317,0.5863641561691995,0.2945243112739994,0.8851069146098838,0.2628517973320138,0.287892947148087,1.208781238170831,0.4841532391963581,0.132476211758002,0.3902643801820206,0.098055337385784
0.4210777262745461,-0.16988837225830958,-0.4640291883353377,0.018791264651596317,0.5863641561691995,0.2945243112739994,0.8851069146098838,0.2623035534657871,0.2869791343895521,1.2076118562807452,0.4846138252073112,0.1321321843377334,0.3897719620214493,0.0981160410069425
0.4210777262745461,-0.16988837225830958,-0.4640291883353377,0.018791264651596317,0.5863641561691995,0.2945243112739994,0.8851069146098838,0.2617553095995604,0.2860653216310171,1.2064424743906592,0.4850744112182643,0.1317881569174649,0.3892795438608781,0.098176744628101
0.4210777262745461,-0.16988837225830958,-0.4640291883353377,0.018791264651596317,0.5863641561691995,0.2945243112739994,0.8851069146098838,0.2612070657333338,0.2851515088724822,1.2052730925005737,0.4855349972292174,0.1314441294971963,0.388787125700307,0.0982374482492595
0.4210777262745461,-0.16988837225830958,-0.4640291883353377,0.018791264651596317,0.5863641561691995,0.2945243112739994,0.8851069146098838,0.2606588218671071,0.2842376961139472,1.2041037106104877,0.4859955832401705,0.1311001020769278,0.3882947075397358,0.098298151870418
0.4210777262745461,-0.16988837225830958,-0.4640291883353377,0.018791264651596317,0.5863641561691995,0.2945243112739994,0.8851069146098838,0.2601105780008805,0.2833238833554122,1.2029343287204015,0.4864561692511235,0.1307560746566592,0.3878022893791646,0.0983588554915765
0.4210777262745461,-0.16988837225830958,-0.4640291883353377,0.018791264651596317,0.5863641561691995,0.2945243112739994,0.8851069146098838,0.2595623341346538,0.2824100705968773,1.2017649468303162,0.4869167552620768,0.1304120472363907,0.3873098712185935,0.098419559112735
0.4210777262745461,-0.16988837225830958,-0.4640291883353377,0.018791264651596317,0.5863641561691995,0.2945243112739994,0.8851069146098838,0.2590140902684271,0.2814962578383423,1.2005955649402302,0.4873773412730298,0.1300680198161221,0.3868174530580222,0.0984802627338936
0.4210777262745461,-0.16988837225830958,-0.4640291883353377,0.018791264651596317,0.5863641561691995,0.2945243112739994,0.8851069146098838,0.2584658464022005,0.2805824450798074,1.1994261830501445,0.487837927283983,0.1297239923958536,0.386325034897451,0.0985409663550521
0.4210777262745461,-0.16988837225830958,-0.4640291883353377,0.018791264651596317,0.5863641561691995,0.2945243112739994,0.8851069146098838,0.2579176025359738,0.2796686323212724,1.1982568011600585,0.488298513294936,0.129379964975585,0.3858326167368798,0.0986016699762106
0.4210777262745461,-0.16988837225830958,-0.4640291883353377,0.018791264651596317,0.5863641561691995,0.2945243112739994,0.8851069146098838,0.2573693586697472,0.2787548195627375,1.197087419269973,0.4887590993058891,0.1290359375553165,0.3853401985763087,0.0986623735973691
0.4210777262745461,-0.16988837225830958,-0.4640291883353377,0.018791264651596317,0.5863641561691995,0.2945243112739994,0.8851069146098838,0.2568211148035205,0.2778410068042025,1.195918037379887,0.4892196853168422,0.128691910135048,0.3848477804157374,0.0987230772185276
0.4210777262745461,-0.16988837225830958,-0.4640291883353377,0.018791264651596317,0.5863641561691995,0.2945243112739994,0.8851069146098838,0.2562728709372939,0.2769271940456675,1.1947486554898012,0.4896802713277953,0.1283478827147794,0.3843553622551663,0.0987837808396861
0.4210777262745461,-0.16988837225830958,-0.4640291883353377,0.018791264651596317,0.5863641561691995,0.2945243112739994,0.8851069146098838,0.2557246270710672,0.2760133812871326,1.1935792735997155,0.4901408573387484,0.1280038552945109,0.3838629440945951,0.0988444844608446
0.4210777262745461,-0.16988837225830958,-0.4640291883353377,0.018791264651596317,0.5863641561691995,0.2945243112739994,0.8851069146098838,0.2551763832048406,0.2750995685285977,1.1924098917096295,0.4906014433497015,0.1276598278742423,0.3833705259340239,0.0989051880820031
0.4210777262745461,-0.16988837225830958,-0.4640291883353377,0.018791264651596317,0.5863641561691995,0.2945243112739994,0.8851069146098838,0.2546281393386139,0.2741857557700627,1.1912405098195438,0.4910620293606547,0.1273158004539738,0.3828781077734526,0.0989658917031616
0.4210777262745461,-0.16988837225830958,-0.4640291883353377,0.018791264651596317,0.5863641561691995,0.2945243112739994,0.8851069146098838,0.2540798954723873,0.2732719430115278,1.190071127929458,0.4915226153716077,0.1269717730337052,0.3823856896128815,0.0990265953243201
0.4210777262745461,-0.16988837225830958,-0.4640291883353377,0.018791264651596317,0.5863641561691995,0.2945243112739994,0.8851069146098838,0.2535316516061606,0.2723581302529928,1.1889017460393725,0.4919832013825608,0.1266277456134367,0.3818932714523103,0.0990872989454786
0.4210777262745461,-0.16988837225830958,-0.4640291883353377,0.018791264651596317,0.5863641561691995,0.2945243112739994,0.8851069146098838,0.252983407739934,0.2714443174944578,1.1877323641492863,0.4924437873935139,0.1262837181931682,0.3814008532917391,0.0991480025666372
0.4210777262745461,-0.16988837225830958,-0.4640291883353377,0.018791264651596317,0.5863641561691995,0.2945243112739994,0.8851069146098838,0.2524351638737073,0.2705305047359229,1.1865629822592003,0.4929043734044671,0.1259396907728996,0.3809084351311679,0.0992087061877957
0.4210777262745461,-0.16988837225830958,-0.4640291883353377,0.018791264651596317,0.5863641561691995,0.2945243112739994,0.8851069146098838,0.2518869200074806,0.2696166919773879,1.1853936003691148,0.4933649594154202,0.1255956633526311,0.3804160169705968,0.0992694098089542
0.4210777262745461,-0.16988837225830958,-0.4640291883353377,0.018791264651596317,0.5863641561691995,0.2945243112739994,0.8851069146098838,0.251338676141254,0.268702879218853,1.184224218479029,0.4938255454263733,0.1252516359323625,0.3799235988100256,0.0993301134301127
0.4210777262745461,-0.16988837225830958,-0.4640291883353377,0.018791264651596317,0.5863641561691995,0.2945243112739994,0.8851069146098838,0.2507904322750273,0.267789066460318,1.1830548365889433,0.4942861314373264,0.124907608512094,0.3794311806494543,0.0993908170512712
0.4210777262745461,-0.16988837225830958,-0.4640291883353377,0.018791264651596317,0.5863641561691995,0.2945243112739994,0.8851069146098838,0.2502421884088007,0.2668752537017831,1.1818854546988573,0.4947467174482795,0.1245635810918254,0.3789387624888832,0.0994515206724297
0.4210777262745461,-0.16988837225830958,-0.4640291883353377,0.018791264651596317,0.5863641561691995,0.2945243112739994,0.8851069146098838,0.249693944542574,0.2659614409432481,1.1807160728087716,0.4952073034592326,0.1242195536715569,0.378446344328312,0.0995122242935882
0.4210777262745461,-0.16988837225830958,-0.4640291883353377,0.018791264651596317,0.5863641561691995,0.2945243112739994,0.8851069146098838,0.2491457006763473,0.2650476281847131,1.1795466909186856,0.4956678894701857,0.1238755262512883,0.3779539261677408,0.0995729279147467
0.4210777262745461,-0.16988837225830958,-0.4640291883353377,0.018791264651596317,0.5863641561691995,0.2945243112739994,0.8851069146098838,0.2485974568101207,0.2641338154261782,1.1783773090285998,0.4961284754811388,0.1235314988310198,0.3774615080071696,0.0996336315359052
0.4210777262745461,-0.16988837225830958,-0.4640291883353377,0.018791264651596317,0.5863641561691995,0.2945243112739994,0.8851069146098838,0.248049212943894,0.2632200026676433,1.177207927138514,0.496589061492092,0.1231874714107512,0.3769690898465984,0.0996943351570638
0.4210777262745461,-0.16988837225830958,-0.4640291883353377,0.018791264651596317,0.5863641561691995,0.2945243112739994,0.8851069146098838,0.2475009690776674,0.2623061899091083,1.1760385452484283,0.4970496475030451,0.1228434439904827,0.3764766716860272,0.0997550387782223
0.4210777262745461,-0.16988837225830958,-0.4640291883353377,0.018791264651596317,0.5863641561691995,0.2945243112739994,0.8851069146098838,0.2469527252114407,0.2613923771505733,1.1748691633583426,0.4975102335139981,0.1224994165702141,0.375984253525456,0.0998157423993808
0.4210777262745461,-0.16988837225830958,-0.4640291883353377,0.018791264651596317,0.5863641561691995,0.2945243112739994,0.8851069146098838,0.2464044813452141,0.2604785643920384,1.1736997814682568,0.4979708195249512,0.1221553891499456,0.3754918353648848,0.0998764460205393
0.4210777262745461,-0.16988837225830958,-0.4640291883353377,0.018791264651596317,0.5863641561691995,0.2945243112739994,0.8851069146098838,0.2458562374789874,0.2595647516335034,1.172530399578171,0.4984314055359043,0.121811361729677,0.3749994172043137,0.0999371496416978
0.4210777262745461,-0.16988837225830958,-0.4640291883353377,0.018791264651596317,0.5863641561691995,0.2945243112739994,0.8851069146098838,0.2453079936127607,0.2586509388749685,1.171361017688085,0.4988919915468575,0.1214673343094085,0.3745069990437424,0.0999978532628563
0.4210777262745461,-0.16988837225830958,-0.4640291883353377,0.018791264651596317,0.5863641561691995,0.2945243112739994,0.8851069146098838,0.2447597497465341,0.2577371261164335,1.1701916357979991,0.4993525775578106,0.12112330688914,0.3740145808831713,0.1000585568840148
0.4210777262745461,-0.16988837225830958,-0.4640291883353377,0.018791264651596317,0.5863641561691995,0.2945243112739994,0.8851069146098838,0.2442115058803074,0.2568233133578986,1.1690222539079134,0.4998131635687637,0.1207792794688714,0.3735221627226001,0.1001192605051733
0.4210777262745461,-0.16988837225830958,-0.4640291883353377,0.018791264651596317,0.5863641561691995,0.2945243112739994,0.8851069146098838,0.2436632620140807,0.2559095005993636,1.1678528720178276,0.5002737495797168,0.1204352520486029,0.3730297445620288,0.1001799641263318
0.4210777262745461,-0.16988837225830958,-0.4640291883353377,0.018791264651596317,0.5863641561691995,0.2945243112739994,0.8851069146098838,0.2431150181478541,0.2549956878408287,1.166683490127742,0.5007343355906699,0.1200912246283343,0.3725373264014577,0.1002406677474903
0.4210777262745461,-0.16988837225830958,-0.4640291883353377,0.018791264651596317,0.5863641561691995,0.2945243112739994,0.8851069146098838,0.2425667742816274,0.2540818750822937,1.165514108237656,0.501194921601623,0.1197471972080658,0.3720449082408865,0.1003013713686488
0.4210777262745461,-0.16988837225830958,-0.4640291883353377,0.018791264651596317,0.5863641561691995,0.2945243112739994,0.8851069146098838,0.2420185304154008,0.2531680623237587,1.1643447263475704,0.5016555076125762,0.1194031697877972,0.3715524900803153,0.1003620749898074
0.4210777262745461,-0.16988837225830958,-0.4640291883353377,0.018791264651596317,0.5863641561691995,0.2945243112739994,0.8851069146098838,0.2414702865491741,0.2522542495652238,1.1631753444574846,0.5021160936235293,0.1190591423675287,0.3710600719197441,0.1004227786109659
0.4210777262745461,-0.16988837225830958,-0.4640291883353377,0.018791264651596317,0.5863641561691995,0.2945243112739994,0.8851069146098838,0.2409220426829475,0.2513404368066888,1.1620059625673986,0.5025766796344824,0.1187151149472601,0.370567653759173,0.1004834822321244
0.4210777262745461,-0.16988837225830958,-0.4640291883353377,0.018791264651596317,0.5863641561691995,0.2945243112739994,0.8851069146098838,0.2403737988167208,0.2504266240481539,1.1608365806773129,0.5030372656454354,0.1183710875269916,0.3700752355986018,0.1005441858532829
0.4210777262745461,-0.16988837225830958,-0.4640291883353377,0.018791264651596317,0.5863641561691995,0.2945243112739994,0.8851069146098838,0.2398255549504941,0.2495128112896189,1.159667198787227,0.5034978516563886,0.118027060106723,0.3695828174380305,0.1006048894744414
0.4210777262745461,-0.16988837225830958,-0.4640291883353377,0.018791264651596317,0.5863641561691995,0.2945243112739994,0.8851069146098838,0.2392773110842675,0.248598998531084,1.1584978168971412,0.5039584376673416,0.1176830326864545,0.3690903992774593,0.1006655930955999
0.4210777262745461,-0.16988837225830958,-0.4640291883353377,0.018791264651596317,0.5863641561691995,0.2945243112739994,0.8851069146098838,0.2387290672180408,0.247685185772549,1.1573284350070554,0.5044190236782947,0.1173390052661859,0.3685979811168882,0.1007262967167584
0.4210777262745461,-0.16988837225830958,-0.4640291883353377,0.018791264651596317,0.5863641561691995,0.2945243112739994,0.8851069146098838,0.2381808233518142,0.246771373014014,1.1561590531169696,0.5048796096892478,0.1169949778459174,0.368105562956317,0.1007870003379169
0.4210777262745461,-0.16988837225830958,-0.4640291883353377,0.018791264651596317,0.5863641561691995,0.2945243112739994,0.8851069146098838,0.2376325794855875,0.2458575602554791,1.154989671226884,0.505340195700201,0.1166509504256489,0.3676131447957458,0.1008477039590754
0.4210777262745461,-0.16988837225830958,-0.4640291883353377,0.018791264651596317,0.5863641561691995,0.2945243112739994,0.8851069146098838,0.2370843356193609,0.2449437474969441,1.153820289336798,0.5058007817111541,0.1163069230053803,0.3671207266351746,0.1009084075802339
0.4210777262745461,-0.16988837225830958,-0.4640291883353377,0.018791264651596317,0.5863641561691995,0.2945243112739994,0.8851069146098838,0.2365360917531342,0.2440299347384092,1.1526509074467122,0.5062613677221072,0.1159628955851118,0.3666283084746034,0.1009691112013924
0.4210777262745461,-0.16988837225830958,-0.4640291883353377,0.018791264651596317,0.5863641561691995,0.2945243112739994,0.8851069146098838,0.2359878478869075,0.2431161219798742,1.1514815255566264,0.5067219537330603,0.1156188681648432,0.3661358903140322,0.101029814822551
0.4210777262745461,-0.16988837225830958,-0.4640291883353377,0.018791264651596317,0.5863641561691995,0.2945243112739994,0.8851069146098838,0.2354396040206809,0.2422023092213393,1.1503121436665409,0.5071825397440134,0.1152748407445747,0.365643472153461,0.1010905184437095
0.4210777262745461,-0.16988837225830958,-0.4640291883353377,0.018791264651596317,0.5863641561691995,0.2945243112739994,0.8851069146098838,0.2348913601544542,0.2412884964628043,1.1491427617764547,0.5076431257549665,0.1149308133243061,0.3651510539928898,0.101151222064868
0.4210777262745461,-0.16988837225830958,-0.4640291883353377,0.018791264651596317,0.5863641561691995,0.2945243112739994,0.8851069146098838,0.2343431162882276,0.2403746837042694,1.147973379886369,0.5081037117659196,0.1145867859040376,0.3646586358323186,0.1012119256860265
0.4210777262745461,-0.16988837225830958,-0.4640291883353377,0.018791264651596317,0.5863641561691995,0.2945243112739994,0.8851069146098838,0.2337948724220009,0.2394608709457344,1.1468039979962832,0.5085642977768727,0.114242758483769,0.3641662176717475,0.101272629307185
0.4210777262745461,-0.16988837225830958,-0.4640291883353377,0.018791264651596317,0.5863641561691995,0.2945243112739994,0.8851069146098838,0.2332466285557743,0.2385470581871994,1.1456346161061974,0.5090248837878258,0.1138987310635005,0.3636737995111763,0.1013333329283435
0.4210777262745461,-0.16988837225830958,-0.4640291883353377,0.018791264651596317,0.5863641561691995,0.2945243112739994,0.8851069146098838,0.2326983846895476,0.2376332454286645,1.1444652342161117,0.509485469798779,0.1135547036432319,0.363181381350605,0.101394036549502
0.4210777262745461,-0.16988837225830958,-0.4640291883353377,0.018791264651596317,0.5863641561691995,0.2945243112739994,0.8851069146098838,0.2321501408233209,0.2367194326701295,1.1432958523260257,0.5099460558097321,0.1132106762229634,0.3626889631900339,0.1014547401706605
0.4210777262745461,-0.16988837225830958,-0.4640291883353377,0.018791264651596317,0.5863641561691995,0.2945243112739994,0.8851069146098838,0.2316018969570943,0.2358056199115946,1.14212647043594,0.5104066418206852,0.1128666488026949,0.3621965450294627,0.101515443791819
0.4210777262745461,-0.16988837225830958,-0.4640291883353377,0.018791264651596317,0.5863641561691995,0.2945243112739994,0.8851069146098838,0.2310536530908676,0.2348918071530596,1.1409570885458542,0.5108672278316383,0.1125226213824263,0.3617041268688915,0.1015761474129775
0.4210777262745461,-0.16988837225830958,-0.4640291883353377,0.018791264651596317,0.5863641561691995,0.2945243112739994,0.8851069146098838,0.230505409224641,0.2339779943945247,1.1397877066557682,0.5113278138425913,0.1121785939621578,0.3612117087083203,0.1016368510341361
0.4210777262745461,-0.16988837225830958,-0.4640291883353377,0.018791264651596317,0.5863641561691995,0.2945243112739994,0.8851069146098838,0.2299571653584143,0.2330641816359897,1.1386183247656825,0.5117883998535444,0.1118345665418892,0.3607192905477491,0.1016975546552946
0.4210777262745461,-0.16988837225830958,-0.4640291883353377,0.018791264651596317,0.5863641561691995,0.2945243112739994,0.8851069146098838,0.2294089214921877,0.2321503688774548,1.1374489428755967,0.5122489858644975,0.1114905391216207,0.360226872387178,0.1017582582764531
0.4210777262745461,-0.16988837225830958,-0.4640291883353377,0.018791264651596317,0.5863641561691995,0.2945243112739994,0.8851069146098838,0.228860677625961,0.2312365561189198,1.136279560985511,0.5127095718754506,0.1111465117013521,0.3597344542266067,0.1018189618976116
0.4210777262745461,-0.16988837225830958,-0.4640291883353377,0.018791264651596317,0.5863641561691995,0.2945243112739994,0.8851069146098838,0.2283124337597344,0.2303227433603848,1.1351101790954252,0.5131701578864037,0.1108024842810836,0.3592420360660355,0.1018796655187701
0.4210777262745461,-0.16988837225830958,-0.4640291883353377,0.018791264651596317,0.5863641561691995,0.2945243112739994,0.8851069146098838,0.2277641898935077,0.2294089306018499,1.1339407972053392,0.5136307438973569,0.110458456860815,0.3587496179054644,0.1019403691399286
0.4210777262745461,-0.16988837225830958,-0.4640291883353377,0.018791264651596317,0.5863641561691995,0.2945243112739994,0.8851069146098838,0.227215946027281,0.228495117843315,1.1327714153152535,0.51409132990831,0.1101144294405465,0.3582571997448932,0.1020010727610871
0.4210777262745461,-0.16988837225830958,-0.4640291883353377,0.018791264651596317,0.5863641561691995,0.2945243112739994,0.8851069146098838,0.2266677021610544,0.22758130508478,1.1316020334251675,0.5145519159192631,0.1097704020202779,0.357764781584322,0.1020617763822456
0.4210777262745461,-0.16988837225830958,-0.4640291883353377,0.018791264651596317,0.5863641561691995,0.2945243112739994,0.8851069146098838,0.2261194582948277,0.226667492326245,1.1304326515350818,0.5150125019302162,0.1094263746000094,0.3572723634237508,0.1021224800034041
0.4210777262745461,-0.16988837225830958,-0.4640291883353377,0.018791264651596317,0.5863641561691995,0.2945243112739994,0.8851069146098838,0.2255712144286011,0.2257536795677101,1.129263269644996,0.5154730879411693,0.1090823471797408,0.3567799452631796,0.1021831836245626
0.4210777262745461,-0.16988837225830958,-0.4640291883353377,0.018791264651596317,0.5863641561691995,0.2945243112739994,0.8851069146098838,0.2250229705623744,0.2248398668091751,1.1280938877549105,0.5159336739521224,0.1087383197594723,0.3562875271026084,0.1022438872457211
0.4210777262745461,-0.16988837225830958,-0.4640291883353377,0.018791264651596317,0.5863641561691995,0.2945243112739994,0.8851069146098838,0.2244747266961478,0.2239260540506402,1.1269245058648245,0.5163942599630755,0.1083942923392038,0.3557951089420372,0.1023045908668797
0.4210777262745461,-0.16988837225830958,-0.4640291883353377,0.018791264651596317,0.5863641561691995,0.2945243112739994,0.8851069146098838,0.2239264828299211,0.2230122412921052,1.1257551239747383,0.5168548459740286,0.1080502649189352,0.355302690781466,0.1023652944880382
0.4210777262745461,-0.16988837225830958,-0.4640291883353377,0.018791264651596317,0.5863641561691995,0.2945243112739994,0.8851069146098838,0.2233782389636944,0.2220984285335703,1.1245857420846528,0.5173154319849818,0.1077062374986667,0.3548102726208949,0.1024259981091967
0.4210777262745461,-0.16988837225830958,-0.4640291883353377,0.018791264651596317,0.5863641561691995,0.2945243112739994,0.8851069146098838,0.2228299950974678,0.2211846157750353,1.123416360194567,0.5177760179959348,0.1073622100783981,0.3543178544603236,0.1024867017303552
0.4210777262745461,-0.16988837225830958,-0.4640291883353377,0.018791264651596317,0.5863641561691995,0.2945243112739994,0.8851069146098838,0.2222817512312411,0.2202708030165004,1.1222469783044813,0.518236604006888,0.1070181826581296,0.3538254362997524,0.1025474053515137
0.4210777262745461,-0.16988837225830958,-0.4640291883353377,0.018791264651596317,0.5863641561691995,0.2945243112739994,0.8851069146098838,0.2217335073650145,0.2193569902579654,1.1210775964143955,0.518697190017841,0.106674155237861,0.3533330181391813,0.1026081089726722
0.4210777262745461,-0.16988837225830958,-0.4640291883353377,0.018791264651596317,0.5863641561691995,0.2945243112739994,0.8851069146098838,0.2211852634987878,0.2184431774994304,1.1199082145243096,0.5191577760287941,0.1063301278175925,0.35284059997861,0.1026688125938307
0.4210777262745461,-0.16988837225830958,-0.4640291883353377,0.018791264651596317,0.5863641561691995,0.2945243112739994,0.8851069146098838,0.2206370196325611,0.2175293647408955,1.1187388326342238,0.5196183620397472,0.1059861003973239,0.3523481818180389,0.1027295162149892
0.4210777262745461,-0.16988837225830958,-0.4640291883353377,0.018791264651596317,0.5863641561691995,0.2945243112739994,0.8851069146098838,0.2200887757663345,0.2166155519823605,1.117569450744138,0.5200789480507003,0.1056420729770554,0.3518557636574677,0.1027902198361477
0.4210777262745461,-0.16988837225830958,-0.4640291883353377,0.018791264651596317,0.5863641561691995,0.2945243112739994,0.8851069146098838,0.2195405319001078,0.2157017392238256,1.1164000688540523,0.5205395340616534,0.1052980455567868,0.3513633454968965,0.1028509234573062
0.4210777262745461,-0.16988837225830958,-0.4640291883353377,0.018791264651596317,0.5863641561691995,0.2945243112739994,0.8851069146098838,0.2189922880338812,0.2147879264652906,1.1152306869639663,0.5210001200726065,0.1049540181365183,0.3508709273363253,0.1029116270784648
0.4210777262745461,-0.16988837225830958,-0.4640291883353377,0.018791264651596317,0.5863641561691995,0.2945243112739994,0.8851069146098838,0.2184440441676545,0.2138741137067557,1.1140613050738806,0.5214607060835597,0.1046099907162498,0.3503785091757542,0.1029723306996233
0.4210777262745461,-0.16988837225830958,-0.4640291883353377,0.018791264651596317,0.5863641561691995,0.2945243112739994,0.8851069146098838,0.2178958003014279,0.2129603009482207,1.1128919231837948,0.5219212920945128,0.1042659632959812,0.3498860910151829,0.1030330343207818
0.4210777262745461,-0.16988837225830958,-0.4640291883353377,0.018791264651596317,0.5863641561691995,0.2945243112739994,0.8851069146098838,0.2173475564352012,0.2120464881896858,1.1117225412937088,0.5223818781054659,0.1039219358757126,0.3493936728546117,0.1030937379419403
0.4210777262745461,-0.16988837225830958,-0.4640291883353377,0.018791264651596317,0.5863641561691995,0.2945243112739994,0.8851069146098838,0.2167993125689745,0.2111326754311508,1.110553159403623,0.522842464116419,0.1035779084554441,0.3489012546940405,0.1031544415630988
0.4210777262745461,-0.16988837225830958,-0.4640291883353377,0.018791264651596317,0.5863641561691995,0.2945243112739994,0.8851069146098838,0.2162510687027479,0.2102188626726158,1.1093837775135371,0.5233030501273721,0.1032338810351756,0.3484088365334694,0.1032151451842573
0.4210777262745461,-0.16988837225830958,-0.4640291883353377,0.018791264651596317,0.5863641561691995,0.2945243112739994,0.8851069146098838,0.2157028248365212,0.2093050499140809,1.1082143956234516,0.5237636361383252,0.102889853614907,0.3479164183728981,0.1032758488054158
0.4210777262745461,-0.16988837225830958,-0.4640291883353377,0.018791264651596317,0.5863641561691995,0.2945243112739994,0.8851069146098838,0.2151545809702946,0.208391237155546,1.1070450137333658,0.5242242221492783,0.1025458261946385,0.347424000212327,0.1033365524265743
0.4210777262745461,-0.16988837225830958,-0.4640291883353377,0.018791264651596317,0.5863641561691995,0.2945243112739994,0.8851069146098838,0.2146063371040679,0.207477424397011,1.10587563184328,0.5246848081602314,0.1022017987743699,0.3469315820517558,0.1033972560477328
0.4210777262745461,-0.16988837225830958,-0.4640291883353377,0.018791264651596317,0.5863641561691995,0.2945243112739994,0.8851069146098838,0.2140580932378413,0.206563611638476,1.104706249953194,0.5251453941711846,0.1018577713541014,0.3464391638911846,0.1034579596688913
0.4210777262745461,-0.16988837225830958,-0.4640291883353377,0.018791264651596317,0.5863641561691995,0.2945243112739994,0.8851069146098838,0.2135098493716146,0.2056497988799411,1.1035368680631084,0.5256059801821377,0.1015137439338328,0.3459467457306134,0.1035186632900498
0.4210777262745461,-0.16988837225830958,-0.4640291883353377,0.018791264651596317,0.5863641561691995,0.2945243112739994,0.8851069146098838,0.212961605505388,0.2047359861214061,1.1023674861730226,0.5260665661930908,0.1011697165135643,0.3454543275700422,0.1035793669112083
0.4210777262745461,-0.16988837225830958,-0.4640291883353377,0.018791264651596317,0.5863641561691995,0.2945243112739994,0.8851069146098838,0.2124133616391613,0.2038221733628712,1.1011981042829366,0.5265271522040439,0.1008256890932957,0.3449619094094711,0.1036400705323669
0.4210777262745461,-0.16988837225830958,-0.4640291883353377,0.018791264651596317,0.5863641561691995,0.2945243112739994,0.8851069146098838,0.2118651177729346,0.2029083606043362,1.1000287223928509,0.526987738214997,0.1004816616730272,0.3444694912488998,0.1037007741535254
0.4210777262745461,-0.16988837225830958,-0.4640291883353377,0.018791264651596317,0.5863641561691995,0.2945243112739994,0.8851069146098838,0.211316873906708,0.2019945478458013,1.0988593405027651,0.52744832422595,0.1001376342527587,0.3439770730883286,0.1037614777746839
0.4210777262745461,-0.16988837225830958,-0.4640291883353377,0.018791264651596317,0.5863641561691995,0.2945243112739994,0.8851069146098838,0.2107686300404813,0.2010807350872663,1.0976899586126794,0.5279089102369032,0.0997936068324901,0.3434846549277575,0.1038221813958424
0.4210777262745461,-0.16988837225830958,-0.4640291883353377,0.018791264651596317,0.5863641561691995,0.2945243112739994,0.8851069146098838,0.2102203861742547,0.2001669223287314,1.0965205767225934,0.5283694962478562,0.0994495794122216,0.3429922367671862,0.1038828850170009
0.4210777262745461,-0.16988837225830958,-0.4640291883353377,0.018791264651596317,0.5863641561691995,0.2945243112739994,0.8851069146098838,0.209672142308028,0.1992531095701964,1.0953511948325076,0.5288300822588095,0.099105551991953,0.3424998186066151,0.1039435886381594
0.4210777262745461,-0.16988837225830958,-0.4640291883353377,0.018791264651596317,0.5863641561691995,0.2945243112739994,0.8851069146098838,0.2091238984418013,0.1983392968116615,1.094181812942422,0.5292906682697625,0.0987615245716845,0.3420074004460439,0.1040042922593179
0.4210777262745461,-0.16988837225830958,-0.4640291883353377,0.018791264651596317,0.5863641561691995,0.2945243112739994,0.8851069146098838,0.2085756545755747,0.1974254840531265,1.093012431052336,0.5297512542807156,0.0984174971514159,0.3415149822854727,0.1040649958804764
0.4210777262745461,-0.16988837225830958,-0.4640291883353377,0.018791264651596317,0.5863641561691995,0.2945243112739994,0.8851069146098838,0.208027410709348,0.1965116712945915,1.0918430491622502,0.5302118402916687,0.0980734697311474,0.3410225641249015,0.1041256995016349
0.4210777262745461,-0.16988837225830958,-0.4640291883353377,0.018791264651596317,0.5863641561691995,0.2945243112739994,0.8851069146098838,0.2074791668431214,0.1955978585360566,1.0906736672721644,0.5306724263026218,0.0977294423108788,0.3405301459643303,0.1041864031227935
0.4210777262745461,-0.16988837225830958,-0.4640291883353377,0.018791264651596317,0.5863641561691995,0.2945243112739994,0.8851069146098838,0.2069309229768947,0.1946840457775216,1.0895042853820789,0.5311330123135749,0.0973854148906103,0.3400377278037591,0.104247106743952
0.4210777262745461,-0.16988837225830958,-0.4640291883353377,0.018791264651596317,0.5863641561691995,0.2945243112739994,0.8851069146098838,0.2063826791106681,0.1937702330189867,1.088334903491993,0.531593598324528,0.0970413874703417,0.3395453096431879,0.1043078103651105
0.4210777262745461,-0.16988837225830958,-0.4640291883353377,0.018791264651596317,0.5863641561691995,0.2945243112739994,0.8851069146098838,0.2058344352444414,0.1928564202604517,1.0871655216019072,0.5320541843354811,0.0966973600500732,0.3390528914826167,0.104368513986269
0.4210777262745461,-0.16988837225830958,-0.4640291883353377,0.018791264651596317,0.5863641561691995,0.2945243112739994,0.8851069146098838,0.2052861913782147,0.1919426075019168,1.0859961397118212,0.5325147703464342,0.0963533326298047,0.3385604733220456,0.1044292176074275
0.4210777262745461,-0.16988837225830958,-0.4640291883353377,0.018791264651596317,0.5863641561691995,0.2945243112739994,0.8851069146098838,0.2047379475119881,0.1910287947433818,1.0848267578217354,0.5329753563573874,0.0960093052095361,0.3380680551614744,0.104489921228586
0.4210777262745461,-0.16988837225830958,-0.4640291883353377,0.018791264651596317,0.5863641561691995,0.2945243112739994,0.8851069146098838,0.2041897036457614,0.1901149819848469,1.0836573759316497,0.5334359423683405,0.0956652777892675,0.3375756370009032,0.1045506248497445
0.4210777262745461,-0.16988837225830958,-0.4640291883353377,0.018791264651596317,0.5863641561691995,0.2945243112739994,0.8851069146098838,0.2036414597795348,0.1892011692263119,1.0824879940415637,0.5338965283792936,0.095321250368999,0.337083218840332,0.104611328470903
0.4210777262745461,-0.16988837225830958,-0.4640291883353377,0.018791264651596317,0.5863641561691995,0.2945243112739994,0.8851069146098838,0.2030932159133081,0.1882873564677769,1.081318612151478,0.5343571143902467,0.0949772229487305,0.3365908006797607,0.1046720320920615
0.4210777262745461,-0.16988837225830958,-0.4640291883353377,0.018791264651596317,0.5863641561691995,0.2945243112739994,0.8851069146098838,0.2025449720470815,0.187373543709242,1.0801492302613922,0.5348177004011997,0.0946331955284619,0.3360983825191896,0.10473273571322
0.4210777262745461,-0.16988837225830958,-0.4640291883353377,0.018791264651596317,0.5863641561691995,0.2945243112739994,0.8851069146098838,0.2019967281808548,0.1864597309507071,1.0789798483713064,0.5352782864121528,0.0942891681081934,0.3356059643586184,0.1047934393343786
0.4210777262745461,-0.16988837225830958,-0.4640291883353377,0.018791264651596317,0.5863641561691995,0.2945243112739994,0.8851069146098838,0.2014484843146282,0.1855459181921721,1.0778104664812207,0.5357388724231059,0.0939451406879248,0.3351135461980472,0.1048541429555371
0.4210777262745461,-0.16988837225830958,-0.4640291883353377,0.018791264651596317,0.5863641561691995,0.2945243112739994,0.8851069146098838,0.2009002404484015,0.1846321054336371,1.076641084591135,0.536199458434059,0.0936011132676563,0.334621128037476,0.1049148465766956
0.4210777262745461,-0.16988837225830958,-0.4640291883353377,0.018791264651596317,0.5863641561691995,0.2945243112739994,0.8851069146098838,0.2003519965821748,0.1837182926751022,1.075471702701049,0.5366600444450121,0.0932570858473877,0.3341287098769048,0.1049755501978541
0.4210777262745461,-0.16988837225830958,-0.4640291883353377,0.018791264651596317,0.5863641561691995,0.2945243112739994,0.8851069146098838,0.1998037527159482,0.1828044799165672,1.0743023208109632,0.5371206304559653,0.0929130584271192,0.3336362917163337,0.1050362538190126
0.4210777262745461,-0.16988837225830958,-0.4640291883353377,0.018791264651596317,0.5863641561691995,0.2945243112739994,0.8851069146098838,0.1992555088497215,0.1818906671580323,1.0731329389208777,0.5375812164669184,0.0925690310068506,0.3331438735557624,0.1050969574401711
0.4210777262745461,-0.16988837225830958,-0.4640291883353377,0.018791264651596317,0.5863641561691995,0.2945243112739994,0.8851069146098838,0.1987072649834949,0.1809768543994973,1.0719635570307915,0.5380418024778715,0.0922250035865821,0.3326514553951913,0.1051576610613296
0.4210777262745461,-0.16988837225830958,-0.4640291883353377,0.018791264651596317,0.5863641561691995,0.2945243112739994,0.8851069146098838,0.1981590211172682,0.1800630416409624,1.0707941751407055,0.5385023884888246,0.0918809761663135,0.3321590372346201,0.1052183646824881
0.4210777262745461,-0.16988837225830958,-0.4640291883353377,0.018791264651596317,0.5863641561691995,0.2945243112739994,0.8851069146098838,0.1976107772510415,0.1791492288824274,1.06962479325062,0.5389629744997777,0.091536948746045,0.3316666190740489,0.1052790683036466
0.4210777262745461,-0.16988837225830958,-0.4640291883353377,0.018791264651596317,0.5863641561691995,0.2945243112739994,0.8851069146098838,0.1970625333848149,0.1782354161238925,1.0684554113605342,0.5394235605107308,0.0911929213257765,0.3311742009134777,0.1053397719248051
0.4210777262745461,-0.16988837225830958,-0.4640291883353377,0.018791264651596317,0.5863641561691995,0.2945243112739994,0.8851069146098838,0.1965142895185882,0.1773216033653575,1.0672860294704485,0.5398841465216839,0.0908488939055079,0.3306817827529065,0.1054004755459636
0.4210777262745461,-0.16988837225830958,-0.4640291883353377,0.018791264651596317,0.5863641561691995,0.2945243112739994,0.8851069146098838,0.1959660456523616,0.1764077906068225,1.0661166475803625,0.540344732532637,0.0905048664852394,0.3301893645923353,0.1054611791671222
0.4210777262745461,-0.16988837225830958,-0.4640291883353377,0.018791264651596317,0.5863641561691995,0.2945243112739994,0.8851069146098838,0.1975039122529542,0.3077670723068566,1.0649965469577358,0.5404320663749518,0.090644507499972,0.3308408083661152,0.1058671419837873
0.4210777262745461,-0.16988837225830958,-0.4640291883353377,0.018791264651596317,0.5863641561691995,0.2945243112739994,0.8851069146098838,0.1980657132874537,0.3060940136263824,1.0662120748072934,0.5399599306134655,0.0910042947800514,0.3313456822832333,0.1058037529381885
0.4210777262745461,-0.16988837225830958,-0.4640291883353377,0.018791264651596317,0.5863641561691995,0.2945243112739994,0.8851069146098838,0.1986275143219532,0.3044209549459081,1.0674276026568514,0.5394877948519791,0.0913640820601308,0.3318505562003514,0.1057403638925898
0.4210777262745461,-0.16988837225830958,-0.4640291883353377,0.018791264651596317,0.5863641561691995,0.2945243112739994,0.8851069146098838,0.1991893153564527,0.3027478962654338,1.068643130506409,0.5390156590904928,0.0917238693402102,0.3323554301174696,0.1056769748469911
0.4210777262745461,-0.16988837225830958,-0.4640291883353377,0.018791264651596317,0.5863641561691995,0.2945243112739994,0.8851069146098838,0.1997511163909522,0.3010748375849595,1.0698586583559668,0.5385435233290065,0.0920836566202896,0.3328603040345878,0.1056135858013923
0.4210777262745461,-0.16988837225830958,-0.4640291883353377,0.018791264651596317,0.5863641561691995,0.2945243112739994,0.8851069146098838,0.2003129174254517,0.2994017789044853,1.0710741862055246,0.53807138756752,0.092443443900369,0.3333651779517059,0.1055501967557936
0.4210777262745461,-0.16988837225830958,-0.4640291883353377,0.018791264651596317,0.5863641561691995,0.2945243112739994,0.8851069146098838,0.2008747184599512,0.2977287202240111,1.0722897140550822,0.5375992518060337,0.0928032311804484,0.333870051868824,0.1054868077101948
0.4210777262745461,-0.16988837225830958,-0.4640291883353377,0.018791264651596317,0.5863641561691995,0.2945243112739994,0.8851069146098838,0.2014365194944507,0.2960556615435368,1.0735052419046405,0.5371271160445474,0.0931630184605278,0.3343749257859422,0.1054234186645961
0.4210777262745461,-0.16988837225830958,-0.4640291883353377,0.018791264651596317,0.5863641561691995,0.2945243112739994,0.8851069146098838,0.2019983205289502,0.2943826028630625,1.0747207697541978,0.536654980283061,0.0935228057406072,0.3348797997030603,0.1053600296189973
0.4210777262745461,-0.16988837225830958,-0.4640291883353377,0.018791264651596317,0.5863641561691995,0.2945243112739994,0.8851069146098838,0.2025601215634497,0.2927095441825883,1.0759362976037554,0.5361828445215747,0.0938825930206866,0.3353846736201785,0.1052966405733986
0.4210777262745461,-0.16988837225830958,-0.4640291883353377,0.018791264651596317,0.5863641561691995,0.2945243112739994,0.8851069146098838,0.2031219225979492,0.291036485502114,1.0771518254533134,0.5357107087600884,0.094242380300766,0.3358895475372966,0.1052332515277998
0.4210777262745461,-0.16988837225830958,-0.4640291883353377,0.018791264651596317,0.5863641561691995,0.2945243112739994,0.8851069146098838,0.2036837236324487,0.2893634268216398,1.078367353302871,0.535238572998602,0.0946021675808454,0.3363944214544148,0.1051698624822011
0.4210777262745461,-0.16988837225830958,-0.4640291883353377,0.018791264651596317,0.5863641561691995,0.2945243112739994,0.8851069146098838,0.2042455246669482,0.2876903681411655,1.0795828811524288,0.5347664372371157,0.0949619548609249,0.3368992953715329,0.1051064734366024
0.4210777262745461,-0.16988837225830958,-0.4640291883353377,0.018791264651596317,0.5863641561691995,0.2945243112739994,0.8851069146098838,0.2048073257014477,0.2860173094606913,1.0807984090019866,0.5342943014756294,0.0953217421410043,0.3374041692886511,0.1050430843910036
0.4210777262745461,-0.16988837225830958,-0.4640291883353377,0.018791264651596317,0.5863641561691995,0.2945243112739994,0.8851069146098838,0.2053691267359472,0.284344250780217,1.0820139368515442,0.5338221657141431,0.0956815294210837,0.3379090432057691,0.1049796953454049
0.4210777262745461,-0.16988837225830958,-0.4640291883353377,0.018791264651596317,0.5863641561691995,0.2945243112739994,0.8851069146098838,0.2059309277704467,0.2826711920997428,1.0832294647011025,0.5333500299526567,0.0960413167011631,0.3384139171228873,0.1049163062998062
0.4210777262745461,-0.16988837225830958,-0.4640291883353377,0.018791264651596317,0.5863641561691995,0.2945243112739994,0.8851069146098838,0.2064927288049462,0.2809981334192685,1.08444499255066,0.5328778941911704,0.0964011039812425,0.3389187910400055,0.1048529172542074
0.4210777262745461,-0.16988837225830958,-0.4640291883353377,0.018791264651596317,0.5863641561691995,0.2945243112739994,0.8851069146098838,0.2070545298394457,0.2793250747387942,1.0856605204002177,0.5324057584296841,0.0967608912613219,0.3394236649571236,0.1047895282086087
0.4210777262745461,-0.16988837225830958,-0.4640291883353377,0.018791264651596317,0.5863641561691995,0.2945243112739994,0.8851069146098838,0.2076163308739452,0.27765201605832,1.0868760482497757,0.5319336226681977,0.0971206785414013,0.3399285388742418,0.1047261391630099
0.4210777262745461,-0.16988837225830958,-0.4640291883353377,0.018791264651596317,0.5863641561691995,0.2945243112739994,0.8851069146098838,0.2081781319084447,0.2759789573778457,1.0880915760993333,0.5314614869067114,0.0974804658214807,0.3404334127913599,0.1046627501174112
0.4210777262745461,-0.16988837225830958,-0.4640291883353377,0.018791264651596317,0.5863641561691995,0.2945243112739994,0.8851069146098838,0.2087399329429442,0.2743058986973715,1.0893071039488909,0.530989351145225,0.0978402531015601,0.340938286708478,0.1045993610718124
0.4210777262745461,-0.16988837225830958,-0.4640291883353377,0.018791264651596317,0.5863641561691995,0.2945243112739994,0.8851069146098838,0.2093017339774437,0.2726328400168972,1.0905226317984489,0.5305172153837386,0.0982000403816396,0.3414431606255962,0.1045359720262137
0.4210777262745461,-0.16988837225830958,-0.4640291883353377,0.018791264651596317,0.5863641561691995,0.2945243112739994,0.8851069146098838,0.2098635350119432,0.2709597813364229,1.0917381596480065,0.5300450796222523,0.098559827661719,0.3419480345427143,0.1044725829806149
0.4210777262745461,-0.16988837225830958,-0.4640291883353377,0.018791264651596317,0.5863641561691995,0.2945243112739994,0.8851069146098838,0.2104253360464427,0.2692867226559487,1.0929536874975645,0.529572943860766,0.0989196149417984,0.3424529084598325,0.1044091939350162
0.4210777262745461,-0.16988837225830958,-0.4640291883353377,0.018791264651596317,0.5863641561691995,0.2945243112739994,0.8851069146098838,0.2109871370809422,0.2676136639754744,1.094169215347122,0.5291008080992796,0.0992794022218778,0.3429577823769506,0.1043458048894175
0.4210777262745461,-0.16988837225830958,-0.4640291883353377,0.018791264651596317,0.5863641561691995,0.2945243112739994,0.8851069146098838,0.2115489381154416,0.2659406052950002,1.0953847431966797,0.5286286723377933,0.0996391895019572,0.3434626562940688,0.1042824158438187
0.4210777262745461,-0.16988837225830958,-0.4640291883353377,0.018791264651596317,0.5863641561691995,0.2945243112739994,0.8851069146098838,0.2121107391499411,0.2642675466145259,1.0966002710462377,0.528156536576307,0.0999989767820366,0.3439675302111869,0.10421902679822
0.4210777262745461,-0.16988837225830958,-0.4640291883353377,0.018791264651596317,0.5863641561691995,0.2945243112739994,0.8851069146098838,0.2126725401844406,0.2625944879340516,1.097815798895795,0.5276844008148206,0.100358764062116,0.344472404128305,0.1041556377526213
0.4210777262745461,-0.16988837225830958,-0.4640291883353377,0.018791264651596317,0.5863641561691995,0.2945243112739994,0.8851069146098838,0.2132343412189402,0.2609214292535774,1.0990313267453529,0.5272122650533343,0.1007185513421954,0.3449772780454232,0.1040922487070225
0.4210777262745461,-0.16988837225830958,-0.4640291883353377,0.018791264651596317,0.5863641561691995,0.2945243112739994,0.8851069146098838,0.2137961422534396,0.2592483705731031,1.100246854594911,0.526740129291848,0.1010783386222748,0.3454821519625414,0.1040288596614237
0.4210777262745461,-0.16988837225830958,-0.4640291883353377,0.018791264651596317,0.5863641561691995,0.2945243112739994,0.8851069146098838,0.2143579432879391,0.2575753118926289,1.1014623824444685,0.5262679935303616,0.1014381259023542,0.3459870258796595,0.103965470615825
0.4210777262745461,-0.16988837225830958,-0.4640291883353377,0.018791264651596317,0.5863641561691995,0.2945243112739994,0.8851069146098838,0.2149197443224386,0.2559022532121546,1.102677910294026,0.5257958577688753,0.1017979131824336,0.3464918997967776,0.1039020815702263
0.4210777262745461,-0.16988837225830958,-0.4640291883353377,0.018791264651596317,0.5863641561691995,0.2945243112739994,0.8851069146098838,0.2154815453569381,0.2542291945316803,1.103893438143584,0.525323722007389,0.102157700462513,0.3469967737138957,0.1038386925246275
0.4210777262745461,-0.16988837225830958,-0.4640291883353377,0.018791264651596317,0.5863641561691995,0.2945243112739994,0.8851069146098838,0.2160433463914376,0.2525561358512061,1.1051089659931417,0.5248515862459027,0.1025174877425925,0.3475016476310139,0.1037753034790288
0.4210777262745461,-0.16988837225830958,-0.4640291883353377,0.018791264651596317,0.5863641561691995,0.2945243112739994,0.8851069146098838,0.2166051474259371,0.2508830771707319,1.1063244938426997,0.5243794504844163,0.1028772750226719,0.3480065215481321,0.10371191443343
0.4210777262745461,-0.16988837225830958,-0.4640291883353377,0.018791264651596317,0.5863641561691995,0.2945243112739994,0.8851069146098838,0.2171669484604366,0.2492100184902576,1.107540021692257,0.52390731472293,0.1032370623027513,0.3485113954652502,0.1036485253878313
0.4210777262745461,-0.16988837225830958,-0.4640291883353377,0.018791264651596317,0.5863641561691995,0.2945243112739994,0.8851069146098838,0.2177287494949361,0.2475369598097833,1.108755549541815,0.5234351789614436,0.1035968495828307,0.3490162693823684,0.1035851363422326
0.4210777262745461,-0.16988837225830958,-0.4640291883353377,0.018791264651596317,0.5863641561691995,0.2945243112739994,0.8851069146098838,0.2182905505294356,0.2458639011293091,1.109971077391373,0.5229630431999572,0.1039566368629101,0.3495211432994864,0.1035217472966338
0.4210777262745461,-0.16988837225830958,-0.4640291883353377,0.018791264651596317,0.5863641561691995,0.2945243112739994,0.8851069146098838,0.2188523515639351,0.2441908424488348,1.1111866052409305,0.5224909074384709,0.1043164241429895,0.3500260172166046,0.1034583582510351
0.4210777262745461,-0.16988837225830958,-0.4640291883353377,0.018791264651596317,0.5863641561691995,0.2945243112739994,0.8851069146098838,0.2194141525984346,0.2425177837683605,1.112402133090488,0.5220187716769845,0.1046762114230689,0.3505308911337227,0.1033949692054363
0.4210777262745461,-0.16988837225830958,-0.4640291883353377,0.018791264651596317,0.5863641561691995,0.2945243112739994,0.8851069146098838,0.2199759536329341,0.2408447250878863,1.113617660940046,0.5215466359154982,0.1050359987031483,0.3510357650508409,0.1033315801598376
0.4210777262745461,-0.16988837225830958,-0.4640291883353377,0.018791264651596317,0.5863641561691995,0.2945243112739994,0.8851069146098838,0.2205377546674336,0.2391716664074121,1.114833188789604,0.5210745001540119,0.1053957859832277,0.351540638967959,0.1032681911142388
0.4210777262745461,-0.16988837225830958,-0.4640291883353377,0.018791264651596317,0.5863641561691995,0.2945243112739994,0.8851069146098838,0.2210995557019331,0.2374986077269378,1.1160487166391615,0.5206023643925255,0.1057555732633071,0.3520455128850772,0.1032048020686401
0.4210777262745461,-0.16988837225830958,-0.4640291883353377,0.018791264651596317,0.5863641561691995,0.2945243112739994,0.8851069146098838,0.2216613567364326,0.2358255490464635,1.1172642444887193,0.5201302286310392,0.1061153605433866,0.3525503868021954,0.1031414130230414
0.4210777262745461,-0.16988837225830958,-0.4640291883353377,0.018791264651596317,0.5863641561691995,0.2945243112739994,0.8851069146098838,0.2222231577709321,0.2341524903659893,1.1184797723382771,0.5196580928695529,0.106475147823466,0.3530552607193135,0.1030780239774426
0.4210777262745461,-0.16988837225830958,-0.4640291883353377,0.018791264651596317,0.5863641561691995,0.2945243112739994,0.8851069146098838,0.2227849588054316,0.232479431685515,1.1196953001878347,0.5191859571080666,0.1068349351035454,0.3535601346364316,0.1030146349318439
0.4210777262745461,-0.16988837225830958,-0.4640291883353377,0.018791264651596317,0.5863641561691995,0.2945243112739994,0.8851069146098838,0.2233467598399311,0.2308063730050408,1.1209108280373925,0.5187138213465802,0.1071947223836248,0.3540650085535498,0.1029512458862451
0.4210777262745461,-0.16988837225830958,-0.4640291883353377,0.018791264651596317,0.5863641561691995,0.2945243112739994,0.8851069146098838,0.2239085608744306,0.2291333143245665,1.1221263558869503,0.5182416855850939,0.1075545096637042,0.3545698824706679,0.1028878568406464
0.4210777262745461,-0.16988837225830958,-0.4640291883353377,0.018791264651596317,0.5863641561691995,0.2945243112739994,0.8851069146098838,0.2244703619089301,0.2274602556440923,1.123341883736508,0.5177695498236076,0.1079142969437836,0.3550747563877861,0.1028244677950477
0.4210777262745461,-0.16988837225830958,-0.4640291883353377,0.018791264651596317,0.5863641561691995,0.2945243112739994,0.8851069146098838,0.2250321629434296,0.225787196963618,1.1245574115860657,0.5172974140621212,0.108274084223863,0.3555796303049042,0.1027610787494489
0.4210777262745461,-0.16988837225830958,-0.4640291883353377,0.018791264651596317,0.5863641561691995,0.2945243112739994,0.8851069146098838,0.225593963977929,0.2241141382831437,1.1257729394356235,0.5168252783006348,0.1086338715039424,0.3560845042220223,0.1026976897038502
0.4210777262745461,-0.16988837225830958,-0.4640291883353377,0.018791264651596317,0.5863641561691995,0.2945243112739994,0.8851069146098838,0.2261557650124285,0.2224410796026695,1.126988467285181,0.5163531425391485,0.1089936587840218,0.3565893781391405,0.1026343006582514
0.4210777262745461,-0.16988837225830958,-0.4640291883353377,0.018791264651596317,0.5863641561691995,0.2945243112739994,0.8851069146098838,0.226717566046928,0.2207680209221952,1.128203995134739,0.5158810067776621,0.1093534460641012,0.3570942520562586,0.1025709116126527
0.4210777262745461,-0.16988837225830958,-0.4640291883353377,0.018791264651596317,0.5863641561691995,0.2945243112739994,0.8851069146098838,0.2272793670814276,0.219094962241721,1.1294195229842967,0.5154088710161758,0.1097132333441806,0.3575991259733768,0.1025075225670539
0.4210777262745461,-0.16988837225830958,-0.4640291883353377,0.018791264651596317,0.5863641561691995,0.2945243112739994,0.8851069146098838,0.227841168115927,0.2174219035612467,1.1306350508338543,0.5149367352546895,0.1100730206242601,0.3581039998904949,0.1024441335214552
0.4210777262745461,-0.16988837225830958,-0.4640291883353377,0.018791264651596317,0.5863641561691995,0.2945243112739994,0.8851069146098838,0.2284029691504265,0.2157488448807724,1.1318505786834123,0.5144645994932031,0.1104328079043395,0.3586088738076131,0.1023807444758565
0.4210777262745461,-0.16988837225830958,-0.4640291883353377,0.018791264651596317,0.5863641561691995,0.2945243112739994,0.8851069146098838,0.228964770184926,0.2140757862002982,1.13306610653297,0.5139924637317168,0.1107925951844189,0.3591137477247312,0.1023173554302577
0.4210777262745461,-0.16988837225830958,-0.4640291883353377,0.018791264651596317,0.5863641561691995,0.2945243112739994,0.8851069146098838,0.2295265712194255,0.212402727519824,1.134281634382528,0.5135203279702305,0.1111523824644983,0.3596186216418494,0.102253966384659
0.4210777262745461,-0.16988837225830958,-0.4640291883353377,0.018791264651596317,0.5863641561691995,0.2945243112739994,0.8851069146098838,0.230088372253925,0.2107296688393497,1.1354971622320855,0.5130481922087441,0.1115121697445777,0.3601234955589675,0.1021905773390602
0.4210777262745461,-0.16988837225830958,-0.4640291883353377,0.018791264651596317,0.5863641561691995,0.2945243112739994,0.8851069146098838,0.2306501732884245,0.2090566101588755,1.136712690081643,0.5125760564472579,0.1118719570246571,0.3606283694760857,0.1021271882934615
0.4210777262745461,-0.16988837225830958,-0.4640291883353377,0.018791264651596317,0.5863641561691995,0.2945243112739994,0.8851069146098838,0.231211974322924,0.2073835514784012,1.137928217931201,0.5121039206857715,0.1122317443047365,0.3611332433932038,0.1020637992478627
0.4210777262745461,-0.16988837225830958,-0.4640291883353377,0.018791264651596317,0.5863641561691995,0.2945243112739994,0.8851069146098838,0.2317737753574235,0.205710492797927,1.139143745780759,0.5116317849242852,0.1125915315848159,0.3616381173103219,0.102000410202264
0.4210777262745461,-0.16988837225830958,-0.4640291883353377,0.018791264651596317,0.5863641561691995,0.2945243112739994,0.8851069146098838,0.232335576391923,0.2040374341174527,1.1403592736303163,0.5111596491627988,0.1129513188648953,0.3621429912274401,0.1019370211566653
0.4210777262745461,-0.16988837225830958,-0.4640291883353377,0.018791264651596317,0.5863641561691995,0.2945243112739994,0.8851069146098838,0.2328973774264225,0.2023643754369784,1.1415748014798743,0.5106875134013125,0.1133111061449747,0.3626478651445582,0.1018736321110665
0.4210777262745461,-0.16988837225830958,-0.4640291883353377,0.018791264651596317,0.5863641561691995,0.2945243112739994,0.8851069146098838,0.233459178460922,0.2006913167565041,1.142790329329432,0.510215377639826,0.1136708934250541,0.3631527390616764,0.1018102430654678
0.4210777262745461,-0.16988837225830958,-0.4640291883353377,0.018791264651596317,0.5863641561691995,0.2945243112739994,0.8851069146098838,0.2340209794954215,0.1990182580760299,1.14400585717899,0.5097432418783397,0.1140306807051336,0.3636576129787945,0.101746854019869
0.4210777262745461,-0.16988837225830958,-0.4640291883353377,0.018791264651596317,0.5863641561691995,0.2945243112739994,0.8851069146098838,0.234582780529921,0.1973451993955556,1.1452213850285475,0.5092711061168533,0.114390467985213,0.3641624868959127,0.1016834649742703
0.4210777262745461,-0.16988837225830958,-0.4640291883353377,0.018791264651596317,0.5863641561691995,0.2945243112739994,0.8851069146098838,0.2351445815644205,0.1956721407150814,1.1464369128781051,0.5087989703553671,0.1147502552652924,0.3646673608130308,0.1016200759286716
0.4210777262745461,-0.16988837225830958,-0.4640291883353377,0.018791264651596317,0.5863641561691995,0.2945243112739994,0.8851069146098838,0.23570638259892,0.1939990820346071,1.1476524407276631,0.5083268345938807,0.1151100425453718,0.3651722347301489,0.1015566868830728
0.4210777262745461,-0.16988837225830958,-0.4640291883353377,0.018791264651596317,0.5863641561691995,0.2945243112739994,0.8851069146098838,0.2362681836334195,0.1923260233541329,1.1488679685772207,0.5078546988323944,0.1154698298254512,0.3656771086472671,0.1014932978374741
0.4210777262745461,-0.16988837225830958,-0.4640291883353377,0.018791264651596317,0.5863641561691995,0.2945243112739994,0.8851069146098838,0.236829984667919,0.1906529646736586,1.1500834964267783,0.5073825630709081,0.1158296171055306,0.3661819825643853,0.1014299087918753
0.4210777262745461,-0.16988837225830958,-0.4640291883353377,0.018791264651596317,0.5863641561691995,0.2945243112739994,0.8851069146098838,0.2373917857024185,0.1889799059931844,1.1512990242763363,0.5069104273094217,0.11618940438561,0.3666868564815034,0.1013665197462766
0.4210777262745461,-0.16988837225830958,-0.4640291883353377,0.018791264651596317,0.5863641561691995,0.2945243112739994,0.8851069146098838,0.237953586736918,0.1873068473127101,1.1525145521258942,0.5064382915479354,0.1165491916656894,0.3671917303986215,0.1013031307006778
0.4210777262745461,-0.16988837225830958,-0.4640291883353377,0.018791264651596317,0.5863641561691995,0.2945243112739994,0.8851069146098838,0.2385153877714175,0.1856337886322359,1.153730079975452,0.505966155786449,0.1169089789457688,0.3676966043157397,0.1012397416550791
0.4210777262745461,-0.16988837225830958,-0.4640291883353377,0.018791264651596317,0.5863641561691995,0.2945243112739994,0.8851069146098838,0.239077188805917,0.1839607299517616,1.1549456078250095,0.5054940200249627,0.1172687662258482,0.3682014782328578,0.1011763526094804
0.4210777262745461,-0.16988837225830958,-0.4640291883353377,0.018791264651596317,0.5863641561691995,0.2945243112739994,0.8851069146098838,0.2396389898404165,0.1822876712712873,1.1561611356745674,0.5050218842634764,0.1176285535059276,0.368706352149976,0.1011129635638816
0.4210777262745461,-0.16988837225830958,-0.4640291883353377,0.018791264651596317,0.5863641561691995,0.2945243112739994,0.8851069146098838,0.240200790874916,0.1806146125908131,1.1573766635241252,0.5045497485019901,0.117988340786007,0.3692112260670941,0.1010495745182829
0.4210777262745461,-0.16988837225830958,-0.4640291883353377,0.018791264651596317,0.5863641561691995,0.2945243112739994,0.8851069146098838,0.2407625919094155,0.1789415539103388,1.1585921913736827,0.5040776127405038,0.1183481280660865,0.3697160999842123,0.1009861854726841
0.4210777262745461,-0.16988837225830958,-0.4640291883353377,0.018791264651596317,0.5863641561691995,0.2945243112739994,0.8851069146098838,0.241324392943915,0.1772684952298646,1.1598077192232406,0.5036054769790174,0.1187079153461659,0.3702209739013304,0.1009227964270854
0.4210777262745461,-0.16988837225830958,-0.4640291883353377,0.018791264651596317,0.5863641561691995,0.2945243112739994,0.8851069146098838,0.2418861939784145,0.1755954365493903,1.1610232470727984,0.5031333412175311,0.1190677026262453,0.3707258478184485,0.1008594073814866
0.4210777262745461,-0.16988837225830958,-0.4640291883353377,0.018791264651596317,0.5863641561691995,0.2945243112739994,0.8851069146098838,0.2424479950129139,0.173922377868916,1.1622387749223562,0.5026612054560446,0.1194274899063247,0.3712307217355667,0.1007960183358879
0.4210777262745461,-0.16988837225830958,-0.4640291883353377,0.018791264651596317,0.5863641561691995,0.2945243112739994,0.8851069146098838,0.2430097960474135,0.1722493191884418,1.163454302771914,0.5021890696945583,0.1197872771864041,0.3717355956526849,0.1007326292902892
0.4210777262745461,-0.16988837225830958,-0.4640291883353377,0.018791264651596317,0.5863641561691995,0.2945243112739994,0.8851069146098838,0.2435715970819129,0.1705762605079676,1.1646698306214716,0.501716933933072,0.1201470644664835,0.372240469569803,0.1006692402446904
0.4210777262745461,-0.16988837225830958,-0.4640291883353377,0.018791264651596317,0.5863641561691995,0.2945243112739994,0.8851069146098838,0.2441333981164125,0.1689032018274933,1.1658853584710294,0.5012447981715856,0.1205068517465629,0.3727453434869211,0.1006058511990917
0.4210777262745461,-0.16988837225830958,-0.4640291883353377,0.018791264651596317,0.5863641561691995,0.2945243112739994,0.8851069146098838,0.2446951991509119,0.167230143147019,1.1671008863205872,0.5007726624100994,0.1208666390266423,0.3732502174040393,0.100542462153493
0.4210777262745461,-0.16988837225830958,-0.4640291883353377,0.018791264651596317,0.5863641561691995,0.2945243112739994,0.8851069146098838,0.2452570001854114,0.1655570844665447,1.1683164141701448,0.500300526648613,0.1212264263067217,0.3737550913211573,0.1004790731078942
0.4210777262745461,-0.16988837225830958,-0.4640291883353377,0.018791264651596317,0.5863641561691995,0.2945243112739994,0.8851069146098838,0.2458188012199109,0.1638840257860705,1.1695319420197028,0.4998283908871267,0.1215862135868011,0.3742599652382756,0.1004156840622955
0.4210777262745461,-0.16988837225830958,-0.4640291883353377,0.018791264651596317,0.5863641561691995,0.2945243112739994,0.8851069146098838,0.2463806022544104,0.1622109671055962,1.1707474698692604,0.4993562551256403,0.1219460008668806,0.3747648391553937,0.1003522950166967
0.4210777262745461,-0.16988837225830958,-0.4640291883353377,0.018791264651596317,0.5863641561691995,0.2945243112739994,0.8851069146098838,0.2469424032889099,0.160537908425122,1.1719629977188182,0.498884119364154,0.12230578814696,0.3752697130725119,0.100288905971098
0.4210777262745461,-0.16988837225830958,-0.4640291883353377,0.018791264651596317,0.5863641561691995,0.2945243112739994,0.8851069146098838,0.2475042043234094,0.1588648497446477,1.173178525568376,0.4984119836026676,0.1226655754270394,0.3757745869896299,0.1002255169254992
0.4210777262745461,-0.16988837225830958,-0.4640291883353377,0.018791264651596317,0.5863641561691995,0.2945243112739994,0.8851069146098838,0.2480660053579089,0.1571917910641735,1.1743940534179338,0.4979398478411813,0.1230253627071188,0.3762794609067482,0.1001621278799005
0.4210777262745461,-0.16988837225830958,-0.4640291883353377,0.018791264651596317,0.5863641561691995,0.2945243112739994,0.8851069146098838,0.2486278063924084,0.1555187323836992,1.1756095812674912,0.4974677120796949,0.1233851499871982,0.3767843348238663,0.1000987388343017
0.4210777262745461,-0.16988837225830958,-0.4640291883353377,0.018791264651596317,0.5863641561691995,0.2945243112739994,0.8851069146098838,0.2491896074269079,0.153845673703225,1.1768251091170492,0.4969955763182087,0.1237449372672776,0.3772892087409845,0.100035349788703
0.4210777262745461,-0.16988837225830958,-0.4640291883353377,0.018791264651596317,0.5863641561691995,0.2945243112739994,0.8851069146098838,0.2497514084614074,0.1521726150227507,1.1780406369666068,0.4965234405567222,0.124104724547357,0.3777940826581025,0.0999719607431043
0.4210777262745461,-0.16988837225830958,-0.4640291883353377,0.018791264651596317,0.5863641561691995,0.2945243112739994,0.8851069146098838,0.2503132094959069,0.1504995563422765,1.1792561648161648,0.4960513047952359,0.1244645118274364,0.3782989565752207,0.0999085716975055
0.4210777262745461,-0.16988837225830958,-0.4640291883353377,0.018791264651596317,0.5863641561691995,0.2945243112739994,0.8851069146098838,0.2508750105304064,0.1488264976618022,1.1804716926657224,0.4955791690337496,0.1248242991075158,0.3788038304923388,0.0998451826519068
0.4210777262745461,-0.16988837225830958,-0.4640291883353377,0.018791264651596317,0.5863641561691995,0.2945243112739994,0.8851069146098838,0.2514368115649059,0.147153438981328,1.1816872205152802,0.4951070332722632,0.1251840863875952,0.379308704409457,0.099781793606308
0.4210777262745461,-0.16988837225830958,-0.4640291883353377,0.018791264651596317,0.5863641561691995,0.2945243112739994,0.8851069146098838,0.2519986125994054,0.1454803803008537,1.182902748364838,0.4946348975107769,0.1255438736676747,0.3798135783265751,0.0997184045607093
0.4210777262745461,-0.16988837225830958,-0.4640291883353377,0.018791264651596317,0.5863641561691995,0.2945243112739994,0.8851069146098838,0.2525604136339049,0.1438073216203794,1.1841182762143956,0.4941627617492906,0.1259036609477541,0.3803184522436933,0.0996550155151105
0.4210777262745461,-0.16988837225830958,-0.4640291883353377,0.018791264651596317,0.5863641561691995,0.2945243112739994,0.8851069146098838,0.2531222146684044,0.1421342629399052,1.1853338040639534,0.4936906259878042,0.1262634482278335,0.3808233261608114,0.0995916264695118
0.4210777262745461,-0.16988837225830958,-0.4640291883353377,0.018791264651596317,0.5863641561691995,0.2945243112739994,0.8851069146098838,0.2536840157029039,0.1404612042594309,1.1865493319135112,0.4932184902263179,0.1266232355079129,0.3813282000779295,0.0995282374239131
0.4210777262745461,-0.16988837225830958,-0.4640291883353377,0.018791264651596317,0.5863641561691995,0.2945243112739994,0.8851069146098838,0.2542458167374034,0.1387881455789567,1.187764859763069,0.4927463544648316,0.1269830227879923,0.3818330739950477,0.0994648483783143
0.4210777262745461,-0.16988837225830958,-0.4640291883353377,0.018791264651596317,0.5863641561691995,0.2945243112739994,0.8851069146098838,0.2548076177719029,0.1371150868984824,1.1889803876126268,0.4922742187033452,0.1273428100680717,0.3823379479121659,0.0994014593327156
0.4210777262745461,-0.16988837225830958,-0.4640291883353377,0.018791264651596317,0.5863641561691995,0.2945243112739994,0.8851069146098838,0.2553694188064024,0.1354420282180082,1.1901959154621844,0.4918020829418589,0.1277025973481511,0.382842821829284,0.0993380702871168
0.4210777262745461,-0.16988837225830958,-0.4640291883353377,0.018791264651596317,0.5863641561691995,0.2945243112739994,0.8851069146098838,0.2559312198409019,0.1337689695375339,1.1914114433117422,0.4913299471803726,0.1280623846282305,0.3833476957464021,0.0992746812415181
0.4210777262745461,-0.16988837225830958,-0.4640291883353377,0.018791264651596317,0.5863641561691995,0.2945243112739994,0.8851069146098838,0.2564930208754014,0.1320959108570596,1.1926269711613,0.4908578114188862,0.1284221719083099,0.3838525696635203,0.0992112921959194
0.4210777262745461,-0.16988837225830958,-0.4640291883353377,0.018791264651596317,0.5863641561691995,0.2945243112739994,0.8851069146098838,0.2570548219099009,0.1304228521765854,1.1938424990108576,0.4903856756573999,0.1287819591883893,0.3843574435806384,0.0991479031503206
0.4210777262745461,-0.16988837225830958,-0.4640291883353377,0.018791264651596317,0.5863641561691995,0.2945243112739994,0.8851069146098838,0.2576166229444003,0.1287497934961111,1.1950580268604156,0.4899135398959136,0.1291417464684688,0.3848623174977565,0.0990845141047219
0.4210777262745461,-0.16988837225830958,-0.4640291883353377,0.018791264651596317,0.5863641561691995,0.2945243112739994,0.8851069146098838,0.2581784239788999,0.1270767348156369,1.1962735547099732,0.4894414041344271,0.1295015337485482,0.3853671914148747,0.0990211250591231
0.4210777262745461,-0.16988837225830958,-0.4640291883353377,0.018791264651596317,0.5863641561691995,0.2945243112739994,0.8851069146098838,0.2587402250133994,0.1254036761351626,1.197489082559531,0.4889692683729408,0.1298613210286276,0.3858720653319929,0.0989577360135244
0.4210777262745461,-0.16988837225830958,-0.4640291883353377,0.018791264651596317,0.5863641561691995,0.2945243112739994,0.8851069146098838,0.2593020260478988,0.1237306174546883,1.1987046104090888,0.4884971326114545,0.130221108308707,0.386376939249111,0.0988943469679256
0.4210777262745461,-0.16988837225830958,-0.4640291883353377,0.018791264651596317,0.5863641561691995,0.2945243112739994,0.8851069146098838,0.2598638270823984,0.1220575587742141,1.1999201382586464,0.4880249968499682,0.1305808955887864,0.3868818131662291,0.0988309579223269
0.4210777262745461,-0.16988837225830958,-0.4640291883353377,0.018791264651596317,0.5863641561691995,0.2945243112739994,0.8851069146098838,0.2604256281168978,0.1203845000937398,1.2011356661082042,0.4875528610884818,0.1309406828688658,0.3873866870833473,0.0987675688767281
0.4210777262745461,-0.16988837225830958,-0.4640291883353377,0.018791264651596317,0.5863641561691995,0.2945243112739994,0.8851069146098838,0.2609874291513974,0.1187114414132656,1.202351193957762,0.4870807253269955,0.1313004701489452,0.3878915610004654,0.0987041798311294
0.4210777262745461,-0.16988837225830958,-0.4640291883353377,0.018791264651596317,0.5863641561691995,0.2945243112739994,0.8851069146098838,0.2615492301858968,0.1170383827327913,1.2035667218073196,0.4866085895655092,0.1316602574290246,0.3883964349175836,0.0986407907855307
0.4210777262745461,-0.16988837225830958,-0.4640291883353377,0.018791264651596317,0.5863641561691995,0.2945243112739994,0.8851069146098838,0.2621110312203963,0.1153653240523171,1.2047822496568776,0.4861364538040228,0.132020044709104,0.3889013088347017,0.0985774017399319
0.4210777262745461,-0.16988837225830958,-0.4640291883353377,0.018791264651596317,0.5863641561691995,0.2945243112739994,0.8851069146098838,0.2626728322548958,0.1136922653718428,1.2059977775064352,0.4856643180425365,0.1323798319891834,0.3894061827518199,0.0985140126943332
0.4210777262745461,-0.16988837225830958,-0.4640291883353377,0.018791264651596317,0.5863641561691995,0.2945243112739994,0.8851069146098838,0.2632346332893953,0.1120192066913685,1.207213305355993,0.4851921822810502,0.1327396192692628,0.389911056668938,0.0984506236487344
0.4210777262745461,-0.16988837225830958,-0.4640291883353377,0.018791264651596317,0.5863641561691995,0.2945243112739994,0.8851069146098838,0.2637964343238949,0.1103461480108943,1.2084288332055508,0.4847200465195638,0.1330994065493423,0.3904159305860561,0.0983872346031357
0.4210777262745461,-0.16988837225830958,-0.4640291883353377,0.018791264651596317,0.5863641561691995,0.2945243112739994,0.8851069146098838,0.2643582353583943,0.10867308933042,1.2096443610551084,0.4842479107580775,0.1334591938294216,0.3909208045031743,0.098323845557537
0.4210777262745461,-0.16988837225830958,-0.4640291883353377,0.018791264651596317,0.5863641561691995,0.2945243112739994,0.8851069146098838,0.2649200363928938,0.1070000306499458,1.2108598889046662,0.4837757749965911,0.1338189811095011,0.3914256784202924,0.0982604565119382
0.4210777262745461,-0.16988837225830958,-0.4640291883353377,0.018791264651596317,0.5863641561691995,0.2945243112739994,0.8851069146098838,0.2654818374273933,0.1053269719694715,1.212075416754224,0.4833036392351048,0.1341787683895805,0.3919305523374106,0.0981970674663395
0.4210777262745461,-0.16988837225830958,-0.4640291883353377,0.018791264651596317,0.5863641561691995,0.2945243112739994,0.8851069146098838,0.2660436384618928,0.1036539132889973,1.2132909446037818,0.4828315034736185,0.1345385556696599,0.3924354262545287,0.0981336784207407
0.4210777262745461,-0.16988837225830958,-0.4640291883353377,0.018791264651596317,0.5863641561691995,0.2945243112739994,0.8851069146098838,0.2666054394963923,0.101980854608523,1.2145064724533394,0.4823593677121321,0.1348983429497393,0.3929403001716469,0.098070289375142
0.4210777262745461,-0.16988837225830958,-0.4640291883353377,0.018791264651596317,0.5863641561691995,0.2945243112739994,0.8851069146098838,0.2671672405308918,0.1003077959280487,1.2157220003028972,0.4818872319506458,0.1352581302298187,0.393445174088765,0.0980069003295432
0.4210777262745461,-0.16988837225830958,-0.4640291883353377,0.018791264651596317,0.5863641561691995,0.2945243112739994,0.8851069146098838,0.2677290415653913,0.0986347372475745,1.216937528152455,0.4814150961891594,0.1356179175098981,0.3939500480058832,0.0979435112839445
0.4210777262745461,-0.16988837225830958,-0.4640291883353377,0.018791264651596317,0.5863641561691995,0.2945243112739994,0.8851069146098838,0.2682908425998908,0.0969616785671002,1.2181530560020128,0.4809429604276731,0.1359777047899775,0.3944549219230013,0.0978801222383458
0.4210777262745461,-0.16988837225830958,-0.4640291883353377,0.018791264651596317,0.5863641561691995,0.2945243112739994,0.8851069146098838,0.2688526436343903,0.095288619886626,1.2193685838515709,0.4804708246661868,0.1363374920700569,0.3949597958401195,0.097816733192747
0.4210777262745461,-0.16988837225830958,-0.4640291883353377,0.018791264651596317,0.5863641561691995,0.2945243112739994,0.8851069146098838,0.2694144446688898,0.0936155612061517,1.2205841117011282,0.4799986889047004,0.1366972793501363,0.3954646697572376,0.0977533441471483
0.4210777262745461,-0.16988837225830958,-0.4640291883353377,0.018791264651596317,0.5863641561691995,0.2945243112739994,0.8851069146098838,0.2699762457033893,0.0919425025256774,1.221799639550686,0.4795265531432141,0.1370570666302157,0.3959695436743558,0.0976899551015495
0.4210777262745461,-0.16988837225830958,-0.4640291883353377,0.018791264651596317,0.5863641561691995,0.2945243112739994,0.8851069146098838,0.2705380467378888,0.0902694438452032,1.223015167400244,0.4790544173817277,0.1374168539102952,0.3964744175914739,0.0976265660559508
0.4210777262745461,-0.16988837225830958,-0.4640291883353377,0.018791264651596317,0.5863641561691995,0.2945243112739994,0.8851069146098838,0.2710998477723882,0.0885963851647289,1.2242306952498017,0.4785822816202414,0.1377766411903746,0.396979291508592,0.0975631770103521
0.4210777262745461,-0.16988837225830958,-0.4640291883353377,0.018791264651596317,0.5863641561691995,0.2945243112739994,0.8851069146098838,0.2716616488068878,0.0869233264842547,1.2254462230993592,0.4781101458587551,0.138136428470454,0.3974841654257102,0.0974997879647533
0.4210777262745461,-0.16988837225830958,-0.4640291883353377,0.018791264651596317,0.5863641561691995,0.2945243112739994,0.8851069146098838,0.2722234498413873,0.0852502678037804,1.226661750948917,0.4776380100972687,0.1384962157505334,0.3979890393428283,0.0974363989191546
0.4210777262745461,-0.16988837225830958,-0.4640291883353377,0.018791264651596317,0.5863641561691995,0.2945243112739994,0.8851069146098838,0.2727852508758868,0.0835772091233062,1.2278772787984749,0.4771658743357824,0.1388560030306128,0.3984939132599464,0.0973730098735558
0.4210777262745461,-0.16988837225830958,-0.4640291883353377,0.018791264651596317,0.5863641561691995,0.2945243112739994,0.8851069146098838,0.2733470519103863,0.0819041504428319,1.2290928066480324,0.4766937385742961,0.1392157903106922,0.3989987871770646,0.0973096208279571
0.4210777262745461,-0.16988837225830958,-0.4640291883353377,0.018791264651596317,0.5863641561691995,0.2945243112739994,0.8851069146098838,0.2739088529448857,0.0802310917623576,1.2303083344975905,0.4762216028128097,0.1395755775907716,0.3995036610941828,0.0972462317823583
0.4210777262745461,-0.16988837225830958,-0.4640291883353377,0.018791264651596317,0.5863641561691995,0.2945243112739994,0.8851069146098838,0.2744706539793853,0.0785580330818834,1.231523862347148,0.4757494670513233,0.139935364870851,0.4000085350113009,0.0971828427367596
0.4210777262745461,-0.16988837225830958,-0.4640291883353377,0.018791264651596317,0.5863641561691995,0.2945243112739994,0.8851069146098838,0.2750324550138847,0.0768849744014091,1.232739390196706,0.475277331289837,0.1402951521509304,0.4005134089284191,0.0971194536911609
0.4210777262745461,-0.16988837225830958,-0.4640291883353377,0.018791264651596317,0.5863641561691995,0.2945243112739994,0.8851069146098838,0.2755942560483843,0.0752119157209349,1.2339549180462637,0.4748051955283507,0.1406549394310098,0.4010182828455372,0.0970560646455621
0.4210777262745461,-0.16988837225830958,-0.4640291883353377,0.018791264651596317,0.5863641561691995,0.2945243112739994,0.8851069146098838,0.2761560570828837,0.0735388570404606,1.2351704458958213,0.4743330597668643,0.1410147267110892,0.4015231567626553,0.0969926755999634
0.4210777262745461,-0.16988837225830958,-0.4640291883353377,0.018791264651596317,0.5863641561691995,0.2945243112739994,0.8851069146098838,0.2767178581173832,0.0718657983599864,1.236385973745379,0.473860924005378,0.1413745139911687,0.4020280306797734,0.0969292865543646
0.4210777262745461,-0.16988837225830958,-0.4640291883353377,0.018791264651596317,0.5863641561691995,0.2945243112739994,0.8851069146098838,0.2772796591518827,0.0701927396795121,1.2376015015949369,0.4733887882438917,0.1417343012712481,0.4025329045968916,0.0968658975087659
0.4210777262745461,-0.16988837225830958,-0.4640291883353377,0.018791264651596317,0.5863641561691995,0.2945243112739994,0.8851069146098838,0.2778414601863822,0.0685196809990379,1.2388170294444945,0.4729166524824053,0.1420940885513275,0.4030377785140098,0.0968025084631672
0.4210777262745461,-0.16988837225830958,-0.4640291883353377,0.018791264651596317,0.5863641561691995,0.2945243112739994,0.8851069146098838,0.2784032612208817,0.0668466223185636,1.2400325572940525,0.472444516720919,0.1424538758314069,0.4035426524311279,0.0967391194175684
0.4210777262745461,-0.16988837225830958,-0.4640291883353377,0.018791264651596317,0.5863641561691995,0.2945243112739994,0.8851069146098838,0.2789650622553812,0.0651735636380894,1.24124808514361,0.4719723809594326,0.1428136631114863,0.404047526348246,0.0966757303719697
0.4210777262745461,-0.16988837225830958,-0.4640291883353377,0.018791264651596317,0.5863641561691995,0.2945243112739994,0.8851069146098838,0.2795268632898807,0.0635005049576151,1.242463612993168,0.4715002451979463,0.1431734503915657,0.4045524002653642,0.0966123413263709
0.4210777262745461,-0.16988837225830958,-0.4640291883353377,0.018791264651596317,0.5863641561691995,0.2945243112739994,0.8851069146098838,0.2800886643243802,0.0618274462771408,1.2436791408427257,0.47102810943646,0.1435332376716451,0.4050572741824824,0.0965489522807722
0.4210777262745461,-0.16988837225830958,-0.4640291883353377,0.018791264651596317,0.5863641561691995,0.2945243112739994,0.8851069146098838,0.2806504653588797,0.0601543875966666,1.2448946686922833,0.4705559736749736,0.1438930249517245,0.4055621480996005,0.0964855632351734
0.4210777262745461,-0.16988837225830958,-0.4640291883353377,0.018791264651596317,0.5863641561691995,0.2945243112739994,0.8851069146098838,0.2812122663933792,0.0584813289161923,1.246110196541841,0.4700838379134873,0.1442528122318039,0.4060670220167186,0.0964221741895747
0.4210777262745461,-0.16988837225830958,-0.4640291883353377,0.018791264651596317,0.5863641561691995,0.2945243112739994,0.8851069146098838,0.2817740674278787,0.0568082702357181,1.2473257243913989,0.469611702152001,0.1446125995118833,0.4065718959338368,0.096358785143976
0.4210777262745461,-0.16988837225830958,-0.4640291883353377,0.018791264651596317,0.5863641561691995,0.2945243112739994,0.8851069146098838,0.2823358684623782,0.0551352115552438,1.2485412522409567,0.4691395663905146,0.1449723867919627,0.4070767698509549,0.0962953960983772
0.4210777262745461,-0.16988837225830958,-0.4640291883353377,0.018791264651596317,0.5863641561691995,0.2945243112739994,0.8851069146098838,0.2828976694968777,0.0534621528747695,1.2497567800905145,0.4686674306290283,0.1453321740720422,0.407581643768073,0.0962320070527785
0.4210777262745461,-0.16988837225830958,-0.4640291883353377,0.018791264651596317,0.5863641561691995,0.2945243112739994,0.8851069146098838,0.2834594705313772,0.0517890941942953,1.250972307940072,0.4681952948675419,0.1456919613521216,0.4080865176851912,0.0961686180071797
0.4210777262745461,-0.16988837225830958,-0.4640291883353377,0.018791264651596317,0.5863641561691995,0.2945243112739994,0.8851069146098838,0.2840212715658767,0.050116035513821,1.25218783578963,0.4677231591060556,0.146051748632201,0.4085913916023094,0.096105228961581
0.4210777262745461,-0.16988837225830958,-0.4640291883353377,0.018791264651596317,0.5863641561691995,0.2945243112739994,0.8851069146098838,0.2845830726003762,0.0484429768333468,1.2534033636391877,0.4672510233445693,0.1464115359122804,0.4090962655194275,0.0960418399159822
0.4210777262745461,-0.16988837225830958,-0.4640291883353377,0.018791264651596317,0.5863641561691995,0.2945243112739994,0.8851069146098838,0.2851448736348757,0.0467699181528725,1.2546188914887453,0.4667788875830829,0.1467713231923598,0.4096011394365456,0.0959784508703835
0.4210777262745461,-0.16988837225830958,-0.4640291883353377,0.018791264651596317,0.5863641561691995,0.2945243112739994,0.8851069146098838,0.2857066746693752,0.0450968594723982,1.2558344193383033,0.4663067518215966,0.1471311104724392,0.4101060133536638,0.0959150618247847
0.4210777262745461,-0.16988837225830958,-0.4640291883353377,0.018791264651596317,0.5863641561691995,0.2945243112739994,0.8851069146098838,0.2862684757038747,0.043423800791924,1.257049947187861,0.4658346160601103,0.1474908977525186,0.410610887270782,0.095851672779186
0.4210777262745461,-0.16988837225830958,-0.4640291883353377,0.018791264651596317,0.5863641561691995,0.2945243112739994,0.8851069146098838,0.2868302767383742,0.0417507421114497,1.2582654750374187,0.4653624802986239,0.147850685032598,0.4111157611879,0.0957882837335873
0.4210777262745461,-0.16988837225830958,-0.4640291883353377,0.018791264651596317,0.5863641561691995,0.2945243112739994,0.8851069146098838,0.2873920777728737,0.0400776834309755,1.2594810028869765,0.4648903445371376,0.1482104723126774,0.4116206351050182,0.0957248946879885
0.4210777262745461,-0.16988837225830958,-0.4640291883353377,0.018791264651596317,0.5863641561691995,0.2945243112739994,0.8851069146098838,0.2879538788073731,0.0384046247505012,1.260696530736534,0.4644182087756512,0.1485702595927568,0.4121255090221364,0.0956615056423898
0.4210777262745461,-0.16988837225830958,-0.4640291883353377,0.018791264651596317,0.5863641561691995,0.2945243112739994,0.8851069146098838,0.2885156798418727,0.036731566070027,1.261912058586092,0.4639460730141649,0.1489300468728363,0.4126303829392545,0.095598116596791
0.4210777262745461,-0.16988837225830958,-0.4640291883353377,0.018791264651596317,0.5863641561691995,0.2945243112739994,0.8851069146098838,0.2890774808763722,0.0350585073895527,1.2631275864356497,0.4634739372526786,0.1492898341529157,0.4131352568563726,0.0955347275511923
0.4210777262745461,-0.16988837225830958,-0.4640291883353377,0.018791264651596317,0.5863641561691995,0.2945243112739994,0.8851069146098838,0.2896392819108717,0.0333854487090785,1.2643431142852073,0.4630018014911923,0.1496496214329951,0.4136401307734908,0.0954713385055936
0.4210777262745461,-0.16988837225830958,-0.4640291883353377,0.018791264651596317,0.5863641561691995,0.2945243112739994,0.8851069146098838,0.2902010829453711,0.0317123900286042,1.265558642134765,0.4625296657297059,0.1500094087130745,0.4141450046906089,0.0954079494599948
0.4210777262745461,-0.16988837225830958,-0.4640291883353377,0.018791264651596317,0.5863641561691995,0.2945243112739994,0.8851069146098838,0.2907628839798707,0.03003933134813,1.266774169984323,0.4620575299682196,0.1503691959931539,0.414649878607727,0.0953445604143961
0.4210777262745461,-0.16988837225830958,-0.4640291883353377,0.018791264651596317,0.5863641561691995,0.2945243112739994,0.8851069146098838,0.2913246850143701,0.0283662726676557,1.2679896978338807,0.4615853942067332,0.1507289832732333,0.4151547525248452,0.0952811713687973
0.4210777262745461,-0.16988837225830958,-0.4640291883353377,0.018791264651596317,0.5863641561691995,0.2945243112739994,0.8851069146098838,0.2918864860488697,0.0266932139871814,1.2692052256834383,0.4611132584452468,0.1510887705533127,0.4156596264419634,0.0952177823231986
0.4210777262745461,-0.16988837225830958,-0.4640291883353377,0.018791264651596317,0.5863641561691995,0.2945243112739994,0.8851069146098838,0.2924482870833691,0.0250201553067072,1.270420753532996,0.4606411226837605,0.1514485578333921,0.4161645003590815,0.0951543932775998
0.4210777262745461,-0.16988837225830958,-0.4640291883353377,0.018791264651596317,0.5863641561691995,0.2945243112739994,0.8851069146098838,0.2930100881178686,0.0233470966262329,1.271636281382554,0.4601689869222742,0.1518083451134715,0.4166693742761996,0.0950910042320011
0.4210777262745461,-0.16988837225830958,-0.4640291883353377,0.018791264651596317,0.5863641561691995,0.2945243112739994,0.8851069146098838,0.2935718891523682,0.0216740379457587,1.2728518092321115,0.4596968511607878,0.1521681323935509,0.4171742481933178,0.0950276151864024
0.4210777262745461,-0.16988837225830958,-0.4640291883353377,0.018791264651596317,0.5863641561691995,0.2945243112739994,0.8851069146098838,0.2941336901868676,0.0200009792652844,1.2740673370816693,0.4592247153993015,0.1525279196736303,0.417679122110436,0.0949642261408036
0.4210777262745461,-0.16988837225830958,-0.4640291883353377,0.018791264651596317,0.5863641561691995,0.2945243112739994,0.8851069146098838,0.2946954912213672,0.0183279205848101,1.2752828649312271,0.4587525796378152,0.1528877069537098,0.4181839960275541,0.0949008370952049
0.4210777262745461,-0.16988837225830958,-0.4640291883353377,0.018791264651596317,0.5863641561691995,0.2945243112739994,0.8851069146098838,0.2952572922558666,0.0166548619043359,1.276498392780785,0.4582804438763289,0.1532474942337892,0.4186888699446722,0.0948374480496061
0.4210777262745461,-0.16988837225830958,-0.4640291883353377,0.018791264651596317,0.5863641561691995,0.2945243112739994,0.8851069146098838,0.2958190932903661,0.0149818032238616,1.277713920630343,0.4578083081148425,0.1536072815138686,0.4191937438617903,0.0947740590040074
0.4210777262745461,-0.16988837225830958,-0.4640291883353377,0.018791264651596317,0.5863641561691995,0.2945243112739994,0.8851069146098838,0.2963808943248656,0.0133087445433874,1.2789294484799003,0.4573361723533561,0.153967068793948,0.4196986177789085,0.0947106699584087
0.4210777262745461,-0.16988837225830958,-0.4640291883353377,0.018791264651596317,0.5863641561691995,0.2945243112739994,0.8851069146098838,0.2969426953593651,0.0116356858629131,1.280144976329458,0.4568640365918698,0.1543268560740274,0.4202034916960266,0.0946472809128099
0.4210777262745461,-0.16988837225830958,-0.4640291883353377,0.018791264651596317,0.5863641561691995,0.2945243112739994,0.8851069146098838,0.2975044963938646,0.0099626271824389,1.281360504179016,0.4563919008303835,0.1546866433541068,0.4207083656131448,0.0945838918672112
0.4210777262745461,-0.16988837225830958,-0.4640291883353377,0.018791264651596317,0.5863641561691995,0.2945243112739994,0.8851069146098838,0.2980662974283641,0.0082895685019646,1.2825760320285735,0.4559197650688972,0.1550464306341862,0.4212132395302629,0.0945205028216124
0.4210777262745461,-0.16988837225830958,-0.4640291883353377,0.018791264651596317,0.5863641561691995,0.2945243112739994,0.8851069146098838,0.2986280984628636,0.0066165098214903,1.2837915598781315,0.4554476293074108,0.1554062179142656,0.4217181134473811,0.0944571137760137
0.4210777262745461,-0.16988837225830958,-0.4640291883353377,0.018791264651596317,0.5863641561691995,0.2945243112739994,0.8851069146098838,0.2991898994973631,0.0049434511410161,1.2850070877276891,0.4549754935459245,0.155766005194345,0.4222229873644992,0.0943937247304149
0.4210777262745461,-0.16988837225830958,-0.4640291883353377,0.018791264651596317,0.5863641561691995,0.2945243112739994,0.8851069146098838,0.2997517005318626,0.0032703924605418,1.286222615577247,0.4545033577844382,0.1561257924744244,0.4227278612816174,0.0943303356848162
0.4210777262745461,-0.16988837225830958,-0.4640291883353377,0.018791264651596317,0.5863641561691995,0.2945243112739994,0.8851069146098838,0.3003135015663621,0.0015973337800676,1.2874381434268047,0.4540312220229518,0.1564855797545039,0.4232327351987355,0.0942669466392175
0.4210777262745461,-0.16988837225830958,-0.4640291883353377,0.018791264651596317,0.5863641561691995,0.2945243112739994,0.8851069146098838,0.3008753026008616,-7.572490040664431e-05,1.2886536712763623,0.4535590862614655,0.1568453670345833,0.4237376091158537,0.0942035575936187
0.4210777262745461,-0.16988837225830958,-0.4640291883353377,0.018791264651596317,0.5863641561691995,0.2945243112739994,0.8851069146098838,0.3014371036353611,-0.0017487835808809,1.2898691991259204,0.4530869504999791,0.1572051543146627,0.4242424830329718,0.09414016854802
0.4210777262745461,-0.16988837225830958,-0.4640291883353377,0.018791264651596317,0.5863641561691995,0.2945243112739994,0.8851069146098838,0.3019989046698605,-0.0034218422613551,1.291084726975478,0.4526148147384927,0.1575649415947421,0.4247473569500899,0.0940767795024212
0.4210777262745461,-0.16988837225830958,-0.4640291883353377,0.018791264651596317,0.5863641561691995,0.2945243112739994,0.8851069146098838,0.3025607057043601,-0.0050949009418294,1.2923002548250355,0.4521426789770064,0.1579247288748215,0.4252522308672081,0.0940133904568225
0.4210777262745461,-0.16988837225830958,-0.4640291883353377,0.018791264651596317,0.5863641561691995,0.2945243112739994,0.8851069146098838,0.3031225067388596,-0.0067679596223036,1.2935157826745936,0.4516705432155201,0.1582845161549009,0.4257571047843262,0.0939500014112238
0.4210777262745461,-0.16988837225830958,-0.4640291883353377,0.018791264651596317,0.5863641561691995,0.2945243112739994,0.8851069146098838,0.3036843077733591,-0.0084410183027778,1.2947313105241514,0.4511984074540338,0.1586443034349803,0.4262619787014444,0.093886612365625
0.4210777262745461,-0.16988837225830958,-0.4640291883353377,0.018791264651596317,0.5863641561691995,0.2945243112739994,0.8851069146098838,0.3042461088078586,-0.0101140769832521,1.295946838373709,0.4507262716925474,0.1590040907150597,0.4267668526185625,0.0938232233200263
0.4210777262745461,-0.16988837225830958,-0.4640291883353377,0.018791264651596317,0.5863641561691995,0.2945243112739994,0.8851069146098838,0.3048079098423581,-0.0117871356637264,1.2971623662232667,0.450254135931061,0.1593638779951391,0.4272717265356807,0.0937598342744275
0.4210777262745461,-0.16988837225830958,-0.4640291883353377,0.018791264651596317,0.5863641561691995,0.2945243112739994,0.8851069146098838,0.3053697108768575,-0.0134601943442006,1.2983778940728246,0.4497820001695747,0.1597236652752185,0.4277766004527988,0.0936964452288288
0.4210777262745461,-0.16988837225830958,-0.4640291883353377,0.018791264651596317,0.5863641561691995,0.2945243112739994,0.8851069146098838,0.3059315119113571,-0.0151332530246749,1.299593421922382,0.4493098644080884,0.160083452555298,0.428281474369917,0.09363305618323
0.4210777262745461,-0.16988837225830958,-0.4640291883353377,0.018791264651596317,0.5863641561691995,0.2945243112739994,0.8851069146098838,0.3064933129458566,-0.0168063117051491,1.3008089497719402,0.4488377286466021,0.1604432398353774,0.4287863482870351,0.0935696671376313
0.4210777262745461,-0.16988837225830958,-0.4640291883353377,0.018791264651596317,0.5863641561691995,0.2945243112739994,0.8851069146098838,0.307055113980356,-0.0184793703856234,1.3020244776214978,0.4483655928851157,0.1608030271154568,0.4292912222041533,0.0935062780920326
0.4210777262745461,-0.16988837225830958,-0.4640291883353377,0.018791264651596317,0.5863641561691995,0.2945243112739994,0.8851069146098838,0.3076169150148556,-0.0201524290660977,1.3032400054710556,0.4478934571236294,0.1611628143955362,0.4297960961212714,0.0934428890464338
0.4210777262745461,-0.16988837225830958,-0.4640291883353377,0.018791264651596317,0.5863641561691995,0.2945243112739994,0.8851069146098838,0.308178716049355,-0.0218254877465719,1.3044555333206134,0.4474213213621431,0.1615226016756156,0.4303009700383895,0.0933795000008351
0.4210777262745461,-0.16988837225830958,-0.4640291883353377,0.018791264651596317,0.5863641561691995,0.2945243112739994,0.8851069146098838,0.3087405170838546,-0.0234985464270462,1.305671061170171,0.4469491856006567,0.161882388955695,0.4308058439555077,0.0933161109552363
0.4210777262745461,-0.16988837225830958,-0.4640291883353377,0.018791264651596317,0.5863641561691995,0.2945243112739994,0.8851069146098838,0.309302318118354,-0.0251716051075204,1.306886589019729,0.4464770498391704,0.1622421762357744,0.4313107178726258,0.0932527219096376
0.4210777262745461,-0.16988837225830958,-0.4640291883353377,0.018791264651596317,0.5863641561691995,0.2945243112739994,0.8851069146098838,0.3098641191528535,-0.0268446637879947,1.3081021168692866,0.446004914077684,0.1626019635158538,0.431815591789744,0.0931893328640388
0.4210777262745461,-0.16988837225830958,-0.4640291883353377,0.018791264651596317,0.5863641561691995,0.2945243112739994,0.8851069146098838,0.3072484644926323,0.2633200591149984,1.3001362807326045,0.4483603479816178,0.1594240360669045,0.4290742579031765,0.0933276093769306
0.4210777262745461,-0.16988837225830958,-0.4640291883353377,0.018791264651596317,0.5863641561691995,0.2945243112739994,0.8851069146098838,0.3066920523984309,0.2628854977724575,1.2989661825668433,0.4488202699043729,0.1590794402189962,0.4285798334366223,0.0933882772258815
0.4210777262745461,-0.16988837225830958,-0.4640291883353377,0.018791264651596317,0.5863641561691995,0.2945243112739994,0.8851069146098838,0.3061356403042296,0.2624509364299167,1.297796084401082,0.449280191827128,0.1587348443710879,0.4280854089700681,0.0934489450748325
0.4210777262745461,-0.16988837225830958,-0.4640291883353377,0.018791264651596317,0.5863641561691995,0.2945243112739994,0.8851069146098838,0.3055792282100282,0.2620163750873758,1.2966259862353209,0.4497401137498831,0.1583902485231796,0.4275909845035139,0.0935096129237835
0.4210777262745461,-0.16988837225830958,-0.4640291883353377,0.018791264651596317,0.5863641561691995,0.2945243112739994,0.8851069146098838,0.3050228161158269,0.2615818137448349,1.2954558880695597,0.4502000356726382,0.1580456526752713,0.4270965600369596,0.0935702807727344
0.4210777262745461,-0.16988837225830958,-0.4640291883353377,0.018791264651596317,0.5863641561691995,0.2945243112739994,0.8851069146098838,0.3044664040216255,0.261147252402294,1.2942857899037985,0.4506599575953933,0.1577010568273629,0.4266021355704055,0.0936309486216854
0.4210777262745461,-0.16988837225830958,-0.4640291883353377,0.018791264651596317,0.5863641561691995,0.2945243112739994,0.8851069146098838,0.3039099919274242,0.2607126910597532,1.293115691738037,0.4511198795181483,0.1573564609794546,0.4261077111038513,0.0936916164706363
0.4210777262745461,-0.16988837225830958,-0.4640291883353377,0.018791264651596317,0.5863641561691995,0.2945243112739994,0.8851069146098838,0.3033535798332228,0.2602781297172122,1.291945593572276,0.4515798014409035,0.1570118651315462,0.4256132866372971,0.0937522843195873
0.4210777262745461,-0.16988837225830958,-0.4640291883353377,0.018791264651596317,0.5863641561691995,0.2945243112739994,0.8851069146098838,0.3027971677390215,0.2598435683746714,1.2907754954065147,0.4520397233636586,0.1566672692836379,0.4251188621707429,0.0938129521685382
0.4210777262745461,-0.16988837225830958,-0.4640291883353377,0.018791264651596317,0.5863641561691995,0.2945243112739994,0.8851069146098838,0.3022407556448201,0.2594090070321305,1.2896053972407535,0.4524996452864137,0.1563226734357296,0.4246244377041887,0.0938736200174892
0.4210777262745461,-0.16988837225830958,-0.4640291883353377,0.018791264651596317,0.5863641561691995,0.2945243112739994,0.8851069146098838,0.3016843435506188,0.2589744456895896,1.2884352990749923,0.4529595672091688,0.1559780775878213,0.4241300132376344,0.0939342878664402
0.4210777262745461,-0.16988837225830958,-0.4640291883353377,0.018791264651596317,0.5863641561691995,0.2945243112739994,0.8851069146098838,0.3011279314564174,0.2585398843470488,1.2872652009092311,0.4534194891319238,0.1556334817399129,0.4236355887710802,0.0939949557153911
0.4210777262745461,-0.16988837225830958,-0.4640291883353377,0.018791264651596317,0.5863641561691995,0.2945243112739994,0.8851069146098838,0.300571519362216,0.2581053230045079,1.2860951027434695,0.453879411054679,0.1552888858920046,0.423141164304526,0.0940556235643421
0.4210777262745461,-0.16988837225830958,-0.4640291883353377,0.018791264651596317,0.5863641561691995,0.2945243112739994,0.8851069146098838,0.3000151072680148,0.257670761661967,1.2849250045777088,0.4543393329774341,0.1549442900440963,0.4226467398379719,0.094116291413293
0.4210777262745461,-0.16988837225830958,-0.4640291883353377,0.018791264651596317,0.5863641561691995,0.2945243112739994,0.8851069146098838,0.2994586951738133,0.2572362003194261,1.2837549064119471,0.4547992549001891,0.154599694196188,0.4221523153714176,0.094176959262244
0.4210777262745461,-0.16988837225830958,-0.4640291883353377,0.018791264651596317,0.5863641561691995,0.2945243112739994,0.8851069146098838,0.298902283079612,0.2568016389768853,1.2825848082461864,0.4552591768229442,0.1542550983482797,0.4216578909048635,0.0942376271111949
0.4210777262745461,-0.16988837225830958,-0.4640291883353377,0.018791264651596317,0.5863641561691995,0.2945243112739994,0.8851069146098838,0.2983458709854106,0.2563670776343444,1.2814147100804252,0.4557190987456994,0.1539105025003714,0.4211634664383092,0.0942982949601459
0.4210777262745461,-0.16988837225830958,-0.4640291883353377,0.018791264651596317,0.5863641561691995,0.2945243112739994,0.8851069146098838,0.2977894588912093,0.2559325162918035,1.280244611914664,0.4561790206684544,0.153565906652463,0.420669041971755,0.0943589628090969
0.4210777262745461,-0.16988837225830958,-0.4640291883353377,0.018791264651596317,0.5863641561691995,0.2945243112739994,0.8851069146098838,0.2972330467970079,0.2554979549492626,1.2790745137489026,0.4566389425912096,0.1532213108045547,0.4201746175052008,0.0944196306580478
0.4210777262745461,-0.16988837225830958,-0.4640291883353377,0.018791264651596317,0.5863641561691995,0.2945243112739994,0.8851069146098838,0.2966766347028066,0.2550633936067217,1.2779044155831414,0.4570988645139647,0.1528767149566464,0.4196801930386466,0.0944802985069988
0.4210777262745461,-0.16988837225830958,-0.4640291883353377,0.018791264651596317,0.5863641561691995,0.2945243112739994,0.8851069146098838,0.2961202226086052,0.2546288322641808,1.2767343174173802,0.4575587864367197,0.1525321191087381,0.4191857685720924,0.0945409663559498
0.4210777262745461,-0.16988837225830958,-0.4640291883353377,0.018791264651596317,0.5863641561691995,0.2945243112739994,0.8851069146098838,0.2955638105144039,0.25419427092164,1.275564219251619,0.4580187083594749,0.1521875232608297,0.4186913441055382,0.0946016342049007
0.4210777262745461,-0.16988837225830958,-0.4640291883353377,0.018791264651596317,0.5863641561691995,0.2945243112739994,0.8851069146098838,0.2950073984202025,0.2537597095790991,1.2743941210858578,0.4584786302822299,0.1518429274129214,0.418196919638984,0.0946623020538517
0.4210777262745461,-0.16988837225830958,-0.4640291883353377,0.018791264651596317,0.5863641561691995,0.2945243112739994,0.8851069146098838,0.2944509863260012,0.2533251482365582,1.2732240229200966,0.458938552204985,0.151498331565013,0.4177024951724298,0.0947229699028026
0.4210777262745461,-0.16988837225830958,-0.4640291883353377,0.018791264651596317,0.5863641561691995,0.2945243112739994,0.8851069146098838,0.2938945742317999,0.2528905868940173,1.2720539247543354,0.4593984741277401,0.1511537357171047,0.4172080707058755,0.0947836377517536
0.4210777262745461,-0.16988837225830958,-0.4640291883353377,0.018791264651596317,0.5863641561691995,0.2945243112739994,0.8851069146098838,0.2933381621375985,0.2524560255514764,1.270883826588574,0.4598583960504952,0.1508091398691964,0.4167136462393214,0.0948443056007045
0.4210777262745461,-0.16988837225830958,-0.4640291883353377,0.018791264651596317,0.5863641561691995,0.2945243112739994,0.8851069146098838,0.2927817500433971,0.2520214642089356,1.2697137284228128,0.4603183179732503,0.1504645440212881,0.4162192217727672,0.0949049734496555
0.4210777262745461,-0.16988837225830958,-0.4640291883353377,0.018791264651596317,0.5863641561691995,0.2945243112739994,0.8851069146098838,0.2922253379491958,0.2515869028663947,1.2685436302570516,0.4607782398960054,0.1501199481733797,0.415724797306213,0.0949656412986064
0.4210777262745461,-0.16988837225830958,-0.4640291883353377,0.018791264651596317,0.5863641561691995,0.2945243112739994,0.8851069146098838,0.2916689258549944,0.2511523415238538,1.2673735320912909,0.4612381618187605,0.1497753523254714,0.4152303728396588,0.0950263091475574
0.4210777262745461,-0.16988837225830958,-0.4640291883353377,0.018791264651596317,0.5863641561691995,0.2945243112739994,0.8851069146098838,0.291112513760793,0.2507177801813129,1.2662034339255293,0.4616980837415156,0.1494307564775631,0.4147359483731045,0.0950869769965084
0.4210777262745461,-0.16988837225830958,-0.4640291883353377,0.018791264651596317,0.5863641561691995,0.2945243112739994,0.8851069146098838,0.2905561016665917,0.2502832188387721,1.265033335759768,0.4621580056642707,0.1490861606296548,0.4142415239065503,0.0951476448454593
0.4210777262745461,-0.16988837225830958,-0.4640291883353377,0.018791264651596317,0.5863641561691995,0.2945243112739994,0.8851069146098838,0.2899996895723903,0.2498486574962312,1.2638632375940069,0.4626179275870258,0.1487415647817464,0.4137470994399961,0.0952083126944103
0.4210777262745461,-0.16988837225830958,-0.4640291883353377,0.018791264651596317,0.5863641561691995,0.2945243112739994,0.8851069146098838,0.289443277478189,0.2494140961536903,1.262693139428246,0.4630778495097809,0.1483969689338381,0.4132526749734419,0.0952689805433612
0.4210777262745461,-0.16988837225830958,-0.4640291883353377,0.018791264651596317,0.5863641561691995,0.2945243112739994,0.8851069146098838,0.2888868653839876,0.2489795348111494,1.2615230412624845,0.463537771432536,0.1480523730859298,0.4127582505068877,0.0953296483923122
0.4210777262745461,-0.16988837225830958,-0.4640291883353377,0.018791264651596317,0.5863641561691995,0.2945243112739994,0.8851069146098838,0.2883304532897863,0.2485449734686085,1.2603529430967233,0.463997693355291,0.1477077772380214,0.4122638260403335,0.0953903162412631
0.4210777262745461,-0.16988837225830958,-0.4640291883353377,0.018791264651596317,0.5863641561691995,0.2945243112739994,0.8851069146098838,0.287774041195585,0.2481104121260676,1.259182844930962,0.4644576152780462,0.1473631813901131,0.4117694015737793,0.0954509840902141
0.4210777262745461,-0.16988837225830958,-0.4640291883353377,0.018791264651596317,0.5863641561691995,0.2945243112739994,0.8851069146098838,0.2872176291013836,0.2476758507835268,1.2580127467652011,0.4649175372008013,0.1470185855422048,0.4112749771072251,0.0955116519391651
0.4210777262745461,-0.16988837225830958,-0.4640291883353377,0.018791264651596317,0.5863641561691995,0.2945243112739994,0.8851069146098838,0.2866612170071822,0.2472412894409859,1.2568426485994395,0.4653774591235564,0.1466739896942965,0.4107805526406708,0.095572319788116
0.4210777262745461,-0.16988837225830958,-0.4640291883353377,0.018791264651596317,0.5863641561691995,0.2945243112739994,0.8851069146098838,0.2861048049129809,0.246806728098445,1.2556725504336788,0.4658373810463115,0.1463293938463882,0.4102861281741167,0.095632987637067
0.4210777262745461,-0.16988837225830958,-0.4640291883353377,0.018791264651596317,0.5863641561691995,0.2945243112739994,0.8851069146098838,0.2855483928187795,0.2463721667559041,1.2545024522679171,0.4662973029690666,0.1459847979984798,0.4097917037075624,0.0956936554860179
0.4210777262745461,-0.16988837225830958,-0.4640291883353377,0.018791264651596317,0.5863641561691995,0.2945243112739994,0.8851069146098838,0.2849919807245782,0.2459376054133633,1.2533323541021562,0.4667572248918217,0.1456402021505715,0.4092972792410083,0.0957543233349689
0.4210777262745461,-0.16988837225830958,-0.4640291883353377,0.018791264651596317,0.5863641561691995,0.2945243112739994,0.8851069146098838,0.2844355686303768,0.2455030440708224,1.252162255936395,0.4672171468145767,0.1452956063026632,0.4088028547744541,0.0958149911839199
0.4210777262745461,-0.16988837225830958,-0.4640291883353377,0.018791264651596317,0.5863641561691995,0.2945243112739994,0.8851069146098838,0.2838791565361755,0.2450684827282815,1.2509921577706338,0.4676770687373318,0.1449510104547549,0.4083084303078999,0.0958756590328708
0.4210777262745461,-0.16988837225830958,-0.4640291883353377,0.018791264651596317,0.5863641561691995,0.2945243112739994,0.8851069146098838,0.2833227444419741,0.2446339213857406,1.2498220596048726,0.4681369906600869,0.1446064146068466,0.4078140058413457,0.0959363268818218
0.4210777262745461,-0.16988837225830958,-0.4640291883353377,0.018791264651596317,0.5863641561691995,0.2945243112739994,0.8851069146098838,0.2827663323477727,0.2441993600431997,1.2486519614391114,0.4685969125828421,0.1442618187589382,0.4073195813747914,0.0959969947307727
0.4210777262745461,-0.16988837225830958,-0.4640291883353377,0.018791264651596317,0.5863641561691995,0.2945243112739994,0.8851069146098838,0.2822099202535714,0.2437647987006588,1.2474818632733502,0.4690568345055971,0.1439172229110299,0.4068251569082373,0.0960576625797237
0.4210777262745461,-0.16988837225830958,-0.4640291883353377,0.018791264651596317,0.5863641561691995,0.2945243112739994,0.8851069146098838,0.28165350815937,0.243330237358118,1.246311765107589,0.4695167564283523,0.1435726270631216,0.4063307324416831,0.0961183304286747
0.4210777262745461,-0.16988837225830958,-0.4640291883353377,0.018791264651596317,0.5863641561691995,0.2945243112739994,0.8851069146098838,0.2810970960651687,0.2428956760155771,1.2451416669418276,0.4699766783511073,0.1432280312152132,0.4058363079751289,0.0961789982776256
0.4210777262745461,-0.16988837225830958,-0.4640291883353377,0.018791264651596317,0.5863641561691995,0.2945243112739994,0.8851069146098838,0.2805406839709673,0.2424611146730362,1.2439715687760664,0.4704366002738624,0.1428834353673049,0.4053418835085747,0.0962396661265766
0.4210777262745461,-0.16988837225830958,-0.4640291883353377,0.018791264651596317,0.5863641561691995,0.2945243112739994,0.8851069146098838,0.279984271876766,0.2420265533304953,1.2428014706103052,0.4708965221966175,0.1425388395193966,0.4048474590420204,0.0963003339755275
0.4210777262745461,-0.16988837225830958,-0.4640291883353377,0.018791264651596317,0.5863641561691995,0.2945243112739994,0.8851069146098838,0.2794278597825646,0.2415919919879544,1.241631372444544,0.4713564441193726,0.1421942436714882,0.4043530345754662,0.0963610018244785
0.4210777262745461,-0.16988837225830958,-0.4640291883353377,0.018791264651596317,0.5863641561691995,0.2945243112739994,0.8851069146098838,0.2788714476883633,0.2411574306454136,1.2404612742787828,0.4718163660421277,0.1418496478235799,0.403858610108912,0.0964216696734294
0.4210777262745461,-0.16988837225830958,-0.4640291883353377,0.018791264651596317,0.5863641561691995,0.2945243112739994,0.8851069146098838,0.2783150355941619,0.2407228693028727,1.2392911761130214,0.4722762879648828,0.1415050519756716,0.4033641856423578,0.0964823375223804
0.4210777262745461,-0.16988837225830958,-0.4640291883353377,0.018791264651596317,0.5863641561691995,0.2945243112739994,0.8851069146098838,0.2777586234999606,0.2402883079603318,1.2381210779472602,0.472736209887638,0.1411604561277633,0.4028697611758036,0.0965430053713314
0.4210777262745461,-0.16988837225830958,-0.4640291883353377,0.018791264651596317,0.5863641561691995,0.2945243112739994,0.8851069146098838,0.2772022114057592,0.2398537466177909,1.2369509797814993,0.473196131810393,0.140815860279855,0.4023753367092494,0.0966036732202823
0.4210777262745461,-0.16988837225830958,-0.4640291883353377,0.018791264651596317,0.5863641561691995,0.2945243112739994,0.8851069146098838,0.2766457993115578,0.23941918527525,1.2357808816157378,0.4736560537331481,0.1404712644319466,0.4018809122426952,0.0966643410692333
0.4210777262745461,-0.16988837225830958,-0.4640291883353377,0.018791264651596317,0.5863641561691995,0.2945243112739994,0.8851069146098838,0.2760893872173565,0.2389846239327092,1.2346107834499769,0.4741159756559032,0.1401266685840383,0.401386487776141,0.0967250089181842
0.4210777262745461,-0.16988837225830958,-0.4640291883353377,0.018791264651596317,0.5863641561691995,0.2945243112739994,0.8851069146098838,0.2755329751231552,0.2385500625901683,1.2334406852842157,0.4745758975786583,0.13978207273613,0.4008920633095868,0.0967856767671352
0.4210777262745461,-0.16988837225830958,-0.4640291883353377,0.018791264651596317,0.5863641561691995,0.2945243112739994,0.8851069146098838,0.2749765630289538,0.2381155012476274,1.2322705871184545,0.4750358195014134,0.1394374768882216,0.4003976388430326,0.0968463446160861
0.4210777262745461,-0.16988837225830958,-0.4640291883353377,0.018791264651596317,0.5863641561691995,0.2945243112739994,0.8851069146098838,0.2744201509347524,0.2376809399050865,1.231100488952693,0.4754957414241685,0.1390928810403133,0.3999032143764784,0.0969070124650371
0.4210777262745461,-0.16988837225830958,-0.4640291883353377,0.018791264651596317,0.5863641561691995,0.2945243112739994,0.8851069146098838,0.2738637388405511,0.2372463785625456,1.2299303907869317,0.4759556633469236,0.138748285192405,0.3994087899099242,0.0969676803139881
0.4210777262745461,-0.16988837225830958,-0.4640291883353377,0.018791264651596317,0.5863641561691995,0.2945243112739994,0.8851069146098838,0.2733073267463498,0.2368118172200048,1.2287602926211707,0.4764155852696787,0.1384036893444967,0.39891436544337,0.097028348162939
0.4210777262745461,-0.16988837225830958,-0.4640291883353377,0.018791264651596317,0.5863641561691995,0.2945243112739994,0.8851069146098838,0.2727509146521484,0.2363772558774639,1.2275901944554093,0.4768755071924337,0.1380590934965883,0.3984199409768157,0.09708901601189
0.4210777262745461,-0.16988837225830958,-0.4640291883353377,0.018791264651596317,0.5863641561691995,0.2945243112739994,0.8851069146098838,0.2721945025579471,0.235942694534923,1.2264200962896483,0.4773354291151889,0.13771449764868,0.3979255165102616,0.0971496838608409
0.4210777262745461,-0.16988837225830958,-0.4640291883353377,0.018791264651596317,0.5863641561691995,0.2945243112739994,0.8851069146098838,0.2716380904637456,0.2355081331923821,1.225249998123887,0.4777953510379439,0.1373699018007717,0.3974310920437073,0.0972103517097919
0.4210777262745461,-0.16988837225830958,-0.4640291883353377,0.018791264651596317,0.5863641561691995,0.2945243112739994,0.8851069146098838,0.2710816783695443,0.2350735718498413,1.224079899958126,0.4782552729606991,0.1370253059528634,0.3969366675771532,0.0972710195587428
0.4210777262745461,-0.16988837225830958,-0.4640291883353377,0.018791264651596317,0.5863641561691995,0.2945243112739994,0.8851069146098838,0.270525266275343,0.2346390105073004,1.2229098017923643,0.4787151948834541,0.136680710104955,0.3964422431105989,0.0973316874076938
0.4210777262745461,-0.16988837225830958,-0.4640291883353377,0.018791264651596317,0.5863641561691995,0.2945243112739994,0.8851069146098838,0.2699688541811416,0.2342044491647595,1.2217397036266036,0.4791751168062093,0.1363361142570467,0.3959478186440447,0.0973923552566448
0.4210777262745461,-0.16988837225830958,-0.4640291883353377,0.018791264651596317,0.5863641561691995,0.2945243112739994,0.8851069146098838,0.2694124420869402,0.2337698878222186,1.220569605460842,0.4796350387289643,0.1359915184091384,0.3954533941774905,0.0974530231055957
0.4210777262745461,-0.16988837225830958,-0.4640291883353377,0.018791264651596317,0.5863641561691995,0.2945243112739994,0.8851069146098838,0.2688560299927389,0.2333353264796777,1.2193995072950812,0.4800949606517194,0.1356469225612301,0.3949589697109363,0.0975136909545467
0.4210777262745461,-0.16988837225830958,-0.4640291883353377,0.018791264651596317,0.5863641561691995,0.2945243112739994,0.8851069146098838,0.2682996178985375,0.2329007651371369,1.2182294091293198,0.4805548825744745,0.1353023267133217,0.3944645452443821,0.0975743588034976
0.4210777262745461,-0.16988837225830958,-0.4640291883353377,0.018791264651596317,0.5863641561691995,0.2945243112739994,0.8851069146098838,0.2677432058043362,0.232466203794596,1.2170593109635586,0.4810148044972296,0.1349577308654134,0.3939701207778279,0.0976350266524486
0.4210777262745461,-0.16988837225830958,-0.4640291883353377,0.018791264651596317,0.5863641561691995,0.2945243112739994,0.8851069146098838,0.2671867937101349,0.2320316424520551,1.2158892127977974,0.4814747264199847,0.1346131350175051,0.3934756963112737,0.0976956945013995
0.4210777262745461,-0.16988837225830958,-0.4640291883353377,0.018791264651596317,0.5863641561691995,0.2945243112739994,0.8851069146098838,0.2666303816159335,0.2315970811095142,1.2147191146320362,0.4819346483427398,0.1342685391695968,0.3929812718447195,0.0977563623503505
0.4210777262745461,-0.16988837225830958,-0.4640291883353377,0.018791264651596317,0.5863641561691995,0.2945243112739994,0.8851069146098838,0.2660739695217322,0.2311625197669733,1.213549016466275,0.4823945702654949,0.1339239433216884,0.3924868473781653,0.0978170301993015
0.4210777262745461,-0.16988837225830958,-0.4640291883353377,0.018791264651596317,0.5863641561691995,0.2945243112739994,0.8851069146098838,0.2655175574275308,0.2307279584244325,1.2123789183005136,0.48285449218825,0.1335793474737801,0.391992422911611,0.0978776980482524
0.4210777262745461,-0.16988837225830958,-0.4640291883353377,0.018791264651596317,0.5863641561691995,0.2945243112739994,0.8851069146098838,0.2649611453333295,0.2302933970818916,1.2112088201347526,0.4833144141110052,0.1332347516258718,0.3914979984450569,0.0979383658972034
0.4210777262745461,-0.16988837225830958,-0.4640291883353377,0.018791264651596317,0.5863641561691995,0.2945243112739994,0.8851069146098838,0.2644047332391281,0.2298588357393507,1.2100387219689912,0.4837743360337602,0.1328901557779634,0.3910035739785026,0.0979990337461543
0.4210777262745461,-0.16988837225830958,-0.4640291883353377,0.018791264651596317,0.5863641561691995,0.2945243112739994,0.8851069146098838,0.2638483211449267,0.2294242743968098,1.20886862380323,0.4842342579565153,0.1325455599300551,0.3905091495119485,0.0980597015951053
0.4210777262745461,-0.16988837225830958,-0.4640291883353377,0.018791264651596317,0.5863641561691995,0.2945243112739994,0.8851069146098838,0.2632919090507254,0.2289897130542689,1.2076985256374688,0.4846941798792704,0.1322009640821468,0.3900147250453942,0.0981203694440563
0.4210777262745461,-0.16988837225830958,-0.4640291883353377,0.018791264651596317,0.5863641561691995,0.2945243112739994,0.8851069146098838,0.262735496956524,0.228555151711728,1.2065284274717076,0.4851541018020255,0.1318563682342385,0.38952030057884,0.0981810372930072
0.4210777262745461,-0.16988837225830958,-0.4640291883353377,0.018791264651596317,0.5863641561691995,0.2945243112739994,0.8851069146098838,0.2621790848623226,0.2281205903691872,1.2053583293059464,0.4856140237247806,0.1315117723863302,0.3890258761122859,0.0982417051419582
0.4210777262745461,-0.16988837225830958,-0.4640291883353377,0.018791264651596317,0.5863641561691995,0.2945243112739994,0.8851069146098838,0.2616226727681213,0.2276860290266463,1.2041882311401857,0.4860739456475357,0.1311671765384218,0.3885314516457316,0.0983023729909091
0.4210777262745461,-0.16988837225830958,-0.4640291883353377,0.018791264651596317,0.5863641561691995,0.2945243112739994,0.8851069146098838,0.2610662606739199,0.2272514676841054,1.203018132974424,0.4865338675702908,0.1308225806905135,0.3880370271791774,0.0983630408398601
0.4210777262745461,-0.16988837225830958,-0.4640291883353377,0.018791264651596317,0.5863641561691995,0.2945243112739994,0.8851069146098838,0.2605098485797186,0.2268169063415646,1.2018480348086629,0.4869937894930459,0.1304779848426052,0.3875426027126233,0.098423708688811
0.4210777262745461,-0.16988837225830958,-0.4640291883353377,0.018791264651596317,0.5863641561691995,0.2945243112739994,0.8851069146098838,0.2599534364855173,0.2263823449990237,1.2006779366429017,0.4874537114158009,0.1301333889946968,0.387048178246069,0.098484376537762
0.4210777262745461,-0.16988837225830958,-0.4640291883353377,0.018791264651596317,0.5863641561691995,0.2945243112739994,0.8851069146098838,0.2593970243913159,0.2259477836564828,1.1995078384771405,0.4879136333385561,0.1297887931467885,0.3865537537795148,0.098545044386713
0.4210777262745461,-0.16988837225830958,-0.4640291883353377,0.018791264651596317,0.5863641561691995,0.2945243112739994,0.8851069146098838,0.2588406122971145,0.2255132223139419,1.198337740311379,0.4883735552613112,0.1294441972988802,0.3860593293129606,0.0986057122356639
0.4210777262745461,-0.16988837225830958,-0.4640291883353377,0.018791264651596317,0.5863641561691995,0.2945243112739994,0.8851069146098838,0.2582842002029132,0.225078660971401,1.197167642145618,0.4888334771840663,0.1290996014509719,0.3855649048464064,0.0986663800846149
0.4210777262745461,-0.16988837225830958,-0.4640291883353377,0.018791264651596317,0.5863641561691995,0.2945243112739994,0.8851069146098838,0.2577277881087118,0.2246440996288601,1.1959975439798567,0.4892933991068213,0.1287550056030635,0.3850704803798521,0.0987270479335658
0.4210777262745461,-0.16988837225830958,-0.4640291883353377,0.018791264651596317,0.5863641561691995,0.2945243112739994,0.8851069146098838,0.2571713760145105,0.2242095382863193,1.1948274458140955,0.4897533210295764,0.1284104097551552,0.384576055913298,0.0987877157825168
0.4210777262745461,-0.16988837225830958,-0.4640291883353377,0.018791264651596317,0.5863641561691995,0.2945243112739994,0.8851069146098838,0.2566149639203091,0.2237749769437784,1.1936573476483343,0.4902132429523315,0.1280658139072469,0.3840816314467438,0.0988483836314677
0.4210777262745461,-0.16988837225830958,-0.4640291883353377,0.018791264651596317,0.5863641561691995,0.2945243112739994,0.8851069146098838,0.2560585518261078,0.2233404156012375,1.1924872494825731,0.4906731648750867,0.1277212180593386,0.3835872069801896,0.0989090514804187
0.4210777262745461,-0.16988837225830958,-0.4640291883353377,0.018791264651596317,0.5863641561691995,0.2945243112739994,0.8851069146098838,0.2555021397319064,0.2229058542586966,1.1913171513168117,0.4911330867978417,0.1273766222114302,0.3830927825136353,0.0989697193293697
0.4210777262745461,-0.16988837225830958,-0.4640291883353377,0.018791264651596317,0.5863641561691995,0.2945243112739994,0.8851069146098838,0.2549457276377051,0.2224712929161557,1.1901470531510507,0.4915930087205968,0.1270320263635219,0.3825983580470812,0.0990303871783206
0.4210777262745461,-0.16988837225830958,-0.4640291883353377,0.018791264651596317,0.5863641561691995,0.2945243112739994,0.8851069146098838,0.2543893155435037,0.2220367315736149,1.1889769549852895,0.4920529306433519,0.1266874305156136,0.3821039335805269,0.0990910550272716
0.4210777262745461,-0.16988837225830958,-0.4640291883353377,0.018791264651596317,0.5863641561691995,0.2945243112739994,0.8851069146098838,0.2538329034493023,0.221602170231074,1.1878068568195284,0.492512852566107,0.1263428346677053,0.3816095091139727,0.0991517228762225
0.4210777262745461,-0.16988837225830958,-0.4640291883353377,0.018791264651596317,0.5863641561691995,0.2945243112739994,0.8851069146098838,0.253276491355101,0.2211676088885331,1.1866367586537672,0.4929727744888621,0.1259982388197969,0.3811150846474185,0.0992123907251735
0.4210777262745461,-0.16988837225830958,-0.4640291883353377,0.018791264651596317,0.5863641561691995,0.2945243112739994,0.8851069146098838,0.2527200792608997,0.2207330475459922,1.185466660488006,0.4934326964116172,0.1256536429718886,0.3806206601808644,0.0992730585741245
0.4210777262745461,-0.16988837225830958,-0.4640291883353377,0.018791264651596317,0.5863641561691995,0.2945243112739994,0.8851069146098838,0.2521636671666983,0.2202984862034513,1.1842965623222446,0.4938926183343723,0.1253090471239803,0.3801262357143101,0.0993337264230754
0.4210777262745461,-0.16988837225830958,-0.4640291883353377,0.018791264651596317,0.5863641561691995,0.2945243112739994,0.8851069146098838,0.251607255072497,0.2198639248609105,1.1831264641564836,0.4943525402571274,0.124964451276072,0.3796318112477559,0.0993943942720264
0.4210777262745461,-0.16988837225830958,-0.4640291883353377,0.018791264651596317,0.5863641561691995,0.2945243112739994,0.8851069146098838,0.2510508429782956,0.2194293635183696,1.1819563659907222,0.4948124621798825,0.1246198554281636,0.3791373867812017,0.0994550621209773
0.4210777262745461,-0.16988837225830958,-0.4640291883353377,0.018791264651596317,0.5863641561691995,0.2945243112739994,0.8851069146098838,0.2504944308840943,0.2189948021758287,1.180786267824961,0.4952723841026376,0.1242752595802553,0.3786429623146475,0.0995157299699283
0.4210777262745461,-0.16988837225830958,-0.4640291883353377,0.018791264651596317,0.5863641561691995,0.2945243112739994,0.8851069146098838,0.2499380187898929,0.2185602408332878,1.1796161696591998,0.4957323060253927,0.123930663732347,0.3781485378480933,0.0995763978188792
0.4210777262745461,-0.16988837225830958,-0.4640291883353377,0.018791264651596317,0.5863641561691995,0.2945243112739994,0.8851069146098838,0.2493816066956915,0.218125679490747,1.1784460714934386,0.4961922279481479,0.1235860678844386,0.3776541133815391,0.0996370656678302
0.4210777262745461,-0.16988837225830958,-0.4640291883353377,0.018791264651596317,0.5863641561691995,0.2945243112739994,0.8851069146098838,0.2488251946014902,0.2176911181482061,1.1772759733276774,0.4966521498709029,0.1232414720365303,0.3771596889149849,0.0996977335167812
0.4210777262745461,-0.16988837225830958,-0.4640291883353377,0.018791264651596317,0.5863641561691995,0.2945243112739994,0.8851069146098838,0.2482687825072888,0.2172565568056652,1.176105875161916,0.497112071793658,0.122896876188622,0.3766652644484307,0.0997584013657321
0.4210777262745461,-0.16988837225830958,-0.4640291883353377,0.018791264651596317,0.5863641561691995,0.2945243112739994,0.8851069146098838,0.2477123704130874,0.2168219954631243,1.174935776996155,0.4975719937164131,0.1225522803407137,0.3761708399818765,0.0998190692146831
0.4210777262745461,-0.16988837225830958,-0.4640291883353377,0.018791264651596317,0.5863641561691995,0.2945243112739994,0.8851069146098838,0.2471559583188861,0.2163874341205834,1.1737656788303938,0.4980319156391681,0.1222076844928053,0.3756764155153222,0.099879737063634
0.4210777262745461,-0.16988837225830958,-0.4640291883353377,0.018791264651596317,0.5863641561691995,0.2945243112739994,0.8851069146098838,0.2465995462246847,0.2159528727780426,1.1725955806646329,0.4984918375619233,0.121863088644897,0.3751819910487681,0.099940404912585
0.4210777262745461,-0.16988837225830958,-0.4640291883353377,0.018791264651596317,0.5863641561691995,0.2945243112739994,0.8851069146098838,0.2460431341304834,0.2155183114355017,1.1714254824988712,0.4989517594846784,0.1215184927969887,0.3746875665822138,0.100001072761536
0.4210777262745461,-0.16988837225830958,-0.4640291883353377,0.018791264651596317,0.5863641561691995,0.2945243112739994,0.8851069146098838,0.245486722036282,0.2150837500929608,1.1702553843331105,0.4994116814074334,0.1211738969490804,0.3741931421156597,0.1000617406104869
0.4210777262745461,-0.16988837225830958,-0.4640291883353377,0.018791264651596317,0.5863641561691995,0.2945243112739994,0.8851069146098838,0.2449303099420807,0.2146491887504199,1.1690852861673489,0.4998716033301886,0.120829301101172,0.3736987176491054,0.1001224084594379
0.4210777262745461,-0.16988837225830958,-0.4640291883353377,0.018791264651596317,0.5863641561691995,0.2945243112739994,0.8851069146098838,0.2443738978478793,0.214214627407879,1.167915188001588,0.5003315252529437,0.1204847052532637,0.3732042931825512,0.1001830763083888
0.4210777262745461,-0.16988837225830958,-0.4640291883353377,0.018791264651596317,0.5863641561691995,0.2945243112739994,0.8851069146098838,0.243817485753678,0.2137800660653382,1.1667450898358265,0.5007914471756988,0.1201401094053554,0.3727098687159971,0.1002437441573398
0.4210777262745461,-0.16988837225830958,-0.4640291883353377,0.018791264651596317,0.5863641561691995,0.2945243112739994,0.8851069146098838,0.2432610736594767,0.2133455047227973,1.1655749916700655,0.5012513690984539,0.1197955135574471,0.3722154442494428,0.1003044120062907
0.4210777262745461,-0.16988837225830958,-0.4640291883353377,0.018791264651596317,0.5863641561691995,0.2945243112739994,0.8851069146098838,0.2427046615652753,0.2129109433802564,1.164404893504304,0.5017112910212089,0.1194509177095387,0.3717210197828886,0.1003650798552417
0.4210777262745461,-0.16988837225830958,-0.4640291883353377,0.018791264651596317,0.5863641561691995,0.2945243112739994,0.8851069146098838,0.2421482494710739,0.2124763820377155,1.163234795338543,0.502171212943964,0.1191063218616304,0.3712265953163344,0.1004257477041926
0.4210777262745461,-0.16988837225830958,-0.4640291883353377,0.018791264651596317,0.5863641561691995,0.2945243112739994,0.8851069146098838,0.2415918373768726,0.2120418206951747,1.1620646971727815,0.5026311348667192,0.1187617260137221,0.3707321708497803,0.1004864155531436
0.4210777262745461,-0.16988837225830958,-0.4640291883353377,0.018791264651596317,0.5863641561691995,0.2945243112739994,0.8851069146098838,0.2410354252826712,0.2116072593526338,1.1608945990070203,0.5030910567894743,0.1184171301658138,0.370237746383226,0.1005470834020946
0.4210777262745461,-0.16988837225830958,-0.4640291883353377,0.018791264651596317,0.5863641561691995,0.2945243112739994,0.8851069146098838,0.2404790131884699,0.2111726980100929,1.159724500841259,0.5035509787122294,0.1180725343179054,0.3697433219166718,0.1006077512510455
0.4210777262745461,-0.16988837225830958,-0.4640291883353377,0.018791264651596317,0.5863641561691995,0.2945243112739994,0.8851069146098838,0.2399226010942685,0.210738136667552,1.158554402675498,0.5040109006349844,0.1177279384699971,0.3692488974501176,0.1006684190999965
0.4210777262745461,-0.16988837225830958,-0.4640291883353377,0.018791264651596317,0.5863641561691995,0.2945243112739994,0.8851069146098838,0.2393661890000672,0.2103035753250111,1.157384304509737,0.5044708225577396,0.1173833426220888,0.3687544729835634,0.1007290869489474
0.4210777262745461,-0.16988837225830958,-0.4640291883353377,0.018791264651596317,0.5863641561691995,0.2945243112739994,0.8851069146098838,0.2388097769058658,0.2098690139824703,1.1562142063439758,0.5049307444804947,0.1170387467741805,0.3682600485170092,0.1007897547978984
0.4210777262745461,-0.16988837225830958,-0.4640291883353377,0.018791264651596317,0.5863641561691995,0.2945243112739994,0.8851069146098838,0.2382533648116644,0.2094344526399294,1.1550441081782146,0.5053906664032497,0.1166941509262721,0.367765624050455,0.1008504226468494
0.4210777262745461,-0.16988837225830958,-0.4640291883353377,0.018791264651596317,0.5863641561691995,0.2945243112739994,0.8851069146098838,0.2376969527174631,0.2089998912973885,1.1538740100124532,0.5058505883260048,0.1163495550783638,0.3672711995839007,0.1009110904958003
0.4210777262745461,-0.16988837225830958,-0.4640291883353377,0.018791264651596317,0.5863641561691995,0.2945243112739994,0.8851069146098838,0.2371405406232618,0.2085653299548476,1.152703911846692,0.50631051024876,0.1160049592304555,0.3667767751173466,0.1009717583447513
0.4210777262745461,-0.16988837225830958,-0.4640291883353377,0.018791264651596317,0.5863641561691995,0.2945243112739994,0.8851069146098838,0.2365841285290604,0.2081307686123067,1.1515338136809308,0.506770432171515,0.1156603633825472,0.3662823506507924,0.1010324261937022
0.4210777262745461,-0.16988837225830958,-0.4640291883353377,0.018791264651596317,0.5863641561691995,0.2945243112739994,0.8851069146098838,0.236027716434859,0.2076962072697659,1.1503637155151696,0.5072303540942701,0.1153157675346388,0.3657879261842381,0.1010930940426532
0.4210777262745461,-0.16988837225830958,-0.4640291883353377,0.018791264651596317,0.5863641561691995,0.2945243112739994,0.8851069146098838,0.2354713043406577,0.207261645927225,1.1491936173494084,0.5076902760170252,0.1149711716867305,0.3652935017176839,0.1011537618916041
0.4210777262745461,-0.16988837225830958,-0.4640291883353377,0.018791264651596317,0.5863641561691995,0.2945243112739994,0.8851069146098838,0.2349148922464563,0.2068270845846841,1.1480235191836472,0.5081501979397803,0.1146265758388222,0.3647990772511297,0.1012144297405551
0.4210777262745461,-0.16988837225830958,-0.4640291883353377,0.018791264651596317,0.5863641561691995,0.2945243112739994,0.8851069146098838,0.234358480152255,0.2063925232421432,1.146853421017886,0.5086101198625355,0.1142819799909138,0.3643046527845756,0.1012750975895061
0.4210777262745461,-0.16988837225830958,-0.4640291883353377,0.018791264651596317,0.5863641561691995,0.2945243112739994,0.8851069146098838,0.2338020680580536,0.2059579618996023,1.1456833228521246,0.5090700417852905,0.1139373841430055,0.3638102283180213,0.101335765438457
0.4210777262745461,-0.16988837225830958,-0.4640291883353377,0.018791264651596317,0.5863641561691995,0.2945243112739994,0.8851069146098838,0.2332456559638523,0.2055234005570614,1.1445132246863636,0.5095299637080456,0.1135927882950972,0.3633158038514671,0.101396433287408
0.4210777262745461,-0.16988837225830958,-0.4640291883353377,0.018791264651596317,0.5863641561691995,0.2945243112739994,0.8851069146098838,0.2326892438696509,0.2050888392145206,1.1433431265206022,0.5099898856308007,0.1132481924471889,0.3628213793849129,0.1014571011363589
0.4210777262745461,-0.16988837225830958,-0.4640291883353377,0.018791264651596317,0.5863641561691995,0.2945243112739994,0.8851069146098838,0.2321328317754495,0.2046542778719797,1.142173028354841,0.5104498075535558,0.1129035965992805,0.3623269549183587,0.1015177689853099
0.4210777262745461,-0.16988837225830958,-0.4640291883353377,0.018791264651596317,0.5863641561691995,0.2945243112739994,0.8851069146098838,0.2315764196812482,0.2042197165294388,1.1410029301890798,0.510909729476311,0.1125590007513722,0.3618325304518045,0.1015784368342609
0.4210777262745461,-0.16988837225830958,-0.4640291883353377,0.018791264651596317,0.5863641561691995,0.2945243112739994,0.8851069146098838,0.2310200075870468,0.2037851551868979,1.1398328320233189,0.511369651399066,0.1122144049034639,0.3613381059852503,0.1016391046832118
0.4210777262745461,-0.16988837225830958,-0.4640291883353377,0.018791264651596317,0.5863641561691995,0.2945243112739994,0.8851069146098838,0.2304635954928455,0.2033505938443571,1.1386627338575577,0.511829573321821,0.1118698090555556,0.3608436815186961,0.1016997725321628
0.4210777262745461,-0.16988837225830958,-0.4640291883353377,0.018791264651596317,0.5863641561691995,0.2945243112739994,0.8851069146098838,0.2299071833986442,0.2029160325018162,1.1374926356917965,0.5122894952445762,0.1115252132076472,0.3603492570521419,0.1017604403811137
0.4210777262745461,-0.16988837225830958,-0.4640291883353377,0.018791264651596317,0.5863641561691995,0.2945243112739994,0.8851069146098838,0.2293507713044428,0.2024814711592753,1.136322537526035,0.5127494171673312,0.1111806173597389,0.3598548325855877,0.1018211082300647
0.4210777262745461,-0.16988837225830958,-0.4640291883353377,0.018791264651596317,0.5863641561691995,0.2945243112739994,0.8851069146098838,0.2287943592102415,0.2020469098167344,1.135152439360274,0.5132093390900864,0.1108360215118306,0.3593604081190334,0.1018817760790156
0.4210777262745461,-0.16988837225830958,-0.4640291883353377,0.018791264651596317,0.5863641561691995,0.2945243112739994,0.8851069146098838,0.2282379471160401,0.2016123484741935,1.133982341194513,0.5136692610128415,0.1104914256639223,0.3588659836524793,0.1019424439279666
0.4210777262745461,-0.16988837225830958,-0.4640291883353377,0.018791264651596317,0.5863641561691995,0.2945243112739994,0.8851069146098838,0.2276815350218387,0.2011777871316527,1.1328122430287515,0.5141291829355965,0.1101468298160139,0.358371559185925,0.1020031117769176
0.4210777262745461,-0.16988837225830958,-0.4640291883353377,0.018791264651596317,0.5863641561691995,0.2945243112739994,0.8851069146098838,0.2271251229276374,0.2007432257891118,1.1316421448629903,0.5145891048583516,0.1098022339681056,0.3578771347193709,0.1020637796258685
0.4210777262745461,-0.16988837225830958,-0.4640291883353377,0.018791264651596317,0.5863641561691995,0.2945243112739994,0.8851069146098838,0.226568710833436,0.2003086644465709,1.1304720466972291,0.5150490267811068,0.1094576381201973,0.3573827102528166,0.1021244474748195
0.4210777262745461,-0.16988837225830958,-0.4640291883353377,0.018791264651596317,0.5863641561691995,0.2945243112739994,0.8851069146098838,0.2260122987392347,0.19987410310403,1.129301948531468,0.5155089487038619,0.109113042272289,0.3568882857862624,0.1021851153237704
0.4210777262745461,-0.16988837225830958,-0.4640291883353377,0.018791264651596317,0.5863641561691995,0.2945243112739994,0.8851069146098838,0.2254558866450333,0.1994395417614891,1.1281318503657063,0.515968870626617,0.1087684464243806,0.3563938613197082,0.1022457831727214
0.4210777262745461,-0.16988837225830958,-0.4640291883353377,0.018791264651596317,0.5863641561691995,0.2945243112739994,0.8851069146098838,0.224899474550832,0.1990049804189483,1.126961752199945,0.516428792549372,0.1084238505764723,0.355899436853154,0.1023064510216723
0.4210777262745461,-0.16988837225830958,-0.4640291883353377,0.018791264651596317,0.5863641561691995,0.2945243112739994,0.8851069146098838,0.2243430624566306,0.1985704190764074,1.125791654034184,0.5168887144721271,0.108079254728564,0.3554050123865998,0.1023671188706233
0.4210777262745461,-0.16988837225830958,-0.4640291883353377,0.018791264651596317,0.5863641561691995,0.2945243112739994,0.8851069146098838,0.2237866503624292,0.1981358577338665,1.124621555868423,0.5173486363948823,0.1077346588806557,0.3549105879200456,0.1024277867195743
0.4210777262745461,-0.16988837225830958,-0.4640291883353377,0.018791264651596317,0.5863641561691995,0.2945243112739994,0.8851069146098838,0.2232302382682279,0.1977012963913256,1.1234514577026615,0.5178085583176373,0.1073900630327473,0.3544161634534914,0.1024884545685252
0.4210777262745461,-0.16988837225830958,-0.4640291883353377,0.018791264651596317,0.5863641561691995,0.2945243112739994,0.8851069146098838,0.2226738261740266,0.1972667350487847,1.1222813595369006,0.5182684802403924,0.107045467184839,0.3539217389869372,0.1025491224174762
0.4210777262745461,-0.16988837225830958,-0.4640291883353377,0.018791264651596317,0.5863641561691995,0.2945243112739994,0.8851069146098838,0.2221174140798252,0.1968321737062439,1.1211112613711394,0.5187284021631475,0.1067008713369307,0.353427314520383,0.1026097902664271
0.4210777262745461,-0.16988837225830958,-0.4640291883353377,0.018791264651596317,0.5863641561691995,0.2945243112739994,0.8851069146098838,0.2215610019856239,0.196397612363703,1.1199411632053782,0.5191883240859027,0.1063562754890223,0.3529328900538288,0.1026704581153781
0.4210777262745461,-0.16988837225830958,-0.4640291883353377,0.018791264651596317,0.5863641561691995,0.2945243112739994,0.8851069146098838,0.2210045898914225,0.1959630510211621,1.118771065039617,0.5196482460086577,0.106011679641114,0.3524384655872746,0.1027311259643291
0.4210777262745461,-0.16988837225830958,-0.4640291883353377,0.018791264651596317,0.5863641561691995,0.2945243112739994,0.8851069146098838,0.2204481777972211,0.1955284896786212,1.1176009668738558,0.5201081679314128,0.1056670837932057,0.3519440411207204,0.10279179381328
0.4210777262745461,-0.16988837225830958,-0.4640291883353377,0.018791264651596317,0.5863641561691995,0.2945243112739994,0.8851069146098838,0.2198917657030198,0.1950939283360803,1.1164308687080946,0.5205680898541679,0.1053224879452974,0.3514496166541662,0.102852461662231
0.4210777262745461,-0.16988837225830958,-0.4640291883353377,0.018791264651596317,0.5863641561691995,0.2945243112739994,0.8851069146098838,0.2193353536088184,0.1946593669935395,1.1152607705423332,0.521028011776923,0.1049778920973891,0.350955192187612,0.1029131295111819
0.4210777262745461,-0.16988837225830958,-0.4640291883353377,0.018791264651596317,0.5863641561691995,0.2945243112739994,0.8851069146098838,0.2187789415146171,0.1942248056509986,1.114090672376572,0.521487933699678,0.1046332962494807,0.3504607677210578,0.1029737973601329
0.4210777262745461,-0.16988837225830958,-0.4640291883353377,0.018791264651596317,0.5863641561691995,0.2945243112739994,0.8851069146098838,0.2182225294204157,0.1937902443084577,1.1129205742108108,0.5219478556224332,0.1042887004015724,0.3499663432545035,0.1030344652090838
0.4210777262745461,-0.16988837225830958,-0.4640291883353377,0.018791264651596317,0.5863641561691995,0.2945243112739994,0.8851069146098838,0.2176661173262144,0.1933556829659168,1.1117504760450496,0.5224077775451883,0.1039441045536641,0.3494719187879493,0.1030951330580348
0.4210777262745461,-0.16988837225830958,-0.4640291883353377,0.018791264651596317,0.5863641561691995,0.2945243112739994,0.8851069146098838,0.217109705232013,0.192921121623376,1.1105803778792884,0.5228676994679434,0.1035995087057558,0.3489774943213951,0.1031558009069857
0.4210777262745461,-0.16988837225830958,-0.4640291883353377,0.018791264651596317,0.5863641561691995,0.2945243112739994,0.8851069146098838,0.2165532931378117,0.1924865602808351,1.1094102797135272,0.5233276213906985,0.1032549128578474,0.3484830698548409,0.1032164687559367
0.4210777262745461,-0.16988837225830958,-0.4640291883353377,0.018791264651596317,0.5863641561691995,0.2945243112739994,0.8851069146098838,0.2159968810436103,0.1920519989382942,1.108240181547766,0.5237875433134536,0.1029103170099391,0.3479886453882867,0.1032771366048877
0.4210777262745461,-0.16988837225830958,-0.4640291883353377,0.018791264651596317,0.5863641561691995,0.2945243112739994,0.8851069146098838,0.215440468949409,0.1916174375957533,1.1070700833820049,0.5242474652362087,0.1025657211620308,0.3474942209217325,0.1033378044538386
0.4210777262745461,-0.16988837225830958,-0.4640291883353377,0.018791264651596317,0.5863641561691995,0.2945243112739994,0.8851069146098838,0.2148840568552076,0.1911828762532124,1.1058999852162437,0.5247073871589638,0.1022211253141224,0.3469997964551783,0.1033984723027896
0.4210777262745461,-0.16988837225830958,-0.4640291883353377,0.018791264651596317,0.5863641561691995,0.2945243112739994,0.8851069146098838,0.2143276447610063,0.1907483149106716,1.1047298870504825,0.5251673090817188,0.1018765294662141,0.3465053719886241,0.1034591401517406
0.4210777262745461,-0.16988837225830958,-0.4640291883353377,0.018791264651596317,0.5863641561691995,0.2945243112739994,0.8851069146098838,0.2137712326668049,0.1903137535681307,1.1035597888847213,0.525627231004474,0.1015319336183058,0.3460109475220699,0.1035198080006915
0.4210777262745461,-0.16988837225830958,-0.4640291883353377,0.018791264651596317,0.5863641561691995,0.2945243112739994,0.8851069146098838,0.2132148205726036,0.1898791922255898,1.10238969071896,0.5260871529272291,0.1011873377703975,0.3455165230555157,0.1035804758496425
0.4210777262745461,-0.16988837225830958,-0.4640291883353377,0.018791264651596317,0.5863641561691995,0.2945243112739994,0.8851069146098838,0.2126584084784022,0.1894446308830489,1.101219592553199,0.5265470748499842,0.1008427419224891,0.3450220985889615,0.1036411436985934
0.4210777262745461,-0.16988837225830958,-0.4640291883353377,0.018791264651596317,0.5863641561691995,0.2945243112739994,0.8851069146098838,0.2121019963842008,0.189010069540508,1.1000494943874377,0.5270069967727392,0.1004981460745808,0.3445276741224073,0.1037018115475444
0.4210777262745461,-0.16988837225830958,-0.4640291883353377,0.018791264651596317,0.5863641561691995,0.2945243112739994,0.8851069146098838,0.2115455842899995,0.1885755081979672,1.0988793962216763,0.5274669186954943,0.1001535502266725,0.3440332496558531,0.1037624793964953
0.4210777262745461,-0.16988837225830958,-0.4640291883353377,0.018791264651596317,0.5863641561691995,0.2945243112739994,0.8851069146098838,0.2109891721957981,0.1881409468554263,1.097709298055915,0.5279268406182495,0.0998089543787642,0.3435388251892989,0.1038231472454463
0.4210777262745461,-0.16988837225830958,-0.4640291883353377,0.018791264651596317,0.5863641561691995,0.2945243112739994,0.8851069146098838,0.2104327601015968,0.1877063855128854,1.096539199890154,0.5283867625410046,0.0994643585308558,0.3430444007227446,0.1038838150943972
0.4210777262745461,-0.16988837225830958,-0.4640291883353377,0.018791264651596317,0.5863641561691995,0.2945243112739994,0.8851069146098838,0.2098763480073954,0.1872718241703445,1.0953691017243927,0.5288466844637596,0.0991197626829475,0.3425499762561905,0.1039444829433482
0.4210777262745461,-0.16988837225830958,-0.4640291883353377,0.018791264651596317,0.5863641561691995,0.2945243112739994,0.8851069146098838,0.2093199359131941,0.1868372628278036,1.0941990035586315,0.5293066063865147,0.0987751668350392,0.3420555517896363,0.1040051507922992
0.4210777262745461,-0.16988837225830958,-0.4640291883353377,0.018791264651596317,0.5863641561691995,0.2945243112739994,0.8851069146098838,0.2087635238189927,0.1864027014852628,1.0930289053928703,0.5297665283092698,0.0984305709871309,0.3415611273230821,0.1040658186412501
0.4210777262745461,-0.16988837225830958,-0.4640291883353377,0.018791264651596317,0.5863641561691995,0.2945243112739994,0.8851069146098838,0.2082071117247914,0.1859681401427219,1.0918588072271092,0.530226450232025,0.0980859751392225,0.3410667028565278,0.1041264864902011
0.4210777262745461,-0.16988837225830958,-0.4640291883353377,0.018791264651596317,0.5863641561691995,0.2945243112739994,0.8851069146098838,0.20765069963059,0.185533578800181,1.090688709061348,0.53068637215478,0.0977413792913142,0.3405722783899736,0.104187154339152
0.4210777262745461,-0.16988837225830958,-0.4640291883353377,0.018791264651596317,0.5863641561691995,0.2945243112739994,0.8851069146098838,0.2070942875363887,0.1850990174576401,1.0895186108955868,0.5311462940775351,0.0973967834434059,0.3400778539234194,0.104247822188103
0.4210777262745461,-0.16988837225830958,-0.4640291883353377,0.018791264651596317,0.5863641561691995,0.2945243112739994,0.8851069146098838,0.2065378754421873,0.1846644561150993,1.0883485127298256,0.5316062160002902,0.0970521875954976,0.3395834294568652,0.1043084900370539
0.4210777262745461,-0.16988837225830958,-0.4640291883353377,0.018791264651596317,0.5863641561691995,0.2945243112739994,0.8851069146098838,0.2059814633479859,0.1842298947725583,1.0871784145640644,0.5320661379230454,0.0967075917475892,0.339089004990311,0.1043691578860049
0.4210777262745461,-0.16988837225830958,-0.4640291883353377,0.018791264651596317,0.5863641561691995,0.2945243112739994,0.8851069146098838,0.2054250512537846,0.1837953334300175,1.0860083163983032,0.5325260598458004,0.0963629958996809,0.3385945805237568,0.1044298257349559
0.4210777262745461,-0.16988837225830958,-0.4640291883353377,0.018791264651596317,0.5863641561691995,0.2945243112739994,0.8851069146098838,0.2048686391595832,0.1833607720874766,1.0848382182325418,0.5329859817685555,0.0960184000517726,0.3381001560572026,0.1044904935839068
0.4210777262745461,-0.16988837225830958,-0.4640291883353377,0.018791264651596317,0.5863641561691995,0.2945243112739994,0.8851069146098838,0.2043122270653819,0.1829262107449357,1.0836681200667806,0.5334459036913106,0.0956738042038642,0.3376057315906484,0.1045511614328578
0.4210777262745461,-0.16988837225830958,-0.4640291883353377,0.018791264651596317,0.5863641561691995,0.2945243112739994,0.8851069146098838,0.2037558149711805,0.1824916494023949,1.0824980219010194,0.5339058256140657,0.0953292083559559,0.3371113071240942,0.1046118292818087
0.4210777262745461,-0.16988837225830958,-0.4640291883353377,0.018791264651596317,0.5863641561691995,0.2945243112739994,0.8851069146098838,0.2031994028769792,0.182057088059854,1.0813279237352582,0.5343657475368208,0.0949846125080476,0.33661688265754,0.1046724971307597
0.4210777262745461,-0.16988837225830958,-0.4640291883353377,0.018791264651596317,0.5863641561691995,0.2945243112739994,0.8851069146098838,0.2026429907827778,0.1816225267173131,1.080157825569497,0.5348256694595759,0.0946400166601393,0.3361224581909858,0.1047331649797106
0.4210777262745461,-0.16988837225830958,-0.4640291883353377,0.018791264651596317,0.5863641561691995,0.2945243112739994,0.8851069146098838,0.2020865786885765,0.1811879653747722,1.0789877274037358,0.5352855913823309,0.094295420812231,0.3356280337244315,0.1047938328286616
0.4210777262745461,-0.16988837225830958,-0.4640291883353377,0.018791264651596317,0.5863641561691995,0.2945243112739994,0.8851069146098838,0.2015301665943751,0.1807534040322313,1.0778176292379746,0.535745513305086,0.0939508249643226,0.3351336092578774,0.1048545006776126
0.4210777262745461,-0.16988837225830958,-0.4640291883353377,0.018791264651596317,0.5863641561691995,0.2945243112739994,0.8851069146098838,0.2009737545001738,0.1803188426896905,1.0766475310722134,0.5362054352278411,0.0936062291164143,0.3346391847913232,0.1049151685265635
0.4210777262745461,-0.16988837225830958,-0.4640291883353377,0.018791264651596317,0.5863641561691995,0.2945243112739994,0.8851069146098838,0.2004173424059724,0.1798842813471496,1.0754774329064525,0.5366653571505963,0.093261633268506,0.334144760324769,0.1049758363755145
0.4210777262745461,-0.16988837225830958,-0.4640291883353377,0.018791264651596317,0.5863641561691995,0.2945243112739994,0.8851069146098838,0.1998609303117711,0.1794497200046087,1.074307334740691,0.5371252790733514,0.0929170374205976,0.3336503358582148,0.1050365042244654
0.4210777262745461,-0.16988837225830958,-0.4640291883353377,0.018791264651596317,0.5863641561691995,0.2945243112739994,0.8851069146098838,0.1993045182175697,0.1790151586620678,1.07313723657493,0.5375852009961064,0.0925724415726893,0.3331559113916605,0.1050971720734164
0.4210777262745461,-0.16988837225830958,-0.4640291883353377,0.018791264651596317,0.5863641561691995,0.2945243112739994,0.8851069146098838,0.1987481061233683,0.1785805973195269,1.071967138409169,0.5380451229188615,0.092227845724781,0.3326614869251064,0.1051578399223674
0.4210777262745461,-0.16988837225830958,-0.4640291883353377,0.018791264651596317,0.5863641561691995,0.2945243112739994,0.8851069146098838,0.198191694029167,0.1781460359769861,1.0707970402434075,0.5385050448416167,0.0918832498768727,0.3321670624585522,0.1052185077713183
0.4210777262745461,-0.16988837225830958,-0.4640291883353377,0.018791264651596317,0.5863641561691995,0.2945243112739994,0.8851069146098838,0.1976352819349656,0.1777114746344452,1.069626942077646,0.5389649667643718,0.0915386540289643,0.3316726379919979,0.1052791756202693
0.4210777262745461,-0.16988837225830958,-0.4640291883353377,0.018791264651596317,0.5863641561691995,0.2945243112739994,0.8851069146098838,0.1970788698407643,0.1772769132919043,1.068456843911885,0.5394248886871268,0.091194058181056,0.3311782135254437,0.1053398434692202
0.4210777262745461,-0.16988837225830958,-0.4640291883353377,0.018791264651596317,0.5863641561691995,0.2945243112739994,0.8851069146098838,0.1965224577465629,0.1768423519493634,1.0672867457461237,0.5398848106098819,0.0908494623331477,0.3306837890588895,0.1054005113181712
0.4210777262745461,-0.16988837225830958,-0.4640291883353377,0.018791264651596317,0.5863641561691995,0.2945243112739994,0.8851069146098838,0.1959660456523616,0.1764077906068225,1.0661166475803625,0.540344732532637,0.0905048664852394,0.3301893645923353,0.1054611791671222
0.4210777262745461,-0.16988837225830958,-0.4640291883353377,0.018791264651596317,0.5863641561691995,0.2945243112739994,0.8851069146098838,0.197503849578525,0.3751703551435961,1.0649560680455084,0.5403170472145629,0.0906801284033624,0.3305987671908847,0.1059169868757772
0.4210777262745461,-0.16988837225830958,-0.4640291883353377,0.018791264651596317,0.5863641561691995,0.2945243112739994,0.8851069146098838,0.198142349965791,0.373001129542195,1.0657135215292464,0.5401005108548644,0.0910493249588492,0.3309898027547877,0.1058495136537488
0.4210777262745461,-0.16988837225830958,-0.4640291883353377,0.018791264651596317,0.5863641561691995,0.2945243112739994,0.8851069146098838,0.1987808503530569,0.3708319039407939,1.0664709750129846,0.5398839744951659,0.0914185215143359,0.3313808383186905,0.1057820404317204
0.4210777262745461,-0.16988837225830958,-0.4640291883353377,0.018791264651596317,0.5863641561691995,0.2945243112739994,0.8851069146098838,0.1994193507403228,0.3686626783393929,1.0672284284967226,0.5396674381354676,0.0917877180698227,0.3317718738825934,0.105714567209692
0.4210777262745461,-0.16988837225830958,-0.4640291883353377,0.018791264651596317,0.5863641561691995,0.2945243112739994,0.8851069146098838,0.2000578511275887,0.3664934527379918,1.0679858819804608,0.5394509017757692,0.0921569146253094,0.3321629094464963,0.1056470939876636
0.4210777262745461,-0.16988837225830958,-0.4640291883353377,0.018791264651596317,0.5863641561691995,0.2945243112739994,0.8851069146098838,0.2006963515148546,0.3643242271365907,1.0687433354641989,0.5392343654160706,0.0925261111807961,0.3325539450103992,0.1055796207656351
0.4210777262745461,-0.16988837225830958,-0.4640291883353377,0.018791264651596317,0.5863641561691995,0.2945243112739994,0.8851069146098838,0.2013348519021205,0.3621550015351897,1.069500788947937,0.5390178290563722,0.0928953077362829,0.3329449805743021,0.1055121475436067
0.4210777262745461,-0.16988837225830958,-0.4640291883353377,0.018791264651596317,0.5863641561691995,0.2945243112739994,0.8851069146098838,0.2019733522893864,0.3599857759337886,1.070258242431675,0.5388012926966738,0.0932645042917696,0.333336016138205,0.1054446743215783
0.4210777262745461,-0.16988837225830958,-0.4640291883353377,0.018791264651596317,0.5863641561691995,0.2945243112739994,0.8851069146098838,0.2026118526766523,0.3578165503323876,1.0710156959154131,0.5385847563369752,0.0936337008472564,0.3337270517021079,0.1053772010995499
0.4210777262745461,-0.16988837225830958,-0.4640291883353377,0.018791264651596317,0.5863641561691995,0.2945243112739994,0.8851069146098838,0.2032503530639182,0.3556473247309865,1.0717731493991514,0.5383682199772768,0.0940028974027431,0.3341180872660108,0.1053097278775215
0.4210777262745461,-0.16988837225830958,-0.4640291883353377,0.018791264651596317,0.5863641561691995,0.2945243112739994,0.8851069146098838,0.2038888534511841,0.3534780991295854,1.0725306028828896,0.5381516836175785,0.0943720939582298,0.3345091228299136,0.1052422546554931
0.4210777262745461,-0.16988837225830958,-0.4640291883353377,0.018791264651596317,0.5863641561691995,0.2945243112739994,0.8851069146098838,0.2045273538384501,0.3513088735281843,1.0732880563666276,0.5379351472578799,0.0947412905137166,0.3349001583938165,0.1051747814334647
0.4210777262745461,-0.16988837225830958,-0.4640291883353377,0.018791264651596317,0.5863641561691995,0.2945243112739994,0.8851069146098838,0.205165854225716,0.3491396479267832,1.0740455098503658,0.5377186108981815,0.0951104870692033,0.3352911939577194,0.1051073082114363
0.4210777262745461,-0.16988837225830958,-0.4640291883353377,0.018791264651596317,0.5863641561691995,0.2945243112739994,0.8851069146098838,0.2058043546129819,0.3469704223253823,1.074802963334104,0.5375020745384831,0.0954796836246901,0.3356822295216223,0.1050398349894079
0.4210777262745461,-0.16988837225830958,-0.4640291883353377,0.018791264651596317,0.5863641561691995,0.2945243112739994,0.8851069146098838,0.2064428550002478,0.3448011967239811,1.075560416817842,0.5372855381787845,0.0958488801801768,0.3360732650855252,0.1049723617673795
0.4210777262745461,-0.16988837225830958,-0.4640291883353377,0.018791264651596317,0.5863641561691995,0.2945243112739994,0.8851069146098838,0.2070813553875137,0.3426319711225801,1.07631787030158,0.5370690018190862,0.0962180767356636,0.3364643006494281,0.1049048885453511
0.4210777262745461,-0.16988837225830958,-0.4640291883353377,0.018791264651596317,0.5863641561691995,0.2945243112739994,0.8851069146098838,0.2077198557747797,0.340462745521179,1.0770753237853183,0.5368524654593878,0.0965872732911503,0.336855336213331,0.1048374153233227
0.4210777262745461,-0.16988837225830958,-0.4640291883353377,0.018791264651596317,0.5863641561691995,0.2945243112739994,0.8851069146098838,0.2083583561620456,0.3382935199197779,1.0778327772690566,0.5366359290996893,0.096956469846637,0.3372463717772339,0.1047699421012943
0.4210777262745461,-0.16988837225830958,-0.4640291883353377,0.018791264651596317,0.5863641561691995,0.2945243112739994,0.8851069146098838,0.2089968565493115,0.3361242943183769,1.0785902307527946,0.536419392739991,0.0973256664021238,0.3376374073411368,0.1047024688792659
0.4210777262745461,-0.16988837225830958,-0.4640291883353377,0.018791264651596317,0.5863641561691995,0.2945243112739994,0.8851069146098838,0.2096353569365774,0.3339550687169758,1.0793476842365326,0.5362028563802924,0.0976948629576105,0.3380284429050397,0.1046349956572375
0.4210777262745461,-0.16988837225830958,-0.4640291883353377,0.018791264651596317,0.5863641561691995,0.2945243112739994,0.8851069146098838,0.2102738573238433,0.3317858431155748,1.0801051377202708,0.535986320020594,0.0980640595130973,0.3384194784689426,0.1045675224352091
0.4210777262745461,-0.16988837225830958,-0.4640291883353377,0.018791264651596317,0.5863641561691995,0.2945243112739994,0.8851069146098838,0.2109123577111092,0.3296166175141737,1.080862591204009,0.5357697836608956,0.098433256068584,0.3388105140328454,0.1045000492131807
0.4210777262745461,-0.16988837225830958,-0.4640291883353377,0.018791264651596317,0.5863641561691995,0.2945243112739994,0.8851069146098838,0.2115508580983751,0.3274473919127726,1.081620044687747,0.5355532473011971,0.0988024526240707,0.3392015495967483,0.1044325759911523
0.4210777262745461,-0.16988837225830958,-0.4640291883353377,0.018791264651596317,0.5863641561691995,0.2945243112739994,0.8851069146098838,0.212189358485641,0.3252781663113716,1.082377498171485,0.5353367109414986,0.0991716491795575,0.3395925851606513,0.1043651027691239
0.4210777262745461,-0.16988837225830958,-0.4640291883353377,0.018791264651596317,0.5863641561691995,0.2945243112739994,0.8851069146098838,0.2128278588729069,0.3231089407099705,1.083134951655223,0.5351201745818002,0.0995408457350442,0.3399836207245541,0.1042976295470955
0.4210777262745461,-0.16988837225830958,-0.4640291883353377,0.018791264651596317,0.5863641561691995,0.2945243112739994,0.8851069146098838,0.2134663592601729,0.3209397151085694,1.0838924051389616,0.5349036382221017,0.0999100422905309,0.340374656288457,0.104230156325067
0.4210777262745461,-0.16988837225830958,-0.4640291883353377,0.018791264651596317,0.5863641561691995,0.2945243112739994,0.8851069146098838,0.2141048596474388,0.3187704895071684,1.0846498586226996,0.5346871018624033,0.1002792388460177,0.3407656918523599,0.1041626831030386
0.4210777262745461,-0.16988837225830958,-0.4640291883353377,0.018791264651596317,0.5863641561691995,0.2945243112739994,0.8851069146098838,0.2147433600347047,0.3166012639057673,1.0854073121064376,0.5344705655027049,0.1006484354015044,0.3411567274162628,0.1040952098810102
0.4210777262745461,-0.16988837225830958,-0.4640291883353377,0.018791264651596317,0.5863641561691995,0.2945243112739994,0.8851069146098838,0.2153818604219706,0.3144320383043663,1.0861647655901758,0.5342540291430065,0.1010176319569912,0.3415477629801657,0.1040277366589818
0.4210777262745461,-0.16988837225830958,-0.4640291883353377,0.018791264651596317,0.5863641561691995,0.2945243112739994,0.8851069146098838,0.2160203608092365,0.3122628127029651,1.086922219073914,0.5340374927833079,0.1013868285124779,0.3419387985440686,0.1039602634369534
0.4210777262745461,-0.16988837225830958,-0.4640291883353377,0.018791264651596317,0.5863641561691995,0.2945243112739994,0.8851069146098838,0.2166588611965024,0.3100935871015641,1.087679672557652,0.5338209564236096,0.1017560250679647,0.3423298341079714,0.103892790214925
0.4210777262745461,-0.16988837225830958,-0.4640291883353377,0.018791264651596317,0.5863641561691995,0.2945243112739994,0.8851069146098838,0.2172973615837684,0.307924361500163,1.08843712604139,0.5336044200639111,0.1021252216234514,0.3427208696718743,0.1038253169928966
0.4210777262745461,-0.16988837225830958,-0.4640291883353377,0.018791264651596317,0.5863641561691995,0.2945243112739994,0.8851069146098838,0.2179358619710342,0.3057551358987619,1.0891945795251283,0.5333878837042126,0.1024944181789381,0.3431119052357773,0.1037578437708682
0.4210777262745461,-0.16988837225830958,-0.4640291883353377,0.018791264651596317,0.5863641561691995,0.2945243112739994,0.8851069146098838,0.2185743623583002,0.3035859102973609,1.0899520330088666,0.5331713473445142,0.1028636147344249,0.3435029407996801,0.1036903705488398
0.4210777262745461,-0.16988837225830958,-0.4640291883353377,0.018791264651596317,0.5863641561691995,0.2945243112739994,0.8851069146098838,0.2192128627455661,0.3014166846959598,1.0907094864926046,0.5329548109848158,0.1032328112899116,0.343893976363583,0.1036228973268114
0.4210777262745461,-0.16988837225830958,-0.4640291883353377,0.018791264651596317,0.5863641561691995,0.2945243112739994,0.8851069146098838,0.219851363132832,0.2992474590945587,1.0914669399763426,0.5327382746251172,0.1036020078453984,0.3442850119274859,0.103555424104783
0.4210777262745461,-0.16988837225830958,-0.4640291883353377,0.018791264651596317,0.5863641561691995,0.2945243112739994,0.8851069146098838,0.2204898635200979,0.2970782334931577,1.0922243934600808,0.5325217382654189,0.1039712044008851,0.3446760474913888,0.1034879508827546
0.4210777262745461,-0.16988837225830958,-0.4640291883353377,0.018791264651596317,0.5863641561691995,0.2945243112739994,0.8851069146098838,0.2211283639073638,0.2949090078917566,1.0929818469438188,0.5323052019057204,0.1043404009563718,0.3450670830552916,0.1034204776607262
0.4210777262745461,-0.16988837225830958,-0.4640291883353377,0.018791264651596317,0.5863641561691995,0.2945243112739994,0.8851069146098838,0.2217668642946297,0.2927397822903556,1.0937393004275573,0.532088665546022,0.1047095975118586,0.3454581186191946,0.1033530044386978
0.4210777262745461,-0.16988837225830958,-0.4640291883353377,0.018791264651596317,0.5863641561691995,0.2945243112739994,0.8851069146098838,0.2224053646818957,0.2905705566889545,1.094496753911295,0.5318721291863235,0.1050787940673453,0.3458491541830975,0.1032855312166694
0.4210777262745461,-0.16988837225830958,-0.4640291883353377,0.018791264651596317,0.5863641561691995,0.2945243112739994,0.8851069146098838,0.2230438650691616,0.2884013310875535,1.095254207395033,0.5316555928266251,0.1054479906228321,0.3462401897470004,0.103218057994641
0.4210777262745461,-0.16988837225830958,-0.4640291883353377,0.018791264651596317,0.5863641561691995,0.2945243112739994,0.8851069146098838,0.2236823654564275,0.2862321054861524,1.096011660878771,0.5314390564669267,0.1058171871783188,0.3466312253109033,0.1031505847726126
0.4210777262745461,-0.16988837225830958,-0.4640291883353377,0.018791264651596317,0.5863641561691995,0.2945243112739994,0.8851069146098838,0.2243208658436934,0.2840628798847513,1.0967691143625096,0.5312225201072283,0.1061863837338056,0.3470222608748061,0.1030831115505842
0.4210777262745461,-0.16988837225830958,-0.4640291883353377,0.018791264651596317,0.5863641561691995,0.2945243112739994,0.8851069146098838,0.2249593662309593,0.2818936542833503,1.0975265678462476,0.5310059837475298,0.1065555802892923,0.347413296438709,0.1030156383285558
0.4210777262745461,-0.16988837225830958,-0.4640291883353377,0.018791264651596317,0.5863641561691995,0.2945243112739994,0.8851069146098838,0.2255978666182252,0.2797244286819492,1.0982840213299858,0.5307894473878313,0.106924776844779,0.3478043320026119,0.1029481651065273
0.4210777262745461,-0.16988837225830958,-0.4640291883353377,0.018791264651596317,0.5863641561691995,0.2945243112739994,0.8851069146098838,0.2262363670054911,0.2775552030805481,1.099041474813724,0.5305729110281329,0.1072939734002658,0.3481953675665148,0.102880691884499
0.4210777262745461,-0.16988837225830958,-0.4640291883353377,0.018791264651596317,0.5863641561691995,0.2945243112739994,0.8851069146098838,0.226874867392757,0.2753859774791471,1.099798928297462,0.5303563746684344,0.1076631699557525,0.3485864031304177,0.1028132186624705
0.4210777262745461,-0.16988837225830958,-0.4640291883353377,0.018791264651596317,0.5863641561691995,0.2945243112739994,0.8851069146098838,0.2275133677800229,0.2732167518777459,1.1005563817812,0.530139838308736,0.1080323665112392,0.3489774386943206,0.1027457454404421
0.4210777262745461,-0.16988837225830958,-0.4640291883353377,0.018791264651596317,0.5863641561691995,0.2945243112739994,0.8851069146098838,0.2281518681672888,0.2710475262763449,1.1013138352649383,0.5299233019490375,0.108401563066726,0.3493684742582235,0.1026782722184137
0.4210777262745461,-0.16988837225830958,-0.4640291883353377,0.018791264651596317,0.5863641561691995,0.2945243112739994,0.8851069146098838,0.2287903685545548,0.2688783006749438,1.1020712887486763,0.5297067655893392,0.1087707596222127,0.3497595098221264,0.1026107989963853
0.4210777262745461,-0.16988837225830958,-0.4640291883353377,0.018791264651596317,0.5863641561691995,0.2945243112739994,0.8851069146098838,0.2294288689418207,0.2667090750735428,1.1028287422324146,0.5294902292296406,0.1091399561776995,0.3501505453860293,0.1025433257743569
0.4210777262745461,-0.16988837225830958,-0.4640291883353377,0.018791264651596317,0.5863641561691995,0.2945243112739994,0.8851069146098838,0.2300673693290866,0.2645398494721417,1.1035861957161526,0.5292736928699422,0.1095091527331862,0.3505415809499321,0.1024758525523285
0.4210777262745461,-0.16988837225830958,-0.4640291883353377,0.018791264651596317,0.5863641561691995,0.2945243112739994,0.8851069146098838,0.2307058697163525,0.2623706238707406,1.1043436491998908,0.5290571565102438,0.1098783492886729,0.350932616513835,0.1024083793303001
0.4210777262745461,-0.16988837225830958,-0.4640291883353377,0.018791264651596317,0.5863641561691995,0.2945243112739994,0.8851069146098838,0.2313443701036184,0.2602013982693396,1.105101102683629,0.5288406201505453,0.1102475458441597,0.3513236520777379,0.1023409061082717
0.4210777262745461,-0.16988837225830958,-0.4640291883353377,0.018791264651596317,0.5863641561691995,0.2945243112739994,0.8851069146098838,0.2319828704908843,0.2580321726679385,1.105858556167367,0.5286240837908469,0.1106167423996464,0.3517146876416408,0.1022734328862433
0.4210777262745461,-0.16988837225830958,-0.4640291883353377,0.018791264651596317,0.5863641561691995,0.2945243112739994,0.8851069146098838,0.2326213708781503,0.2558629470665374,1.106616009651105,0.5284075474311485,0.1109859389551332,0.3521057232055437,0.1022059596642149
0.4210777262745461,-0.16988837225830958,-0.4640291883353377,0.018791264651596317,0.5863641561691995,0.2945243112739994,0.8851069146098838,0.2332598712654162,0.2536937214651364,1.1073734631348433,0.5281910110714501,0.1113551355106199,0.3524967587694466,0.1021384864421865
0.4210777262745461,-0.16988837225830958,-0.4640291883353377,0.018791264651596317,0.5863641561691995,0.2945243112739994,0.8851069146098838,0.2338983716526821,0.2515244958637354,1.1081309166185815,0.5279744747117516,0.1117243320661067,0.3528877943333495,0.1020710132201581
0.4210777262745461,-0.16988837225830958,-0.4640291883353377,0.018791264651596317,0.5863641561691995,0.2945243112739994,0.8851069146098838,0.234536872039948,0.2493552702623342,1.1088883701023196,0.5277579383520531,0.1120935286215934,0.3532788298972523,0.1020035399981297
0.4210777262745461,-0.16988837225830958,-0.4640291883353377,0.018791264651596317,0.5863641561691995,0.2945243112739994,0.8851069146098838,0.2351753724272139,0.2471860446609332,1.1096458235860578,0.5275414019923547,0.1124627251770801,0.3536698654611553,0.1019360667761013
0.4210777262745461,-0.16988837225830958,-0.4640291883353377,0.018791264651596317,0.5863641561691995,0.2945243112739994,0.8851069146098838,0.2358138728144798,0.2450168190595321,1.1104032770697958,0.5273248656326561,0.1128319217325669,0.3540609010250581,0.1018685935540729
0.4210777262745461,-0.16988837225830958,-0.4640291883353377,0.018791264651596317,0.5863641561691995,0.2945243112739994,0.8851069146098838,0.2364523732017457,0.2428475934581311,1.111160730553534,0.5271083292729578,0.1132011182880536,0.3544519365889611,0.1018011203320445
0.4210777262745461,-0.16988837225830958,-0.4640291883353377,0.018791264651596317,0.5863641561691995,0.2945243112739994,0.8851069146098838,0.2370908735890116,0.2406783678567299,1.1119181840372718,0.5268917929132593,0.1135703148435404,0.354842972152864,0.101733647110016
0.4210777262745461,-0.16988837225830958,-0.4640291883353377,0.018791264651596317,0.5863641561691995,0.2945243112739994,0.8851069146098838,0.2377293739762776,0.238509142255329,1.1126756375210105,0.5266752565535608,0.1139395113990271,0.3552340077167668,0.1016661738879877
0.4210777262745461,-0.16988837225830958,-0.4640291883353377,0.018791264651596317,0.5863641561691995,0.2945243112739994,0.8851069146098838,0.2383678743635435,0.2363399166539278,1.1134330910047483,0.5264587201938624,0.1143087079545138,0.3556250432806697,0.1015987006659592
0.4210777262745461,-0.16988837225830958,-0.4640291883353377,0.018791264651596317,0.5863641561691995,0.2945243112739994,0.8851069146098838,0.2390063747508094,0.2341706910525268,1.1141905444884863,0.526242183834164,0.1146779045100006,0.3560160788445726,0.1015312274439308
0.4210777262745461,-0.16988837225830958,-0.4640291883353377,0.018791264651596317,0.5863641561691995,0.2945243112739994,0.8851069146098838,0.2396448751380753,0.2320014654511257,1.1149479979722243,0.5260256474744656,0.1150471010654873,0.3564071144084755,0.1014637542219024
0.4210777262745461,-0.16988837225830958,-0.4640291883353377,0.018791264651596317,0.5863641561691995,0.2945243112739994,0.8851069146098838,0.2402833755253412,0.2298322398497246,1.1157054514559626,0.5258091111147671,0.1154162976209741,0.3567981499723784,0.101396280999874
0.4210777262745461,-0.16988837225830958,-0.4640291883353377,0.018791264651596317,0.5863641561691995,0.2945243112739994,0.8851069146098838,0.2409218759126071,0.2276630142483235,1.1164629049397008,0.5255925747550687,0.1157854941764608,0.3571891855362813,0.1013288077778456
0.4210777262745461,-0.16988837225830958,-0.4640291883353377,0.018791264651596317,0.5863641561691995,0.2945243112739994,0.8851069146098838,0.241560376299873,0.2254937886469225,1.1172203584234388,0.5253760383953703,0.1161546907319475,0.3575802211001841,0.1012613345558172
0.4210777262745461,-0.16988837225830958,-0.4640291883353377,0.018791264651596317,0.5863641561691995,0.2945243112739994,0.8851069146098838,0.242198876687139,0.2233245630455215,1.117977811907177,0.5251595020356717,0.1165238872874343,0.3579712566640871,0.1011938613337888
0.4210777262745461,-0.16988837225830958,-0.4640291883353377,0.018791264651596317,0.5863641561691995,0.2945243112739994,0.8851069146098838,0.2428373770744049,0.2211553374441204,1.118735265390915,0.5249429656759733,0.116893083842921,0.35836229222799,0.1011263881117604
0.4210777262745461,-0.16988837225830958,-0.4640291883353377,0.018791264651596317,0.5863641561691995,0.2945243112739994,0.8851069146098838,0.2434758774616708,0.2189861118427193,1.1194927188746533,0.5247264293162749,0.1172622803984078,0.3587533277918928,0.101058914889732
0.4210777262745461,-0.16988837225830958,-0.4640291883353377,0.018791264651596317,0.5863641561691995,0.2945243112739994,0.8851069146098838,0.2441143778489367,0.2168168862413182,1.1202501723583915,0.5245098929565765,0.1176314769538945,0.3591443633557957,0.1009914416677036
0.4210777262745461,-0.16988837225830958,-0.4640291883353377,0.018791264651596317,0.5863641561691995,0.2945243112739994,0.8851069146098838,0.2447528782362026,0.2146476606399172,1.1210076258421295,0.524293356596878,0.1180006735093812,0.3595353989196986,0.1009239684456752
0.4210777262745461,-0.16988837225830958,-0.4640291883353377,0.018791264651596317,0.5863641561691995,0.2945243112739994,0.8851069146098838,0.2453913786234685,0.2124784350385161,1.1217650793258676,0.5240768202371795,0.118369870064868,0.3599264344836015,0.1008564952236468
0.4210777262745461,-0.16988837225830958,-0.4640291883353377,0.018791264651596317,0.5863641561691995,0.2945243112739994,0.8851069146098838,0.2460298790107344,0.2103092094371151,1.1225225328096058,0.5238602838774811,0.1187390666203547,0.3603174700475043,0.1007890220016184
0.4210777262745461,-0.16988837225830958,-0.4640291883353377,0.018791264651596317,0.5863641561691995,0.2945243112739994,0.8851069146098838,0.2466683793980003,0.208139983835714,1.123279986293344,0.5236437475177826,0.1191082631758415,0.3607085056114073,0.10072154877959
0.4210777262745461,-0.16988837225830958,-0.4640291883353377,0.018791264651596317,0.5863641561691995,0.2945243112739994,0.8851069146098838,0.2473068797852663,0.2059707582343129,1.124037439777082,0.5234272111580842,0.1194774597313282,0.3610995411753102,0.1006540755575616
0.4210777262745461,-0.16988837225830958,-0.4640291883353377,0.018791264651596317,0.5863641561691995,0.2945243112739994,0.8851069146098838,0.2479453801725322,0.2038015326329119,1.12479489326082,0.5232106747983858,0.119846656286815,0.3614905767392131,0.1005866023355332
0.4210777262745461,-0.16988837225830958,-0.4640291883353377,0.018791264651596317,0.5863641561691995,0.2945243112739994,0.8851069146098838,0.2485838805597981,0.2016323070315108,1.1255523467445585,0.5229941384386874,0.1202158528423017,0.361881612303116,0.1005191291135048
0.4210777262745461,-0.16988837225830958,-0.4640291883353377,0.018791264651596317,0.5863641561691995,0.2945243112739994,0.8851069146098838,0.249222380947064,0.1994630814301097,1.1263098002282963,0.5227776020789889,0.1205850493977884,0.3622726478670188,0.1004516558914764
0.4210777262745461,-0.16988837225830958,-0.4640291883353377,0.018791264651596317,0.5863641561691995,0.2945243112739994,0.8851069146098838,0.2498608813343299,0.1972938558287087,1.1270672537120343,0.5225610657192905,0.1209542459532752,0.3626636834309217,0.100384182669448
0.4210777262745461,-0.16988837225830958,-0.4640291883353377,0.018791264651596317,0.5863641561691995,0.2945243112739994,0.8851069146098838,0.2504993817215958,0.1951246302273076,1.1278247071957723,0.522344529359592,0.1213234425087619,0.3630547189948246,0.1003167094474195
0.4210777262745461,-0.16988837225830958,-0.4640291883353377,0.018791264651596317,0.5863641561691995,0.2945243112739994,0.8851069146098838,0.2511378821088618,0.1929554046259066,1.1285821606795108,0.5221279929998937,0.1216926390642487,0.3634457545587275,0.1002492362253911
0.4210777262745461,-0.16988837225830958,-0.4640291883353377,0.018791264651596317,0.5863641561691995,0.2945243112739994,0.8851069146098838,0.2517763824961276,0.1907861790245054,1.129339614163249,0.5219114566401951,0.1220618356197354,0.3638367901226303,0.1001817630033627
0.4210777262745461,-0.16988837225830958,-0.4640291883353377,0.018791264651596317,0.5863641561691995,0.2945243112739994,0.8851069146098838,0.2524148828833936,0.1886169534231044,1.1300970676469873,0.5216949202804968,0.1224310321752221,0.3642278256865333,0.1001142897813343
0.4210777262745461,-0.16988837225830958,-0.4640291883353377,0.018791264651596317,0.5863641561691995,0.2945243112739994,0.8851069146098838,0.2530533832706595,0.1864477278217033,1.130854521130725,0.5214783839207981,0.1228002287307089,0.3646188612504362,0.1000468165593059
0.4210777262745461,-0.16988837225830958,-0.4640291883353377,0.018791264651596317,0.5863641561691995,0.2945243112739994,0.8851069146098838,0.2536918836579254,0.1842785022203023,1.1316119746144633,0.5212618475610998,0.1231694252861956,0.3650098968143391,0.0999793433372775
0.4210777262745461,-0.16988837225830958,-0.4640291883353377,0.018791264651596317,0.5863641561691995,0.2945243112739994,0.8851069146098838,0.2543303840451913,0.1821092766189012,1.1323694280982013,0.5210453112014013,0.1235386218416824,0.3654009323782419,0.0999118701152491
0.4210777262745461,-0.16988837225830958,-0.4640291883353377,0.018791264651596317,0.5863641561691995,0.2945243112739994,0.8851069146098838,0.2549688844324572,0.1799400510175001,1.1331268815819395,0.5208287748417029,0.1239078183971691,0.3657919679421448,0.0998443968932207
0.4210777262745461,-0.16988837225830958,-0.4640291883353377,0.018791264651596317,0.5863641561691995,0.2945243112739994,0.8851069146098838,0.2556073848197231,0.177770825416099,1.1338843350656775,0.5206122384820044,0.1242770149526558,0.3661830035060477,0.0997769236711923
0.4210777262745461,-0.16988837225830958,-0.4640291883353377,0.018791264651596317,0.5863641561691995,0.2945243112739994,0.8851069146098838,0.2562458852069891,0.175601599814698,1.1346417885494158,0.520395702122306,0.1246462115081426,0.3665740390699507,0.0997094504491639
0.4210777262745461,-0.16988837225830958,-0.4640291883353377,0.018791264651596317,0.5863641561691995,0.2945243112739994,0.8851069146098838,0.2568843855942549,0.1734323742132969,1.1353992420331538,0.5201791657626076,0.1250154080636293,0.3669650746338535,0.0996419772271355
0.4210777262745461,-0.16988837225830958,-0.4640291883353377,0.018791264651596317,0.5863641561691995,0.2945243112739994,0.8851069146098838,0.2575228859815209,0.1712631486118959,1.136156695516892,0.5199626294029092,0.1253846046191161,0.3673561101977564,0.0995745040051071
0.4210777262745461,-0.16988837225830958,-0.4640291883353377,0.018791264651596317,0.5863641561691995,0.2945243112739994,0.8851069146098838,0.2581613863687868,0.1690939230104948,1.13691414900063,0.5197460930432106,0.1257538011746028,0.3677471457616593,0.0995070307830787
0.4210777262745461,-0.16988837225830958,-0.4640291883353377,0.018791264651596317,0.5863641561691995,0.2945243112739994,0.8851069146098838,0.2587998867560527,0.1669246974090937,1.1376716024843685,0.5195295566835123,0.1261229977300896,0.3681381813255622,0.0994395575610503
0.4210777262745461,-0.16988837225830958,-0.4640291883353377,0.018791264651596317,0.5863641561691995,0.2945243112739994,0.8851069146098838,0.2594383871433186,0.1647554718076927,1.1384290559681065,0.5193130203238138,0.1264921942855763,0.3685292168894651,0.0993720843390219
0.4210777262745461,-0.16988837225830958,-0.4640291883353377,0.018791264651596317,0.5863641561691995,0.2945243112739994,0.8851069146098838,0.2600768875305845,0.1625862462062916,1.1391865094518443,0.5190964839641153,0.126861390841063,0.368920252453368,0.0993046111169935
0.4210777262745461,-0.16988837225830958,-0.4640291883353377,0.018791264651596317,0.5863641561691995,0.2945243112739994,0.8851069146098838,0.2607153879178505,0.1604170206048905,1.1399439629355823,0.5188799476044169,0.1272305873965498,0.3693112880172708,0.0992371378949651
0.4210777262745461,-0.16988837225830958,-0.4640291883353377,0.018791264651596317,0.5863641561691995,0.2945243112739994,0.8851069146098838,0.2613538883051164,0.1582477950034895,1.1407014164193208,0.5186634112447185,0.1275997839520365,0.3697023235811738,0.0991696646729367
0.4210777262745461,-0.16988837225830958,-0.4640291883353377,0.018791264651596317,0.5863641561691995,0.2945243112739994,0.8851069146098838,0.2619923886923823,0.1560785694020884,1.141458869903059,0.51844687488502,0.1279689805075232,0.3700933591450767,0.0991021914509082
0.4210777262745461,-0.16988837225830958,-0.4640291883353377,0.018791264651596317,0.5863641561691995,0.2945243112739994,0.8851069146098838,0.2626308890796482,0.1539093438006873,1.142216323386797,0.5182303385253215,0.12833817706301,0.3704843947089795,0.0990347182288798
0.4210777262745461,-0.16988837225830958,-0.4640291883353377,0.018791264651596317,0.5863641561691995,0.2945243112739994,0.8851069146098838,0.2632693894669141,0.1517401181992863,1.142973776870535,0.5180138021656231,0.1287073736184967,0.3708754302728824,0.0989672450068514
0.4210777262745461,-0.16988837225830958,-0.4640291883353377,0.018791264651596317,0.5863641561691995,0.2945243112739994,0.8851069146098838,0.26390788985418,0.1495708925978852,1.1437312303542733,0.5177972658059247,0.1290765701739835,0.3712664658367853,0.098899771784823
0.4210777262745461,-0.16988837225830958,-0.4640291883353377,0.018791264651596317,0.5863641561691995,0.2945243112739994,0.8851069146098838,0.2645463902414459,0.1474016669964841,1.1444886838380115,0.5175807294462262,0.1294457667294702,0.3716575014006882,0.0988322985627946
0.4210777262745461,-0.16988837225830958,-0.4640291883353377,0.018791264651596317,0.5863641561691995,0.2945243112739994,0.8851069146098838,0.2651848906287118,0.1452324413950831,1.1452461373217495,0.5173641930865278,0.129814963284957,0.3720485369645911,0.0987648253407662
0.4210777262745461,-0.16988837225830958,-0.4640291883353377,0.018791264651596317,0.5863641561691995,0.2945243112739994,0.8851069146098838,0.2658233910159778,0.143063215793682,1.1460035908054875,0.5171476567268294,0.1301841598404437,0.372439572528494,0.0986973521187378
0.4210777262745461,-0.16988837225830958,-0.4640291883353377,0.018791264651596317,0.5863641561691995,0.2945243112739994,0.8851069146098838,0.2664618914032437,0.140893990192281,1.1467610442892258,0.5169311203671308,0.1305533563959305,0.3728306080923969,0.0986298788967094
0.4210777262745461,-0.16988837225830958,-0.4640291883353377,0.018791264651596317,0.5863641561691995,0.2945243112739994,0.8851069146098838,0.2671003917905096,0.1387247645908799,1.1475184977729638,0.5167145840074325,0.1309225529514172,0.3732216436562998,0.098562405674681
0.4210777262745461,-0.16988837225830958,-0.4640291883353377,0.018791264651596317,0.5863641561691995,0.2945243112739994,0.8851069146098838,0.2677388921777755,0.1365555389894788,1.148275951256702,0.516498047647734,0.1312917495069039,0.3736126792202027,0.0984949324526526
0.4210777262745461,-0.16988837225830958,-0.4640291883353377,0.018791264651596317,0.5863641561691995,0.2945243112739994,0.8851069146098838,0.2683773925650414,0.1343863133880777,1.1490334047404402,0.5162815112880356,0.1316609460623907,0.3740037147841055,0.0984274592306242
0.4210777262745461,-0.16988837225830958,-0.4640291883353377,0.018791264651596317,0.5863641561691995,0.2945243112739994,0.8851069146098838,0.2690158929523074,0.1322170877866766,1.1497908582241785,0.5160649749283371,0.1320301426178774,0.3743947503480085,0.0983599860085958
0.4210777262745461,-0.16988837225830958,-0.4640291883353377,0.018791264651596317,0.5863641561691995,0.2945243112739994,0.8851069146098838,0.2696543933395732,0.1300478621852757,1.1505483117079165,0.5158484385686386,0.1323993391733642,0.3747857859119113,0.0982925127865674
0.4210777262745461,-0.16988837225830958,-0.4640291883353377,0.018791264651596317,0.5863641561691995,0.2945243112739994,0.8851069146098838,0.2702928937268392,0.1278786365838746,1.1513057651916545,0.5156319022089403,0.1327685357288509,0.3751768214758142,0.098225039564539
0.4210777262745461,-0.16988837225830958,-0.4640291883353377,0.018791264651596317,0.5863641561691995,0.2945243112739994,0.8851069146098838,0.270931394114105,0.1257094109824735,1.1520632186753927,0.5154153658492417,0.1331377322843376,0.3755678570397171,0.0981575663425106
0.4210777262745461,-0.16988837225830958,-0.4640291883353377,0.018791264651596317,0.5863641561691995,0.2945243112739994,0.8851069146098838,0.271569894501371,0.1235401853810724,1.1528206721591308,0.5151988294895433,0.1335069288398244,0.37595889260362,0.0980900931204822
0.4210777262745461,-0.16988837225830958,-0.4640291883353377,0.018791264651596317,0.5863641561691995,0.2945243112739994,0.8851069146098838,0.2722083948886369,0.1213709597796713,1.153578125642869,0.5149822931298449,0.1338761253953111,0.3763499281675229,0.0980226198984538
0.4210777262745461,-0.16988837225830958,-0.4640291883353377,0.018791264651596317,0.5863641561691995,0.2945243112739994,0.8851069146098838,0.2728468952759028,0.1192017341782703,1.154335579126607,0.5147657567701465,0.1342453219507978,0.3767409637314258,0.0979551466764254
0.4210777262745461,-0.16988837225830958,-0.4640291883353377,0.018791264651596317,0.5863641561691995,0.2945243112739994,0.8851069146098838,0.2734853956631687,0.1170325085768692,1.1550930326103452,0.514549220410448,0.1346145185062846,0.3771319992953287,0.097887673454397
0.4210777262745461,-0.16988837225830958,-0.4640291883353377,0.018791264651596317,0.5863641561691995,0.2945243112739994,0.8851069146098838,0.2741238960504346,0.1148632829754682,1.1558504860940833,0.5143326840507496,0.1349837150617713,0.3775230348592315,0.0978202002323685
0.4210777262745461,-0.16988837225830958,-0.4640291883353377,0.018791264651596317,0.5863641561691995,0.2945243112739994,0.8851069146098838,0.2747623964377005,0.1126940573740671,1.1566079395778217,0.5141161476910511,0.1353529116172581,0.3779140704231344,0.0977527270103401
0.4210777262745461,-0.16988837225830958,-0.4640291883353377,0.018791264651596317,0.5863641561691995,0.2945243112739994,0.8851069146098838,0.2754008968249665,0.110524831772666,1.1573653930615595,0.5138996113313528,0.1357221081727448,0.3783051059870373,0.0976852537883117
0.4210777262745461,-0.16988837225830958,-0.4640291883353377,0.018791264651596317,0.5863641561691995,0.2945243112739994,0.8851069146098838,0.2760393972122323,0.108355606171265,1.1581228465452975,0.5136830749716542,0.1360913047282316,0.3786961415509402,0.0976177805662833
0.4210777262745461,-0.16988837225830958,-0.4640291883353377,0.018791264651596317,0.5863641561691995,0.2945243112739994,0.8851069146098838,0.2766778975994983,0.1061863805698639,1.1588803000290355,0.5134665386119558,0.1364605012837183,0.3790871771148432,0.0975503073442549
0.4210777262745461,-0.16988837225830958,-0.4640291883353377,0.018791264651596317,0.5863641561691995,0.2945243112739994,0.8851069146098838,0.2773163979867642,0.1040171549684628,1.159637753512774,0.5132500022522574,0.136829697839205,0.379478212678746,0.0974828341222265
0.4210777262745461,-0.16988837225830958,-0.4640291883353377,0.018791264651596317,0.5863641561691995,0.2945243112739994,0.8851069146098838,0.2779548983740301,0.1018479293670618,1.160395206996512,0.5130334658925589,0.1371988943946918,0.3798692482426489,0.0974153609001981
0.4210777262745461,-0.16988837225830958,-0.4640291883353377,0.018791264651596317,0.5863641561691995,0.2945243112739994,0.8851069146098838,0.2785933987612961,0.0996787037656607,1.16115266048025,0.5128169295328605,0.1375680909501785,0.3802602838065518,0.0973478876781697
0.4210777262745461,-0.16988837225830958,-0.4640291883353377,0.018791264651596317,0.5863641561691995,0.2945243112739994,0.8851069146098838,0.2792318991485619,0.0975094781642596,1.1619101139639882,0.512600393173162,0.1379372875056653,0.3806513193704547,0.0972804144561413
0.4210777262745461,-0.16988837225830958,-0.4640291883353377,0.018791264651596317,0.5863641561691995,0.2945243112739994,0.8851069146098838,0.2798703995358279,0.0953402525628586,1.1626675674477265,0.5123838568134635,0.138306484061152,0.3810423549343576,0.0972129412341129
0.4210777262745461,-0.16988837225830958,-0.4640291883353377,0.018791264651596317,0.5863641561691995,0.2945243112739994,0.8851069146098838,0.2805088999230938,0.0931710269614575,1.1634250209314645,0.5121673204537651,0.1386756806166387,0.3814333904982605,0.0971454680120845
0.4210777262745461,-0.16988837225830958,-0.4640291883353377,0.018791264651596317,0.5863641561691995,0.2945243112739994,0.8851069146098838,0.2811474003103597,0.0910018013600564,1.1641824744152025,0.5119507840940667,0.1390448771721255,0.3818244260621634,0.0970779947900561
0.4210777262745461,-0.16988837225830958,-0.4640291883353377,0.018791264651596317,0.5863641561691995,0.2945243112739994,0.8851069146098838,0.2817859006976256,0.0888325757586553,1.1649399278989407,0.5117342477343683,0.1394140737276122,0.3822154616260663,0.0970105215680277
0.4210777262745461,-0.16988837225830958,-0.4640291883353377,0.018791264651596317,0.5863641561691995,0.2945243112739994,0.8851069146098838,0.2824244010848915,0.0866633501572543,1.1656973813826788,0.5115177113746698,0.139783270283099,0.3826064971899692,0.0969430483459993
0.4210777262745461,-0.16988837225830958,-0.4640291883353377,0.018791264651596317,0.5863641561691995,0.2945243112739994,0.8851069146098838,0.2830629014721574,0.0844941245558532,1.166454834866417,0.5113011750149714,0.1401524668385857,0.382997532753872,0.0968755751239709
0.4210777262745461,-0.16988837225830958,-0.4640291883353377,0.018791264651596317,0.5863641561691995,0.2945243112739994,0.8851069146098838,0.2837014018594234,0.0823248989544521,1.167212288350155,0.511084638655273,0.1405216633940725,0.3833885683177749,0.0968081019019425
0.4210777262745461,-0.16988837225830958,-0.4640291883353377,0.018791264651596317,0.5863641561691995,0.2945243112739994,0.8851069146098838,0.2843399022466892,0.0801556733530511,1.1679697418338932,0.5108681022955744,0.1408908599495592,0.3837796038816778,0.0967406286799141
0.4210777262745461,-0.16988837225830958,-0.4640291883353377,0.018791264651596317,0.5863641561691995,0.2945243112739994,0.8851069146098838,0.2849784026339552,0.07798644775165,1.1687271953176317,0.510651565935876,0.1412600565050459,0.3841706394455807,0.0966731554578857
0.4210777262745461,-0.16988837225830958,-0.4640291883353377,0.018791264651596317,0.5863641561691995,0.2945243112739994,0.8851069146098838,0.285616903021221,0.075817222150249,1.1694846488013697,0.5104350295761776,0.1416292530605327,0.3845616750094836,0.0966056822358572
0.4210777262745461,-0.16988837225830958,-0.4640291883353377,0.018791264651596317,0.5863641561691995,0.2945243112739994,0.8851069146098838,0.286255403408487,0.0736479965488479,1.1702421022851075,0.5102184932164792,0.1419984496160194,0.3849527105733865,0.0965382090138289
0.4210777262745461,-0.16988837225830958,-0.4640291883353377,0.018791264651596317,0.5863641561691995,0.2945243112739994,0.8851069146098838,0.2868939037957529,0.0714787709474469,1.1709995557688455,0.5100019568567807,0.1423676461715061,0.3853437461372894,0.0964707357918004
0.4210777262745461,-0.16988837225830958,-0.4640291883353377,0.018791264651596317,0.5863641561691995,0.2945243112739994,0.8851069146098838,0.2875324041830188,0.0693095453460458,1.171757009252584,0.5097854204970822,0.1427368427269929,0.3857347817011923,0.0964032625697721
0.4210777262745461,-0.16988837225830958,-0.4640291883353377,0.018791264651596317,0.5863641561691995,0.2945243112739994,0.8851069146098838,0.2881709045702847,0.0671403197446447,1.172514462736322,0.5095688841373838,0.1431060392824796,0.3861258172650952,0.0963357893477436
0.4210777262745461,-0.16988837225830958,-0.4640291883353377,0.018791264651596317,0.5863641561691995,0.2945243112739994,0.8851069146098838,0.2888094049575506,0.0649710941432436,1.1732719162200602,0.5093523477776853,0.1434752358379664,0.386516852828998,0.0962683161257152
0.4210777262745461,-0.16988837225830958,-0.4640291883353377,0.018791264651596317,0.5863641561691995,0.2945243112739994,0.8851069146098838,0.2894479053448165,0.0628018685418426,1.1740293697037982,0.5091358114179869,0.1438444323934531,0.3869078883929009,0.0962008429036868
0.4210777262745461,-0.16988837225830958,-0.4640291883353377,0.018791264651596317,0.5863641561691995,0.2945243112739994,0.8851069146098838,0.2900864057320824,0.0606326429404415,1.1747868231875365,0.5089192750582885,0.1442136289489398,0.3872989239568039,0.0961333696816584
0.4210777262745461,-0.16988837225830958,-0.4640291883353377,0.018791264651596317,0.5863641561691995,0.2945243112739994,0.8851069146098838,0.2907249061193483,0.0584634173390404,1.1755442766712745,0.5087027386985901,0.1445828255044266,0.3876899595207067,0.09606589645963
0.4210777262745461,-0.16988837225830958,-0.4640291883353377,0.018791264651596317,0.5863641561691995,0.2945243112739994,0.8851069146098838,0.2913634065066143,0.0562941917376394,1.1763017301550125,0.5084862023388916,0.1449520220599133,0.3880809950846096,0.0959984232376016
0.4210777262745461,-0.16988837225830958,-0.4640291883353377,0.018791264651596317,0.5863641561691995,0.2945243112739994,0.8851069146098838,0.2920019068938802,0.0541249661362383,1.1770591836387507,0.5082696659791932,0.1453212186154001,0.3884720306485125,0.0959309500155732
0.4210777262745461,-0.16988837225830958,-0.4640291883353377,0.018791264651596317,0.5863641561691995,0.2945243112739994,0.8851069146098838,0.2926404072811461,0.0519557405348372,1.177816637122489,0.5080531296194947,0.1456904151708868,0.3888630662124154,0.0958634767935448
0.4210777262745461,-0.16988837225830958,-0.4640291883353377,0.018791264651596317,0.5863641561691995,0.2945243112739994,0.8851069146098838,0.293278907668412,0.0497865149334362,1.178574090606227,0.5078365932597962,0.1460596117263736,0.3892541017763182,0.0957960035715164
0.4210777262745461,-0.16988837225830958,-0.4640291883353377,0.018791264651596317,0.5863641561691995,0.2945243112739994,0.8851069146098838,0.2939174080556779,0.0476172893320351,1.179331544089965,0.5076200569000978,0.1464288082818603,0.3896451373402211,0.095728530349488
0.4210777262745461,-0.16988837225830958,-0.4640291883353377,0.018791264651596317,0.5863641561691995,0.2945243112739994,0.8851069146098838,0.2945559084429439,0.045448063730634,1.1800889975737032,0.5074035205403994,0.1467980048373471,0.390036172904124,0.0956610571274596
0.4210777262745461,-0.16988837225830958,-0.4640291883353377,0.018791264651596317,0.5863641561691995,0.2945243112739994,0.8851069146098838,0.2951944088302097,0.043278838129233,1.1808464510574417,0.5071869841807009,0.1471672013928338,0.3904272084680269,0.0955935839054312
0.4210777262745461,-0.16988837225830958,-0.4640291883353377,0.018791264651596317,0.5863641561691995,0.2945243112739994,0.8851069146098838,0.2958329092174757,0.0411096125278319,1.1816039045411797,0.5069704478210025,0.1475363979483205,0.3908182440319298,0.0955261106834028
0.4210777262745461,-0.16988837225830958,-0.4640291883353377,0.018791264651596317,0.5863641561691995,0.2945243112739994,0.8851069146098838,0.2964714096047416,0.0389403869264308,1.1823613580249177,0.506753911461304,0.1479055945038073,0.3912092795958327,0.0954586374613744
0.4210777262745461,-0.16988837225830958,-0.4640291883353377,0.018791264651596317,0.5863641561691995,0.2945243112739994,0.8851069146098838,0.2971099099920075,0.0367711613250298,1.1831188115086555,0.5065373751016056,0.148274791059294,0.3916003151597356,0.095391164239346
0.4210777262745461,-0.16988837225830958,-0.4640291883353377,0.018791264651596317,0.5863641561691995,0.2945243112739994,0.8851069146098838,0.2977484103792734,0.0346019357236287,1.1838762649923935,0.5063208387419071,0.1486439876147808,0.3919913507236385,0.0953236910173176
0.4210777262745461,-0.16988837225830958,-0.4640291883353377,0.018791264651596317,0.5863641561691995,0.2945243112739994,0.8851069146098838,0.2983869107665393,0.0324327101222276,1.184633718476132,0.5061043023822087,0.1490131841702675,0.3923823862875414,0.0952562177952892
0.4210777262745461,-0.16988837225830958,-0.4640291883353377,0.018791264651596317,0.5863641561691995,0.2945243112739994,0.8851069146098838,0.2990254111538052,0.0302634845208266,1.18539117195987,0.5058877660225103,0.1493823807257542,0.3927734218514442,0.0951887445732607
0.4210777262745461,-0.16988837225830958,-0.4640291883353377,0.018791264651596317,0.5863641561691995,0.2945243112739994,0.8851069146098838,0.2996639115410712,0.0280942589194255,1.1861486254436082,0.5056712296628119,0.149751577281241,0.3931644574153471,0.0951212713512323
0.4210777262745461,-0.16988837225830958,-0.4640291883353377,0.018791264651596317,0.5863641561691995,0.2945243112739994,0.8851069146098838,0.300302411928337,0.0259250333180244,1.1869060789273465,0.5054546933031133,0.1501207738367277,0.3935554929792501,0.0950537981292039
0.4210777262745461,-0.16988837225830958,-0.4640291883353377,0.018791264651596317,0.5863641561691995,0.2945243112739994,0.8851069146098838,0.300940912315603,0.0237558077166234,1.1876635324110845,0.5052381569434149,0.1504899703922144,0.3939465285431529,0.0949863249071755
0.4210777262745461,-0.16988837225830958,-0.4640291883353377,0.018791264651596317,0.5863641561691995,0.2945243112739994,0.8851069146098838,0.3015794127028688,0.0215865821152223,1.1884209858948225,0.5050216205837165,0.1508591669477012,0.3943375641070558,0.0949188516851471
0.4210777262745461,-0.16988837225830958,-0.4640291883353377,0.018791264651596317,0.5863641561691995,0.2945243112739994,0.8851069146098838,0.3022179130901348,0.0194173565138213,1.1891784393785607,0.504805084224018,0.1512283635031879,0.3947285996709587,0.0948513784631187
0.4210777262745461,-0.16988837225830958,-0.4640291883353377,0.018791264651596317,0.5863641561691995,0.2945243112739994,0.8851069146098838,0.3028564134774007,0.0172481309124202,1.189935892862299,0.5045885478643196,0.1515975600586747,0.3951196352348616,0.0947839052410903
0.4210777262745461,-0.16988837225830958,-0.4640291883353377,0.018791264651596317,0.5863641561691995,0.2945243112739994,0.8851069146098838,0.3034949138646666,0.0150789053110191,1.190693346346037,0.5043720115046212,0.1519667566141614,0.3955106707987645,0.0947164320190619
0.4210777262745461,-0.16988837225830958,-0.4640291883353377,0.018791264651596317,0.5863641561691995,0.2945243112739994,0.8851069146098838,0.3041334142519326,0.0129096797096181,1.1914507998297752,0.5041554751449228,0.1523359531696481,0.3959017063626674,0.0946489587970335
0.4210777262745461,-0.16988837225830958,-0.4640291883353377,0.018791264651596317,0.5863641561691995,0.2945243112739994,0.8851069146098838,0.3047719146391985,0.010740454108217,1.1922082533135132,0.5039389387852242,0.1527051497251349,0.3962927419265702,0.0945814855750051
0.4210777262745461,-0.16988837225830958,-0.4640291883353377,0.018791264651596317,0.5863641561691995,0.2945243112739994,0.8851069146098838,0.3054104150264644,0.0085712285068159,1.1929657067972514,0.5037224024255258,0.1530743462806216,0.3966837774904732,0.0945140123529767
0.4210777262745461,-0.16988837225830958,-0.4640291883353377,0.018791264651596317,0.5863641561691995,0.2945243112739994,0.8851069146098838,0.3060489154137302,0.0064020029054149,1.1937231602809897,0.5035058660658274,0.1534435428361084,0.3970748130543761,0.0944465391309483
0.4210777262745461,-0.16988837225830958,-0.4640291883353377,0.018791264651596317,0.5863641561691995,0.2945243112739994,0.8851069146098838,0.3066874158009962,0.0042327773040138,1.1944806137647277,0.5032893297061289,0.1538127393915951,0.3974658486182789,0.0943790659089199
0.4210777262745461,-0.16988837225830958,-0.4640291883353377,0.018791264651596317,0.5863641561691995,0.2945243112739994,0.8851069146098838,0.3073259161882621,0.0020635517026127,1.1952380672484657,0.5030727933464305,0.1541819359470818,0.3978568841821818,0.0943115926868915
0.4210777262745461,-0.16988837225830958,-0.4640291883353377,0.018791264651596317,0.5863641561691995,0.2945243112739994,0.8851069146098838,0.307964416575528,-0.0001056738987882,1.195995520732204,0.5028562569867321,0.1545511325025686,0.3982479197460847,0.0942441194648631
0.4210777262745461,-0.16988837225830958,-0.4640291883353377,0.018791264651596317,0.5863641561691995,0.2945243112739994,0.8851069146098838,0.3086029169627939,-0.0022748995001893,1.196752974215942,0.5026397206270335,0.1549203290580554,0.3986389553099876,0.0941766462428347
0.4210777262745461,-0.16988837225830958,-0.4640291883353377,0.018791264651596317,0.5863641561691995,0.2945243112739994,0.8851069146098838,0.3092414173500599,-0.0044441251015904,1.19751042769968,0.5024231842673352,0.1552895256135421,0.3990299908738905,0.0941091730208063
0.4210777262745461,-0.16988837225830958,-0.4640291883353377,0.018791264651596317,0.5863641561691995,0.2945243112739994,0.8851069146098838,0.3098799177373257,-0.0066133507029914,1.1982678811834182,0.5022066479076367,0.1556587221690288,0.3994210264377934,0.0940416997987779
0.4210777262745461,-0.16988837225830958,-0.4640291883353377,0.018791264651596317,0.5863641561691995,0.2945243112739994,0.8851069146098838,0.3105184181245917,-0.0087825763043925,1.1990253346671562,0.5019901115479383,0.1560279187245156,0.3998120620016963,0.0939742265767494
0.4210777262745461,-0.16988837225830958,-0.4640291883353377,0.018791264651596317,0.5863641561691995,0.2945243112739994,0.8851069146098838,0.3111569185118576,-0.0109518019057936,1.1997827881508945,0.5017735751882398,0.1563971152800023,0.4002030975655992,0.0939067533547211
0.4210777262745461,-0.16988837225830958,-0.4640291883353377,0.018791264651596317,0.5863641561691995,0.2945243112739994,0.8851069146098838,0.3117954188991235,-0.0131210275071947,1.2005402416346325,0.5015570388285414,0.156766311835489,0.4005941331295021,0.0938392801326926
0.4210777262745461,-0.16988837225830958,-0.4640291883353377,0.018791264651596317,0.5863641561691995,0.2945243112739994,0.8851069146098838,0.3124339192863894,-0.0152902531085957,1.2012976951183707,0.5013405024688429,0.1571355083909758,0.4009851686934049,0.0937718069106642
0.4210777262745461,-0.16988837225830958,-0.4640291883353377,0.018791264651596317,0.5863641561691995,0.2945243112739994,0.8851069146098838,0.3130724196736553,-0.0174594787099968,1.2020551486021087,0.5011239661091444,0.1575047049464625,0.4013762042573078,0.0937043336886358
0.4210777262745461,-0.16988837225830958,-0.4640291883353377,0.018791264651596317,0.5863641561691995,0.2945243112739994,0.8851069146098838,0.3137109200609213,-0.0196287043113979,1.202812602085847,0.500907429749446,0.1578739015019493,0.4017672398212107,0.0936368604666074
0.4210777262745461,-0.16988837225830958,-0.4640291883353377,0.018791264651596317,0.5863641561691995,0.2945243112739994,0.8851069146098838,0.3143494204481871,-0.0217979299127989,1.203570055569585,0.5006908933897476,0.158243098057436,0.4021582753851137,0.093569387244579
0.4210777262745461,-0.16988837225830958,-0.4640291883353377,0.018791264651596317,0.5863641561691995,0.2945243112739994,0.8851069146098838,0.3149879208354531,-0.0239671555142,1.2043275090533232,0.5004743570300492,0.1586122946129227,0.4025493109490165,0.0935019140225506
0.4210777262745461,-0.16988837225830958,-0.4640291883353377,0.018791264651596317,0.5863641561691995,0.2945243112739994,0.8851069146098838,0.315626421222719,-0.0261363811156011,1.2050849625370612,0.5002578206703507,0.1589814911684095,0.4029403465129194,0.0934344408005222
0.4210777262745461,-0.16988837225830958,-0.4640291883353377,0.018791264651596317,0.5863641561691995,0.2945243112739994,0.8851069146098838,0.3162649216099849,-0.0283056067170021,1.2058424160207994,0.5000412843106523,0.1593506877238962,0.4033313820768223,0.0933669675784938
0.4210777262745461,-0.16988837225830958,-0.4640291883353377,0.018791264651596317,0.5863641561691995,0.2945243112739994,0.8851069146098838,0.3169034219972508,-0.0304748323184032,1.2065998695045377,0.4998247479509538,0.159719884279383,0.4037224176407252,0.0932994943564654
0.4210777262745461,-0.16988837225830958,-0.4640291883353377,0.018791264651596317,0.5863641561691995,0.2945243112739994,0.8851069146098838,0.3175419223845167,-0.0326440579198042,1.2073573229882757,0.4996082115912554,0.1600890808348697,0.4041134532046281,0.093232021134437
0.4210777262745461,-0.16988837225830958,-0.4640291883353377,0.018791264651596317,0.5863641561691995,0.2945243112739994,0.8851069146098838,0.3181804227717826,-0.0348132835212053,1.208114776472014,0.4993916752315569,0.1604582773903564,0.4045044887685309,0.0931645479124086
0.4210777262745461,-0.16988837225830958,-0.4640291883353377,0.018791264651596317,0.5863641561691995,0.2945243112739994,0.8851069146098838,0.3188189231590486,-0.0369825091226064,1.208872229955752,0.4991751388718585,0.1608274739458432,0.4048955243324338,0.0930970746903802
0.4210777262745461,-0.16988837225830958,-0.4640291883353377,0.018791264651596317,0.5863641561691995,0.2945243112739994,0.8851069146098838,0.3194574235463144,-0.0391517347240074,1.2096296834394902,0.49895860251216,0.1611966705013299,0.4052865598963368,0.0930296014683518
0.4210777262745461,-0.16988837225830958,-0.4640291883353377,0.018791264651596317,0.5863641561691995,0.2945243112739994,0.8851069146098838,0.3200959239335804,-0.0413209603254085,1.2103871369232282,0.4987420661524616,0.1615658670568167,0.4056775954602396,0.0929621282463234
0.4210777262745461,-0.16988837225830958,-0.4640291883353377,0.018791264651596317,0.5863641561691995,0.2945243112739994,0.8851069146098838,0.3207344243208463,-0.0434901859268096,1.2111445904069664,0.4985255297927631,0.1619350636123034,0.4060686310241425,0.092894655024295
0.4210777262745461,-0.16988837225830958,-0.4640291883353377,0.018791264651596317,0.5863641561691995,0.2945243112739994,0.8851069146098838,0.3213729247081122,-0.0456594115282106,1.2119020438907044,0.4983089934330647,0.1623042601677901,0.4064596665880454,0.0928271818022666
0.4210777262745461,-0.16988837225830958,-0.4640291883353377,0.018791264651596317,0.5863641561691995,0.2945243112739994,0.8851069146098838,0.3220114250953781,-0.0478286371296117,1.212659497374443,0.4980924570733662,0.1626734567232769,0.4068507021519483,0.0927597085802382
0.4210777262745461,-0.16988837225830958,-0.4640291883353377,0.018791264651596317,0.5863641561691995,0.2945243112739994,0.8851069146098838,0.322649925482644,-0.0499978627310128,1.213416950858181,0.4978759207136679,0.1630426532787636,0.4072417377158512,0.0926922353582097
0.4210777262745461,-0.16988837225830958,-0.4640291883353377,0.018791264651596317,0.5863641561691995,0.2945243112739994,0.8851069146098838,0.3232884258699099,-0.0521670883324138,1.214174404341919,0.4976593843539694,0.1634118498342504,0.4076327732797541,0.0926247621361814
0.4210777262745461,-0.16988837225830958,-0.4640291883353377,0.018791264651596317,0.5863641561691995,0.2945243112739994,0.8851069146098838,0.3239269262571758,-0.0543363139338149,1.214931857825657,0.4974428479942709,0.1637810463897371,0.408023808843657,0.0925572889141529
0.4210777262745461,-0.16988837225830958,-0.4640291883353377,0.018791264651596317,0.5863641561691995,0.2945243112739994,0.8851069146098838,0.3245654266444418,-0.056505539535216,1.2156893113093952,0.4972263116345725,0.1641502429452239,0.4084148444075599,0.0924898156921245
0.4210777262745461,-0.16988837225830958,-0.4640291883353377,0.018791264651596317,0.5863641561691995,0.2945243112739994,0.8851069146098838,0.3252039270317077,-0.058674765136617,1.2164467647931332,0.497009775274874,0.1645194395007106,0.4088058799714628,0.0924223424700961
0.4210777262745461,-0.16988837225830958,-0.4640291883353377,0.018791264651596317,0.5863641561691995,0.2945243112739994,0.8851069146098838,0.3220396419487317,0.2688118644373647,1.210365678475556,0.4984021352117898,0.1614908504822967,0.4066015174933857,0.0926735616048866
0.4210777262745461,-0.16988837225830958,-0.4640291883353377,0.018791264651596317,0.5863641561691995,0.2945243112739994,0.8851069146098838,0.3215530846661141,0.2681370042338928,1.2087969089357733,0.4989435715437742,0.1614868186675402,0.4062098693489561,0.0926684705572429
0.4210777262745461,-0.16988837225830958,-0.4640291883353377,0.018791264651596317,0.5863641561691995,0.2945243112739994,0.8851069146098838,0.3210665273834965,0.2674621440304211,1.2072281393959907,0.4994850078757586,0.1614827868527837,0.4058182212045266,0.0926633795095992
0.4210777262745461,-0.16988837225830958,-0.4640291883353377,0.018791264651596317,0.5863641561691995,0.2945243112739994,0.8851069146098838,0.3205799701008789,0.2667872838269493,1.205659369856208,0.5000264442077431,0.1614787550380272,0.4054265730600971,0.0926582884619556
0.4210777262745461,-0.16988837225830958,-0.4640291883353377,0.018791264651596317,0.5863641561691995,0.2945243112739994,0.8851069146098838,0.3200934128182613,0.2661124236234774,1.2040906003164256,0.5005678805397276,0.1614747232232707,0.4050349249156675,0.0926531974143119
0.4210777262745461,-0.16988837225830958,-0.4640291883353377,0.018791264651596317,0.5863641561691995,0.2945243112739994,0.8851069146098838,0.3196068555356437,0.2654375634200056,1.2025218307766428,0.501109316871712,0.1614706914085142,0.404643276771238,0.0926481063666682
0.4210777262745461,-0.16988837225830958,-0.4640291883353377,0.018791264651596317,0.5863641561691995,0.2945243112739994,0.8851069146098838,0.3191202982530261,0.2647627032165338,1.20095306123686,0.5016507532036966,0.1614666595937577,0.4042516286268084,0.0926430153190246
0.4210777262745461,-0.16988837225830958,-0.4640291883353377,0.018791264651596317,0.5863641561691995,0.2945243112739994,0.8851069146098838,0.3186337409704085,0.264087843013062,1.1993842916970776,0.5021921895356809,0.1614626277790012,0.4038599804823789,0.0926379242713809
0.4210777262745461,-0.16988837225830958,-0.4640291883353377,0.018791264651596317,0.5863641561691995,0.2945243112739994,0.8851069146098838,0.3181471836877909,0.2634129828095902,1.1978155221572948,0.5027336258676655,0.1614585959642447,0.4034683323379494,0.0926328332237372
0.4210777262745461,-0.16988837225830958,-0.4640291883353377,0.018791264651596317,0.5863641561691995,0.2945243112739994,0.8851069146098838,0.3176606264051733,0.2627381226061184,1.1962467526175122,0.5032750621996499,0.1614545641494882,0.4030766841935199,0.0926277421760936
0.4210777262745461,-0.16988837225830958,-0.4640291883353377,0.018791264651596317,0.5863641561691995,0.2945243112739994,0.8851069146098838,0.3171740691225557,0.2620632624026466,1.1946779830777294,0.5038164985316343,0.1614505323347317,0.4026850360490903,0.0926226511284499
0.4210777262745461,-0.16988837225830958,-0.4640291883353377,0.018791264651596317,0.5863641561691995,0.2945243112739994,0.8851069146098838,0.3166875118399381,0.2613884021991747,1.1931092135379466,0.5043579348636188,0.1614465005199752,0.4022933879046608,0.0926175600808062
0.4210777262745461,-0.16988837225830958,-0.4640291883353377,0.018791264651596317,0.5863641561691995,0.2945243112739994,0.8851069146098838,0.3162009545573205,0.2607135419957029,1.1915404439981645,0.5048993711956032,0.1614424687052187,0.4019017397602312,0.0926124690331626
0.4210777262745461,-0.16988837225830958,-0.4640291883353377,0.018791264651596317,0.5863641561691995,0.2945243112739994,0.8851069146098838,0.315714397274703,0.2600386817922311,1.1899716744583817,0.5054408075275878,0.1614384368904622,0.4015100916158017,0.0926073779855189
0.4210777262745461,-0.16988837225830958,-0.4640291883353377,0.018791264651596317,0.5863641561691995,0.2945243112739994,0.8851069146098838,0.3152278399920853,0.2593638215887593,1.188402904918599,0.5059822438595721,0.1614344050757057,0.4011184434713721,0.0926022869378752
0.4210777262745461,-0.16988837225830958,-0.4640291883353377,0.018791264651596317,0.5863641561691995,0.2945243112739994,0.8851069146098838,0.3147412827094678,0.2586889613852875,1.1868341353788163,0.5065236801915567,0.1614303732609492,0.4007267953269426,0.0925971958902316
0.4210777262745461,-0.16988837225830958,-0.4640291883353377,0.018791264651596317,0.5863641561691995,0.2945243112739994,0.8851069146098838,0.3142547254268502,0.2580141011818157,1.1852653658390335,0.5070651165235411,0.1614263414461927,0.4003351471825131,0.0925921048425879
0.4210777262745461,-0.16988837225830958,-0.4640291883353377,0.018791264651596317,0.5863641561691995,0.2945243112739994,0.8851069146098838,0.3137681681442326,0.2573392409783439,1.183696596299251,0.5076065528555256,0.1614223096314362,0.3999434990380836,0.0925870137949442
0.4210777262745461,-0.16988837225830958,-0.4640291883353377,0.018791264651596317,0.5863641561691995,0.2945243112739994,0.8851069146098838,0.313281610861615,0.2566643807748721,1.182127826759468,0.50814798918751,0.1614182778166797,0.3995518508936541,0.0925819227473006
0.4210777262745461,-0.16988837225830958,-0.4640291883353377,0.018791264651596317,0.5863641561691995,0.2945243112739994,0.8851069146098838,0.3127950535789974,0.2559895205714003,1.1805590572196856,0.5086894255194945,0.1614142460019232,0.3991602027492245,0.0925768316996569
0.4210777262745461,-0.16988837225830958,-0.4640291883353377,0.018791264651596317,0.5863641561691995,0.2945243112739994,0.8851069146098838,0.3123084962963798,0.2553146603679285,1.178990287679903,0.5092308618514789,0.1614102141871667,0.398768554604795,0.0925717406520132
0.4210777262745461,-0.16988837225830958,-0.4640291883353377,0.018791264651596317,0.5863641561691995,0.2945243112739994,0.8851069146098838,0.3118219390137622,0.2546398001644567,1.1774215181401202,0.5097722981834634,0.1614061823724102,0.3983769064603654,0.0925666496043696
0.4210777262745461,-0.16988837225830958,-0.4640291883353377,0.018791264651596317,0.5863641561691995,0.2945243112739994,0.8851069146098838,0.3113353817311446,0.2539649399609848,1.1758527486003376,0.5103137345154478,0.1614021505576537,0.3979852583159359,0.0925615585567259
0.4210777262745461,-0.16988837225830958,-0.4640291883353377,0.018791264651596317,0.5863641561691995,0.2945243112739994,0.8851069146098838,0.310848824448527,0.253290079757513,1.174283979060555,0.5108551708474323,0.1613981187428972,0.3975936101715064,0.0925564675090823
0.4210777262745461,-0.16988837225830958,-0.4640291883353377,0.018791264651596317,0.5863641561691995,0.2945243112739994,0.8851069146098838,0.3103622671659095,0.2526152195540412,1.1727152095207722,0.5113966071794167,0.1613940869281407,0.3972019620270768,0.0925513764614386
0.4210777262745461,-0.16988837225830958,-0.4640291883353377,0.018791264651596317,0.5863641561691995,0.2945243112739994,0.8851069146098838,0.3098757098832919,0.2519403593505694,1.1711464399809897,0.5119380435114012,0.1613900551133842,0.3968103138826473,0.0925462854137949
0.4210777262745461,-0.16988837225830958,-0.4640291883353377,0.018791264651596317,0.5863641561691995,0.2945243112739994,0.8851069146098838,0.3093891526006742,0.2512654991470976,1.1695776704412069,0.5124794798433856,0.1613860232986277,0.3964186657382177,0.0925411943661513
0.4210777262745461,-0.16988837225830958,-0.4640291883353377,0.018791264651596317,0.5863641561691995,0.2945243112739994,0.8851069146098838,0.3089025953180567,0.2505906389436257,1.1680089009014245,0.5130209161753702,0.1613819914838712,0.3960270175937882,0.0925361033185076
0.4210777262745461,-0.16988837225830958,-0.4640291883353377,0.018791264651596317,0.5863641561691995,0.2945243112739994,0.8851069146098838,0.3084160380354391,0.2499157787401539,1.1664401313616417,0.5135623525073545,0.1613779596691147,0.3956353694493587,0.0925310122708639
0.4210777262745461,-0.16988837225830958,-0.4640291883353377,0.018791264651596317,0.5863641561691995,0.2945243112739994,0.8851069146098838,0.3079294807528215,0.2492409185366821,1.164871361821859,0.514103788839339,0.1613739278543582,0.3952437213049291,0.0925259212232202
0.4210777262745461,-0.16988837225830958,-0.4640291883353377,0.018791264651596317,0.5863641561691995,0.2945243112739994,0.8851069146098838,0.3074429234702038,0.2485660583332103,1.1633025922820763,0.5146452251713235,0.1613698960396017,0.3948520731604996,0.0925208301755766
0.4210777262745461,-0.16988837225830958,-0.4640291883353377,0.018791264651596317,0.5863641561691995,0.2945243112739994,0.8851069146098838,0.3069563661875863,0.2478911981297385,1.1617338227422935,0.5151866615033079,0.1613658642248452,0.39446042501607,0.0925157391279329
0.4210777262745461,-0.16988837225830958,-0.4640291883353377,0.018791264651596317,0.5863641561691995,0.2945243112739994,0.8851069146098838,0.3064698089049687,0.2472163379262667,1.1601650532025112,0.5157280978352924,0.1613618324100887,0.3940687768716405,0.0925106480802893
0.4210777262745461,-0.16988837225830958,-0.4640291883353377,0.018791264651596317,0.5863641561691995,0.2945243112739994,0.8851069146098838,0.3059832516223511,0.2465414777227949,1.1585962836627284,0.5162695341672768,0.1613578005953322,0.3936771287272109,0.0925055570326456
0.4210777262745461,-0.16988837225830958,-0.4640291883353377,0.018791264651596317,0.5863641561691995,0.2945243112739994,0.8851069146098838,0.3054966943397335,0.2458666175193231,1.1570275141229456,0.5168109704992613,0.1613537687805757,0.3932854805827814,0.0925004659850019
0.4210777262745461,-0.16988837225830958,-0.4640291883353377,0.018791264651596317,0.5863641561691995,0.2945243112739994,0.8851069146098838,0.3050101370571159,0.2451917573158513,1.155458744583163,0.5173524068312457,0.1613497369658192,0.3928938324383519,0.0924953749373583
0.4210777262745461,-0.16988837225830958,-0.4640291883353377,0.018791264651596317,0.5863641561691995,0.2945243112739994,0.8851069146098838,0.3045235797744983,0.2445168971123795,1.1538899750433804,0.5178938431632303,0.1613457051510627,0.3925021842939224,0.0924902838897146
0.4210777262745461,-0.16988837225830958,-0.4640291883353377,0.018791264651596317,0.5863641561691995,0.2945243112739994,0.8851069146098838,0.3040370224918807,0.2438420369089076,1.1523212055035976,0.5184352794952146,0.1613416733363062,0.3921105361494928,0.0924851928420709
0.4210777262745461,-0.16988837225830958,-0.4640291883353377,0.018791264651596317,0.5863641561691995,0.2945243112739994,0.8851069146098838,0.3035504652092632,0.2431671767054359,1.150752435963815,0.5189767158271992,0.1613376415215498,0.3917188880050634,0.0924801017944273
0.4210777262745461,-0.16988837225830958,-0.4640291883353377,0.018791264651596317,0.5863641561691995,0.2945243112739994,0.8851069146098838,0.3030639079266455,0.242492316501964,1.1491836664240322,0.5195181521591835,0.1613336097067932,0.3913272398606338,0.0924750107467836
0.4210777262745461,-0.16988837225830958,-0.4640291883353377,0.018791264651596317,0.5863641561691995,0.2945243112739994,0.8851069146098838,0.3025773506440279,0.2418174562984922,1.14761489688425,0.5200595884911681,0.1613295778920368,0.3909355917162043,0.0924699196991399
0.4210777262745461,-0.16988837225830958,-0.4640291883353377,0.018791264651596317,0.5863641561691995,0.2945243112739994,0.8851069146098838,0.3020907933614104,0.2411425960950204,1.146046127344467,0.5206010248231525,0.1613255460772803,0.3905439435717747,0.0924648286514963
0.4210777262745461,-0.16988837225830958,-0.4640291883353377,0.018791264651596317,0.5863641561691995,0.2945243112739994,0.8851069146098838,0.3016042360787928,0.2404677358915486,1.1444773578046843,0.521142461155137,0.1613215142625237,0.3901522954273452,0.0924597376038526
0.4210777262745461,-0.16988837225830958,-0.4640291883353377,0.018791264651596317,0.5863641561691995,0.2945243112739994,0.8851069146098838,0.3011176787961752,0.2397928756880768,1.1429085882649015,0.5216838974871214,0.1613174824477673,0.3897606472829156,0.0924546465562089
0.4210777262745461,-0.16988837225830958,-0.4640291883353377,0.018791264651596317,0.5863641561691995,0.2945243112739994,0.8851069146098838,0.3006311215135576,0.2391180154846049,1.1413398187251191,0.5222253338191059,0.1613134506330108,0.3893689991384861,0.0924495555085653
0.4210777262745461,-0.16988837225830958,-0.4640291883353377,0.018791264651596317,0.5863641561691995,0.2945243112739994,0.8851069146098838,0.30014456423094,0.2384431552811332,1.1397710491853366,0.5227667701510903,0.1613094188182543,0.3889773509940565,0.0924444644609216
0.4210777262745461,-0.16988837225830958,-0.4640291883353377,0.018791264651596317,0.5863641561691995,0.2945243112739994,0.8851069146098838,0.2996580069483224,0.2377682950776614,1.1382022796455538,0.5233082064830747,0.1613053870034978,0.388585702849627,0.0924393734132779
0.4210777262745461,-0.16988837225830958,-0.4640291883353377,0.018791264651596317,0.5863641561691995,0.2945243112739994,0.8851069146098838,0.2991714496657048,0.2370934348741895,1.1366335101057712,0.5238496428150592,0.1613013551887413,0.3881940547051974,0.0924342823656343
0.4210777262745461,-0.16988837225830958,-0.4640291883353377,0.018791264651596317,0.5863641561691995,0.2945243112739994,0.8851069146098838,0.2986848923830872,0.2364185746707177,1.1350647405659884,0.5243910791470436,0.1612973233739848,0.387802406560768,0.0924291913179906
0.4210777262745461,-0.16988837225830958,-0.4640291883353377,0.018791264651596317,0.5863641561691995,0.2945243112739994,0.8851069146098838,0.2981983351004696,0.2357437144672459,1.1334959710262058,0.5249325154790282,0.1612932915592283,0.3874107584163384,0.0924241002703469
0.4210777262745461,-0.16988837225830958,-0.4640291883353377,0.018791264651596317,0.5863641561691995,0.2945243112739994,0.8851069146098838,0.2977117778178521,0.2350688542637741,1.1319272014864232,0.5254739518110126,0.1612892597444718,0.3870191102719089,0.0924190092227033
0.4210777262745461,-0.16988837225830958,-0.4640291883353377,0.018791264651596317,0.5863641561691995,0.2945243112739994,0.8851069146098838,0.2972252205352345,0.2343939940603023,1.1303584319466404,0.5260153881429971,0.1612852279297153,0.3866274621274793,0.0924139181750596
0.4210777262745461,-0.16988837225830958,-0.4640291883353377,0.018791264651596317,0.5863641561691995,0.2945243112739994,0.8851069146098838,0.2967386632526169,0.2337191338568305,1.128789662406858,0.5265568244749815,0.1612811961149588,0.3862358139830498,0.092408827127416
0.4210777262745461,-0.16988837225830958,-0.4640291883353377,0.018791264651596317,0.5863641561691995,0.2945243112739994,0.8851069146098838,0.2962521059699993,0.2330442736533587,1.127220892867075,0.527098260806966,0.1612771643002023,0.3858441658386203,0.0924037360797723
0.4210777262745461,-0.16988837225830958,-0.4640291883353377,0.018791264651596317,0.5863641561691995,0.2945243112739994,0.8851069146098838,0.2957655486873817,0.2323694134498868,1.1256521233272925,0.5276396971389504,0.1612731324854458,0.3854525176941907,0.0923986450321286
0.4210777262745461,-0.16988837225830958,-0.4640291883353377,0.018791264651596317,0.5863641561691995,0.2945243112739994,0.8851069146098838,0.2952789914047641,0.231694553246415,1.12408335378751,0.5281811334709349,0.1612691006706893,0.3850608695497612,0.0923935539844849
0.4210777262745461,-0.16988837225830958,-0.4640291883353377,0.018791264651596317,0.5863641561691995,0.2945243112739994,0.8851069146098838,0.2947924341221465,0.2310196930429432,1.122514584247727,0.5287225698029194,0.1612650688559328,0.3846692214053316,0.0923884629368413
0.4210777262745461,-0.16988837225830958,-0.4640291883353377,0.018791264651596317,0.5863641561691995,0.2945243112739994,0.8851069146098838,0.2943058768395289,0.2303448328394714,1.1209458147079443,0.5292640061349039,0.1612610370411763,0.3842775732609021,0.0923833718891976
0.4210777262745461,-0.16988837225830958,-0.4640291883353377,0.018791264651596317,0.5863641561691995,0.2945243112739994,0.8851069146098838,0.2938193195569113,0.2296699726359996,1.1193770451681615,0.5298054424668883,0.1612570052264198,0.3838859251164725,0.0923782808415539
0.4210777262745461,-0.16988837225830958,-0.4640291883353377,0.018791264651596317,0.5863641561691995,0.2945243112739994,0.8851069146098838,0.2933327622742937,0.2289951124325278,1.1178082756283794,0.5303468787988728,0.1612529734116633,0.3834942769720431,0.0923731897939103
0.4210777262745461,-0.16988837225830958,-0.4640291883353377,0.018791264651596317,0.5863641561691995,0.2945243112739994,0.8851069146098838,0.2928462049916761,0.228320252229056,1.1162395060885966,0.5308883151308571,0.1612489415969068,0.3831026288276135,0.0923680987462666
0.4210777262745461,-0.16988837225830958,-0.4640291883353377,0.018791264651596317,0.5863641561691995,0.2945243112739994,0.8851069146098838,0.2923596477090585,0.2276453920255842,1.114670736548814,0.5314297514628417,0.1612449097821503,0.382710980683184,0.092363007698623
0.4210777262745461,-0.16988837225830958,-0.4640291883353377,0.018791264651596317,0.5863641561691995,0.2945243112739994,0.8851069146098838,0.2918730904264409,0.2269705318221123,1.1131019670090312,0.5319711877948261,0.1612408779673938,0.3823193325387544,0.0923579166509793
0.4210777262745461,-0.16988837225830958,-0.4640291883353377,0.018791264651596317,0.5863641561691995,0.2945243112739994,0.8851069146098838,0.2913865331438233,0.2262956716186406,1.1115331974692486,0.5325126241268106,0.1612368461526373,0.3819276843943249,0.0923528256033356
0.4210777262745461,-0.16988837225830958,-0.4640291883353377,0.018791264651596317,0.5863641561691995,0.2945243112739994,0.8851069146098838,0.2908999758612057,0.2256208114151687,1.1099644279294658,0.533054060458795,0.1612328143378808,0.3815360362498953,0.092347734555692
0.4210777262745461,-0.16988837225830958,-0.4640291883353377,0.018791264651596317,0.5863641561691995,0.2945243112739994,0.8851069146098838,0.2904134185785881,0.2249459512116969,1.1083956583896837,0.5335954967907796,0.1612287825231243,0.3811443881054658,0.0923426435080483
0.4210777262745461,-0.16988837225830958,-0.4640291883353377,0.018791264651596317,0.5863641561691995,0.2945243112739994,0.8851069146098838,0.2899268612959705,0.2242710910082251,1.1068268888499009,0.5341369331227639,0.1612247507083678,0.3807527399610363,0.0923375524604046
0.4210777262745461,-0.16988837225830958,-0.4640291883353377,0.018791264651596317,0.5863641561691995,0.2945243112739994,0.8851069146098838,0.2894403040133529,0.2235962308047533,1.105258119310118,0.5346783694547483,0.1612207188936113,0.3803610918166068,0.092332461412761
0.4210777262745461,-0.16988837225830958,-0.4640291883353377,0.018791264651596317,0.5863641561691995,0.2945243112739994,0.8851069146098838,0.2889537467307354,0.2229213706012815,1.1036893497703353,0.5352198057867328,0.1612166870788548,0.3799694436721772,0.0923273703651173
0.4210777262745461,-0.16988837225830958,-0.4640291883353377,0.018791264651596317,0.5863641561691995,0.2945243112739994,0.8851069146098838,0.2884671894481178,0.2222465103978096,1.1021205802305527,0.5357612421187172,0.1612126552640983,0.3795777955277477,0.0923222793174736
0.4210777262745461,-0.16988837225830958,-0.4640291883353377,0.018791264651596317,0.5863641561691995,0.2945243112739994,0.8851069146098838,0.2879806321655002,0.2215716501943379,1.10055181069077,0.5363026784507018,0.1612086234493418,0.3791861473833182,0.09231718826983
0.4210777262745461,-0.16988837225830958,-0.4640291883353377,0.018791264651596317,0.5863641561691995,0.2945243112739994,0.8851069146098838,0.2874940748828826,0.2208967899908661,1.098983041150987,0.5368441147826861,0.1612045916345853,0.3787944992388886,0.0923120972221863
0.4210777262745461,-0.16988837225830958,-0.4640291883353377,0.018791264651596317,0.5863641561691995,0.2945243112739994,0.8851069146098838,0.287007517600265,0.2202219297873942,1.0974142716112048,0.5373855511146707,0.1612005598198288,0.3784028510944591,0.0923070061745426
0.4210777262745461,-0.16988837225830958,-0.4640291883353377,0.018791264651596317,0.5863641561691995,0.2945243112739994,0.8851069146098838,0.2865209603176474,0.2195470695839224,1.095845502071422,0.5379269874466551,0.1611965280050723,0.3780112029500296,0.092301915126899
0.4210777262745461,-0.16988837225830958,-0.4640291883353377,0.018791264651596317,0.5863641561691995,0.2945243112739994,0.8851069146098838,0.2860344030350298,0.2188722093804506,1.0942767325316394,0.5384684237786396,0.1611924961903158,0.3776195548056,0.0922968240792553
0.4210777262745461,-0.16988837225830958,-0.4640291883353377,0.018791264651596317,0.5863641561691995,0.2945243112739994,0.8851069146098838,0.2855478457524122,0.2181973491769788,1.0927079629918568,0.539009860110624,0.1611884643755593,0.3772279066611705,0.0922917330316116
0.4210777262745461,-0.16988837225830958,-0.4640291883353377,0.018791264651596317,0.5863641561691995,0.2945243112739994,0.8851069146098838,0.2850612884697946,0.217522488973507,1.091139193452074,0.5395512964426085,0.1611844325608028,0.3768362585167409,0.092286641983968
0.4210777262745461,-0.16988837225830958,-0.4640291883353377,0.018791264651596317,0.5863641561691995,0.2945243112739994,0.8851069146098838,0.284574731187177,0.2168476287700352,1.0895704239122914,0.540092732774593,0.1611804007460463,0.3764446103723114,0.0922815509363243
0.4210777262745461,-0.16988837225830958,-0.4640291883353377,0.018791264651596317,0.5863641561691995,0.2945243112739994,0.8851069146098838,0.2840881739045594,0.2161727685665634,1.0880016543725086,0.5406341691065774,0.1611763689312898,0.3760529622278818,0.0922764598886806
0.4210777262745461,-0.16988837225830958,-0.4640291883353377,0.018791264651596317,0.5863641561691995,0.2945243112739994,0.8851069146098838,0.2836016166219418,0.2154979083630915,1.086432884832726,0.5411756054385619,0.1611723371165334,0.3756613140834524,0.092271368841037
0.4210777262745461,-0.16988837225830958,-0.4640291883353377,0.018791264651596317,0.5863641561691995,0.2945243112739994,0.8851069146098838,0.2831150593393242,0.2148230481596197,1.0848641152929432,0.5417170417705464,0.1611683053017768,0.3752696659390228,0.0922662777933933
0.4210777262745461,-0.16988837225830958,-0.4640291883353377,0.018791264651596317,0.5863641561691995,0.2945243112739994,0.8851069146098838,0.2826285020567066,0.2141481879561479,1.0832953457531609,0.5422584781025308,0.1611642734870204,0.3748780177945933,0.0922611867457496
0.4210777262745461,-0.16988837225830958,-0.4640291883353377,0.018791264651596317,0.5863641561691995,0.2945243112739994,0.8851069146098838,0.2821419447740891,0.2134733277526761,1.081726576213378,0.5427999144345153,0.1611602416722639,0.3744863696501638,0.092256095698106
0.4210777262745461,-0.16988837225830958,-0.4640291883353377,0.018791264651596317,0.5863641561691995,0.2945243112739994,0.8851069146098838,0.2816553874914714,0.2127984675492043,1.0801578066735953,0.5433413507664997,0.1611562098575073,0.3740947215057342,0.0922510046504623
0.4210777262745461,-0.16988837225830958,-0.4640291883353377,0.018791264651596317,0.5863641561691995,0.2945243112739994,0.8851069146098838,0.2811688302088539,0.2121236073457325,1.078589037133813,0.5438827870984841,0.1611521780427509,0.3737030733613047,0.0922459136028187
0.4210777262745461,-0.16988837225830958,-0.4640291883353377,0.018791264651596317,0.5863641561691995,0.2945243112739994,0.8851069146098838,0.2806822729262362,0.2114487471422607,1.07702026759403,0.5444242234304686,0.1611481462279944,0.3733114252168751,0.092240822555175
0.4210777262745461,-0.16988837225830958,-0.4640291883353377,0.018791264651596317,0.5863641561691995,0.2945243112739994,0.8851069146098838,0.2801957156436187,0.2107738869387889,1.0754514980542476,0.544965659762453,0.1611441144132379,0.3729197770724456,0.0922357315075313
0.4210777262745461,-0.16988837225830958,-0.4640291883353377,0.018791264651596317,0.5863641561691995,0.2945243112739994,0.8851069146098838,0.2797091583610011,0.210099026735317,1.0738827285144648,0.5455070960944375,0.1611400825984814,0.372528128928016,0.0922306404598876
0.4210777262745461,-0.16988837225830958,-0.4640291883353377,0.018791264651596317,0.5863641561691995,0.2945243112739994,0.8851069146098838,0.2792226010783835,0.2094241665318452,1.0723139589746822,0.546048532426422,0.1611360507837249,0.3721364807835865,0.092225549412244
0.4210777262745461,-0.16988837225830958,-0.4640291883353377,0.018791264651596317,0.5863641561691995,0.2945243112739994,0.8851069146098838,0.2787360437957659,0.2087493063283734,1.0707451894348994,0.5465899687584064,0.1611320189689684,0.371744832639157,0.0922204583646003
0.4210777262745461,-0.16988837225830958,-0.4640291883353377,0.018791264651596317,0.5863641561691995,0.2945243112739994,0.8851069146098838,0.2782494865131483,0.2080744461249016,1.0691764198951168,0.5471314050903909,0.1611279871542119,0.3713531844947275,0.0922153673169567
0.4210777262745461,-0.16988837225830958,-0.4640291883353377,0.018791264651596317,0.5863641561691995,0.2945243112739994,0.8851069146098838,0.2777629292305307,0.2073995859214298,1.067607650355334,0.5476728414223753,0.1611239553394554,0.3709615363502979,0.092210276269313
0.4210777262745461,-0.16988837225830958,-0.4640291883353377,0.018791264651596317,0.5863641561691995,0.2945243112739994,0.8851069146098838,0.2772763719479131,0.206724725717958,1.0660388808155516,0.5482142777543598,0.1611199235246989,0.3705698882058684,0.0922051852216693
0.4210777262745461,-0.16988837225830958,-0.4640291883353377,0.018791264651596317,0.5863641561691995,0.2945243112739994,0.8851069146098838,0.2767898146652955,0.2060498655144862,1.0644701112757686,0.5487557140863442,0.1611158917099424,0.3701782400614388,0.0922000941740256
0.4210777262745461,-0.16988837225830958,-0.4640291883353377,0.018791264651596317,0.5863641561691995,0.2945243112739994,0.8851069146098838,0.2763032573826779,0.2053750053110143,1.062901341735986,0.5492971504183286,0.1611118598951859,0.3697865919170093,0.092195003126382
0.4210777262745461,-0.16988837225830958,-0.4640291883353377,0.018791264651596317,0.5863641561691995,0.2945243112739994,0.8851069146098838,0.2758167001000604,0.2047001451075425,1.0613325721962037,0.5498385867503132,0.1611078280804294,0.3693949437725797,0.0921899120787383
0.4210777262745461,-0.16988837225830958,-0.4640291883353377,0.018791264651596317,0.5863641561691995,0.2945243112739994,0.8851069146098838,0.2753301428174428,0.2040252849040708,1.059763802656421,0.5503800230822976,0.1611037962656729,0.3690032956281502,0.0921848210310947
0.4210777262745461,-0.16988837225830958,-0.4640291883353377,0.018791264651596317,0.5863641561691995,0.2945243112739994,0.8851069146098838,0.2748435855348252,0.2033504247005989,1.0581950331166383,0.5509214594142822,0.1610997644509164,0.3686116474837207,0.092179729983451
0.4210777262745461,-0.16988837225830958,-0.4640291883353377,0.018791264651596317,0.5863641561691995,0.2945243112739994,0.8851069146098838,0.2743570282522076,0.2026755644971271,1.0566262635768555,0.5514628957462665,0.1610957326361599,0.3682199993392911,0.0921746389358073
0.4210777262745461,-0.16988837225830958,-0.4640291883353377,0.018791264651596317,0.5863641561691995,0.2945243112739994,0.8851069146098838,0.27387047096959,0.2020007042936553,1.055057494037073,0.5520043320782511,0.1610917008214034,0.3678283511948617,0.0921695478881637
0.4210777262745461,-0.16988837225830958,-0.4640291883353377,0.018791264651596317,0.5863641561691995,0.2945243112739994,0.8851069146098838,0.2733839136869724,0.2013258440901835,1.05348872449729,0.5525457684102355,0.1610876690066469,0.3674367030504321,0.09216445684052
0.4210777262745461,-0.16988837225830958,-0.4640291883353377,0.018791264651596317,0.5863641561691995,0.2945243112739994,0.8851069146098838,0.2728973564043548,0.2006509838867117,1.0519199549575076,0.55308720474222,0.1610836371918904,0.3670450549060026,0.0921593657928763
0.4210777262745461,-0.16988837225830958,-0.4640291883353377,0.018791264651596317,0.5863641561691995,0.2945243112739994,0.8851069146098838,0.2724107991217372,0.1999761236832399,1.0503511854177248,0.5536286410742044,0.1610796053771339,0.366653406761573,0.0921542747452327
0.4210777262745461,-0.16988837225830958,-0.4640291883353377,0.018791264651596317,0.5863641561691995,0.2945243112739994,0.8851069146098838,0.2719242418391196,0.1993012634797681,1.0487824158779422,0.5541700774061888,0.1610755735623774,0.3662617586171435,0.092149183697589
0.4210777262745461,-0.16988837225830958,-0.4640291883353377,0.018791264651596317,0.5863641561691995,0.2945243112739994,0.8851069146098838,0.271437684556502,0.1986264032762962,1.0472136463381596,0.5547115137381733,0.1610715417476209,0.3658701104727139,0.0921440926499453
0.4210777262745461,-0.16988837225830958,-0.4640291883353377,0.018791264651596317,0.5863641561691995,0.2945243112739994,0.8851069146098838,0.2709511272738844,0.1979515430728244,1.0456448767983768,0.5552529500701577,0.1610675099328644,0.3654784623282844,0.0921390016023017
0.4210777262745461,-0.16988837225830958,-0.4640291883353377,0.018791264651596317,0.5863641561691995,0.2945243112739994,0.8851069146098838,0.2704645699912668,0.1972766828693526,1.0440761072585942,0.5557943864021422,0.1610634781181079,0.3650868141838549,0.092133910554658
0.4210777262745461,-0.16988837225830958,-0.4640291883353377,0.018791264651596317,0.5863641561691995,0.2945243112739994,0.8851069146098838,0.2699780127086493,0.1966018226658808,1.0425073377188117,0.5563358227341266,0.1610594463033514,0.3646951660394253,0.0921288195070143
0.4210777262745461,-0.16988837225830958,-0.4640291883353377,0.018791264651596317,0.5863641561691995,0.2945243112739994,0.8851069146098838,0.2694914554260316,0.195926962462409,1.0409385681790289,0.5568772590661111,0.1610554144885949,0.3643035178949958,0.0921237284593707
0.4210777262745461,-0.16988837225830958,-0.4640291883353377,0.018791264651596317,0.5863641561691995,0.2945243112739994,0.8851069146098838,0.2690048981434141,0.1952521022589372,1.0393697986392465,0.5574186953980955,0.1610513826738384,0.3639118697505663,0.092118637411727
0.4210777262745461,-0.16988837225830958,-0.4640291883353377,0.018791264651596317,0.5863641561691995,0.2945243112739994,0.8851069146098838,0.2685183408607964,0.1945772420554654,1.0378010290994637,0.5579601317300801,0.1610473508590819,0.3635202216061367,0.0921135463640833
0.4210777262745461,-0.16988837225830958,-0.4640291883353377,0.018791264651596317,0.5863641561691995,0.2945243112739994,0.8851069146098838,0.2680317835781789,0.1939023818519936,1.036232259559681,0.5585015680620644,0.1610433190443254,0.3631285734617072,0.0921084553164397
0.4210777262745461,-0.16988837225830958,-0.4640291883353377,0.018791264651596317,0.5863641561691995,0.2945243112739994,0.8851069146098838,0.2675452262955612,0.1932275216485217,1.034663490019898,0.559043004394049,0.1610392872295689,0.3627369253172776,0.092103364268796
0.4210777262745461,-0.16988837225830958,-0.4640291883353377,0.018791264651596317,0.5863641561691995,0.2945243112739994,0.8851069146098838,0.2670586690129437,0.1925526614450499,1.0330947204801155,0.5595844407260334,0.1610352554148124,0.3623452771728481,0.0920982732211523
0.4210777262745461,-0.16988837225830958,-0.4640291883353377,0.018791264651596317,0.5863641561691995,0.2945243112739994,0.8851069146098838,0.2665721117303261,0.1918778012415781,1.031525950940333,0.5601258770580178,0.1610312236000559,0.3619536290284186,0.0920931821735087
0.4210777262745461,-0.16988837225830958,-0.4640291883353377,0.018791264651596317,0.5863641561691995,0.2945243112739994,0.8851069146098838,0.2660855544477085,0.1912029410381063,1.0299571814005504,0.5606673133900023,0.1610271917852994,0.361561980883989,0.092088091125865
0.4210777262745461,-0.16988837225830958,-0.4640291883353377,0.018791264651596317,0.5863641561691995,0.2945243112739994,0.8851069146098838,0.2655989971650909,0.1905280808346345,1.0283884118607678,0.5612087497219868,0.1610231599705429,0.3611703327395595,0.0920830000782213
0.4210777262745461,-0.16988837225830958,-0.4640291883353377,0.018791264651596317,0.5863641561691995,0.2945243112739994,0.8851069146098838,0.2651124398824733,0.1898532206311627,1.026819642320985,0.5617501860539712,0.1610191281557864,0.3607786845951299,0.0920779090305777
0.4210777262745461,-0.16988837225830958,-0.4640291883353377,0.018791264651596317,0.5863641561691995,0.2945243112739994,0.8851069146098838,0.2646258825998557,0.1891783604276909,1.0252508727812022,0.5622916223859556,0.1610150963410299,0.3603870364507004,0.092072817982934
0.4210777262745461,-0.16988837225830958,-0.4640291883353377,0.018791264651596317,0.5863641561691995,0.2945243112739994,0.8851069146098838,0.2641393253172381,0.1885035002242191,1.0236821032414196,0.5628330587179401,0.1610110645262734,0.3599953883062709,0.0920677269352903
0.4210777262745461,-0.16988837225830958,-0.4640291883353377,0.018791264651596317,0.5863641561691995,0.2945243112739994,0.8851069146098838,0.2636527680346205,0.1878286400207472,1.022113333701637,0.5633744950499247,0.1610070327115169,0.3596037401618414,0.0920626358876467
0.4210777262745461,-0.16988837225830958,-0.4640291883353377,0.018791264651596317,0.5863641561691995,0.2945243112739994,0.8851069146098838,0.2631662107520029,0.1871537798172755,1.0205445641618545,0.5639159313819091,0.1610030008967604,0.3592120920174119,0.092057544840003
0.4210777262745461,-0.16988837225830958,-0.4640291883353377,0.018791264651596317,0.5863641561691995,0.2945243112739994,0.8851069146098838,0.2626796534693854,0.1864789196138036,1.0189757946220717,0.5644573677138934,0.1609989690820039,0.3588204438729823,0.0920524537923593
0.4210777262745461,-0.16988837225830958,-0.4640291883353377,0.018791264651596317,0.5863641561691995,0.2945243112739994,0.8851069146098838,0.2621930961867678,0.1858040594103318,1.017407025082289,0.564998804045878,0.1609949372672474,0.3584287957285528,0.0920473627447157
0.4210777262745461,-0.16988837225830958,-0.4640291883353377,0.018791264651596317,0.5863641561691995,0.2945243112739994,0.8851069146098838,0.2617065389041502,0.18512919920686,1.0158382555425065,0.5655402403778624,0.1609909054524909,0.3580371475841232,0.092042271697072
0.4210777262745461,-0.16988837225830958,-0.4640291883353377,0.018791264651596317,0.5863641561691995,0.2945243112739994,0.8851069146098838,0.2612199816215326,0.1844543390033882,1.0142694860027237,0.5660816767098469,0.1609868736377344,0.3576454994396937,0.0920371806494284
0.4210777262745461,-0.16988837225830958,-0.4640291883353377,0.018791264651596317,0.5863641561691995,0.2945243112739994,0.8851069146098838,0.260733424338915,0.1837794787999164,1.0127007164629411,0.5666231130418313,0.1609828418229779,0.3572538512952641,0.0920320896017847
0.4210777262745461,-0.16988837225830958,-0.4640291883353377,0.018791264651596317,0.5863641561691995,0.2945243112739994,0.8851069146098838,0.2602468670562974,0.1831046185964446,1.0111319469231583,0.5671645493738158,0.1609788100082214,0.3568622031508346,0.092026998554141
0.4210777262745461,-0.16988837225830958,-0.4640291883353377,0.018791264651596317,0.5863641561691995,0.2945243112739994,0.8851069146098838,0.2597603097736798,0.1824297583929728,1.0095631773833758,0.5677059857058002,0.1609747781934649,0.3564705550064051,0.0920219075064973
0.4210777262745461,-0.16988837225830958,-0.4640291883353377,0.018791264651596317,0.5863641561691995,0.2945243112739994,0.8851069146098838,0.2592737524910622,0.181754898189501,1.007994407843593,0.5682474220377847,0.1609707463787084,0.3560789068619755,0.0920168164588537
0.4210777262745461,-0.16988837225830958,-0.4640291883353377,0.018791264651596317,0.5863641561691995,0.2945243112739994,0.8851069146098838,0.2587871952084446,0.1810800379860291,1.0064256383038104,0.5687888583697691,0.1609667145639519,0.355687258717546,0.09201172541121
0.4210777262745461,-0.16988837225830958,-0.4640291883353377,0.018791264651596317,0.5863641561691995,0.2945243112739994,0.8851069146098838,0.258300637925827,0.1804051777825573,1.0048568687640278,0.5693302947017536,0.1609626827491954,0.3552956105731165,0.0920066343635664
0.4210777262745461,-0.16988837225830958,-0.4640291883353377,0.018791264651596317,0.5863641561691995,0.2945243112739994,0.8851069146098838,0.2578140806432094,0.1797303175790855,1.0032880992242452,0.569871731033738,0.1609586509344389,0.3549039624286869,0.0920015433159227
0.4210777262745461,-0.16988837225830958,-0.4640291883353377,0.018791264651596317,0.5863641561691995,0.2945243112739994,0.8851069146098838,0.2573275233605918,0.1790554573756137,1.0017193296844624,0.5704131673657226,0.1609546191196824,0.3545123142842574,0.091996452268279
0.4210777262745461,-0.16988837225830958,-0.4640291883353377,0.018791264651596317,0.5863641561691995,0.2945243112739994,0.8851069146098838,0.2568409660779742,0.1783805971721419,1.0001505601446798,0.570954603697707,0.1609505873049259,0.3541206661398278,0.0919913612206354
0.4210777262745461,-0.16988837225830958,-0.4640291883353377,0.018791264651596317,0.5863641561691995,0.2945243112739994,0.8851069146098838,0.2563544087953566,0.1777057369686701,0.998581790604897,0.5714960400296915,0.1609465554901694,0.3537290179953983,0.0919862701729917
0.4210777262745461,-0.16988837225830958,-0.4640291883353377,0.018791264651596317,0.5863641561691995,0.2945243112739994,0.8851069146098838,0.255867851512739,0.1770308767651983,0.9970130210651144,0.5720374763616759,0.1609425236754129,0.3533373698509688,0.091981179125348
0.4210777262745461,-0.16988837225830958,-0.4640291883353377,0.018791264651596317,0.5863641561691995,0.2945243112739994,0.8851069146098838,0.2553812942301214,0.1763560165617265,0.9954442515253318,0.5725789126936603,0.1609384918606564,0.3529457217065392,0.0919760880777044
0.4210777262745461,-0.16988837225830958,-0.4640291883353377,0.018791264651596317,0.5863641561691995,0.2945243112739994,0.8851069146098838,0.2548947369475038,0.1756811563582547,0.9938754819855492,0.5731203490256448,0.1609344600458999,0.3525540735621097,0.0919709970300607
0.4210777262745461,-0.16988837225830958,-0.4640291883353377,0.018791264651596317,0.5863641561691995,0.2945243112739994,0.8851069146098838,0.2544081796648862,0.1750062961547828,0.9923067124457664,0.5736617853576292,0.1609304282311434,0.3521624254176802,0.091965905982417
0.4210777262745461,-0.16988837225830958,-0.4640291883353377,0.018791264651596317,0.5863641561691995,0.2945243112739994,0.8851069146098838,0.2539216223822687,0.174331435951311,0.990737942905984,0.5742032216896137,0.1609263964163869,0.3517707772732507,0.0919608149347734
0.4210777262745461,-0.16988837225830958,-0.4640291883353377,0.018791264651596317,0.5863641561691995,0.2945243112739994,0.8851069146098838,0.2534350650996511,0.1736565757478392,0.9891691733662012,0.5747446580215982,0.1609223646016304,0.3513791291288211,0.0919557238871297
0.4210777262745461,-0.16988837225830958,-0.4640291883353377,0.018791264651596317,0.5863641561691995,0.2945243112739994,0.8851069146098838,0.2529485078170335,0.1729817155443674,0.9876004038264186,0.5752860943535826,0.1609183327868739,0.3509874809843916,0.091950632839486
0.4210777262745461,-0.16988837225830958,-0.4640291883353377,0.018791264651596317,0.5863641561691995,0.2945243112739994,0.8851069146098838,0.2524619505344159,0.1723068553408956,0.986031634286636,0.5758275306855671,0.1609143009721174,0.350595832839962,0.0919455417918424
0.4210777262745461,-0.16988837225830958,-0.4640291883353377,0.018791264651596317,0.5863641561691995,0.2945243112739994,0.8851069146098838,0.2519753932517983,0.1716319951374238,0.9844628647468532,0.5763689670175516,0.160910269157361,0.3502041846955325,0.0919404507441987
0.4210777262745461,-0.16988837225830958,-0.4640291883353377,0.018791264651596317,0.5863641561691995,0.2945243112739994,0.8851069146098838,0.2514888359691807,0.1709571349339519,0.9828940952070706,0.576910403349536,0.1609062373426044,0.349812536551103,0.091935359696555
0.4210777262745461,-0.16988837225830958,-0.4640291883353377,0.018791264651596317,0.5863641561691995,0.2945243112739994,0.8851069146098838,0.2510022786865631,0.1702822747304802,0.9813253256672878,0.5774518396815205,0.160902205527848,0.3494208884066734,0.0919302686489114
0.4210777262745461,-0.16988837225830958,-0.4640291883353377,0.018791264651596317,0.5863641561691995,0.2945243112739994,0.8851069146098838,0.2505157214039455,0.1696074145270083,0.9797565561275052,0.5779932760135049,0.1608981737130915,0.3490292402622439,0.0919251776012677
0.4210777262745461,-0.16988837225830958,-0.4640291883353377,0.018791264651596317,0.5863641561691995,0.2945243112739994,0.8851069146098838,0.2500291641213279,0.1689325543235365,0.9781877865877224,0.5785347123454894,0.160894141898335,0.3486375921178143,0.091920086553624
0.4210777262745461,-0.16988837225830958,-0.4640291883353377,0.018791264651596317,0.5863641561691995,0.2945243112739994,0.8851069146098838,0.2495426068387103,0.1682576941200647,0.97661901704794,0.5790761486774738,0.1608901100835785,0.3482459439733848,0.0919149955059804
0.4210777262745461,-0.16988837225830958,-0.4640291883353377,0.018791264651596317,0.5863641561691995,0.2945243112739994,0.8851069146098838,0.2490560495560927,0.1675828339165929,0.9750502475081572,0.5796175850094583,0.160886078268822,0.3478542958289553,0.0919099044583367
0.4210777262745461,-0.16988837225830958,-0.4640291883353377,0.018791264651596317,0.5863641561691995,0.2945243112739994,0.8851069146098838,0.2485694922734752,0.1669079737131211,0.9734814779683748,0.5801590213414427,0.1608820464540655,0.3474626476845258,0.091904813410693
0.4210777262745461,-0.16988837225830958,-0.4640291883353377,0.018791264651596317,0.5863641561691995,0.2945243112739994,0.8851069146098838,0.2480829349908575,0.1662331135096493,0.971912708428592,0.5807004576734272,0.160878014639309,0.3470709995400962,0.0918997223630494
0.4210777262745461,-0.16988837225830958,-0.4640291883353377,0.018791264651596317,0.5863641561691995,0.2945243112739994,0.8851069146098838,0.24759637770824,0.1655582533061775,0.9703439388888092,0.5812418940054117,0.1608739828245525,0.3466793513956667,0.0918946313154057
0.4210777262745461,-0.16988837225830958,-0.4640291883353377,0.018791264651596317,0.5863641561691995,0.2945243112739994,0.8851069146098838,0.2471098204256223,0.1648833931027057,0.9687751693490264,0.5817833303373962,0.160869951009796,0.3462877032512372,0.091889540267762
0.4210777262745461,-0.16988837225830958,-0.4640291883353377,0.018791264651596317,0.5863641561691995,0.2945243112739994,0.8851069146098838,0.2466232631430048,0.1642085328992338,0.967206399809244,0.5823247666693806,0.1608659191950395,0.3458960551068076,0.0918844492201184
0.4210777262745461,-0.16988837225830958,-0.4640291883353377,0.018791264651596317,0.5863641561691995,0.2945243112739994,0.8851069146098838,0.2461367058603872,0.163533672695762,0.9656376302694614,0.582866203001365,0.160861887380283,0.3455044069623781,0.0918793581724747
0.4210777262745461,-0.16988837225830958,-0.4640291883353377,0.018791264651596317,0.5863641561691995,0.2945243112739994,0.8851069146098838,0.2456501485777696,0.1628588124922902,0.9640688607296786,0.5834076393333495,0.1608578555655265,0.3451127588179485,0.091874267124831
0.4210777262745461,-0.16988837225830958,-0.4640291883353377,0.018791264651596317,0.5863641561691995,0.2945243112739994,0.8851069146098838,0.245163591295152,0.1621839522888184,0.962500091189896,0.5839490756653339,0.16085382375077,0.344721110673519,0.0918691760771874
0.4210777262745461,-0.16988837225830958,-0.4640291883353377,0.018791264651596317,0.5863641561691995,0.2945243112739994,0.8851069146098838,0.2446770340125344,0.1615090920853466,0.9609313216501132,0.5844905119973184,0.1608497919360135,0.3443294625290894,0.0918640850295437
0.4210777262745461,-0.16988837225830958,-0.4640291883353377,0.018791264651596317,0.5863641561691995,0.2945243112739994,0.8851069146098838,0.2441904767299168,0.1608342318818748,0.9593625521103306,0.5850319483293028,0.160845760121257,0.34393781438466,0.0918589939819
0.4210777262745461,-0.16988837225830958,-0.4640291883353377,0.018791264651596317,0.5863641561691995,0.2945243112739994,0.8851069146098838,0.2437039194472992,0.160159371678403,0.957793782570548,0.5855733846612873,0.1608417283065005,0.3435461662402304,0.0918539029342564
0.4210777262745461,-0.16988837225830958,-0.4640291883353377,0.018791264651596317,0.5863641561691995,0.2945243112739994,0.8851069146098838,0.2432173621646816,0.1594845114749312,0.9562250130307652,0.5861148209932718,0.160837696491744,0.3431545180958009,0.0918488118866127
0.4210777262745461,-0.16988837225830958,-0.4640291883353377,0.018791264651596317,0.5863641561691995,0.2945243112739994,0.8851069146098838,0.242730804882064,0.1588096512714593,0.9546562434909828,0.5866562573252562,0.1608336646769875,0.3427628699513713,0.0918437208389691
0.4210777262745461,-0.16988837225830958,-0.4640291883353377,0.018791264651596317,0.5863641561691995,0.2945243112739994,0.8851069146098838,0.2422442475994464,0.1581347910679875,0.9530874739512,0.5871976936572407,0.160829632862231,0.3423712218069418,0.0918386297913254
0.4210777262745461,-0.16988837225830958,-0.4640291883353377,0.018791264651596317,0.5863641561691995,0.2945243112739994,0.8851069146098838,0.2417576903168288,0.1574599308645157,0.9515187044114174,0.5877391299892252,0.1608256010474745,0.3419795736625122,0.0918335387436817
0.4210777262745461,-0.16988837225830958,-0.4640291883353377,0.018791264651596317,0.5863641561691995,0.2945243112739994,0.8851069146098838,0.2412711330342112,0.1567850706610439,0.9499499348716348,0.5882805663212096,0.160821569232718,0.3415879255180827,0.0918284476960381
0.4210777262745461,-0.16988837225830958,-0.4640291883353377,0.018791264651596317,0.5863641561691995,0.2945243112739994,0.8851069146098838,0.2407845757515936,0.1561102104575721,0.948381165331852,0.5888220026531941,0.1608175374179615,0.3411962773736532,0.0918233566483944
0.4210777262745461,-0.16988837225830958,-0.4640291883353377,0.018791264651596317,0.5863641561691995,0.2945243112739994,0.8851069146098838,0.240298018468976,0.1554353502541003,0.9468123957920694,0.5893634389851785,0.160813505603205,0.3408046292292236,0.0918182656007507
0.4210777262745461,-0.16988837225830958,-0.4640291883353377,0.018791264651596317,0.5863641561691995,0.2945243112739994,0.8851069146098838,0.2398114611863585,0.1547604900506285,0.9452436262522868,0.589904875317163,0.1608094737884485,0.3404129810847941,0.0918131745531071
0.4210777262745461,-0.16988837225830958,-0.4640291883353377,0.018791264651596317,0.5863641561691995,0.2945243112739994,0.8851069146098838,0.2393249039037409,0.1540856298471567,0.943674856712504,0.5904463116491474,0.160805441973692,0.3400213329403646,0.0918080835054634
0.4210777262745461,-0.16988837225830958,-0.4640291883353377,0.018791264651596317,0.5863641561691995,0.2945243112739994,0.8851069146098838,0.2388383466211233,0.1534107696436848,0.9421060871727214,0.5909877479811319,0.1608014101589355,0.339629684795935,0.0918029924578197
0.4210777262745461,-0.16988837225830958,-0.4640291883353377,0.018791264651596317,0.5863641561691995,0.2945243112739994,0.8851069146098838,0.2383517893385057,0.1527359094402131,0.9405373176329388,0.5915291843131163,0.160797378344179,0.3392380366515055,0.0917979014101761
0.4210777262745461,-0.16988837225830958,-0.4640291883353377,0.018791264651596317,0.5863641561691995,0.2945243112739994,0.8851069146098838,0.2378652320558881,0.1520610492367412,0.938968548093156,0.5920706206451007,0.1607933465294225,0.338846388507076,0.0917928103625324
0.4210777262745461,-0.16988837225830958,-0.4640291883353377,0.018791264651596317,0.5863641561691995,0.2945243112739994,0.8851069146098838,0.2373786747732705,0.1513861890332694,0.9373997785533734,0.5926120569770853,0.160789314714666,0.3384547403626464,0.0917877193148887
0.4210777262745461,-0.16988837225830958,-0.4640291883353377,0.018791264651596317,0.5863641561691995,0.2945243112739994,0.8851069146098838,0.2368921174906529,0.1507113288297976,0.9358310090135908,0.5931534933090697,0.1607852828999095,0.3380630922182169,0.0917826282672451
0.4210777262745461,-0.16988837225830958,-0.4640291883353377,0.018791264651596317,0.5863641561691995,0.2945243112739994,0.8851069146098838,0.2364055602080353,0.1500364686263258,0.934262239473808,0.5936949296410542,0.160781251085153,0.3376714440737873,0.0917775372196014
0.4210777262745461,-0.16988837225830958,-0.4640291883353377,0.018791264651596317,0.5863641561691995,0.2945243112739994,0.8851069146098838,0.2359190029254177,0.149361608422854,0.9326934699340256,0.5942363659730385,0.1607772192703965,0.3372797959293578,0.0917724461719577
0.4210777262745461,-0.16988837225830958,-0.4640291883353377,0.018791264651596317,0.5863641561691995,0.2945243112739994,0.8851069146098838,0.2354324456428001,0.1486867482193822,0.9311247003942428,0.5947778023050231,0.16077318745564,0.3368881477849282,0.0917673551243141
0.4210777262745461,-0.16988837225830958,-0.4640291883353377,0.018791264651596317,0.5863641561691995,0.2945243112739994,0.8851069146098838,0.2349458883601825,0.1480118880159104,0.9295559308544602,0.5953192386370075,0.1607691556408835,0.3364964996404987,0.0917622640766704
0.4210777262745461,-0.16988837225830958,-0.4640291883353377,0.018791264651596317,0.5863641561691995,0.2945243112739994,0.8851069146098838,0.2344593310775649,0.1473370278124385,0.9279871613146774,0.595860674968992,0.160765123826127,0.3361048514960692,0.0917571730290267
0.4210777262745461,-0.16988837225830958,-0.4640291883353377,0.018791264651596317,0.5863641561691995,0.2945243112739994,0.8851069146098838,0.2339727737949473,0.1466621676089667,0.9264183917748948,0.5964021113009764,0.1607610920113705,0.3357132033516397,0.0917520819813831
0.4210777262745461,-0.16988837225830958,-0.4640291883353377,0.018791264651596317,0.5863641561691995,0.2945243112739994,0.8851069146098838,0.2334862165123297,0.1459873074054949,0.924849622235112,0.596943547632961,0.160757060196614,0.3353215552072101,0.0917469909337394
0.4210777262745461,-0.16988837225830958,-0.4640291883353377,0.018791264651596317,0.5863641561691995,0.2945243112739994,0.8851069146098838,0.2329996592297122,0.1453124472020231,0.9232808526953296,0.5974849839649454,0.1607530283818575,0.3349299070627806,0.0917418998860957
0.4210777262745461,-0.16988837225830958,-0.4640291883353377,0.018791264651596317,0.5863641561691995,0.2945243112739994,0.8851069146098838,0.2325131019470946,0.1446375869985513,0.9217120831555468,0.5980264202969299,0.160748996567101,0.3345382589183511,0.0917368088384521
0.4210777262745461,-0.16988837225830958,-0.4640291883353377,0.018791264651596317,0.5863641561691995,0.2945243112739994,0.8851069146098838,0.232026544664477,0.1439627267950795,0.9201433136157642,0.5985678566289142,0.1607449647523445,0.3341466107739215,0.0917317177908084
0.4210777262745461,-0.16988837225830958,-0.4640291883353377,0.018791264651596317,0.5863641561691995,0.2945243112739994,0.8851069146098838,0.2315399873818594,0.1432878665916077,0.9185745440759816,0.5991092929608987,0.160740932937588,0.333754962629492,0.0917266267431647
0.4210777262745461,-0.16988837225830958,-0.4640291883353377,0.018791264651596317,0.5863641561691995,0.2945243112739994,0.8851069146098838,0.2310534300992418,0.1426130063881359,0.9170057745361988,0.5996507292928832,0.1607369011228315,0.3333633144850625,0.0917215356955211
0.4210777262745461,-0.16988837225830958,-0.4640291883353377,0.018791264651596317,0.5863641561691995,0.2945243112739994,0.8851069146098838,0.2305668728166242,0.1419381461846641,0.9154370049964162,0.6001921656248675,0.160732869308075,0.3329716663406329,0.0917164446478774
0.4210777262745461,-0.16988837225830958,-0.4640291883353377,0.018791264651596317,0.5863641561691995,0.2945243112739994,0.8851069146098838,0.2300803155340066,0.1412632859811922,0.9138682354566336,0.6007336019568521,0.1607288374933185,0.3325800181962034,0.0917113536002337
0.4210777262745461,-0.16988837225830958,-0.4640291883353377,0.018791264651596317,0.5863641561691995,0.2945243112739994,0.8851069146098838,0.229593758251389,0.1405884257777204,0.912299465916851,0.6012750382888365,0.1607248056785621,0.3321883700517739,0.0917062625525901
0.4210777262745461,-0.16988837225830958,-0.4640291883353377,0.018791264651596317,0.5863641561691995,0.2945243112739994,0.8851069146098838,0.2291072009687714,0.1399135655742486,0.9107306963770684,0.601816474620821,0.1607207738638055,0.3317967219073443,0.0917011715049464
0.4210777262745461,-0.16988837225830958,-0.4640291883353377,0.018791264651596317,0.5863641561691995,0.2945243112739994,0.8851069146098838,0.2286206436861538,0.1392387053707768,0.9091619268372856,0.6023579109528054,0.160716742049049,0.3314050737629148,0.0916960804573027
0.4210777262745461,-0.16988837225830958,-0.4640291883353377,0.018791264651596317,0.5863641561691995,0.2945243112739994,0.8851069146098838,0.2281340864035362,0.138563845167305,0.9075931572975028,0.6028993472847899,0.1607127102342926,0.3310134256184853,0.0916909894096591
0.4210777262745461,-0.16988837225830958,-0.4640291883353377,0.018791264651596317,0.5863641561691995,0.2945243112739994,0.8851069146098838,0.2276475291209186,0.1378889849638332,0.9060243877577202,0.6034407836167744,0.1607086784195361,0.3306217774740557,0.0916858983620154
0.4210777262745461,-0.16988837225830958,-0.4640291883353377,0.018791264651596317,0.5863641561691995,0.2945243112739994,0.8851069146098838,0.227160971838301,0.1372141247603614,0.9044556182179376,0.6039822199487589,0.1607046466047795,0.3302301293296262,0.0916808073143718
0.4210777262745461,-0.16988837225830958,-0.4640291883353377,0.018791264651596317,0.5863641561691995,0.2945243112739994,0.8851069146098838,0.2266744145556835,0.1365392645568896,0.9028868486781548,0.6045236562807432,0.1607006147900231,0.3298384811851966,0.0916757162667281
0.4210777262745461,-0.16988837225830958,-0.4640291883353377,0.018791264651596317,0.5863641561691995,0.2945243112739994,0.8851069146098838,0.2261878572730658,0.1358644043534178,0.9013180791383724,0.6050650926127277,0.1606965829752666,0.3294468330407671,0.0916706252190844
0.4210777262745461,-0.16988837225830958,-0.4640291883353377,0.018791264651596317,0.5863641561691995,0.2945243112739994,0.8851069146098838,0.2257012999904483,0.1351895441499459,0.8997493095985896,0.6056065289447122,0.1606925511605101,0.3290551848963376,0.0916655341714408
0.4210777262745461,-0.16988837225830958,-0.4640291883353377,0.018791264651596317,0.5863641561691995,0.2945243112739994,0.8851069146098838,0.2252147427078306,0.1345146839464741,0.898180540058807,0.6061479652766967,0.1606885193457536,0.328663536751908,0.0916604431237971
0.4210777262745461,-0.16988837225830958,-0.4640291883353377,0.018791264651596317,0.5863641561691995,0.2945243112739994,0.8851069146098838,0.2247281854252131,0.1338398237430023,0.8966117705190243,0.6066894016086811,0.1606844875309971,0.3282718886074785,0.0916553520761534
