left_w0,left_w1,left_w2,left_e0,left_e1,left_s0,left_s1,right_s0,right_s1,right_e0,right_e1,right_w0,right_w1,right_w2
0.4210777262745461,-0.16988837225830958,-0.4640291883353377,0.018791264651596317,0.5863641561691995,0.2945243112739994,0.8851069146098838,-0.2494374058779476,0.8861265290749003,-0.0193799248472243,0.5869312902557411,-0.4167131105803596,-0.1679625749717295,0.460314605916527
0.4210777262745461,-0.16988837225830958,-0.4640291883353377,0.018791264651596317,0.5863641561691995,0.2945243112739994,0.8851069146098838,-0.2475842964373431,0.8833775228682452,-0.0162860102586571,0.5863282846020482,-0.409674787082588,-0.1620951400645764,0.4538885420435175
0.4210777262745461,-0.16988837225830958,-0.4640291883353377,0.018791264651596317,0.5863641561691995,0.2945243112739994,0.8851069146098838,-0.2457311869967386,0.88062851666159,-0.0131920956700898,0.5857252789483554,-0.4026364635848163,-0.1562277051574233,0.447462478170508
0.4210777262745461,-0.16988837225830958,-0.4640291883353377,0.018791264651596317,0.5863641561691995,0.2945243112739994,0.8851069146098838,-0.2438780775561341,0.877879510454935,-0.0100981810815226,0.5851222732946625,-0.3955981400870446,-0.1503602702502702,0.4410364142974984
0.4210777262745461,-0.16988837225830958,-0.4640291883353377,0.018791264651596317,0.5863641561691995,0.2945243112739994,0.8851069146098838,-0.2420249681155297,0.8751305042482799,-0.0070042664929553,0.5845192676409695,-0.3885598165892729,-0.1444928353431171,0.4346103504244888
0.4210777262745461,-0.16988837225830958,-0.4640291883353377,0.018791264651596317,0.5863641561691995,0.2945243112739994,0.8851069146098838,-0.2401718586749252,0.8723814980416247,-0.0039103519043881,0.5839162619872768,-0.3815214930915012,-0.138625400435964,0.4281842865514793
0.4210777262745461,-0.16988837225830958,-0.4640291883353377,0.018791264651596317,0.5863641561691995,0.2945243112739994,0.8851069146098838,-0.2383187492343207,0.8696324918349696,-0.0008164373158209,0.5833132563335838,-0.3744831695937295,-0.1327579655288109,0.4217582226784698
0.4210777262745461,-0.16988837225830958,-0.4640291883353377,0.018791264651596317,0.5863641561691995,0.2945243112739994,0.8851069146098838,-0.2364656397937162,0.8668834856283145,0.0022774772727463,0.5827102506798909,-0.3674448460959578,-0.1268905306216578,0.4153321588054602
0.4210777262745461,-0.16988837225830958,-0.4640291883353377,0.018791264651596317,0.5863641561691995,0.2945243112739994,0.8851069146098838,-0.2346125303531118,0.8641344794216593,0.0053713918613136,0.5821072450261982,-0.3604065225981861,-0.1210230957145047,0.4089060949324507
0.4210777262745461,-0.16988837225830958,-0.4640291883353377,0.018791264651596317,0.5863641561691995,0.2945243112739994,0.8851069146098838,-0.2327594209125073,0.8613854732150042,0.0084653064498808,0.5815042393725052,-0.3533681991004144,-0.1151556608073517,0.4024800310594411
0.4210777262745461,-0.16988837225830958,-0.4640291883353377,0.018791264651596317,0.5863641561691995,0.2945243112739994,0.8851069146098838,-0.2309063114719028,0.8586364670083491,0.0115592210384481,0.5809012337188123,-0.3463298756026428,-0.1092882259001986,0.3960539671864316
0.4210777262745461,-0.16988837225830958,-0.4640291883353377,0.018791264651596317,0.5863641561691995,0.2945243112739994,0.8851069146098838,-0.2290532020312983,0.855887460801694,0.0146531356270153,0.5802982280651194,-0.3392915521048711,-0.1034207909930455,0.3896279033134221
0.4210777262745461,-0.16988837225830958,-0.4640291883353377,0.018791264651596317,0.5863641561691995,0.2945243112739994,0.8851069146098838,-0.2272000925906938,0.8531384545950389,0.0177470502155825,0.5796952224114266,-0.3322532286070994,-0.0975533560858924,0.3832018394404125
0.4210777262745461,-0.16988837225830958,-0.4640291883353377,0.018791264651596317,0.5863641561691995,0.2945243112739994,0.8851069146098838,-0.2253469831500894,0.8503894483883838,0.0208409648041498,0.5790922167577337,-0.3252149051093277,-0.0916859211787393,0.376775775567403
0.4210777262745461,-0.16988837225830958,-0.4640291883353377,0.018791264651596317,0.5863641561691995,0.2945243112739994,0.8851069146098838,-0.2234938737094849,0.8476404421817286,0.0239348793927171,0.5784892111040407,-0.318176581611556,-0.0858184862715862,0.3703497116943934
0.4210777262745461,-0.16988837225830958,-0.4640291883353377,0.018791264651596317,0.5863641561691995,0.2945243112739994,0.8851069146098838,-0.2216407642688805,0.8448914359750737,0.0270287939812843,0.577886205450348,-0.3111382581137843,-0.0799510513644331,0.363923647821384
0.4210777262745461,-0.16988837225830958,-0.4640291883353377,0.018791264651596317,0.5863641561691995,0.2945243112739994,0.8851069146098838,-0.219787654828276,0.8421424297684185,0.0301227085698515,0.5772831997966551,-0.3040999346160127,-0.07408361645728,0.3574975839483744
0.4210777262745461,-0.16988837225830958,-0.4640291883353377,0.018791264651596317,0.5863641561691995,0.2945243112739994,0.8851069146098838,-0.2179345453876714,0.8393934235617634,0.0332166231584188,0.5766801941429621,-0.297061611118241,-0.0682161815501269,0.3510715200753648
0.4210777262745461,-0.16988837225830958,-0.4640291883353377,0.018791264651596317,0.5863641561691995,0.2945243112739994,0.8851069146098838,-0.216081435947067,0.8366444173551082,0.036310537746986,0.5760771884892694,-0.2900232876204693,-0.0623487466429738,0.3446454562023553
0.4210777262745461,-0.16988837225830958,-0.4640291883353377,0.018791264651596317,0.5863641561691995,0.2945243112739994,0.8851069146098838,-0.2142283265064625,0.8338954111484531,0.0394044523355533,0.5754741828355765,-0.2829849641226976,-0.0564813117358207,0.3382193923293458
0.4210777262745461,-0.16988837225830958,-0.4640291883353377,0.018791264651596317,0.5863641561691995,0.2945243112739994,0.8851069146098838,-0.212375217065858,0.831146404941798,0.0424983669241205,0.5748711771818835,-0.2759466406249259,-0.0506138768286676,0.3317933284563362
0.4210777262745461,-0.16988837225830958,-0.4640291883353377,0.018791264651596317,0.5863641561691995,0.2945243112739994,0.8851069146098838,-0.2105221076252535,0.8283973987351428,0.0455922815126878,0.5742681715281908,-0.2689083171271543,-0.0447464419215146,0.3253672645833267
0.4210777262745461,-0.16988837225830958,-0.4640291883353377,0.018791264651596317,0.5863641561691995,0.2945243112739994,0.8851069146098838,-0.2086689981846491,0.8256483925284878,0.048686196101255,0.5736651658744978,-0.2618699936293826,-0.0388790070143615,0.3189412007103172
0.4210777262745461,-0.16988837225830958,-0.4640291883353377,0.018791264651596317,0.5863641561691995,0.2945243112739994,0.8851069146098838,-0.2068158887440446,0.8228993863218327,0.0517801106898223,0.5730621602208049,-0.2548316701316109,-0.0330115721072084,0.3125151368373076
0.4210777262745461,-0.16988837225830958,-0.4640291883353377,0.018791264651596317,0.5863641561691995,0.2945243112739994,0.8851069146098838,-0.2049627793034401,0.8201503801151775,0.0548740252783895,0.572459154567112,-0.2477933466338392,-0.0271441372000553,0.306089072964298
0.4210777262745461,-0.16988837225830958,-0.4640291883353377,0.018791264651596317,0.5863641561691995,0.2945243112739994,0.8851069146098838,-0.2031096698628356,0.8174013739085224,0.0579679398669568,0.5718561489134192,-0.2407550231360675,-0.0212767022929022,0.2996630090912885
0.4210777262745461,-0.16988837225830958,-0.4640291883353377,0.018791264651596317,0.5863641561691995,0.2945243112739994,0.8851069146098838,-0.2012565604222312,0.8146523677018673,0.061061854455524,0.5712531432597263,-0.2337166996382958,-0.0154092673857491,0.293236945218279
0.4210777262745461,-0.16988837225830958,-0.4640291883353377,0.018791264651596317,0.5863641561691995,0.2945243112739994,0.8851069146098838,-0.1994034509816267,0.8119033614952121,0.0641557690440913,0.5706501376060334,-0.2266783761405241,-0.009541832478596,0.2868108813452694
0.4210777262745461,-0.16988837225830958,-0.4640291883353377,0.018791264651596317,0.5863641561691995,0.2945243112739994,0.8851069146098838,-0.1975503415410222,0.8091543552885571,0.0672496836326586,0.5700471319523406,-0.2196400526427524,-0.0036743975714429,0.2803848174722599
0.4210777262745461,-0.16988837225830958,-0.4640291883353377,0.018791264651596317,0.5863641561691995,0.2945243112739994,0.8851069146098838,-0.1956972321004177,0.806405349081902,0.0703435982212258,0.5694441262986476,-0.2126017291449808,0.0021930373357101,0.2739587535992503
0.4210777262745461,-0.16988837225830958,-0.4640291883353377,0.018791264651596317,0.5863641561691995,0.2945243112739994,0.8851069146098838,-0.1938441226598133,0.8036563428752468,0.073437512809793,0.5688411206449548,-0.2055634056472091,0.0080604722428632,0.2675326897262408
0.4210777262745461,-0.16988837225830958,-0.4640291883353377,0.018791264651596317,0.5863641561691995,0.2945243112739994,0.8851069146098838,-0.1919910132192088,0.8009073366685917,0.0765314273983603,0.5682381149912619,-0.1985250821494374,0.0139279071500163,0.2611066258532313
0.4210777262745461,-0.16988837225830958,-0.4640291883353377,0.018791264651596317,0.5863641561691995,0.2945243112739994,0.8851069146098838,-0.1901379037786043,0.7981583304619366,0.0796253419869275,0.567635109337569,-0.1914867586516657,0.0197953420571694,0.2546805619802217
0.4210777262745461,-0.16988837225830958,-0.4640291883353377,0.018791264651596317,0.5863641561691995,0.2945243112739994,0.8851069146098838,-0.1882847943379998,0.7954093242552814,0.0827192565754948,0.5670321036838761,-0.184448435153894,0.0256627769643225,0.2482544981072121
0.4210777262745461,-0.16988837225830958,-0.4640291883353377,0.018791264651596317,0.5863641561691995,0.2945243112739994,0.8851069146098838,-0.1864316848973954,0.7926603180486264,0.085813171164062,0.5664290980301833,-0.1774101116561223,0.0315302118714755,0.2418284342342026
0.4210777262745461,-0.16988837225830958,-0.4640291883353377,0.018791264651596317,0.5863641561691995,0.2945243112739994,0.8851069146098838,-0.1845785754567909,0.7899113118419712,0.0889070857526293,0.5658260923764904,-0.1703717881583506,0.0373976467786286,0.2354023703611931
0.4210777262745461,-0.16988837225830958,-0.4640291883353377,0.018791264651596317,0.5863641561691995,0.2945243112739994,0.8851069146098838,-0.1827254660161864,0.7871623056353162,0.0920010003411965,0.5652230867227975,-0.163333464660579,0.0432650816857817,0.2289763064881836
0.4210777262745461,-0.16988837225830958,-0.4640291883353377,0.018791264651596317,0.5863641561691995,0.2945243112739994,0.8851069146098838,-0.1808723565755819,0.784413299428661,0.0950949149297638,0.5646200810691047,-0.1562951411628073,0.0491325165929348,0.222550242615174
0.4210777262745461,-0.16988837225830958,-0.4640291883353377,0.018791264651596317,0.5863641561691995,0.2945243112739994,0.8851069146098838,-0.1790192471349775,0.7816642932220059,0.098188829518331,0.5640170754154118,-0.1492568176650356,0.0549999515000879,0.2161241787421645
0.4210777262745461,-0.16988837225830958,-0.4640291883353377,0.018791264651596317,0.5863641561691995,0.2945243112739994,0.8851069146098838,-0.177166137694373,0.7789152870153507,0.1012827441068983,0.5634140697617188,-0.1422184941672639,0.060867386407241,0.2096981148691548
0.4210777262745461,-0.16988837225830958,-0.4640291883353377,0.018791264651596317,0.5863641561691995,0.2945243112739994,0.8851069146098838,-0.1753130282537685,0.7761662808086958,0.1043766586954655,0.5628110641080261,-0.1351801706694922,0.0667348213143941,0.2032720509961454
0.4210777262745461,-0.16988837225830958,-0.4640291883353377,0.018791264651596317,0.5863641561691995,0.2945243112739994,0.8851069146098838,-0.173459918813164,0.7734172746020406,0.1074705732840328,0.5622080584543332,-0.1281418471717206,0.0726022562215472,0.1968459871231359
0.4210777262745461,-0.16988837225830958,-0.4640291883353377,0.018791264651596317,0.5863641561691995,0.2945243112739994,0.8851069146098838,-0.1716068093725596,0.7706682683953855,0.1105644878726,0.5616050528006403,-0.1211035236739489,0.0784696911287002,0.1904199232501263
0.4210777262745461,-0.16988837225830958,-0.4640291883353377,0.018791264651596317,0.5863641561691995,0.2945243112739994,0.8851069146098838,-0.1697536999319551,0.7679192621887303,0.1136584024611673,0.5610020471469475,-0.1140652001761772,0.0843371260358533,0.1839938593771168
0.4210777262745461,-0.16988837225830958,-0.4640291883353377,0.018791264651596317,0.5863641561691995,0.2945243112739994,0.8851069146098838,-0.1679005904913506,0.7651702559820752,0.1167523170497345,0.5603990414932545,-0.1070268766784055,0.0902045609430064,0.1775677955041072
0.4210777262745461,-0.16988837225830958,-0.4640291883353377,0.018791264651596317,0.5863641561691995,0.2945243112739994,0.8851069146098838,-0.1660474810507461,0.7624212497754201,0.1198462316383018,0.5597960358395616,-0.0999885531806338,0.0960719958501595,0.1711417316310977
0.4210777262745461,-0.16988837225830958,-0.4640291883353377,0.018791264651596317,0.5863641561691995,0.2945243112739994,0.8851069146098838,-0.1641943716101417,0.759672243568765,0.122940146226869,0.5591930301858687,-0.0929502296828621,0.1019394307573126,0.1647156677580881
0.4210777262745461,-0.16988837225830958,-0.4640291883353377,0.018791264651596317,0.5863641561691995,0.2945243112739994,0.8851069146098838,-0.1623412621695372,0.7569232373621099,0.1260340608154363,0.5585900245321759,-0.0859119061850905,0.1078068656644657,0.1582896038850786
0.4210777262745461,-0.16988837225830958,-0.4640291883353377,0.018791264651596317,0.5863641561691995,0.2945243112739994,0.8851069146098838,-0.1604881527289327,0.7541742311554548,0.1291279754040035,0.557987018878483,-0.0788735826873187,0.1136743005716188,0.1518635400120691
0.4210777262745461,-0.16988837225830958,-0.4640291883353377,0.018791264651596317,0.5863641561691995,0.2945243112739994,0.8851069146098838,-0.1586350432883282,0.7514252249487996,0.1322218899925708,0.5573840132247901,-0.071835259189547,0.1195417354787719,0.1454374761390595
0.4210777262745461,-0.16988837225830958,-0.4640291883353377,0.018791264651596317,0.5863641561691995,0.2945243112739994,0.8851069146098838,-0.1567819338477238,0.7486762187421445,0.135315804581138,0.5567810075710973,-0.0647969356917754,0.125409170385925,0.13901141226605
0.4210777262745461,-0.16988837225830958,-0.4640291883353377,0.018791264651596317,0.5863641561691995,0.2945243112739994,0.8851069146098838,-0.1549288244071193,0.7459272125354894,0.1384097191697053,0.5561780019174044,-0.0577586121940037,0.1312766052930781,0.1325853483930404
0.4210777262745461,-0.16988837225830958,-0.4640291883353377,0.018791264651596317,0.5863641561691995,0.2945243112739994,0.8851069146098838,-0.1530757149665148,0.7431782063288342,0.1415036337582725,0.5555749962637115,-0.050720288696232,0.1371440402002312,0.1261592845200309
0.4210777262745461,-0.16988837225830958,-0.4640291883353377,0.018791264651596317,0.5863641561691995,0.2945243112739994,0.8851069146098838,-0.1512226055259103,0.7404292001221792,0.1445975483468398,0.5549719906100186,-0.0436819651984602,0.1430114751073843,0.1197332206470213
0.4210777262745461,-0.16988837225830958,-0.4640291883353377,0.018791264651596317,0.5863641561691995,0.2945243112739994,0.8851069146098838,-0.1493694960853058,0.7376801939155241,0.147691462935407,0.5543689849563258,-0.0366436417006886,0.1488789100145374,0.1133071567740117
0.4210777262745461,-0.16988837225830958,-0.4640291883353377,0.018791264651596317,0.5863641561691995,0.2945243112739994,0.8851069146098838,-0.1475163866447014,0.7349311877088689,0.1507853775239743,0.5537659793026328,-0.0296053182029169,0.1547463449216904,0.1068810929010022
0.4210777262745461,-0.16988837225830958,-0.4640291883353377,0.018791264651596317,0.5863641561691995,0.2945243112739994,0.8851069146098838,-0.1456632772040969,0.7321821815022138,0.1538792921125416,0.5531629736489401,-0.0225669947051452,0.1606137798288436,0.1004550290279927
0.4210777262745461,-0.16988837225830958,-0.4640291883353377,0.018791264651596317,0.5863641561691995,0.2945243112739994,0.8851069146098838,-0.1438101677634924,0.7294331752955587,0.1569732067011088,0.5525599679952471,-0.0155286712073736,0.1664812147359966,0.0940289651549832
0.4210777262745461,-0.16988837225830958,-0.4640291883353377,0.018791264651596317,0.5863641561691995,0.2945243112739994,0.8851069146098838,-0.1419570583228879,0.7266841690889034,0.160067121289676,0.5519569623415542,-0.0084903477096019,0.1723486496431497,0.0876029012819736
0.4210777262745461,-0.16988837225830958,-0.4640291883353377,0.018791264651596317,0.5863641561691995,0.2945243112739994,0.8851069146098838,-0.1401039488822835,0.7239351628822486,0.1631610358782433,0.5513539566878615,-0.0014520242118302,0.1782160845503028,0.0811768374089641
0.4210777262745461,-0.16988837225830958,-0.4640291883353377,0.018791264651596317,0.5863641561691995,0.2945243112739994,0.8851069146098838,-0.1382508394416789,0.7211861566755933,0.1662549504668105,0.5507509510341685,0.0055862992859414,0.1840835194574559,0.0747507735359545
0.4210777262745461,-0.16988837225830958,-0.4640291883353377,0.018791264651596317,0.5863641561691995,0.2945243112739994,0.8851069146098838,-0.1363977300010745,0.7184371504689382,0.1693488650553778,0.5501479453804756,0.012624622783713,0.189950954364609,0.068324709662945
0.4210777262745461,-0.16988837225830958,-0.4640291883353377,0.018791264651596317,0.5863641561691995,0.2945243112739994,0.8851069146098838,-0.13454462056047,0.7156881442622831,0.172442779643945,0.5495449397267828,0.0196629462814847,0.1958183892717621,0.0618986457899354
0.4210777262745461,-0.16988837225830958,-0.4640291883353377,0.018791264651596317,0.5863641561691995,0.2945243112739994,0.8851069146098838,-0.1326915111198656,0.712939138055628,0.1755366942325122,0.5489419340730899,0.0267012697792564,0.2016858241789151,0.055472581916926
0.4210777262745461,-0.16988837225830958,-0.4640291883353377,0.018791264651596317,0.5863641561691995,0.2945243112739994,0.8851069146098838,-0.130838401679261,0.7101901318489727,0.1786306088210795,0.5483389284193969,0.0337395932770282,0.2075532590860683,0.0490465180439163
0.4210777262745461,-0.16988837225830958,-0.4640291883353377,0.018791264651596317,0.5863641561691995,0.2945243112739994,0.8851069146098838,-0.1289852922386566,0.7074411256423179,0.1817245234096468,0.5477359227657042,0.0407779167747998,0.2134206939932214,0.0426204541709068
0.4210777262745461,-0.16988837225830958,-0.4640291883353377,0.018791264651596317,0.5863641561691995,0.2945243112739994,0.8851069146098838,-0.1271321827980521,0.7046921194356626,0.184818437998214,0.5471329171120112,0.0478162402725715,0.2192881289003745,0.0361943902978972
0.4210777262745461,-0.16988837225830958,-0.4640291883353377,0.018791264651596317,0.5863641561691995,0.2945243112739994,0.8851069146098838,-0.1252790733574476,0.7019431132290075,0.1879123525867813,0.5465299114583184,0.0548545637703432,0.2251555638075276,0.0297683264248877
0.4210777262745461,-0.16988837225830958,-0.4640291883353377,0.018791264651596317,0.5863641561691995,0.2945243112739994,0.8851069146098838,-0.1234259639168431,0.6991941070223524,0.1910062671753485,0.5459269058046254,0.0618928872681149,0.2310229987146807,0.0233422625518782
0.4210777262745461,-0.16988837225830958,-0.4640291883353377,0.018791264651596317,0.5863641561691995,0.2945243112739994,0.8851069146098838,-0.1215728544762387,0.6964451008156972,0.1941001817639157,0.5453239001509326,0.0689312107658865,0.2368904336218337,0.0169161986788687
0.4210777262745461,-0.16988837225830958,-0.4640291883353377,0.018791264651596317,0.5863641561691995,0.2945243112739994,0.8851069146098838,-0.1197197450356342,0.6936960946090421,0.197194096352483,0.5447208944972397,0.0759695342636582,0.2427578685289868,0.0104901348058591
0.4210777262745461,-0.16988837225830958,-0.4640291883353377,0.018791264651596317,0.5863641561691995,0.2945243112739994,0.8851069146098838,-0.1178666355950297,0.6909470884023869,0.2002880109410503,0.5441178888435468,0.0830078577614299,0.2486253034361398,0.0040640709328496
0.4210777262745461,-0.16988837225830958,-0.4640291883353377,0.018791264651596317,0.5863641561691995,0.2945243112739994,0.8851069146098838,-0.1160135261544253,0.6881980821957319,0.2033819255296175,0.543514883189854,0.0900461812592016,0.254492738343293,-0.0023619929401599
0.4210777262745461,-0.16988837225830958,-0.4640291883353377,0.018791264651596317,0.5863641561691995,0.2945243112739994,0.8851069146098838,-0.1141604167138208,0.6854490759890768,0.2064758401181848,0.5429118775361611,0.0970845047569733,0.2603601732504461,-0.0087880568131694
0.4210777262745461,-0.16988837225830958,-0.4640291883353377,0.018791264651596317,0.5863641561691995,0.2945243112739994,0.8851069146098838,-0.1123073072732163,0.6827000697824216,0.209569754706752,0.5423088718824682,0.104122828254745,0.2662276081575991,-0.015214120686179
0.4210777262745461,-0.16988837225830958,-0.4640291883353377,0.018791264651596317,0.5863641561691995,0.2945243112739994,0.8851069146098838,-0.1104541978326118,0.6799510635757666,0.2126636692953193,0.5417058662287754,0.1111611517525167,0.2720950430647523,-0.0216401845591885
0.4210777262745461,-0.16988837225830958,-0.4640291883353377,0.018791264651596317,0.5863641561691995,0.2945243112739994,0.8851069146098838,-0.1086010883920073,0.6772020573691115,0.2157575838838865,0.5411028605750825,0.1181994752502884,0.2779624779719054,-0.028066248432198
0.4210777262745461,-0.16988837225830958,-0.4640291883353377,0.018791264651596317,0.5863641561691995,0.2945243112739994,0.8851069146098838,-0.1067479789514029,0.6744530511624562,0.2188514984724538,0.5404998549213895,0.12523779874806,0.2838299128790585,-0.0344923123052076
0.4210777262745461,-0.16988837225830958,-0.4640291883353377,0.018791264651596317,0.5863641561691995,0.2945243112739994,0.8851069146098838,-0.1048948695107984,0.6717040449558012,0.221945413061021,0.5398968492676967,0.1322761222458318,0.2896973477862116,-0.0409183761782172
0.4210777262745461,-0.16988837225830958,-0.4640291883353377,0.018791264651596317,0.5863641561691995,0.2945243112739994,0.8851069146098838,-0.1030417600701939,0.6689550387491461,0.2250393276495882,0.5392938436140039,0.1393144457436034,0.2955647826933647,-0.0473444400512267
0.4210777262745461,-0.16988837225830958,-0.4640291883353377,0.018791264651596317,0.5863641561691995,0.2945243112739994,0.8851069146098838,-0.1011886506295894,0.666206032542491,0.2281332422381555,0.538690837960311,0.1463527692413751,0.3014322176005177,-0.0537705039242362
0.4210777262745461,-0.16988837225830958,-0.4640291883353377,0.018791264651596317,0.5863641561691995,0.2945243112739994,0.8851069146098838,-0.099335541188985,0.6634570263358359,0.2312271568267228,0.538087832306618,0.1533910927391468,0.3072996525076709,-0.0601965677972458
0.4210777262745461,-0.16988837225830958,-0.4640291883353377,0.018791264651596317,0.5863641561691995,0.2945243112739994,0.8851069146098838,-0.0974824317483805,0.6607080201291807,0.23432107141529,0.5374848266529253,0.1604294162369184,0.3131670874148239,-0.0666226316702552
0.4210777262745461,-0.16988837225830958,-0.4640291883353377,0.018791264651596317,0.5863641561691995,0.2945243112739994,0.8851069146098838,-0.095629322307776,0.6579590139225255,0.2374149860038572,0.5368818209992323,0.1674677397346901,0.319034522321977,-0.0730486955432648
0.4210777262745461,-0.16988837225830958,-0.4640291883353377,0.018791264651596317,0.5863641561691995,0.2945243112739994,0.8851069146098838,-0.0937762128671716,0.6552100077158706,0.2405089005924245,0.5362788153455396,0.1745060632324618,0.32490195722913,-0.0794747594162744
0.4210777262745461,-0.16988837225830958,-0.4640291883353377,0.018791264651596317,0.5863641561691995,0.2945243112739994,0.8851069146098838,-0.0919231034265671,0.6524610015092153,0.2436028151809917,0.5356758096918466,0.1815443867302335,0.3307693921362832,-0.085900823289284
0.4210777262745461,-0.16988837225830958,-0.4640291883353377,0.018791264651596317,0.5863641561691995,0.2945243112739994,0.8851069146098838,-0.0900699939859626,0.6497119953025603,0.246696729769559,0.5350728040381537,0.1885827102280051,0.3366368270434363,-0.0923268871622934
0.4210777262745461,-0.16988837225830958,-0.4640291883353377,0.018791264651596317,0.5863641561691995,0.2945243112739994,0.8851069146098838,-0.0882168845453581,0.6469629890959051,0.2497906443581263,0.5344697983844608,0.1956210337257769,0.3425042619505894,-0.098752951035303
0.4210777262745461,-0.16988837225830958,-0.4640291883353377,0.018791264651596317,0.5863641561691995,0.2945243112739994,0.8851069146098838,-0.0863637751047537,0.6442139828892501,0.2528845589466935,0.533866792730768,0.2026593572235485,0.3483716968577424,-0.1051790149083125
0.4210777262745461,-0.16988837225830958,-0.4640291883353377,0.018791264651596317,0.5863641561691995,0.2945243112739994,0.8851069146098838,-0.0845106656641491,0.6414649766825948,0.2559784735352608,0.533263787077075,0.2096976807213203,0.3542391317648956,-0.1116050787813222
0.4210777262745461,-0.16988837225830958,-0.4640291883353377,0.018791264651596317,0.5863641561691995,0.2945243112739994,0.8851069146098838,-0.0826575562235447,0.6387159704759399,0.259072388123828,0.5326607814233821,0.2167360042190919,0.3601065666720486,-0.1180311426543316
0.4210777262745461,-0.16988837225830958,-0.4640291883353377,0.018791264651596317,0.5863641561691995,0.2945243112739994,0.8851069146098838,-0.0808044467829402,0.6359669642692847,0.2621663027123952,0.5320577757696893,0.2237743277168636,0.3659740015792018,-0.1244572065273412
0.4210777262745461,-0.16988837225830958,-0.4640291883353377,0.018791264651596317,0.5863641561691995,0.2945243112739994,0.8851069146098838,-0.0789513373423357,0.6332179580626296,0.2652602173009625,0.5314547701159965,0.2308126512146353,0.3718414364863548,-0.1308832704003507
0.4210777262745461,-0.16988837225830958,-0.4640291883353377,0.018791264651596317,0.5863641561691995,0.2945243112739994,0.8851069146098838,-0.0770982279017312,0.6304689518559744,0.2683541318895298,0.5308517644623035,0.2378509747124071,0.3777088713935079,-0.1373093342733603
0.4210777262745461,-0.16988837225830958,-0.4640291883353377,0.018791264651596317,0.5863641561691995,0.2945243112739994,0.8851069146098838,-0.0752451184611268,0.6277199456493193,0.271448046478097,0.5302487588086107,0.2448892982101786,0.383576306300661,-0.1437353981463698
0.4210777262745461,-0.16988837225830958,-0.4640291883353377,0.018791264651596317,0.5863641561691995,0.2945243112739994,0.8851069146098838,-0.0733920090205223,0.6249709394426642,0.2745419610666642,0.5296457531549178,0.2519276217079503,0.3894437412078141,-0.1501614620193793
0.4210777262745461,-0.16988837225830958,-0.4640291883353377,0.018791264651596317,0.5863641561691995,0.2945243112739994,0.8851069146098838,-0.0715388995799178,0.6222219332360092,0.2776358756552315,0.5290427475012249,0.258965945205722,0.3953111761149671,-0.1565875258923889
0.4210777262745461,-0.16988837225830958,-0.4640291883353377,0.018791264651596317,0.5863641561691995,0.2945243112739994,0.8851069146098838,-0.0696857901393134,0.619472927029354,0.2807297902437987,0.5284397418475321,0.2660042687034937,0.4011786110221202,-0.1630135897653984
0.4210777262745461,-0.16988837225830958,-0.4640291883353377,0.018791264651596317,0.5863641561691995,0.2945243112739994,0.8851069146098838,-0.0678326806987089,0.6167239208226989,0.283823704832366,0.5278367361938392,0.2730425922012655,0.4070460459292733,-0.1694396536384079
0.4210777262745461,-0.16988837225830958,-0.4640291883353377,0.018791264651596317,0.5863641561691995,0.2945243112739994,0.8851069146098838,-0.0659795712581044,0.6139749146160438,0.2869176194209332,0.5272337305401463,0.2800809156990371,0.4129134808364264,-0.1758657175114175
0.4210777262745461,-0.16988837225830958,-0.4640291883353377,0.018791264651596317,0.5863641561691995,0.2945243112739994,0.8851069146098838,-0.0641264618174999,0.6112259084093886,0.2900115340095005,0.5266307248864535,0.2871192391968088,0.4187809157435795,-0.1822917813844271
0.4210777262745461,-0.16988837225830958,-0.4640291883353377,0.018791264651596317,0.5863641561691995,0.2945243112739994,0.8851069146098838,-0.0622733523768954,0.6084769022027335,0.2931054485980678,0.5260277192327605,0.2941575626945805,0.4246483506507327,-0.1887178452574366
0.4210777262745461,-0.16988837225830958,-0.4640291883353377,0.018791264651596317,0.5863641561691995,0.2945243112739994,0.8851069146098838,-0.060420242936291,0.6057278959960785,0.296199363186635,0.5254247135790677,0.3011958861923521,0.4305157855578858,-0.1951439091304462
0.4210777262745461,-0.16988837225830958,-0.4640291883353377,0.018791264651596317,0.5863641561691995,0.2945243112739994,0.8851069146098838,-0.0585671334956865,0.6029788897894233,0.2992932777752023,0.5248217079253747,0.3082342096901238,0.4363832204650388,-0.2015699730034557
0.4210777262745461,-0.16988837225830958,-0.4640291883353377,0.018791264651596317,0.5863641561691995,0.2945243112739994,0.8851069146098838,-0.056714024055082,0.6002298835827682,0.3023871923637695,0.524218702271682,0.3152725331878955,0.442250655372192,-0.2079960368764652
0.4210777262745461,-0.16988837225830958,-0.4640291883353377,0.018791264651596317,0.5863641561691995,0.2945243112739994,0.8851069146098838,-0.0548609146144775,0.597480877376113,0.3054811069523368,0.523615696617989,0.3223108566856672,0.448118090279345,-0.2144221007494748
0.4210777262745461,-0.16988837225830958,-0.4640291883353377,0.018791264651596317,0.5863641561691995,0.2945243112739994,0.8851069146098838,-0.053007805173873,0.5947318711694579,0.308575021540904,0.5230126909642961,0.329349180183439,0.4539855251864981,-0.2208481646224843
0.4210777262745461,-0.16988837225830958,-0.4640291883353377,0.018791264651596317,0.5863641561691995,0.2945243112739994,0.8851069146098838,-0.0511546957332686,0.5919828649628028,0.3116689361294713,0.5224096853106033,0.3363875036812107,0.4598529600936513,-0.2272742284954939
0.4210777262745461,-0.16988837225830958,-0.4640291883353377,0.018791264651596317,0.5863641561691995,0.2945243112739994,0.8851069146098838,-0.0493015862926641,0.5892338587561476,0.3147628507180385,0.5218066796569104,0.3434258271789824,0.4657203950008043,-0.2337002923685034
0.4210777262745461,-0.16988837225830958,-0.4640291883353377,0.018791264651596317,0.5863641561691995,0.2945243112739994,0.8851069146098838,-0.0474484768520596,0.5864848525494926,0.3178567653066058,0.5212036740032175,0.350464150676754,0.4715878299079574,-0.240126356241513
0.4210777262745461,-0.16988837225830958,-0.4640291883353377,0.018791264651596317,0.5863641561691995,0.2945243112739994,0.8851069146098838,-0.0455953674114551,0.5837358463428375,0.320950679895173,0.5206006683495247,0.3575024741745257,0.4774552648151104,-0.2465524201145225
0.4210777262745461,-0.16988837225830958,-0.4640291883353377,0.018791264651596317,0.5863641561691995,0.2945243112739994,0.8851069146098838,-0.0437422579708507,0.5809868401361823,0.3240445944837403,0.5199976626958318,0.3645407976722974,0.4833226997222636,-0.2529784839875321
0.4210777262745461,-0.16988837225830958,-0.4640291883353377,0.018791264651596317,0.5863641561691995,0.2945243112739994,0.8851069146098838,-0.0418891485302462,0.5782378339295272,0.3271385090723075,0.5193946570421389,0.3715791211700691,0.4891901346294167,-0.2594045478605417
0.4210777262745461,-0.16988837225830958,-0.4640291883353377,0.018791264651596317,0.5863641561691995,0.2945243112739994,0.8851069146098838,-0.0400360390896417,0.5754888277228722,0.3302324236608747,0.5187916513884461,0.3786174446678406,0.4950575695365696,-0.265830611733551
0.4210777262745461,-0.16988837225830958,-0.4640291883353377,0.018791264651596317,0.5863641561691995,0.2945243112739994,0.8851069146098838,-0.0381829296490373,0.572739821516217,0.333326338249442,0.5181886457347531,0.3856557681656123,0.5009250044437228,-0.2722566756065606
0.4210777262745461,-0.16988837225830958,-0.4640291883353377,0.018791264651596317,0.5863641561691995,0.2945243112739994,0.8851069146098838,-0.0363298202084328,0.5699908153095619,0.3364202528380092,0.5175856400810603,0.392694091663384,0.5067924393508758,-0.2786827394795702
0.4210777262745461,-0.16988837225830958,-0.4640291883353377,0.018791264651596317,0.5863641561691995,0.2945243112739994,0.8851069146098838,-0.0344767107678283,0.5672418091029068,0.3395141674265765,0.5169826344273674,0.3997324151611556,0.512659874258029,-0.2851088033525797
0.4210777262745461,-0.16988837225830958,-0.4640291883353377,0.018791264651596317,0.5863641561691995,0.2945243112739994,0.8851069146098838,-0.0326236013272238,0.5644928028962517,0.3426080820151437,0.5163796287736746,0.4067707386589274,0.5185273091651821,-0.2915348672255892
0.4210777262745461,-0.16988837225830958,-0.4640291883353377,0.018791264651596317,0.5863641561691995,0.2945243112739994,0.8851069146098838,-0.0307704918866194,0.5617437966895966,0.345701996603711,0.5157766231199816,0.4138090621566991,0.5243947440723351,-0.2979609310985988
0.4210777262745461,-0.16988837225830958,-0.4640291883353377,0.018791264651596317,0.5863641561691995,0.2945243112739994,0.8851069146098838,-0.0289173824460149,0.5589947904829414,0.3487959111922782,0.5151736174662888,0.4208473856544708,0.5302621789794882,-0.3043869949716083
0.4210777262745461,-0.16988837225830958,-0.4640291883353377,0.018791264651596317,0.5863641561691995,0.2945243112739994,0.8851069146098838,-0.0270642730054104,0.5562457842762863,0.3518898257808455,0.5145706118125959,0.4278857091522425,0.5361296138866414,-0.3108130588446179
0.4210777262745461,-0.16988837225830958,-0.4640291883353377,0.018791264651596317,0.5863641561691995,0.2945243112739994,0.8851069146098838,-0.0252111635648059,0.5534967780696312,0.3549837403694127,0.513967606158903,0.4349240326500141,0.5419970487937945,-0.3172391227176274
0.4210777262745461,-0.16988837225830958,-0.4640291883353377,0.018791264651596317,0.5863641561691995,0.2945243112739994,0.8851069146098838,-0.0233580541242014,0.5507477718629761,0.35807765495798,0.5133646005052102,0.4419623561477859,0.5478644837009475,-0.323665186590637
0.4210777262745461,-0.16988837225830958,-0.4640291883353377,0.018791264651596317,0.5863641561691995,0.2945243112739994,0.8851069146098838,-0.0215049446835969,0.547998765656321,0.3611715695465473,0.5127615948515173,0.4490006796455575,0.5537319186081007,-0.3300912504636465
0.4210777262745461,-0.16988837225830958,-0.4640291883353377,0.018791264651596317,0.5863641561691995,0.2945243112739994,0.8851069146098838,-0.0196518352429925,0.5452497594496659,0.3642654841351145,0.5121585891978244,0.4560390031433292,0.5595993535152538,-0.336517314336656
0.4210777262745461,-0.16988837225830958,-0.4640291883353377,0.018791264651596317,0.5863641561691995,0.2945243112739994,0.8851069146098838,-0.017798725802388,0.5425007532430107,0.3673593987236817,0.5115555835441314,0.4630773266411009,0.5654667884224069,-0.3429433782096656
0.4210777262745461,-0.16988837225830958,-0.4640291883353377,0.018791264651596317,0.5863641561691995,0.2945243112739994,0.8851069146098838,-0.0159456163617835,0.5397517470363555,0.370453313312249,0.5109525778904387,0.4701156501388726,0.5713342233295599,-0.3493694420826752
0.4210777262745461,-0.16988837225830958,-0.4640291883353377,0.018791264651596317,0.5863641561691995,0.2945243112739994,0.8851069146098838,-0.014092506921179,0.5370027408297005,0.3735472279008162,0.5103495722367458,0.4771539736366442,0.577201658236713,-0.3557955059556847
0.4210777262745461,-0.16988837225830958,-0.4640291883353377,0.018791264651596317,0.5863641561691995,0.2945243112739994,0.8851069146098838,-0.0122393974805746,0.5342537346230454,0.3766411424893835,0.5097465665830528,0.484192297134416,0.5830690931438661,-0.3622215698286942
0.4210777262745461,-0.16988837225830958,-0.4640291883353377,0.018791264651596317,0.5863641561691995,0.2945243112739994,0.8851069146098838,-0.0103862880399701,0.5315047284163903,0.3797350570779507,0.50914356092936,0.4912306206321877,0.5889365280510191,-0.3686476337017038
0.4210777262745461,-0.16988837225830958,-0.4640291883353377,0.018791264651596317,0.5863641561691995,0.2945243112739994,0.8851069146098838,-0.0085331785993656,0.5287557222097351,0.382828971666518,0.5085405552756672,0.4982689441299594,0.5948039629581723,-0.3750736975747133
0.4210777262745461,-0.16988837225830958,-0.4640291883353377,0.018791264651596317,0.5863641561691995,0.2945243112739994,0.8851069146098838,-0.0066800691587611,0.52600671600308,0.3859228862550852,0.5079375496219742,0.505307267627731,0.6006713978653254,-0.3814997614477229
0.4210777262745461,-0.16988837225830958,-0.4640291883353377,0.018791264651596317,0.5863641561691995,0.2945243112739994,0.8851069146098838,-0.0048269597181566,0.5232577097964248,0.3890168008436525,0.5073345439682814,0.5123455911255028,0.6065388327724784,-0.3879258253207325
0.4210777262745461,-0.16988837225830958,-0.4640291883353377,0.018791264651596317,0.5863641561691995,0.2945243112739994,0.8851069146098838,-0.0029738502775522,0.5205087035897698,0.3921107154322197,0.5067315383145885,0.5193839146232745,0.6124062676796316,-0.394351889193742
0.4210777262745461,-0.16988837225830958,-0.4640291883353377,0.018791264651596317,0.5863641561691995,0.2945243112739994,0.8851069146098838,-0.0011207408369477,0.5177596973831147,0.395204630020787,0.5061285326608956,0.5264222381210462,0.6182737025867847,-0.4007779530667515
0.4210777262745461,-0.16988837225830958,-0.4640291883353377,0.018791264651596317,0.5863641561691995,0.2945243112739994,0.8851069146098838,0.0007323686036567,0.5150106911764596,0.3982985446093543,0.5055255270072028,0.5334605616188178,0.6241411374939378,-0.407204016939761
0.4210777262745461,-0.16988837225830958,-0.4640291883353377,0.018791264651596317,0.5863641561691995,0.2945243112739994,0.8851069146098838,0.0025854780442612,0.5122616849698044,0.4013924591979215,0.5049225213535099,0.5404988851165895,0.6300085724010909,-0.4136300808127706
0.4210777262745461,-0.16988837225830958,-0.4640291883353377,0.018791264651596317,0.5863641561691995,0.2945243112739994,0.8851069146098838,0.0044385874848656,0.5095126787631493,0.4044863737864888,0.504319515699817,0.5475372086143612,0.635876007308244,-0.4200561446857802
0.4210777262745461,-0.16988837225830958,-0.4640291883353377,0.018791264651596317,0.5863641561691995,0.2945243112739994,0.8851069146098838,0.0062916969254701,0.5067636725564942,0.4075802883750559,0.503716510046124,0.5545755321121327,0.6417434422153969,-0.4264822085587895
0.4210777262745461,-0.16988837225830958,-0.4640291883353377,0.018791264651596317,0.5863641561691995,0.2945243112739994,0.8851069146098838,0.0081448063660746,0.5040146663498392,0.4106742029636232,0.5031135043924313,0.5616138556099045,0.64761087712255,-0.4329082724317991
0.4210777262745461,-0.16988837225830958,-0.4640291883353377,0.018791264651596317,0.5863641561691995,0.2945243112739994,0.8851069146098838,0.009997915806679,0.501265660143184,0.4137681175521904,0.5025104987387384,0.5686521791076762,0.6534783120297032,-0.4393343363048086
0.4210777262745461,-0.16988837225830958,-0.4640291883353377,0.018791264651596317,0.5863641561691995,0.2945243112739994,0.8851069146098838,0.0118510252472835,0.4985166539365289,0.4168620321407577,0.5019074930850455,0.5756905026054479,0.6593457469368563,-0.4457604001778182
0.4210777262745461,-0.16988837225830958,-0.4640291883353377,0.018791264651596317,0.5863641561691995,0.2945243112739994,0.8851069146098838,0.013704134687888,0.4957676477298738,0.419955946729325,0.5013044874313526,0.5827288261032195,0.6652131818440092,-0.4521864640508278
0.4210777262745461,-0.16988837225830958,-0.4640291883353377,0.018791264651596317,0.5863641561691995,0.2945243112739994,0.8851069146098838,0.0155572441284925,0.4930186415232186,0.4230498613178922,0.5007014817776598,0.5897671496009912,0.6710806167511624,-0.4586125279238373
0.4210777262745461,-0.16988837225830958,-0.4640291883353377,0.018791264651596317,0.5863641561691995,0.2945243112739994,0.8851069146098838,0.0174103535690969,0.4902696353165635,0.4261437759064595,0.5000984761239669,0.5968054730987629,0.6769480516583155,-0.4650385917968469
0.4210777262745461,-0.16988837225830958,-0.4640291883353377,0.018791264651596317,0.5863641561691995,0.2945243112739994,0.8851069146098838,0.0192634630097014,0.4875206291099084,0.4292376904950267,0.499495470470274,0.6038437965965346,0.6828154865654685,-0.4714646556698564
0.4210777262745461,-0.16988837225830958,-0.4640291883353377,0.018791264651596317,0.5863641561691995,0.2945243112739994,0.8851069146098838,0.0211165724503059,0.4847716229032532,0.432331605083594,0.4988924648165811,0.6108821200943063,0.6886829214726217,-0.477890719542866
0.4210777262745461,-0.16988837225830958,-0.4640291883353377,0.018791264651596317,0.5863641561691995,0.2945243112739994,0.8851069146098838,0.0229696818909104,0.4820226166965982,0.4354255196721612,0.4982894591628882,0.617920443592078,0.6945503563797748,-0.4843167834158756
0.4210777262745461,-0.16988837225830958,-0.4640291883353377,0.018791264651596317,0.5863641561691995,0.2945243112739994,0.8851069146098838,0.0248227913315149,0.479273610489943,0.4385194342607285,0.4976864535091954,0.6249587670898497,0.7004177912869279,-0.490742847288885
0.4210777262745461,-0.16988837225830958,-0.4640291883353377,0.018791264651596317,0.5863641561691995,0.2945243112739994,0.8851069146098838,0.0266759007721193,0.4765246042832879,0.4416133488492957,0.4970834478555025,0.6319970905876213,0.706285226194081,-0.4971689111618945
0.4210777262745461,-0.16988837225830958,-0.4640291883353377,0.018791264651596317,0.5863641561691995,0.2945243112739994,0.8851069146098838,0.0285290102127238,0.4737755980766328,0.444707263437863,0.4964804422018096,0.6390354140853931,0.7121526611012341,-0.5035949750349041
0.4210777262745461,-0.16988837225830958,-0.4640291883353377,0.018791264651596317,0.5863641561691995,0.2945243112739994,0.8851069146098838,0.0303821196533283,0.4710265918699777,0.4478011780264302,0.4958774365481167,0.6460737375831648,0.7180200960083872,-0.5100210389079137
0.4210777262745461,-0.16988837225830958,-0.4640291883353377,0.018791264651596317,0.5863641561691995,0.2945243112739994,0.8851069146098838,0.0322352290939328,0.4682775856633225,0.4508950926149975,0.4952744308944239,0.6531120610809364,0.7238875309155403,-0.5164471027809232
0.4210777262745461,-0.16988837225830958,-0.4640291883353377,0.018791264651596317,0.5863641561691995,0.2945243112739994,0.8851069146098838,0.0340883385345373,0.4655285794566675,0.4539890072035648,0.4946714252407309,0.6601503845787081,0.7297549658226934,-0.5228731666539328
0.4210777262745461,-0.16988837225830958,-0.4640291883353377,0.018791264651596317,0.5863641561691995,0.2945243112739994,0.8851069146098838,0.0359414479751417,0.4627795732500123,0.457082921792132,0.494068419587038,0.6671887080764798,0.7356224007298465,-0.5292992305269424
0.4210777262745461,-0.16988837225830958,-0.4640291883353377,0.018791264651596317,0.5863641561691995,0.2945243112739994,0.8851069146098838,0.0377945574157462,0.4600305670433572,0.4601768363806993,0.4934654139333452,0.6742270315742516,0.7414898356369997,-0.535725294399952
0.4210777262745461,-0.16988837225830958,-0.4640291883353377,0.018791264651596317,0.5863641561691995,0.2945243112739994,0.8851069146098838,0.0396476668563507,0.4572815608367021,0.4632707509692664,0.4928624082796523,0.6812653550720232,0.7473572705441527,-0.5421513582729615
0.4210777262745461,-0.16988837225830958,-0.4640291883353377,0.018791264651596317,0.5863641561691995,0.2945243112739994,0.8851069146098838,0.0415007762969552,0.454532554630047,0.4663646655578337,0.4922594026259594,0.6883036785697949,0.7532247054513058,-0.548577422145971
0.4210777262745461,-0.16988837225830958,-0.4640291883353377,0.018791264651596317,0.5863641561691995,0.2945243112739994,0.8851069146098838,0.0433538857375596,0.4517835484233918,0.4694585801464009,0.4916563969722666,0.6953420020675666,0.759092140358459,-0.5550034860189806
0.4210777262745461,-0.16988837225830958,-0.4640291883353377,0.018791264651596317,0.5863641561691995,0.2945243112739994,0.8851069146098838,0.0452069951781641,0.4490345422167368,0.4725524947349682,0.4910533913185737,0.7023803255653382,0.7649595752656119,-0.56142954989199
0.4210777262745461,-0.16988837225830958,-0.4640291883353377,0.018791264651596317,0.5863641561691995,0.2945243112739994,0.8851069146098838,0.0470601046187686,0.4462855360100816,0.4756464093235355,0.4904503856648808,0.7094186490631099,0.770827010172765,-0.5678556137649996
0.4210777262745461,-0.16988837225830958,-0.4640291883353377,0.018791264651596317,0.5863641561691995,0.2945243112739994,0.8851069146098838,0.0489132140593731,0.4435365298034265,0.4787403239121027,0.489847380011188,0.7164569725608816,0.7766944450799181,-0.5742816776380092
0.4210777262745461,-0.16988837225830958,-0.4640291883353377,0.018791264651596317,0.5863641561691995,0.2945243112739994,0.8851069146098838,0.0507663234999775,0.4407875235967714,0.48183423850067,0.489244374357495,0.7234952960586534,0.7825618799870713,-0.5807077415110187
0.4210777262745461,-0.16988837225830958,-0.4640291883353377,0.018791264651596317,0.5863641561691995,0.2945243112739994,0.8851069146098838,0.052619432940582,0.4380385173901163,0.4849281530892372,0.4886413687038022,0.7305336195564249,0.7884293148942242,-0.5871338053840282
0.4210777262745461,-0.16988837225830958,-0.4640291883353377,0.018791264651596317,0.5863641561691995,0.2945243112739994,0.8851069146098838,0.0544725423811865,0.4352895111834612,0.4880220676778045,0.4880383630501093,0.7375719430541966,0.7942967498013773,-0.5935598692570376
0.4210777262745461,-0.16988837225830958,-0.4640291883353377,0.018791264651596317,0.5863641561691995,0.2945243112739994,0.8851069146098838,0.056325651821791,0.4325405049768061,0.4911159822663716,0.4874353573964164,0.7446102665519683,0.8001641847085303,-0.5999859331300472
0.4210777262745461,-0.16988837225830958,-0.4640291883353377,0.018791264651596317,0.5863641561691995,0.2945243112739994,0.8851069146098838,0.0581787612623954,0.429791498770151,0.4942098968549389,0.4868323517427235,0.7516485900497399,0.8060316196156835,-0.6064119970030568
0.4210777262745461,-0.16988837225830958,-0.4640291883353377,0.018791264651596317,0.5863641561691995,0.2945243112739994,0.8851069146098838,0.0600318707029999,0.4270424925634958,0.4973038114435062,0.4862293460890307,0.7586869135475116,0.8118990545228366,-0.6128380608760663
0.4210777262745461,-0.16988837225830958,-0.4640291883353377,0.018791264651596317,0.5863641561691995,0.2945243112739994,0.8851069146098838,0.0618849801436044,0.4242934863568407,0.5003977260320734,0.4856263404353378,0.7657252370452833,0.8177664894299898,-0.6192641247490759
0.4210777262745461,-0.16988837225830958,-0.4640291883353377,0.018791264651596317,0.5863641561691995,0.2945243112739994,0.8851069146098838,0.0637380895842089,0.4215444801501856,0.5034916406206407,0.4850233347816449,0.772763560543055,0.8236339243371428,-0.6256901886220855
0.4210777262745461,-0.16988837225830958,-0.4640291883353377,0.018791264651596317,0.5863641561691995,0.2945243112739994,0.8851069146098838,0.0655911990248133,0.4187954739435304,0.506585555209208,0.4844203291279521,0.7798018840408267,0.8295013592442959,-0.632116252495095
0.4210777262745461,-0.16988837225830958,-0.4640291883353377,0.018791264651596317,0.5863641561691995,0.2945243112739994,0.8851069146098838,0.0674443084654178,0.4160464677368753,0.5096794697977752,0.4838173234742592,0.7868402075385984,0.835368794151449,-0.6385423163681044
0.4210777262745461,-0.16988837225830958,-0.4640291883353377,0.018791264651596317,0.5863641561691995,0.2945243112739994,0.8851069146098838,0.0692974179060223,0.4132974615302202,0.5127733843863425,0.4832143178205663,0.7938785310363701,0.8412362290586021,-0.644968380241114
0.4210777262745461,-0.16988837225830958,-0.4640291883353377,0.018791264651596317,0.5863641561691995,0.2945243112739994,0.8851069146098838,0.0711505273466268,0.4105484553235651,0.5158672989749097,0.4826113121668735,0.8009168545341419,0.8471036639657552,-0.6513944441141236
0.4210777262745461,-0.16988837225830958,-0.4640291883353377,0.018791264651596317,0.5863641561691995,0.2945243112739994,0.8851069146098838,0.0730036367872313,0.40779944911691,0.518961213563477,0.4820083065131805,0.8079551780319135,0.8529710988729083,-0.6578205079871331
0.4210777262745461,-0.16988837225830958,-0.4640291883353377,0.018791264651596317,0.5863641561691995,0.2945243112739994,0.8851069146098838,0.0748567462278357,0.4050504429102549,0.5220551281520442,0.4814053008594877,0.8149935015296852,0.8588385337800613,-0.6642465718601427
0.4210777262745461,-0.16988837225830958,-0.4640291883353377,0.018791264651596317,0.5863641561691995,0.2945243112739994,0.8851069146098838,0.0767098556684402,0.4023014367035997,0.5251490427406115,0.4808022952057948,0.8220318250274569,0.8647059686872144,-0.6706726357331523
0.4210777262745461,-0.16988837225830958,-0.4640291883353377,0.018791264651596317,0.5863641561691995,0.2945243112739994,0.8851069146098838,0.0785629651090447,0.3995524304969446,0.5282429573291788,0.4801992895521019,0.8290701485252285,0.8705734035943675,-0.6770986996061618
0.4210777262745461,-0.16988837225830958,-0.4640291883353377,0.018791264651596317,0.5863641561691995,0.2945243112739994,0.8851069146098838,0.0804160745496492,0.3968034242902895,0.531336871917746,0.479596283898409,0.8361084720230002,0.8764408385015207,-0.6835247634791713
0.4210777262745461,-0.16988837225830958,-0.4640291883353377,0.018791264651596317,0.5863641561691995,0.2945243112739994,0.8851069146098838,0.0822691839902536,0.3940544180836344,0.5344307865063133,0.4789932782447162,0.8431467955207719,0.8823082734086737,-0.6899508273521809
0.4210777262745461,-0.16988837225830958,-0.4640291883353377,0.018791264651596317,0.5863641561691995,0.2945243112739994,0.8851069146098838,0.0841222934308581,0.3913054118769793,0.5375247010948805,0.4783902725910233,0.8501851190185437,0.8881757083158268,-0.6963768912251904
0.4210777262745461,-0.16988837225830958,-0.4640291883353377,0.018791264651596317,0.5863641561691995,0.2945243112739994,0.8851069146098838,0.0859754028714626,0.3885564056703242,0.5406186156834477,0.4777872669373304,0.8572234425163153,0.89404314322298,-0.7028029550982
0.4210777262745461,-0.16988837225830958,-0.4640291883353377,0.018791264651596317,0.5863641561691995,0.2945243112739994,0.8851069146098838,0.0878285123120671,0.385807399463669,0.5437125302720149,0.4771842612836375,0.864261766014087,0.899910578130133,-0.7092290189712095
0.4210777262745461,-0.16988837225830958,-0.4640291883353377,0.018791264651596317,0.5863641561691995,0.2945243112739994,0.8851069146098838,0.0896816217526716,0.3830583932570139,0.5468064448605822,0.4765812556299447,0.8713000895118587,0.905778013037286,-0.7156550828442191
0.4210777262745461,-0.16988837225830958,-0.4640291883353377,0.018791264651596317,0.5863641561691995,0.2945243112739994,0.8851069146098838,0.091534731193276,0.3803093870503587,0.5499003594491495,0.4759782499762517,0.8783384130096304,0.9116454479444392,-0.7220811467172286
0.4210777262745461,-0.16988837225830958,-0.4640291883353377,0.018791264651596317,0.5863641561691995,0.2945243112739994,0.8851069146098838,0.0933878406338805,0.3775603808437037,0.5529942740377167,0.4753752443225589,0.8853767365074021,0.9175128828515924,-0.7285072105902382
0.4210777262745461,-0.16988837225830958,-0.4640291883353377,0.018791264651596317,0.5863641561691995,0.2945243112739994,0.8851069146098838,0.095240950074485,0.3748113746370486,0.556088188626284,0.4747722386688661,0.8924150600051738,0.9233803177587454,-0.7349332744632477
0.4210777262745461,-0.16988837225830958,-0.4640291883353377,0.018791264651596317,0.5863641561691995,0.2945243112739994,0.8851069146098838,0.0970940595150895,0.3720623684303935,0.5591821032148512,0.4741692330151731,0.8994533835029455,0.9292477526658984,-0.7413593383362572
0.4210777262745461,-0.16988837225830958,-0.4640291883353377,0.018791264651596317,0.5863641561691995,0.2945243112739994,0.8851069146098838,0.0989471689556939,0.3693133622237384,0.5622760178034185,0.4735662273614803,0.906491707000717,0.9351151875730516,-0.7477854022092667
0.4210777262745461,-0.16988837225830958,-0.4640291883353377,0.018791264651596317,0.5863641561691995,0.2945243112739994,0.8851069146098838,0.1008002783962984,0.3665643560170833,0.5653699323919857,0.4729632217077874,0.9135300304984888,0.9409826224802046,-0.7542114660822762
0.4210777262745461,-0.16988837225830958,-0.4640291883353377,0.018791264651596317,0.5863641561691995,0.2945243112739994,0.8851069146098838,0.1026533878369029,0.3638153498104282,0.5684638469805529,0.4723602160540945,0.9205683539962604,0.9468500573873576,-0.7606375299552858
0.4210777262745461,-0.16988837225830958,-0.4640291883353377,0.018791264651596317,0.5863641561691995,0.2945243112739994,0.8851069146098838,0.1045064972775073,0.361066343603773,0.5715577615691201,0.4717572104004017,0.927606677494032,0.9527174922945107,-0.7670635938282954
0.4210777262745461,-0.16988837225830958,-0.4640291883353377,0.018791264651596317,0.5863641561691995,0.2945243112739994,0.8851069146098838,0.1063596067181118,0.3583173373971179,0.5746516761576874,0.4711542047467088,0.9346450009918036,0.9585849272016638,-0.7734896577013048
0.4210777262745461,-0.16988837225830958,-0.4640291883353377,0.018791264651596317,0.5863641561691995,0.2945243112739994,0.8851069146098838,0.1082127161587163,0.3555683311904628,0.5777455907462546,0.4705511990930159,0.9416833244895754,0.9644523621088168,-0.7799157215743144
0.4210777262745461,-0.16988837225830958,-0.4640291883353377,0.018791264651596317,0.5863641561691995,0.2945243112739994,0.8851069146098838,0.1100658255993208,0.3528193249838077,0.5808395053348219,0.469948193439323,0.948721647987347,0.97031979701597,-0.786341785447324
0.4210777262745461,-0.16988837225830958,-0.4640291883353377,0.018791264651596317,0.5863641561691995,0.2945243112739994,0.8851069146098838,0.1119189350399253,0.3500703187771526,0.5839334199233892,0.4693451877856301,0.9557599714851188,0.9761872319231232,-0.7927678493203335
0.4210777262745461,-0.16988837225830958,-0.4640291883353377,0.018791264651596317,0.5863641561691995,0.2945243112739994,0.8851069146098838,0.1137720444805297,0.3473213125704975,0.5870273345119564,0.4687421821319372,0.9627982949828906,0.9820546668302762,-0.799193913193343
0.4210777262745461,-0.16988837225830958,-0.4640291883353377,0.018791264651596317,0.5863641561691995,0.2945243112739994,0.8851069146098838,0.1156251539211342,0.3445723063638423,0.5901212491005237,0.4681391764782444,0.9698366184806624,0.9879221017374292,-0.8056199770663526
0.4210777262745461,-0.16988837225830958,-0.4640291883353377,0.018791264651596317,0.5863641561691995,0.2945243112739994,0.8851069146098838,0.1174782633617387,0.3418233001571872,0.5932151636890909,0.4675361708245515,0.976874941978434,0.9937895366445824,-0.8120460409393622
0.4210777262745461,-0.16988837225830958,-0.4640291883353377,0.018791264651596317,0.5863641561691995,0.2945243112739994,0.8851069146098838,0.1193313728023432,0.3390742939505321,0.5963090782776582,0.4669331651708586,0.9839132654762056,0.9996569715517356,-0.8184721048123716
0.4210777262745461,-0.16988837225830958,-0.4640291883353377,0.018791264651596317,0.5863641561691995,0.2945243112739994,0.8851069146098838,0.1211844822429476,0.336325287743877,0.5994029928662254,0.4663301595171658,0.9909515889739772,1.0055244064588886,-0.8248981686853812
0.4210777262745461,-0.16988837225830958,-0.4640291883353377,0.018791264651596317,0.5863641561691995,0.2945243112739994,0.8851069146098838,0.0589459924412771,0.3676506711398213,0.5821307502839996,0.4708775367687599,0.9531266209780204,0.973552051525766,-0.792449102185965
0.4210777262745461,-0.16988837225830958,-0.4640291883353377,0.018791264651596317,0.5863641561691995,0.2945243112739994,0.8851069146098838,0.0608812870494592,0.3654020779233629,0.5827923542923679,0.4710733921447755,0.954868901365734,0.9700035147457188,-0.792597925186568
0.4210777262745461,-0.16988837225830958,-0.4640291883353377,0.018791264651596317,0.5863641561691995,0.2945243112739994,0.8851069146098838,0.0628165816576412,0.3631534847069044,0.5834539583007359,0.4712692475207913,0.9566111817534478,0.9664549779656711,-0.7927467481871712
0.4210777262745461,-0.16988837225830958,-0.4640291883353377,0.018791264651596317,0.5863641561691995,0.2945243112739994,0.8851069146098838,0.0647518762658232,0.3609048914904459,0.5841155623091041,0.4714651028968069,0.9583534621411616,0.962906441185624,-0.7928955711877742
0.4210777262745461,-0.16988837225830958,-0.4640291883353377,0.018791264651596317,0.5863641561691995,0.2945243112739994,0.8851069146098838,0.0666871708740053,0.3586562982739875,0.5847771663174722,0.4716609582728227,0.9600957425288752,0.9593579044055766,-0.7930443941883774
0.4210777262745461,-0.16988837225830958,-0.4640291883353377,0.018791264651596317,0.5863641561691995,0.2945243112739994,0.8851069146098838,0.0686224654821873,0.356407705057529,0.5854387703258404,0.4718568136488383,0.961838022916589,0.9558093676255291,-0.7931932171889804
0.4210777262745461,-0.16988837225830958,-0.4640291883353377,0.018791264651596317,0.5863641561691995,0.2945243112739994,0.8851069146098838,0.0705577600903693,0.3541591118410706,0.5861003743342086,0.4720526690248541,0.9635803033043028,0.9522608308454816,-0.7933420401895834
0.4210777262745461,-0.16988837225830958,-0.4640291883353377,0.018791264651596317,0.5863641561691995,0.2945243112739994,0.8851069146098838,0.0724930546985514,0.3519105186246121,0.5867619783425767,0.4722485244008697,0.9653225836920166,0.9487122940654344,-0.7934908631901866
0.4210777262745461,-0.16988837225830958,-0.4640291883353377,0.018791264651596317,0.5863641561691995,0.2945243112739994,0.8851069146098838,0.0744283493067334,0.3496619254081536,0.5874235823509449,0.4724443797768854,0.9670648640797304,0.945163757285387,-0.7936396861907896
0.4210777262745461,-0.16988837225830958,-0.4640291883353377,0.018791264651596317,0.5863641561691995,0.2945243112739994,0.8851069146098838,0.0763636439149154,0.3474133321916952,0.5880851863593131,0.4726402351529011,0.9688071444674442,0.9416152205053396,-0.7937885091913927
0.4210777262745461,-0.16988837225830958,-0.4640291883353377,0.018791264651596317,0.5863641561691995,0.2945243112739994,0.8851069146098838,0.0782989385230975,0.3451647389752367,0.5887467903676812,0.4728360905289169,0.9705494248551578,0.9380666837252922,-0.7939373321919958
0.4210777262745461,-0.16988837225830958,-0.4640291883353377,0.018791264651596317,0.5863641561691995,0.2945243112739994,0.8851069146098838,0.0802342331312795,0.3429161457587782,0.5894083943760494,0.4730319459049325,0.9722917052428716,0.9345181469452448,-0.7940861551925988
0.4210777262745461,-0.16988837225830958,-0.4640291883353377,0.018791264651596317,0.5863641561691995,0.2945243112739994,0.8851069146098838,0.0821695277394616,0.3406675525423198,0.5900699983844174,0.4732278012809482,0.9740339856305854,0.9309696101651976,-0.7942349781932019
0.4210777262745461,-0.16988837225830958,-0.4640291883353377,0.018791264651596317,0.5863641561691995,0.2945243112739994,0.8851069146098838,0.0841048223476436,0.3384189593258614,0.5907316023927858,0.473423656656964,0.9757762660182993,0.9274210733851505,-0.7943838011938051
0.4210777262745461,-0.16988837225830958,-0.4640291883353377,0.018791264651596317,0.5863641561691995,0.2945243112739994,0.8851069146098838,0.0860401169558256,0.3361703661094029,0.5913932064011539,0.4736195120329797,0.977518546406013,0.9238725366051028,-0.7945326241944081
0.4210777262745461,-0.16988837225830958,-0.4640291883353377,0.018791264651596317,0.5863641561691995,0.2945243112739994,0.8851069146098838,0.0879754115640077,0.3339217728929445,0.592054810409522,0.4738153674089954,0.9792608267937268,0.9203239998250556,-0.7946814471950113
0.4210777262745461,-0.16988837225830958,-0.4640291883353377,0.018791264651596317,0.5863641561691995,0.2945243112739994,0.8851069146098838,0.0899107061721897,0.331673179676486,0.5927164144178902,0.4740112227850111,0.9810031071814403,0.916775463045008,-0.7948302701956144
0.4210777262745461,-0.16988837225830958,-0.4640291883353377,0.018791264651596317,0.5863641561691995,0.2945243112739994,0.8851069146098838,0.0918460007803717,0.3294245864600276,0.5933780184262583,0.4742070781610268,0.9827453875691544,0.9132269262649608,-0.7949790931962174
0.4210777262745461,-0.16988837225830958,-0.4640291883353377,0.018791264651596317,0.5863641561691995,0.2945243112739994,0.8851069146098838,0.0937812953885538,0.3271759932435691,0.5940396224346265,0.4744029335370425,0.984487667956868,0.9096783894849132,-0.7951279161968205
0.4210777262745461,-0.16988837225830958,-0.4640291883353377,0.018791264651596317,0.5863641561691995,0.2945243112739994,0.8851069146098838,0.0957165899967358,0.3249274000271107,0.5947012264429947,0.4745987889130582,0.986229948344582,0.906129852704866,-0.7952767391974236
0.4210777262745461,-0.16988837225830958,-0.4640291883353377,0.018791264651596317,0.5863641561691995,0.2945243112739994,0.8851069146098838,0.0976518846049178,0.3226788068106522,0.5953628304513628,0.4747946442890739,0.9879722287322956,0.9025813159248186,-0.7954255621980266
0.4210777262745461,-0.16988837225830958,-0.4640291883353377,0.018791264651596317,0.5863641561691995,0.2945243112739994,0.8851069146098838,0.0995871792130999,0.3204302135941937,0.596024434459731,0.4749904996650896,0.9897145091200094,0.8990327791447713,-0.7955743851986298
0.4210777262745461,-0.16988837225830958,-0.4640291883353377,0.018791264651596317,0.5863641561691995,0.2945243112739994,0.8851069146098838,0.1015224738212819,0.3181816203777353,0.5966860384680992,0.4751863550411053,0.9914567895077232,0.8954842423647238,-0.7957232081992328
0.4210777262745461,-0.16988837225830958,-0.4640291883353377,0.018791264651596317,0.5863641561691995,0.2945243112739994,0.8851069146098838,0.1034577684294639,0.3159330271612768,0.5973476424764673,0.475382210417121,0.9931990698954368,0.8919357055846765,-0.795872031199836
0.4210777262745461,-0.16988837225830958,-0.4640291883353377,0.018791264651596317,0.5863641561691995,0.2945243112739994,0.8851069146098838,0.105393063037646,0.3136844339448184,0.5980092464848354,0.4755780657931367,0.9949413502831506,0.8883871688046291,-0.796020854200439
0.4210777262745461,-0.16988837225830958,-0.4640291883353377,0.018791264651596317,0.5863641561691995,0.2945243112739994,0.8851069146098838,0.107328357645828,0.3114358407283599,0.5986708504932036,0.4757739211691524,0.9966836306708644,0.8848386320245817,-0.796169677201042
0.4210777262745461,-0.16988837225830958,-0.4640291883353377,0.018791264651596317,0.5863641561691995,0.2945243112739994,0.8851069146098838,0.10926365225401,0.3091872475119015,0.5993324545015718,0.4759697765451681,0.9984259110585784,0.8812900952445343,-0.7963185002016452
0.4210777262745461,-0.16988837225830958,-0.4640291883353377,0.018791264651596317,0.5863641561691995,0.2945243112739994,0.8851069146098838,0.1111989468621921,0.306938654295443,0.5999940585099399,0.4761656319211838,1.000168191446292,0.877741558464487,-0.7964673232022482
0.4210777262745461,-0.16988837225830958,-0.4640291883353377,0.018791264651596317,0.5863641561691995,0.2945243112739994,0.8851069146098838,0.1131342414703741,0.3046900610789845,0.600655662518308,0.4763614872971995,1.0019104718340055,0.8741930216844396,-0.7966161462028514
0.4210777262745461,-0.16988837225830958,-0.4640291883353377,0.018791264651596317,0.5863641561691995,0.2945243112739994,0.8851069146098838,0.1150695360785561,0.3024414678625261,0.6013172665266763,0.4765573426732152,1.0036527522217191,0.8706444849043922,-0.7967649692034544
0.4210777262745461,-0.16988837225830958,-0.4640291883353377,0.018791264651596317,0.5863641561691995,0.2945243112739994,0.8851069146098838,0.1170048306867382,0.3001928746460677,0.6019788705350444,0.4767531980492309,1.0053950326094332,0.8670959481243448,-0.7969137922040574
0.4210777262745461,-0.16988837225830958,-0.4640291883353377,0.018791264651596317,0.5863641561691995,0.2945243112739994,0.8851069146098838,0.1189401252949202,0.2979442814296091,0.6026404745434125,0.4769490534252466,1.007137312997147,0.8635474113442975,-0.7970626152046605
0.4210777262745461,-0.16988837225830958,-0.4640291883353377,0.018791264651596317,0.5863641561691995,0.2945243112739994,0.8851069146098838,0.1208754199031022,0.2956956882131507,0.6033020785517808,0.4771449088012622,1.0088795933848609,0.8599988745642501,-0.7972114382052636
0.4210777262745461,-0.16988837225830958,-0.4640291883353377,0.018791264651596317,0.5863641561691995,0.2945243112739994,0.8851069146098838,0.1228107145112843,0.2934470949966923,0.6039636825601489,0.477340764177278,1.0106218737725745,0.8564503377842027,-0.7973602612058668
0.4210777262745461,-0.16988837225830958,-0.4640291883353377,0.018791264651596317,0.5863641561691995,0.2945243112739994,0.8851069146098838,0.1247460091194663,0.2911985017802339,0.6046252865685171,0.4775366195532937,1.0123641541602884,0.8529018010041552,-0.7975090842064698
0.4210777262745461,-0.16988837225830958,-0.4640291883353377,0.018791264651596317,0.5863641561691995,0.2945243112739994,0.8851069146098838,0.1266813037276483,0.2889499085637753,0.6052868905768851,0.4777324749293093,1.014106434548002,0.849353264224108,-0.7976579072070729
0.4210777262745461,-0.16988837225830958,-0.4640291883353377,0.018791264651596317,0.5863641561691995,0.2945243112739994,0.8851069146098838,0.1286165983358304,0.2867013153473169,0.6059484945852533,0.4779283303053251,1.0158487149357158,0.8458047274440607,-0.7978067302076761
0.4210777262745461,-0.16988837225830958,-0.4640291883353377,0.018791264651596317,0.5863641561691995,0.2945243112739994,0.8851069146098838,0.1305518929440124,0.2844527221308585,0.6066100985936215,0.4781241856813408,1.0175909953234294,0.8422561906640131,-0.797955553208279
0.4210777262745461,-0.16988837225830958,-0.4640291883353377,0.018791264651596317,0.5863641561691995,0.2945243112739994,0.8851069146098838,0.1324871875521945,0.2822041289144,0.6072717026019897,0.4783200410573565,1.0193332757111435,0.8387076538839658,-0.7981043762088822
0.4210777262745461,-0.16988837225830958,-0.4640291883353377,0.018791264651596317,0.5863641561691995,0.2945243112739994,0.8851069146098838,0.1344224821603765,0.2799555356979415,0.6079333066103578,0.4785158964333722,1.0210755560988571,0.8351591171039184,-0.7982531992094852
0.4210777262745461,-0.16988837225830958,-0.4640291883353377,0.018791264651596317,0.5863641561691995,0.2945243112739994,0.8851069146098838,0.1363577767685585,0.2777069424814831,0.6085949106187261,0.4787117518093879,1.022817836486571,0.8316105803238711,-0.7984020222100884
0.4210777262745461,-0.16988837225830958,-0.4640291883353377,0.018791264651596317,0.5863641561691995,0.2945243112739994,0.8851069146098838,0.1382930713767406,0.2754583492650246,0.6092565146270942,0.4789076071854036,1.0245601168742846,0.8280620435438237,-0.7985508452106914
0.4210777262745461,-0.16988837225830958,-0.4640291883353377,0.018791264651596317,0.5863641561691995,0.2945243112739994,0.8851069146098838,0.1402283659849226,0.2732097560485662,0.6099181186354623,0.4791034625614193,1.0263023972619985,0.8245135067637763,-0.7986996682112946
0.4210777262745461,-0.16988837225830958,-0.4640291883353377,0.018791264651596317,0.5863641561691995,0.2945243112739994,0.8851069146098838,0.1421636605931046,0.2709611628321077,0.6105797226438305,0.4792993179374351,1.0280446776497123,0.820964969983729,-0.7988484912118976
0.4210777262745461,-0.16988837225830958,-0.4640291883353377,0.018791264651596317,0.5863641561691995,0.2945243112739994,0.8851069146098838,0.1440989552012866,0.2687125696156493,0.6112413266521987,0.4794951733134507,1.029786958037426,0.8174164332036816,-0.7989973142125006
0.4210777262745461,-0.16988837225830958,-0.4640291883353377,0.018791264651596317,0.5863641561691995,0.2945243112739994,0.8851069146098838,0.1460342498094687,0.2664639763991908,0.6119029306605668,0.4796910286894664,1.0315292384251398,0.8138678964236342,-0.7991461372131038
0.4210777262745461,-0.16988837225830958,-0.4640291883353377,0.018791264651596317,0.5863641561691995,0.2945243112739994,0.8851069146098838,0.1479695444176507,0.2642153831827324,0.6125645346689349,0.4798868840654821,1.0332715188128536,0.8103193596435868,-0.7992949602137068
0.4210777262745461,-0.16988837225830958,-0.4640291883353377,0.018791264651596317,0.5863641561691995,0.2945243112739994,0.8851069146098838,0.1499048390258328,0.2619667899662739,0.6132261386773031,0.4800827394414978,1.0350137992005672,0.8067708228635395,-0.79944378321431
0.4210777262745461,-0.16988837225830958,-0.4640291883353377,0.018791264651596317,0.5863641561691995,0.2945243112739994,0.8851069146098838,0.1518401336340148,0.2597181967498155,0.6138877426856713,0.4802785948175135,1.0367560795882809,0.8032222860834921,-0.799592606214913
0.4210777262745461,-0.16988837225830958,-0.4640291883353377,0.018791264651596317,0.5863641561691995,0.2945243112739994,0.8851069146098838,0.1537754282421968,0.257469603533357,0.6145493466940395,0.4804744501935292,1.0384983599759947,0.7996737493034447,-0.799741429215516
0.4210777262745461,-0.16988837225830958,-0.4640291883353377,0.018791264651596317,0.5863641561691995,0.2945243112739994,0.8851069146098838,0.1557107228503789,0.2552210103168986,0.6152109507024076,0.4806703055695449,1.0402406403637086,0.7961252125233973,-0.7998902522161192
0.4210777262745461,-0.16988837225830958,-0.4640291883353377,0.018791264651596317,0.5863641561691995,0.2945243112739994,0.8851069146098838,0.1576460174585609,0.2529724171004401,0.6158725547107757,0.4808661609455606,1.0419829207514224,0.79257667574335,-0.8000390752167222
0.4210777262745461,-0.16988837225830958,-0.4640291883353377,0.018791264651596317,0.5863641561691995,0.2945243112739994,0.8851069146098838,0.1595813120667429,0.2507238238839816,0.616534158719144,0.4810620163215763,1.0437252011391362,0.7890281389633025,-0.8001878982173254
0.4210777262745461,-0.16988837225830958,-0.4640291883353377,0.018791264651596317,0.5863641561691995,0.2945243112739994,0.8851069146098838,0.161516606674925,0.2484752306675232,0.6171957627275121,0.481257871697592,1.04546748152685,0.7854796021832552,-0.8003367212179284
0.4210777262745461,-0.16988837225830958,-0.4640291883353377,0.018791264651596317,0.5863641561691995,0.2945243112739994,0.8851069146098838,0.163451901283107,0.2462266374510647,0.6178573667358802,0.4814537270736077,1.0472097619145635,0.7819310654032079,-0.8004855442185315
0.4210777262745461,-0.16988837225830958,-0.4640291883353377,0.018791264651596317,0.5863641561691995,0.2945243112739994,0.8851069146098838,0.165387195891289,0.2439780442346063,0.6185189707442484,0.4816495824496234,1.0489520423022771,0.7783825286231605,-0.8006343672191346
0.4210777262745461,-0.16988837225830958,-0.4640291883353377,0.018791264651596317,0.5863641561691995,0.2945243112739994,0.8851069146098838,0.1673224904994711,0.2417294510181478,0.6191805747526165,0.4818454378256391,1.0506943226899912,0.7748339918431131,-0.8007831902197377
0.4210777262745461,-0.16988837225830958,-0.4640291883353377,0.018791264651596317,0.5863641561691995,0.2945243112739994,0.8851069146098838,0.1692577851076531,0.2394808578016894,0.6198421787609847,0.4820412932016548,1.052436603077705,0.7712854550630658,-0.8009320132203408
0.4210777262745461,-0.16988837225830958,-0.4640291883353377,0.018791264651596317,0.5863641561691995,0.2945243112739994,0.8851069146098838,0.1711930797158351,0.2372322645852309,0.6205037827693528,0.4822371485776705,1.0541788834654189,0.7677369182830183,-0.8010808362209438
0.4210777262745461,-0.16988837225830958,-0.4640291883353377,0.018791264651596317,0.5863641561691995,0.2945243112739994,0.8851069146098838,0.1731283743240172,0.2349836713687725,0.621165386777721,0.4824330039536862,1.0559211638531325,0.7641883815029711,-0.801229659221547
0.4210777262745461,-0.16988837225830958,-0.4640291883353377,0.018791264651596317,0.5863641561691995,0.2945243112739994,0.8851069146098838,0.1750636689321992,0.2327350781523139,0.6218269907860892,0.4826288593297019,1.057663444240846,0.7606398447229235,-0.8013784822221499
0.4210777262745461,-0.16988837225830958,-0.4640291883353377,0.018791264651596317,0.5863641561691995,0.2945243112739994,0.8851069146098838,0.1769989635403812,0.2304864849358556,0.6224885947944574,0.4828247147057176,1.05940572462856,0.7570913079428763,-0.8015273052227532
0.4210777262745461,-0.16988837225830958,-0.4640291883353377,0.018791264651596317,0.5863641561691995,0.2945243112739994,0.8851069146098838,0.1789342581485633,0.2282378917193971,0.6231501988028254,0.4830205700817333,1.0611480050162738,0.7535427711628289,-0.8016761282233561
0.4210777262745461,-0.16988837225830958,-0.4640291883353377,0.018791264651596317,0.5863641561691995,0.2945243112739994,0.8851069146098838,0.1808695527567453,0.2259892985029386,0.6238118028111936,0.483216425457749,1.0628902854039874,0.7499942343827816,-0.8018249512239592
0.4210777262745461,-0.16988837225830958,-0.4640291883353377,0.018791264651596317,0.5863641561691995,0.2945243112739994,0.8851069146098838,0.1828048473649274,0.2237407052864801,0.6244734068195619,0.4834122808337647,1.0646325657917013,0.746445697602734,-0.8019737742245623
0.4210777262745461,-0.16988837225830958,-0.4640291883353377,0.018791264651596317,0.5863641561691995,0.2945243112739994,0.8851069146098838,0.1847401419731094,0.2214921120700217,0.62513501082793,0.4836081362097805,1.0663748461794151,0.7428971608226868,-0.8021225972251655
0.4210777262745461,-0.16988837225830958,-0.4640291883353377,0.018791264651596317,0.5863641561691995,0.2945243112739994,0.8851069146098838,0.1866754365812914,0.2192435188535632,0.6257966148362981,0.4838039915857961,1.0681171265671288,0.7393486240426392,-0.8022714202257685
0.4210777262745461,-0.16988837225830958,-0.4640291883353377,0.018791264651596317,0.5863641561691995,0.2945243112739994,0.8851069146098838,0.1886107311894735,0.2169949256371048,0.6264582188446663,0.4839998469618118,1.0698594069548426,0.735800087262592,-0.8024202432263716
0.4210777262745461,-0.16988837225830958,-0.4640291883353377,0.018791264651596317,0.5863641561691995,0.2945243112739994,0.8851069146098838,0.1905460257976555,0.2147463324206463,0.6271198228530344,0.4841957023378275,1.0716016873425562,0.7322515504825445,-0.8025690662269747
0.4210777262745461,-0.16988837225830958,-0.4640291883353377,0.018791264651596317,0.5863641561691995,0.2945243112739994,0.8851069146098838,0.1924813204058375,0.2124977392041879,0.6277814268614026,0.4843915577138432,1.07334396773027,0.7287030137024972,-0.8027178892275777
0.4210777262745461,-0.16988837225830958,-0.4640291883353377,0.018791264651596317,0.5863641561691995,0.2945243112739994,0.8851069146098838,0.1944166150140195,0.2102491459877295,0.6284430308697708,0.484587413089859,1.075086248117984,0.7251544769224498,-0.8028667122281808
0.4210777262745461,-0.16988837225830958,-0.4640291883353377,0.018791264651596317,0.5863641561691995,0.2945243112739994,0.8851069146098838,0.1963519096222016,0.208000552771271,0.6291046348781388,0.4847832684658746,1.0768285285056978,0.7216059401424025,-0.803015535228784
0.4210777262745461,-0.16988837225830958,-0.4640291883353377,0.018791264651596317,0.5863641561691995,0.2945243112739994,0.8851069146098838,0.1982872042303836,0.2057519595548126,0.6297662388865071,0.4849791238418903,1.0785708088934114,0.718057403362355,-0.803164358229387
0.4210777262745461,-0.16988837225830958,-0.4640291883353377,0.018791264651596317,0.5863641561691995,0.2945243112739994,0.8851069146098838,0.2002224988385657,0.2035033663383541,0.6304278428948753,0.4851749792179061,1.080313089281125,0.7145088665823077,-0.8033131812299901
0.4210777262745461,-0.16988837225830958,-0.4640291883353377,0.018791264651596317,0.5863641561691995,0.2945243112739994,0.8851069146098838,0.2021577934467477,0.2012547731218956,0.6310894469032434,0.4853708345939218,1.0820553696688389,0.7109603298022604,-0.8034620042305931
0.4210777262745461,-0.16988837225830958,-0.4640291883353377,0.018791264651596317,0.5863641561691995,0.2945243112739994,0.8851069146098838,0.2040930880549297,0.1990061799054372,0.6317510509116115,0.4855666899699374,1.0837976500565527,0.707411793022213,-0.8036108272311963
0.4210777262745461,-0.16988837225830958,-0.4640291883353377,0.018791264651596317,0.5863641561691995,0.2945243112739994,0.8851069146098838,0.2060283826631118,0.1967575866889787,0.6324126549199798,0.4857625453459531,1.0855399304442666,0.7038632562421656,-0.8037596502317994
0.4210777262745461,-0.16988837225830958,-0.4640291883353377,0.018791264651596317,0.5863641561691995,0.2945243112739994,0.8851069146098838,0.2079636772712938,0.1945089934725203,0.6330742589283479,0.4859584007219688,1.0872822108319804,0.7003147194621182,-0.8039084732324024
0.4210777262745461,-0.16988837225830958,-0.4640291883353377,0.018791264651596317,0.5863641561691995,0.2945243112739994,0.8851069146098838,0.2098989718794758,0.1922604002560618,0.633735862936716,0.4861542560979845,1.089024491219694,0.6967661826820709,-0.8040572962330055
0.4210777262745461,-0.16988837225830958,-0.4640291883353377,0.018791264651596317,0.5863641561691995,0.2945243112739994,0.8851069146098838,0.2118342664876579,0.1900118070396033,0.6343974669450843,0.4863501114740002,1.0907667716074076,0.6932176459020234,-0.8042061192336086
0.4210777262745461,-0.16988837225830958,-0.4640291883353377,0.018791264651596317,0.5863641561691995,0.2945243112739994,0.8851069146098838,0.2137695610958399,0.1877632138231449,0.6350590709534524,0.4865459668500159,1.0925090519951215,0.6896691091219761,-0.8043549422342117
0.4210777262745461,-0.16988837225830958,-0.4640291883353377,0.018791264651596317,0.5863641561691995,0.2945243112739994,0.8851069146098838,0.2157048557040219,0.1855146206066864,0.6357206749618205,0.4867418222260317,1.0942513323828351,0.6861205723419287,-0.8045037652348148
0.4210777262745461,-0.16988837225830958,-0.4640291883353377,0.018791264651596317,0.5863641561691995,0.2945243112739994,0.8851069146098838,0.217640150312204,0.183266027390228,0.6363822789701887,0.4869376776020473,1.0959936127705492,0.6825720355618814,-0.8046525882354179
0.4210777262745461,-0.16988837225830958,-0.4640291883353377,0.018791264651596317,0.5863641561691995,0.2945243112739994,0.8851069146098838,0.219575444920386,0.1810174341737695,0.6370438829785567,0.487133532978063,1.0977358931582628,0.6790234987818339,-0.8048014112360209
0.4210777262745461,-0.16988837225830958,-0.4640291883353377,0.018791264651596317,0.5863641561691995,0.2945243112739994,0.8851069146098838,0.221510739528568,0.1787688409573111,0.637705486986925,0.4873293883540788,1.0994781735459769,0.6754749620017867,-0.8049502342366242
0.4210777262745461,-0.16988837225830958,-0.4640291883353377,0.018791264651596317,0.5863641561691995,0.2945243112739994,0.8851069146098838,0.2234460341367501,0.1765202477408526,0.6383670909952931,0.4875252437300944,1.1012204539336905,0.6719264252217392,-0.8050990572372271
0.4210777262745461,-0.16988837225830958,-0.4640291883353377,0.018791264651596317,0.5863641561691995,0.2945243112739994,0.8851069146098838,0.2253813287449321,0.1742716545243942,0.6390286950036613,0.4877210991061101,1.102962734321404,0.668377888441692,-0.8052478802378302
0.4210777262745461,-0.16988837225830958,-0.4640291883353377,0.018791264651596317,0.5863641561691995,0.2945243112739994,0.8851069146098838,0.2273166233531141,0.1720230613079357,0.6396902990120295,0.4879169544821258,1.104705014709118,0.6648293516616444,-0.8053967032384333
0.4210777262745461,-0.16988837225830958,-0.4640291883353377,0.018791264651596317,0.5863641561691995,0.2945243112739994,0.8851069146098838,0.2292519179612962,0.1697744680914773,0.6403519030203977,0.4881128098581416,1.1064472950968316,0.6612808148815972,-0.8055455262390364
0.4210777262745461,-0.16988837225830958,-0.4640291883353377,0.018791264651596317,0.5863641561691995,0.2945243112739994,0.8851069146098838,0.2311872125694782,0.1675258748750188,0.6410135070287658,0.4883086652341573,1.1081895754845454,0.6577322781015497,-0.8056943492396393
0.4210777262745461,-0.16988837225830958,-0.4640291883353377,0.018791264651596317,0.5863641561691995,0.2945243112739994,0.8851069146098838,0.2331225071776602,0.1652772816585604,0.6416751110371339,0.488504520610173,1.1099318558722593,0.6541837413215025,-0.8058431722402426
0.4210777262745461,-0.16988837225830958,-0.4640291883353377,0.018791264651596317,0.5863641561691995,0.2945243112739994,0.8851069146098838,0.2350578017858423,0.1630286884421019,0.642336715045502,0.4887003759861886,1.111674136259973,0.6506352045414548,-0.8059919952408455
0.4210777262745461,-0.16988837225830958,-0.4640291883353377,0.018791264651596317,0.5863641561691995,0.2945243112739994,0.8851069146098838,0.2369930963940243,0.1607800952256435,0.6429983190538703,0.4888962313622044,1.1134164166476868,0.6470866677614077,-0.8061408182414487
0.4210777262745461,-0.16988837225830958,-0.4640291883353377,0.018791264651596317,0.5863641561691995,0.2945243112739994,0.8851069146098838,0.2389283910022063,0.1585315020091849,0.6436599230622384,0.4890920867382201,1.1151586970354004,0.6435381309813601,-0.8062896412420517
0.4210777262745461,-0.16988837225830958,-0.4640291883353377,0.018791264651596317,0.5863641561691995,0.2945243112739994,0.8851069146098838,0.2408636856103884,0.1562829087927265,0.6443215270706066,0.4892879421142357,1.1169009774231142,0.639989594201313,-0.8064384642426549
0.4210777262745461,-0.16988837225830958,-0.4640291883353377,0.018791264651596317,0.5863641561691995,0.2945243112739994,0.8851069146098838,0.2427989802185704,0.1540343155762681,0.6449831310789748,0.4894837974902515,1.118643257810828,0.6364410574212654,-0.806587287243258
0.4210777262745461,-0.16988837225830958,-0.4640291883353377,0.018791264651596317,0.5863641561691995,0.2945243112739994,0.8851069146098838,0.2447342748267524,0.1517857223598096,0.6456447350873429,0.4896796528662672,1.1203855381985417,0.6328925206412181,-0.806736110243861
0.4210777262745461,-0.16988837225830958,-0.4640291883353377,0.018791264651596317,0.5863641561691995,0.2945243112739994,0.8851069146098838,0.2466695694349345,0.1495371291433512,0.6463063390957111,0.4898755082422829,1.1221278185862555,0.6293439838611707,-0.8068849332444641
0.4210777262745461,-0.16988837225830958,-0.4640291883353377,0.018791264651596317,0.5863641561691995,0.2945243112739994,0.8851069146098838,0.2486048640431165,0.1472885359268927,0.6469679431040791,0.4900713636182986,1.1238700989739694,0.6257954470811233,-0.8070337562450671
0.4210777262745461,-0.16988837225830958,-0.4640291883353377,0.018791264651596317,0.5863641561691995,0.2945243112739994,0.8851069146098838,0.2505401586512986,0.1450399427104343,0.6476295471124474,0.4902672189943142,1.1256123793616832,0.622246910301076,-0.8071825792456703
0.4210777262745461,-0.16988837225830958,-0.4640291883353377,0.018791264651596317,0.5863641561691995,0.2945243112739994,0.8851069146098838,0.2524754532594806,0.1427913494939758,0.6482911511208156,0.49046307437033,1.1273546597493969,0.6186983735210286,-0.8073314022462734
0.4210777262745461,-0.16988837225830958,-0.4640291883353377,0.018791264651596317,0.5863641561691995,0.2945243112739994,0.8851069146098838,0.2544107478676626,0.1405427562775173,0.6489527551291836,0.4906589297463457,1.1290969401371105,0.6151498367409812,-0.8074802252468765
0.4210777262745461,-0.16988837225830958,-0.4640291883353377,0.018791264651596317,0.5863641561691995,0.2945243112739994,0.8851069146098838,0.2563460424758447,0.1382941630610589,0.6496143591375518,0.4908547851223614,1.1308392205248243,0.6116012999609338,-0.8076290482474795
0.4210777262745461,-0.16988837225830958,-0.4640291883353377,0.018791264651596317,0.5863641561691995,0.2945243112739994,0.8851069146098838,0.2582813370840267,0.1360455698446004,0.6502759631459201,0.4910506404983771,1.1325815009125382,0.6080527631808864,-0.8077778712480825
0.4210777262745461,-0.16988837225830958,-0.4640291883353377,0.018791264651596317,0.5863641561691995,0.2945243112739994,0.8851069146098838,0.2602166316922087,0.133796976628142,0.6509375671542882,0.4912464958743928,1.134323781300252,0.6045042264008391,-0.8079266942486857
0.4210777262745461,-0.16988837225830958,-0.4640291883353377,0.018791264651596317,0.5863641561691995,0.2945243112739994,0.8851069146098838,0.2621519263003908,0.1315483834116835,0.6515991711626563,0.4914423512504084,1.1360660616879656,0.6009556896207917,-0.8080755172492888
0.4210777262745461,-0.16988837225830958,-0.4640291883353377,0.018791264651596317,0.5863641561691995,0.2945243112739994,0.8851069146098838,0.2640872209085728,0.1292997901952251,0.6522607751710245,0.4916382066264242,1.1378083420756795,0.5974071528407443,-0.8082243402498919
0.4210777262745461,-0.16988837225830958,-0.4640291883353377,0.018791264651596317,0.5863641561691995,0.2945243112739994,0.8851069146098838,0.2660225155167549,0.1270511969787666,0.6529223791793927,0.4918340620024399,1.1395506224633931,0.5938586160606969,-0.8083731632504949
0.4210777262745461,-0.16988837225830958,-0.4640291883353377,0.018791264651596317,0.5863641561691995,0.2945243112739994,0.8851069146098838,0.2679578101249369,0.1248026037623082,0.6535839831877608,0.4920299173784556,1.141292902851107,0.5903100792806496,-0.8085219862510981
0.4210777262745461,-0.16988837225830958,-0.4640291883353377,0.018791264651596317,0.5863641561691995,0.2945243112739994,0.8851069146098838,0.2698931047331189,0.1225540105458497,0.654245587196129,0.4922257727544713,1.1430351832388208,0.5867615425006022,-0.8086708092517011
0.4210777262745461,-0.16988837225830958,-0.4640291883353377,0.018791264651596317,0.5863641561691995,0.2945243112739994,0.8851069146098838,0.271828399341301,0.1203054173293912,0.6549071912044971,0.492421628130487,1.1447774636265349,0.5832130057205549,-0.8088196322523042
0.4210777262745461,-0.16988837225830958,-0.4640291883353377,0.018791264651596317,0.5863641561691995,0.2945243112739994,0.8851069146098838,0.273763693949483,0.1180568241129328,0.6555687952128653,0.4926174835065027,1.1465197440142485,0.5796644689405075,-0.8089684552529073
0.4210777262745461,-0.16988837225830958,-0.4640291883353377,0.018791264651596317,0.5863641561691995,0.2945243112739994,0.8851069146098838,0.275698988557665,0.1158082308964743,0.6562303992212335,0.4928133388825184,1.148262024401962,0.5761159321604601,-0.8091172782535103
0.4210777262745461,-0.16988837225830958,-0.4640291883353377,0.018791264651596317,0.5863641561691995,0.2945243112739994,0.8851069146098838,0.277634283165847,0.1135596376800159,0.6568920032296015,0.493009194258534,1.1500043047896755,0.5725673953804128,-0.8092661012541135
0.4210777262745461,-0.16988837225830958,-0.4640291883353377,0.018791264651596317,0.5863641561691995,0.2945243112739994,0.8851069146098838,0.2795695777740291,0.1113110444635575,0.6575536072379697,0.4932050496345498,1.1517465851773896,0.5690188586003654,-0.8094149242547166
0.4210777262745461,-0.16988837225830958,-0.4640291883353377,0.018791264651596317,0.5863641561691995,0.2945243112739994,0.8851069146098838,0.2815048723822111,0.109062451247099,0.658215211246338,0.4934009050105655,1.1534888655651032,0.565470321820318,-0.8095637472553197
0.4210777262745461,-0.16988837225830958,-0.4640291883353377,0.018791264651596317,0.5863641561691995,0.2945243112739994,0.8851069146098838,0.2834401669903931,0.1068138580306405,0.6588768152547061,0.4935967603865812,1.155231145952817,0.5619217850402707,-0.8097125702559227
0.4210777262745461,-0.16988837225830958,-0.4640291883353377,0.018791264651596317,0.5863641561691995,0.2945243112739994,0.8851069146098838,0.2853754615985752,0.1045652648141821,0.6595384192630742,0.4937926157625969,1.156973426340531,0.5583732482602233,-0.8098613932565257
0.4210777262745461,-0.16988837225830958,-0.4640291883353377,0.018791264651596317,0.5863641561691995,0.2945243112739994,0.8851069146098838,0.2873107562067572,0.1023166715977236,0.6602000232714424,0.4939884711386125,1.1587157067282448,0.5548247114801759,-0.8100102162571289
0.4210777262745461,-0.16988837225830958,-0.4640291883353377,0.018791264651596317,0.5863641561691995,0.2945243112739994,0.8851069146098838,0.2892460508149392,0.1000680783812652,0.6608616272798106,0.4941843265146283,1.1604579871159584,0.5512761747001285,-0.810159039257732
0.4210777262745461,-0.16988837225830958,-0.4640291883353377,0.018791264651596317,0.5863641561691995,0.2945243112739994,0.8851069146098838,0.2911813454231213,0.0978194851648067,0.6615232312881787,0.494380181890644,1.1622002675036722,0.5477276379200812,-0.8103078622583351
0.4210777262745461,-0.16988837225830958,-0.4640291883353377,0.018791264651596317,0.5863641561691995,0.2945243112739994,0.8851069146098838,0.2931166400313033,0.0955708919483483,0.6621848352965469,0.4945760372666597,1.1639425478913858,0.5441791011400338,-0.8104566852589381
0.4210777262745461,-0.16988837225830958,-0.4640291883353377,0.018791264651596317,0.5863641561691995,0.2945243112739994,0.8851069146098838,0.2950519346394853,0.0933222987318898,0.662846439304915,0.4947718926426754,1.1656848282790997,0.5406305643599865,-0.8106055082595413
0.4210777262745461,-0.16988837225830958,-0.4640291883353377,0.018791264651596317,0.5863641561691995,0.2945243112739994,0.8851069146098838,0.2969872292476674,0.0910737055154313,0.6635080433132832,0.4949677480186911,1.1674271086668135,0.5370820275799391,-0.8107543312601443
0.4210777262745461,-0.16988837225830958,-0.4640291883353377,0.018791264651596317,0.5863641561691995,0.2945243112739994,0.8851069146098838,0.2989225238558494,0.0888251122989729,0.6641696473216513,0.4951636033947068,1.1691693890545274,0.5335334907998917,-0.8109031542607473
0.4210777262745461,-0.16988837225830958,-0.4640291883353377,0.018791264651596317,0.5863641561691995,0.2945243112739994,0.8851069146098838,0.3008578184640315,0.0865765190825144,0.6648312513300195,0.4953594587707225,1.170911669442241,0.5299849540198442,-0.8110519772613505
0.4210777262745461,-0.16988837225830958,-0.4640291883353377,0.018791264651596317,0.5863641561691995,0.2945243112739994,0.8851069146098838,0.3027931130722135,0.084327925866056,0.6654928553383876,0.4955553141467382,1.1726539498299546,0.5264364172397968,-0.8112008002619535
0.4210777262745461,-0.16988837225830958,-0.4640291883353377,0.018791264651596317,0.5863641561691995,0.2945243112739994,0.8851069146098838,0.3047284076803955,0.0820793326495975,0.6661544593467559,0.4957511695227539,1.1743962302176685,0.5228878804597494,-0.8113496232625567
0.4210777262745461,-0.16988837225830958,-0.4640291883353377,0.018791264651596317,0.5863641561691995,0.2945243112739994,0.8851069146098838,0.3066637022885776,0.079830739433139,0.666816063355124,0.4959470248987696,1.1761385106053823,0.519339343679702,-0.8114984462631597
0.4210777262745461,-0.16988837225830958,-0.4640291883353377,0.018791264651596317,0.5863641561691995,0.2945243112739994,0.8851069146098838,0.3085989968967596,0.0775821462166806,0.6674776673634921,0.4961428802747853,1.1778807909930962,0.5157908068996547,-0.8116472692637628
0.4210777262745461,-0.16988837225830958,-0.4640291883353377,0.018791264651596317,0.5863641561691995,0.2945243112739994,0.8851069146098838,0.3105342915049416,0.0753335530002221,0.6681392713718604,0.496338735650801,1.1796230713808098,0.5122422701196073,-0.8117960922643659
0.4210777262745461,-0.16988837225830958,-0.4640291883353377,0.018791264651596317,0.5863641561691995,0.2945243112739994,0.8851069146098838,0.3124695861131237,0.0730849597837637,0.6688008753802285,0.4965345910268167,1.1813653517685236,0.50869373333956,-0.8119449152649689
0.4210777262745461,-0.16988837225830958,-0.4640291883353377,0.018791264651596317,0.5863641561691995,0.2945243112739994,0.8851069146098838,0.3144048807213057,0.0708363665673052,0.6694624793885966,0.4967304464028325,1.1831076321562373,0.5051451965595126,-0.8120937382655721
0.4210777262745461,-0.16988837225830958,-0.4640291883353377,0.018791264651596317,0.5863641561691995,0.2945243112739994,0.8851069146098838,0.3163401753294877,0.0685877733508468,0.6701240833969648,0.4969263017788481,1.1848499125439511,0.5015966597794652,-0.8122425612661751
0.4210777262745461,-0.16988837225830958,-0.4640291883353377,0.018791264651596317,0.5863641561691995,0.2945243112739994,0.8851069146098838,0.3182754699376698,0.0663391801343883,0.670785687405333,0.4971221571548638,1.186592192931665,0.4980481229994178,-0.8123913842667783
0.4210777262745461,-0.16988837225830958,-0.4640291883353377,0.018791264651596317,0.5863641561691995,0.2945243112739994,0.8851069146098838,0.3202107645458518,0.0640905869179299,0.6714472914137011,0.4973180125308795,1.1883344733193788,0.4944995862193704,-0.8125402072673813
0.4210777262745461,-0.16988837225830958,-0.4640291883353377,0.018791264651596317,0.5863641561691995,0.2945243112739994,0.8851069146098838,0.3221460591540339,0.0618419937014714,0.6721088954220693,0.4975138679068952,1.1900767537070924,0.4909510494393231,-0.8126890302679843
0.4210777262745461,-0.16988837225830958,-0.4640291883353377,0.018791264651596317,0.5863641561691995,0.2945243112739994,0.8851069146098838,0.3240813537622159,0.0595934004850129,0.6727704994304374,0.4977097232829109,1.1918190340948065,0.4874025126592757,-0.8128378532685875
0.4210777262745461,-0.16988837225830958,-0.4640291883353377,0.018791264651596317,0.5863641561691995,0.2945243112739994,0.8851069146098838,0.3260166483703979,0.0573448072685545,0.6734321034388056,0.4979055786589266,1.19356131448252,0.4838539758792284,-0.8129866762691905
0.4210777262745461,-0.16988837225830958,-0.4640291883353377,0.018791264651596317,0.5863641561691995,0.2945243112739994,0.8851069146098838,0.3279519429785799,0.0550962140520961,0.6740937074471737,0.4981014340349423,1.1953035948702335,0.480305439099181,-0.8131354992697937
0.4210777262745461,-0.16988837225830958,-0.4640291883353377,0.018791264651596317,0.5863641561691995,0.2945243112739994,0.8851069146098838,0.3298872375867619,0.0528476208356376,0.6747553114555419,0.498297289410958,1.1970458752579474,0.4767569023191336,-0.8132843222703967
0.4210777262745461,-0.16988837225830958,-0.4640291883353377,0.018791264651596317,0.5863641561691995,0.2945243112739994,0.8851069146098838,0.331822532194944,0.0505990276191792,0.67541691546391,0.4984931447869737,1.1987881556456612,0.4732083655390863,-0.8134331452709999
0.4210777262745461,-0.16988837225830958,-0.4640291883353377,0.018791264651596317,0.5863641561691995,0.2945243112739994,0.8851069146098838,0.333757826803126,0.0483504344027207,0.6760785194722783,0.4986890001629894,1.200530436033375,0.4696598287590389,-0.8135819682716029
0.4210777262745461,-0.16988837225830958,-0.4640291883353377,0.018791264651596317,0.5863641561691995,0.2945243112739994,0.8851069146098838,0.3356931214113081,0.0461018411862623,0.6767401234806464,0.4988848555390051,1.202272716421089,0.4661112919789915,-0.8137307912722059
0.4210777262745461,-0.16988837225830958,-0.4640291883353377,0.018791264651596317,0.5863641561691995,0.2945243112739994,0.8851069146098838,0.3376284160194901,0.0438532479698038,0.6774017274890145,0.4990807109150208,1.2040149968088023,0.4625627551989441,-0.8138796142728091
0.4210777262745461,-0.16988837225830958,-0.4640291883353377,0.018791264651596317,0.5863641561691995,0.2945243112739994,0.8851069146098838,0.3395637106276721,0.0416046547533453,0.6780633314973827,0.4992765662910365,1.2057572771965164,0.4590142184188968,-0.8140284372734121
0.4210777262745461,-0.16988837225830958,-0.4640291883353377,0.018791264651596317,0.5863641561691995,0.2945243112739994,0.8851069146098838,0.3414990052358542,0.0393560615368869,0.6787249355057509,0.4994724216670522,1.20749955758423,0.4554656816388494,-0.8141772602740153
0.4210777262745461,-0.16988837225830958,-0.4640291883353377,0.018791264651596317,0.5863641561691995,0.2945243112739994,0.8851069146098838,0.3434342998440362,0.0371074683204284,0.679386539514119,0.4996682770430679,1.2092418379719438,0.451917144858802,-0.8143260832746183
0.4210777262745461,-0.16988837225830958,-0.4640291883353377,0.018791264651596317,0.5863641561691995,0.2945243112739994,0.8851069146098838,0.3453695944522182,0.03485887510397,0.6800481435224872,0.4998641324190836,1.2109841183596577,0.4483686080787546,-0.8144749062752213
0.4210777262745461,-0.16988837225830958,-0.4640291883353377,0.018791264651596317,0.5863641561691995,0.2945243112739994,0.8851069146098838,0.3473048890604003,0.0326102818875115,0.6807097475308553,0.5000599877950993,1.2127263987473715,0.4448200712987072,-0.8146237292758245
0.4210777262745461,-0.16988837225830958,-0.4640291883353377,0.018791264651596317,0.5863641561691995,0.2945243112739994,0.8851069146098838,0.3492401836685823,0.0303616886710531,0.6813713515392235,0.500255843171115,1.2144686791350852,0.4412715345186598,-0.8147725522764275
0.4210777262745461,-0.16988837225830958,-0.4640291883353377,0.018791264651596317,0.5863641561691995,0.2945243112739994,0.8851069146098838,0.3511754782767644,0.0281130954545946,0.6820329555475917,0.5004516985471308,1.2162109595227988,0.4377229977386125,-0.8149213752770307
0.4210777262745461,-0.16988837225830958,-0.4640291883353377,0.018791264651596317,0.5863641561691995,0.2945243112739994,0.8851069146098838,0.3531107728849464,0.0258645022381361,0.6826945595559599,0.5006475539231465,1.2179532399105126,0.4341744609585651,-0.8150701982776337
0.4210777262745461,-0.16988837225830958,-0.4640291883353377,0.018791264651596317,0.5863641561691995,0.2945243112739994,0.8851069146098838,0.3550460674931284,0.0236159090216777,0.6833561635643279,0.5008434092991622,1.2196955202982265,0.4306259241785177,-0.8152190212782368
0.4210777262745461,-0.16988837225830958,-0.4640291883353377,0.018791264651596317,0.5863641561691995,0.2945243112739994,0.8851069146098838,0.3569813621013105,0.0213673158052192,0.6840177675726962,0.5010392646751778,1.2214378006859403,0.4270773873984703,-0.8153678442788399
0.4210777262745461,-0.16988837225830958,-0.4640291883353377,0.018791264651596317,0.5863641561691995,0.2945243112739994,0.8851069146098838,0.3589166567094925,0.0191187225887608,0.6846793715810642,0.5012351200511935,1.223180081073654,0.423528850618423,-0.8155166672794429
0.4210777262745461,-0.16988837225830958,-0.4640291883353377,0.018791264651596317,0.5863641561691995,0.2945243112739994,0.8851069146098838,0.3608519513176745,0.0168701293723023,0.6853409755894324,0.5014309754272093,1.2249223614613678,0.4199803138383756,-0.8156654902800461
0.4210777262745461,-0.16988837225830958,-0.4640291883353377,0.018791264651596317,0.5863641561691995,0.2945243112739994,0.8851069146098838,0.3627872459258566,0.0146215361558438,0.6860025795978006,0.501626830803225,1.2266646418490816,0.4164317770583282,-0.8158143132806491
0.4210777262745461,-0.16988837225830958,-0.4640291883353377,0.018791264651596317,0.5863641561691995,0.2945243112739994,0.8851069146098838,0.3647225405340386,0.0123729429393854,0.6866641836061688,0.5018226861792406,1.2284069222367953,0.4128832402782808,-0.8159631362812523
0.4210777262745461,-0.16988837225830958,-0.4640291883353377,0.018791264651596317,0.5863641561691995,0.2945243112739994,0.8851069146098838,0.3666578351422206,0.0101243497229269,0.6873257876145369,0.5020185415552564,1.230149202624509,0.4093347034982335,-0.8161119592818553
0.4210777262745461,-0.16988837225830958,-0.4640291883353377,0.018791264651596317,0.5863641561691995,0.2945243112739994,0.8851069146098838,0.3685931297504027,0.0078757565064685,0.6879873916229051,0.502214396931272,1.2318914830122227,0.4057861667181861,-0.8162607822824584
0.4210777262745461,-0.16988837225830958,-0.4640291883353377,0.018791264651596317,0.5863641561691995,0.2945243112739994,0.8851069146098838,0.3705284243585847,0.00562716329001,0.6886489956312732,0.5024102523072878,1.2336337633999366,0.4022376299381387,-0.8164096052830615
0.4210777262745461,-0.16988837225830958,-0.4640291883353377,0.018791264651596317,0.5863641561691995,0.2945243112739994,0.8851069146098838,0.3724637189667668,0.0033785700735516,0.6893105996396414,0.5026061076833035,1.2353760437876504,0.3986890931580913,-0.8165584282836645
0.4210777262745461,-0.16988837225830958,-0.4640291883353377,0.018791264651596317,0.5863641561691995,0.2945243112739994,0.8851069146098838,0.3743990135749487,0.0011299768570932,0.6899722036480096,0.5028019630593191,1.237118324175364,0.395140556378044,-0.8167072512842677
0.4210777262745461,-0.16988837225830958,-0.4640291883353377,0.018791264651596317,0.5863641561691995,0.2945243112739994,0.8851069146098838,0.3763343081831308,-0.0011186163593652,0.6906338076563777,0.5029978184353349,1.238860604563078,0.3915920195979966,-0.8168560742848707
0.4210777262745461,-0.16988837225830958,-0.4640291883353377,0.018791264651596317,0.5863641561691995,0.2945243112739994,0.8851069146098838,0.3782696027913128,-0.0033672095758236,0.6912954116647458,0.5031936738113506,1.2406028849507915,0.3880434828179493,-0.8170048972854739
0.4210777262745461,-0.16988837225830958,-0.4640291883353377,0.018791264651596317,0.5863641561691995,0.2945243112739994,0.8851069146098838,0.3802048973994948,-0.0056158027922821,0.6919570156731141,0.5033895291873662,1.2423451653385054,0.3844949460379019,-0.8171537202860769
0.4210777262745461,-0.16988837225830958,-0.4640291883353377,0.018791264651596317,0.5863641561691995,0.2945243112739994,0.8851069146098838,0.3821401920076769,-0.0078643960087406,0.6926186196814821,0.503585384563382,1.2440874457262192,0.3809464092578545,-0.81730254328668
0.4210777262745461,-0.16988837225830958,-0.4640291883353377,0.018791264651596317,0.5863641561691995,0.2945243112739994,0.8851069146098838,0.3840754866158589,-0.010112989225199,0.6932802236898503,0.5037812399393976,1.2458297261139328,0.3773978724778071,-0.8174513662872831
0.4210777262745461,-0.16988837225830958,-0.4640291883353377,0.018791264651596317,0.5863641561691995,0.2945243112739994,0.8851069146098838,0.386010781224041,-0.0123615824416575,0.6939418276982185,0.5039770953154133,1.247572006501647,0.3738493356977598,-0.8176001892878861
0.4210777262745461,-0.16988837225830958,-0.4640291883353377,0.018791264651596317,0.5863641561691995,0.2945243112739994,0.8851069146098838,0.387946075832223,-0.0146101756581159,0.6946034317065866,0.5041729506914291,1.2493142868893603,0.3703007989177124,-0.8177490122884893
0.4210777262745461,-0.16988837225830958,-0.4640291883353377,0.018791264651596317,0.5863641561691995,0.2945243112739994,0.8851069146098838,0.389881370440405,-0.0168587688745744,0.6952650357149548,0.5043688060674447,1.251056567277074,0.366752262137665,-0.8178978352890923
0.4210777262745461,-0.16988837225830958,-0.4640291883353377,0.018791264651596317,0.5863641561691995,0.2945243112739994,0.8851069146098838,0.3918166650485871,-0.0191073620910328,0.695926639723323,0.5045646614434605,1.252798847664788,0.3632037253576176,-0.8180466582896954
0.4210777262745461,-0.16988837225830958,-0.4640291883353377,0.018791264651596317,0.5863641561691995,0.2945243112739994,0.8851069146098838,0.3937519596567691,-0.0213559553074913,0.6965882437316911,0.5047605168194762,1.2545411280525018,0.3596551885775703,-0.8181954812902985
0.4210777262745461,-0.16988837225830958,-0.4640291883353377,0.018791264651596317,0.5863641561691995,0.2945243112739994,0.8851069146098838,0.3956872542649511,-0.0236045485239498,0.6972498477400593,0.5049563721954918,1.2562834084402157,0.3561066517975229,-0.8183443042909015
0.4210777262745461,-0.16988837225830958,-0.4640291883353377,0.018791264651596317,0.5863641561691995,0.2945243112739994,0.8851069146098838,0.3976225488731332,-0.0258531417404082,0.6979114517484275,0.5051522275715076,1.258025688827929,0.3525581150174754,-0.8184931272915047
0.4210777262745461,-0.16988837225830958,-0.4640291883353377,0.018791264651596317,0.5863641561691995,0.2945243112739994,0.8851069146098838,0.3995578434813152,-0.0281017349568667,0.6985730557567956,0.5053480829475233,1.259767969215643,0.3490095782374281,-0.8186419502921077
0.4210777262745461,-0.16988837225830958,-0.4640291883353377,0.018791264651596317,0.5863641561691995,0.2945243112739994,0.8851069146098838,0.4014931380894972,-0.0303503281733251,0.6992346597651637,0.5055439383235389,1.2615102496033568,0.3454610414573807,-0.8187907732927108
0.4210777262745461,-0.16988837225830958,-0.4640291883353377,0.018791264651596317,0.5863641561691995,0.2945243112739994,0.8851069146098838,0.4034284326976793,-0.0325989213897836,0.699896263773532,0.5057397936995547,1.2632525299910706,0.3419125046773333,-0.8189395962933139
0.4210777262745461,-0.16988837225830958,-0.4640291883353377,0.018791264651596317,0.5863641561691995,0.2945243112739994,0.8851069146098838,0.4053637273058613,-0.034847514606242,0.7005578677819001,0.5059356490755703,1.2649948103787845,0.338363967897286,-0.819088419293917
0.4210777262745461,-0.16988837225830958,-0.4640291883353377,0.018791264651596317,0.5863641561691995,0.2945243112739994,0.8851069146098838,0.4072990219140434,-0.0370961078227005,0.7012194717902682,0.5061315044515861,1.266737090766498,0.3348154311172386,-0.8192372422945201
0.4210777262745461,-0.16988837225830958,-0.4640291883353377,0.018791264651596317,0.5863641561691995,0.2945243112739994,0.8851069146098838,0.4092343165222254,-0.039344701039159,0.7018810757986363,0.5063273598276018,1.268479371154212,0.3312668943371912,-0.8193860652951231
0.4210777262745461,-0.16988837225830958,-0.4640291883353377,0.018791264651596317,0.5863641561691995,0.2945243112739994,0.8851069146098838,0.4111696111304074,-0.0415932942556174,0.7025426798070046,0.5065232152036175,1.2702216515419258,0.3277183575571438,-0.8195348882957262
0.4210777262745461,-0.16988837225830958,-0.4640291883353377,0.018791264651596317,0.5863641561691995,0.2945243112739994,0.8851069146098838,0.4131049057385895,-0.0438418874720759,0.7032042838153728,0.5067190705796332,1.2719639319296394,0.3241698207770965,-0.8196837112963293
0.4210777262745461,-0.16988837225830958,-0.4640291883353377,0.018791264651596317,0.5863641561691995,0.2945243112739994,0.8851069146098838,0.4150402003467715,-0.0460904806885343,0.7038658878237408,0.5069149259556489,1.2737062123173533,0.3206212839970491,-0.8198325342969324
0.4210777262745461,-0.16988837225830958,-0.4640291883353377,0.018791264651596317,0.5863641561691995,0.2945243112739994,0.8851069146098838,0.4169754949549535,-0.0483390739049928,0.704527491832109,0.5071107813316645,1.2754484927050669,0.3170727472170017,-0.8199813572975355
0.4210777262745461,-0.16988837225830958,-0.4640291883353377,0.018791264651596317,0.5863641561691995,0.2945243112739994,0.8851069146098838,0.4189107895631356,-0.0505876671214512,0.7051890958404773,0.5073066367076803,1.2771907730927807,0.3135242104369543,-0.8201301802981386
0.4210777262745461,-0.16988837225830958,-0.4640291883353377,0.018791264651596317,0.5863641561691995,0.2945243112739994,0.8851069146098838,0.4208460841713176,-0.0528362603379097,0.7058506998488453,0.507502492083696,1.2789330534804946,0.309975673656907,-0.8202790032987417
0.4210777262745461,-0.16988837225830958,-0.4640291883353377,0.018791264651596317,0.5863641561691995,0.2945243112739994,0.8851069146098838,0.4227813787794996,-0.0550848535543681,0.7065123038572135,0.5076983474597117,1.2806753338682082,0.3064271368768597,-0.8204278262993447
0.4210777262745461,-0.16988837225830958,-0.4640291883353377,0.018791264651596317,0.5863641561691995,0.2945243112739994,0.8851069146098838,0.4247166733876816,-0.0573334467708266,0.7071739078655817,0.5078942028357274,1.282417614255922,0.3028786000968123,-0.8205766492999479
0.4210777262745461,-0.16988837225830958,-0.4640291883353377,0.018791264651596317,0.5863641561691995,0.2945243112739994,0.8851069146098838,0.4266519679958637,-0.059582039987285,0.7078355118739499,0.5080900582117431,1.284159894643636,0.2993300633167649,-0.8207254723005509
0.4210777262745461,-0.16988837225830958,-0.4640291883353377,0.018791264651596317,0.5863641561691995,0.2945243112739994,0.8851069146098838,0.4285872626040457,-0.0618306332037435,0.708497115882318,0.5082859135877588,1.2859021750313495,0.2957815265367176,-0.820874295301154
0.4210777262745461,-0.16988837225830958,-0.4640291883353377,0.018791264651596317,0.5863641561691995,0.2945243112739994,0.8851069146098838,0.4305225572122277,-0.0640792264202019,0.7091587198906861,0.5084817689637745,1.2876444554190634,0.2922329897566701,-0.8210231183017571
0.4210777262745461,-0.16988837225830958,-0.4640291883353377,0.018791264651596317,0.5863641561691995,0.2945243112739994,0.8851069146098838,0.4324578518204098,-0.0663278196366604,0.7098203238990543,0.5086776243397901,1.289386735806777,0.2886844529766228,-0.8211719413023602
0.4210777262745461,-0.16988837225830958,-0.4640291883353377,0.018791264651596317,0.5863641561691995,0.2945243112739994,0.8851069146098838,0.4343931464285918,-0.0685764128531188,0.7104819279074225,0.5088734797158059,1.2911290161944908,0.2851359161965754,-0.8213207643029633
0.4210777262745461,-0.16988837225830958,-0.4640291883353377,0.018791264651596317,0.5863641561691995,0.2945243112739994,0.8851069146098838,0.4363284410367739,-0.0708250060695773,0.7111435319157907,0.5090693350918216,1.292871296582205,0.281587379416528,-0.8214695873035663
0.4210777262745461,-0.16988837225830958,-0.4640291883353377,0.018791264651596317,0.5863641561691995,0.2945243112739994,0.8851069146098838,0.4382637356449559,-0.0730735992860358,0.7118051359241587,0.5092651904678374,1.2946135769699183,0.2780388426364806,-0.8216184103041694
0.4210777262745461,-0.16988837225830958,-0.4640291883353377,0.018791264651596317,0.5863641561691995,0.2945243112739994,0.8851069146098838,0.4401990302531379,-0.0753221925024942,0.712466739932527,0.509461045843853,1.296355857357632,0.2744903058564333,-0.8217672333047725
0.4210777262745461,-0.16988837225830958,-0.4640291883353377,0.018791264651596317,0.5863641561691995,0.2945243112739994,0.8851069146098838,0.44213432486132,-0.0775707857189527,0.7131283439408952,0.5096569012198687,1.298098137745346,0.2709417690763859,-0.8219160563053756
0.4210777262745461,-0.16988837225830958,-0.4640291883353377,0.018791264651596317,0.5863641561691995,0.2945243112739994,0.8851069146098838,0.444069619469502,-0.0798193789354111,0.7137899479492632,0.5098527565958844,1.2998404181330598,0.2673932322963385,-0.8220648793059787
0.4210777262745461,-0.16988837225830958,-0.4640291883353377,0.018791264651596317,0.5863641561691995,0.2945243112739994,0.8851069146098838,0.446004914077684,-0.0820679721518696,0.7144515519576314,0.5100486119719001,1.3015826985207737,0.2638446955162911,-0.8222137023065818
0.4210777262745461,-0.16988837225830958,-0.4640291883353377,0.018791264651596317,0.5863641561691995,0.2945243112739994,0.8851069146098838,0.3876040599773631,0.3464419324536338,0.7108806711734692,0.5112266314892322,1.2969677614220947,0.2689403104545822,-0.8224659129496059
0.4210777262745461,-0.16988837225830958,-0.4640291883353377,0.018791264651596317,0.5863641561691995,0.2945243112739994,0.8851069146098838,0.3881127390341535,0.3443511547821974,0.7094009768332169,0.5121948191919528,1.2992592101976737,0.2722627454494506,-0.8228443121413924
0.4210777262745461,-0.16988837225830958,-0.4640291883353377,0.018791264651596317,0.5863641561691995,0.2945243112739994,0.8851069146098838,0.3886214180909439,0.342260377110761,0.7079212824929645,0.5131630068946733,1.3015506589732526,0.2755851804443191,-0.8232227113331789
0.4210777262745461,-0.16988837225830958,-0.4640291883353377,0.018791264651596317,0.5863641561691995,0.2945243112739994,0.8851069146098838,0.3891300971477344,0.3401695994393247,0.7064415881527122,0.514131194597394,1.3038421077488316,0.2789076154391876,-0.8236011105249655
0.4210777262745461,-0.16988837225830958,-0.4640291883353377,0.018791264651596317,0.5863641561691995,0.2945243112739994,0.8851069146098838,0.3896387762045248,0.3380788217678883,0.7049618938124599,0.5150993823001145,1.3061335565244103,0.2822300504340561,-0.823979509716752
0.4210777262745461,-0.16988837225830958,-0.4640291883353377,0.018791264651596317,0.5863641561691995,0.2945243112739994,0.8851069146098838,0.3901474552613152,0.3359880440964519,0.7034821994722076,0.5160675700028351,1.3084250052999895,0.2855524854289245,-0.8243579089085386
0.4210777262745461,-0.16988837225830958,-0.4640291883353377,0.018791264651596317,0.5863641561691995,0.2945243112739994,0.8851069146098838,0.3906561343181056,0.3338972664250155,0.7020025051319552,0.5170357577055557,1.3107164540755682,0.2888749204237929,-0.824736308100325
0.4210777262745461,-0.16988837225830958,-0.4640291883353377,0.018791264651596317,0.5863641561691995,0.2945243112739994,0.8851069146098838,0.391164813374896,0.3318064887535791,0.7005228107917029,0.5180039454082762,1.3130079028511474,0.2921973554186614,-0.8251147072921116
0.4210777262745461,-0.16988837225830958,-0.4640291883353377,0.018791264651596317,0.5863641561691995,0.2945243112739994,0.8851069146098838,0.3916734924316865,0.3297157110821427,0.6990431164514506,0.5189721331109968,1.3152993516267262,0.2955197904135299,-0.825493106483898
0.4210777262745461,-0.16988837225830958,-0.4640291883353377,0.018791264651596317,0.5863641561691995,0.2945243112739994,0.8851069146098838,0.3921821714884769,0.3276249334107064,0.6975634221111983,0.5199403208137173,1.3175908004023054,0.2988422254083984,-0.8258715056756846
0.4210777262745461,-0.16988837225830958,-0.4640291883353377,0.018791264651596317,0.5863641561691995,0.2945243112739994,0.8851069146098838,0.3926908505452673,0.32553415573927,0.6960837277709458,0.520908508516438,1.319882249177884,0.3021646604032668,-0.8262499048674711
0.4210777262745461,-0.16988837225830958,-0.4640291883353377,0.018791264651596317,0.5863641561691995,0.2945243112739994,0.8851069146098838,0.3931995296020577,0.3234433780678336,0.6946040334306935,0.5218766962191586,1.322173697953463,0.3054870953981352,-0.8266283040592576
0.4210777262745461,-0.16988837225830958,-0.4640291883353377,0.018791264651596317,0.5863641561691995,0.2945243112739994,0.8851069146098838,0.3937082086588481,0.3213526003963972,0.6931243390904414,0.5228448839218791,1.324465146729042,0.3088095303930037,-0.8270067032510441
0.4210777262745461,-0.16988837225830958,-0.4640291883353377,0.018791264651596317,0.5863641561691995,0.2945243112739994,0.8851069146098838,0.3942168877156386,0.3192618227249608,0.691644644750189,0.5238130716245998,1.326756595504621,0.3121319653878722,-0.8273851024428307
0.4210777262745461,-0.16988837225830958,-0.4640291883353377,0.018791264651596317,0.5863641561691995,0.2945243112739994,0.8851069146098838,0.394725566772429,0.3171710450535244,0.6901649504099366,0.5247812593273202,1.3290480442802,0.3154544003827406,-0.8277635016346171
0.4210777262745461,-0.16988837225830958,-0.4640291883353377,0.018791264651596317,0.5863641561691995,0.2945243112739994,0.8851069146098838,0.3952342458292194,0.3150802673820881,0.6886852560696844,0.5257494470300409,1.331339493055779,0.3187768353776091,-0.8281419008264037
0.4210777262745461,-0.16988837225830958,-0.4640291883353377,0.018791264651596317,0.5863641561691995,0.2945243112739994,0.8851069146098838,0.3957429248860099,0.3129894897106517,0.687205561729432,0.5267176347327615,1.333630941831358,0.3220992703724776,-0.8285203000181902
0.4210777262745461,-0.16988837225830958,-0.4640291883353377,0.018791264651596317,0.5863641561691995,0.2945243112739994,0.8851069146098838,0.3962516039428002,0.3108987120392153,0.6857258673891797,0.527685822435482,1.3359223906069368,0.325421705367346,-0.8288986992099768
0.4210777262745461,-0.16988837225830958,-0.4640291883353377,0.018791264651596317,0.5863641561691995,0.2945243112739994,0.8851069146098838,0.3967602829995906,0.3088079343677789,0.6842461730489274,0.5286540101382026,1.3382138393825158,0.3287441403622145,-0.8292770984017633
0.4210777262745461,-0.16988837225830958,-0.4640291883353377,0.018791264651596317,0.5863641561691995,0.2945243112739994,0.8851069146098838,0.397268962056381,0.3067171566963425,0.6827664787086751,0.5296221978409232,1.3405052881580948,0.3320665753570829,-0.8296554975935498
0.4210777262745461,-0.16988837225830958,-0.4640291883353377,0.018791264651596317,0.5863641561691995,0.2945243112739994,0.8851069146098838,0.3977776411131715,0.3046263790249062,0.6812867843684227,0.5305903855436438,1.3427967369336735,0.3353890103519514,-0.8300338967853363
0.4210777262745461,-0.16988837225830958,-0.4640291883353377,0.018791264651596317,0.5863641561691995,0.2945243112739994,0.8851069146098838,0.3982863201699619,0.3025356013534698,0.6798070900281704,0.5315585732463644,1.3450881857092525,0.3387114453468198,-0.8304122959771227
0.4210777262745461,-0.16988837225830958,-0.4640291883353377,0.018791264651596317,0.5863641561691995,0.2945243112739994,0.8851069146098838,0.3987949992267524,0.3004448236820334,0.6783273956879181,0.5325267609490849,1.3473796344848317,0.3420338803416883,-0.8307906951689092
0.4210777262745461,-0.16988837225830958,-0.4640291883353377,0.018791264651596317,0.5863641561691995,0.2945243112739994,0.8851069146098838,0.3993036782835428,0.298354046010597,0.6768477013476658,0.5334949486518055,1.3496710832604104,0.3453563153365568,-0.8311690943606959
0.4210777262745461,-0.16988837225830958,-0.4640291883353377,0.018791264651596317,0.5863641561691995,0.2945243112739994,0.8851069146098838,0.3998123573403332,0.2962632683391606,0.6753680070074134,0.534463136354526,1.3519625320359896,0.3486787503314252,-0.8315474935524824
0.4210777262745461,-0.16988837225830958,-0.4640291883353377,0.018791264651596317,0.5863641561691995,0.2945243112739994,0.8851069146098838,0.4003210363971236,0.2941724906677242,0.6738883126671611,0.5354313240572466,1.3542539808115683,0.3520011853262937,-0.8319258927442689
0.4210777262745461,-0.16988837225830958,-0.4640291883353377,0.018791264651596317,0.5863641561691995,0.2945243112739994,0.8851069146098838,0.400829715453914,0.2920817129962879,0.6724086183269088,0.5363995117599671,1.3565454295871473,0.3553236203211621,-0.8323042919360554
0.4210777262745461,-0.16988837225830958,-0.4640291883353377,0.018791264651596317,0.5863641561691995,0.2945243112739994,0.8851069146098838,0.4013383945107044,0.2899909353248515,0.6709289239866564,0.5373676994626878,1.3588368783627265,0.3586460553160306,-0.8326826911278419
0.4210777262745461,-0.16988837225830958,-0.4640291883353377,0.018791264651596317,0.5863641561691995,0.2945243112739994,0.8851069146098838,0.4018470735674948,0.2879001576534151,0.6694492296464041,0.5383358871654084,1.3611283271383052,0.361968490310899,-0.8330610903196285
0.4210777262745461,-0.16988837225830958,-0.4640291883353377,0.018791264651596317,0.5863641561691995,0.2945243112739994,0.8851069146098838,0.4023557526242852,0.2858093799819787,0.6679695353061518,0.5393040748681289,1.3634197759138842,0.3652909253057675,-0.833439489511415
0.4210777262745461,-0.16988837225830958,-0.4640291883353377,0.018791264651596317,0.5863641561691995,0.2945243112739994,0.8851069146098838,0.4028644316810756,0.2837186023105423,0.6664898409658995,0.5402722625708495,1.3657112246894632,0.3686133603006359,-0.8338178887032015
0.4210777262745461,-0.16988837225830958,-0.4640291883353377,0.018791264651596317,0.5863641561691995,0.2945243112739994,0.8851069146098838,0.4033731107378661,0.2816278246391059,0.6650101466256471,0.54124045027357,1.368002673465042,0.3719357952955044,-0.834196287894988
0.4210777262745461,-0.16988837225830958,-0.4640291883353377,0.018791264651596317,0.5863641561691995,0.2945243112739994,0.8851069146098838,0.4038817897946565,0.2795370469676695,0.6635304522853949,0.5422086379762907,1.370294122240621,0.3752582302903729,-0.8345746870867745
0.4210777262745461,-0.16988837225830958,-0.4640291883353377,0.018791264651596317,0.5863641561691995,0.2945243112739994,0.8851069146098838,0.4043904688514469,0.2774462692962331,0.6620507579451425,0.5431768256790113,1.3725855710162,0.3785806652852413,-0.834953086278561
0.4210777262745461,-0.16988837225830958,-0.4640291883353377,0.018791264651596317,0.5863641561691995,0.2945243112739994,0.8851069146098838,0.4048991479082374,0.2753554916247968,0.6605710636048903,0.5441450133817318,1.374877019791779,0.3819031002801099,-0.8353314854703476
0.4210777262745461,-0.16988837225830958,-0.4640291883353377,0.018791264651596317,0.5863641561691995,0.2945243112739994,0.8851069146098838,0.4054078269650278,0.2732647139533604,0.6590913692646378,0.5451132010844524,1.377168468567358,0.3852255352749782,-0.835709884662134
0.4210777262745461,-0.16988837225830958,-0.4640291883353377,0.018791264651596317,0.5863641561691995,0.2945243112739994,0.8851069146098838,0.4059165060218183,0.271173936281924,0.6576116749243857,0.5460813887871729,1.379459917342937,0.3885479702698468,-0.8360882838539208
0.4210777262745461,-0.16988837225830958,-0.4640291883353377,0.018791264651596317,0.5863641561691995,0.2945243112739994,0.8851069146098838,0.4064251850786086,0.2690831586104876,0.6561319805841332,0.5470495764898935,1.381751366118516,0.3918704052647152,-0.836466683045707
0.4210777262745461,-0.16988837225830958,-0.4640291883353377,0.018791264651596317,0.5863641561691995,0.2945243112739994,0.8851069146098838,0.4069338641353991,0.2669923809390512,0.6546522862438809,0.5480177641926142,1.3840428148940949,0.3951928402595837,-0.8368450822374937
0.4210777262745461,-0.16988837225830958,-0.4640291883353377,0.018791264651596317,0.5863641561691995,0.2945243112739994,0.8851069146098838,0.4074425431921894,0.2649016032676148,0.6531725919036285,0.5489859518953346,1.3863342636696738,0.3985152752544522,-0.83722348142928
0.4210777262745461,-0.16988837225830958,-0.4640291883353377,0.018791264651596317,0.5863641561691995,0.2945243112739994,0.8851069146098838,0.4079512222489799,0.2628108255961784,0.6516928975633763,0.5499541395980553,1.3886257124452528,0.4018377102493206,-0.8376018806210667
0.4210777262745461,-0.16988837225830958,-0.4640291883353377,0.018791264651596317,0.5863641561691995,0.2945243112739994,0.8851069146098838,0.4084599013057703,0.260720047924742,0.6502132032231239,0.550922327300776,1.3909171612208315,0.4051601452441891,-0.8379802798128532
0.4210777262745461,-0.16988837225830958,-0.4640291883353377,0.018791264651596317,0.5863641561691995,0.2945243112739994,0.8851069146098838,0.4089685803625607,0.2586292702533057,0.6487335088828716,0.5518905150034965,1.3932086099964107,0.4084825802390575,-0.8383586790046398
0.4210777262745461,-0.16988837225830958,-0.4640291883353377,0.018791264651596317,0.5863641561691995,0.2945243112739994,0.8851069146098838,0.4094772594193511,0.2565384925818693,0.6472538145426193,0.5528587027062171,1.3955000587719897,0.411805015233926,-0.8387370781964263
0.4210777262745461,-0.16988837225830958,-0.4640291883353377,0.018791264651596317,0.5863641561691995,0.2945243112739994,0.8851069146098838,0.4099859384761415,0.2544477149104329,0.645774120202367,0.5538268904089376,1.3977915075475686,0.4151274502287945,-0.8391154773882128
0.4210777262745461,-0.16988837225830958,-0.4640291883353377,0.018791264651596317,0.5863641561691995,0.2945243112739994,0.8851069146098838,0.410494617532932,0.2523569372389965,0.6442944258621146,0.5547950781116582,1.4000829563231474,0.4184498852236629,-0.8394938765799993
0.4210777262745461,-0.16988837225830958,-0.4640291883353377,0.018791264651596317,0.5863641561691995,0.2945243112739994,0.8851069146098838,0.4110032965897224,0.2502661595675601,0.6428147315218623,0.5557632658143787,1.4023744050987266,0.4217723202185314,-0.8398722757717858
0.4210777262745461,-0.16988837225830958,-0.4640291883353377,0.018791264651596317,0.5863641561691995,0.2945243112739994,0.8851069146098838,0.4115119756465129,0.2481753818961238,0.64133503718161,0.5567314535170993,1.404665853874305,0.4250947552133998,-0.8402506749635723
0.4210777262745461,-0.16988837225830958,-0.4640291883353377,0.018791264651596317,0.5863641561691995,0.2945243112739994,0.8851069146098838,0.4120206547033033,0.2460846042246874,0.6398553428413577,0.5576996412198199,1.4069573026498845,0.4284171902082683,-0.8406290741553588
0.4210777262745461,-0.16988837225830958,-0.4640291883353377,0.018791264651596317,0.5863641561691995,0.2945243112739994,0.8851069146098838,0.4125293337600937,0.243993826553251,0.6383756485011053,0.5586678289225405,1.4092487514254632,0.4317396252031368,-0.8410074733471453
0.4210777262745461,-0.16988837225830958,-0.4640291883353377,0.018791264651596317,0.5863641561691995,0.2945243112739994,0.8851069146098838,0.4130380128168841,0.2419030488818146,0.636895954160853,0.5596360166252611,1.4115402002010422,0.4350620601980052,-0.8413858725389318
0.4210777262745461,-0.16988837225830958,-0.4640291883353377,0.018791264651596317,0.5863641561691995,0.2945243112739994,0.8851069146098838,0.4135466918736745,0.2398122712103782,0.6354162598206007,0.5606042043279816,1.4138316489766212,0.4383844951928737,-0.8417642717307183
0.4210777262745461,-0.16988837225830958,-0.4640291883353377,0.018791264651596317,0.5863641561691995,0.2945243112739994,0.8851069146098838,0.4140553709304649,0.2377214935389418,0.6339365654803483,0.5615723920307022,1.4161230977522,0.4417069301877421,-0.8421426709225048
0.4210777262745461,-0.16988837225830958,-0.4640291883353377,0.018791264651596317,0.5863641561691995,0.2945243112739994,0.8851069146098838,0.4145640499872554,0.2356307158675054,0.632456871140096,0.5625405797334228,1.418414546527779,0.4450293651826106,-0.8425210701142916
0.4210777262745461,-0.16988837225830958,-0.4640291883353377,0.018791264651596317,0.5863641561691995,0.2945243112739994,0.8851069146098838,0.4150727290440458,0.233539938196069,0.6309771767998438,0.5635087674361433,1.420705995303358,0.448351800177479,-0.842899469306078
0.4210777262745461,-0.16988837225830958,-0.4640291883353377,0.018791264651596317,0.5863641561691995,0.2945243112739994,0.8851069146098838,0.4155814081008361,0.2314491605246327,0.6294974824595914,0.564476955138864,1.422997444078937,0.4516742351723475,-0.8432778684978645
0.4210777262745461,-0.16988837225830958,-0.4640291883353377,0.018791264651596317,0.5863641561691995,0.2945243112739994,0.8851069146098838,0.4160900871576266,0.2293583828531963,0.6280177881193391,0.5654451428415845,1.4252888928545158,0.454996670167216,-0.8436562676896511
0.4210777262745461,-0.16988837225830958,-0.4640291883353377,0.018791264651596317,0.5863641561691995,0.2945243112739994,0.8851069146098838,0.416598766214417,0.2272676051817599,0.6265380937790868,0.5664133305443051,1.4275803416300947,0.4583191051620844,-0.8440346668814376
0.4210777262745461,-0.16988837225830958,-0.4640291883353377,0.018791264651596317,0.5863641561691995,0.2945243112739994,0.8851069146098838,0.4171074452712074,0.2251768275103235,0.6250583994388343,0.5673815182470257,1.4298717904056737,0.4616415401569528,-0.844413066073224
0.4210777262745461,-0.16988837225830958,-0.4640291883353377,0.018791264651596317,0.5863641561691995,0.2945243112739994,0.8851069146098838,0.4176161243279979,0.2230860498388872,0.6235787050985822,0.5683497059497462,1.4321632391812529,0.4649639751518213,-0.8447914652650106
0.4210777262745461,-0.16988837225830958,-0.4640291883353377,0.018791264651596317,0.5863641561691995,0.2945243112739994,0.8851069146098838,0.4181248033847883,0.2209952721674507,0.6220990107583297,0.5693178936524668,1.4344546879568316,0.4682864101466898,-0.8451698644567971
0.4210777262745461,-0.16988837225830958,-0.4640291883353377,0.018791264651596317,0.5863641561691995,0.2945243112739994,0.8851069146098838,0.4186334824415787,0.2189044944960144,0.6206193164180775,0.5702860813551874,1.4367461367324108,0.4716088451415583,-0.8455482636485836
0.4210777262745461,-0.16988837225830958,-0.4640291883353377,0.018791264651596317,0.5863641561691995,0.2945243112739994,0.8851069146098838,0.4191421614983691,0.2168137168245779,0.6191396220778251,0.5712542690579079,1.4390375855079895,0.4749312801364267,-0.8459266628403701
0.4210777262745461,-0.16988837225830958,-0.4640291883353377,0.018791264651596317,0.5863641561691995,0.2945243112739994,0.8851069146098838,0.4196508405551595,0.2147229391531416,0.6176599277375728,0.5722224567606287,1.4413290342835685,0.4782537151312952,-0.8463050620321566
0.4210777262745461,-0.16988837225830958,-0.4640291883353377,0.018791264651596317,0.5863641561691995,0.2945243112739994,0.8851069146098838,0.4201595196119499,0.2126321614817052,0.6161802333973204,0.5731906444633491,1.4436204830591477,0.4815761501261636,-0.8466834612239431
0.4210777262745461,-0.16988837225830958,-0.4640291883353377,0.018791264651596317,0.5863641561691995,0.2945243112739994,0.8851069146098838,0.4206681986687404,0.2105413838102688,0.6147005390570681,0.5741588321660698,1.4459119318347264,0.4848985851210321,-0.8470618604157296
0.4210777262745461,-0.16988837225830958,-0.4640291883353377,0.018791264651596317,0.5863641561691995,0.2945243112739994,0.8851069146098838,0.4211768777255307,0.2084506061388324,0.6132208447168157,0.5751270198687903,1.4482033806103054,0.4882210201159006,-0.8474402596075161
0.4210777262745461,-0.16988837225830958,-0.4640291883353377,0.018791264651596317,0.5863641561691995,0.2945243112739994,0.8851069146098838,0.4216855567823212,0.2063598284673961,0.6117411503765635,0.5760952075715109,1.4504948293858844,0.4915434551107691,-0.8478186587993028
0.4210777262745461,-0.16988837225830958,-0.4640291883353377,0.018791264651596317,0.5863641561691995,0.2945243112739994,0.8851069146098838,0.4221942358391116,0.2042690507959596,0.6102614560363111,0.5770633952742314,1.452786278161463,0.4948658901056375,-0.8481970579910891
0.4210777262745461,-0.16988837225830958,-0.4640291883353377,0.018791264651596317,0.5863641561691995,0.2945243112739994,0.8851069146098838,0.422702914895902,0.2021782731245233,0.6087817616960589,0.578031582976952,1.4550777269370423,0.4981883251005059,-0.8485754571828757
0.4210777262745461,-0.16988837225830958,-0.4640291883353377,0.018791264651596317,0.5863641561691995,0.2945243112739994,0.8851069146098838,0.4232115939526925,0.2000874954530869,0.6073020673558065,0.5789997706796726,1.4573691757126213,0.5015107600953744,-0.8489538563746623
0.4210777262745461,-0.16988837225830958,-0.4640291883353377,0.018791264651596317,0.5863641561691995,0.2945243112739994,0.8851069146098838,0.4237202730094829,0.1979967177816505,0.6058223730155542,0.5799679583823931,1.4596606244882002,0.5048331950902429,-0.8493322555664488
0.4210777262745461,-0.16988837225830958,-0.4640291883353377,0.018791264651596317,0.5863641561691995,0.2945243112739994,0.8851069146098838,0.4242289520662733,0.1959059401102141,0.6043426786753019,0.5809361460851137,1.4619520732637792,0.5081556300851113,-0.8497106547582353
0.4210777262745461,-0.16988837225830958,-0.4640291883353377,0.018791264651596317,0.5863641561691995,0.2945243112739994,0.8851069146098838,0.4247376311230637,0.1938151624387777,0.6028629843350496,0.5819043337878342,1.464243522039358,0.5114780650799798,-0.8500890539500219
0.4210777262745461,-0.16988837225830958,-0.4640291883353377,0.018791264651596317,0.5863641561691995,0.2945243112739994,0.8851069146098838,0.4252463101798541,0.1917243847673413,0.6013832899947973,0.5828725214905549,1.4665349708149371,0.5148005000748482,-0.8504674531418084
0.4210777262745461,-0.16988837225830958,-0.4640291883353377,0.018791264651596317,0.5863641561691995,0.2945243112739994,0.8851069146098838,0.4257549892366445,0.189633607095905,0.5999035956545449,0.5838407091932755,1.468826419590516,0.5181229350697167,-0.8508458523335949
0.4210777262745461,-0.16988837225830958,-0.4640291883353377,0.018791264651596317,0.5863641561691995,0.2945243112739994,0.8851069146098838,0.426263668293435,0.1875428294244686,0.5984239013142926,0.584808896895996,1.471117868366095,0.5214453700645851,-0.8512242515253814
0.4210777262745461,-0.16988837225830958,-0.4640291883353377,0.018791264651596317,0.5863641561691995,0.2945243112739994,0.8851069146098838,0.4267723473502254,0.1854520517530322,0.5969442069740403,0.5857770845987167,1.473409317141674,0.5247678050594536,-0.8516026507171679
0.4210777262745461,-0.16988837225830958,-0.4640291883353377,0.018791264651596317,0.5863641561691995,0.2945243112739994,0.8851069146098838,0.4272810264070158,0.1833612740815958,0.5954645126337879,0.5867452723014372,1.475700765917253,0.5280902400543221,-0.8519810499089544
0.4210777262745461,-0.16988837225830958,-0.4640291883353377,0.018791264651596317,0.5863641561691995,0.2945243112739994,0.8851069146098838,0.4277897054638062,0.1812704964101594,0.5939848182935357,0.5877134600041578,1.4779922146928317,0.5314126750491905,-0.8523594491007409
0.4210777262745461,-0.16988837225830958,-0.4640291883353377,0.018791264651596317,0.5863641561691995,0.2945243112739994,0.8851069146098838,0.4282983845205966,0.179179718738723,0.5925051239532833,0.5886816477068784,1.480283663468411,0.534735110044059,-0.8527378482925274
0.4210777262745461,-0.16988837225830958,-0.4640291883353377,0.018791264651596317,0.5863641561691995,0.2945243112739994,0.8851069146098838,0.428807063577387,0.1770889410672867,0.591025429613031,0.5896498354095989,1.4825751122439896,0.5380575450389276,-0.8531162474843139
0.4210777262745461,-0.16988837225830958,-0.4640291883353377,0.018791264651596317,0.5863641561691995,0.2945243112739994,0.8851069146098838,0.4293157426341775,0.1749981633958503,0.5895457352727786,0.5906180231123196,1.4848665610195686,0.541379980033796,-0.8534946466761005
0.4210777262745461,-0.16988837225830958,-0.4640291883353377,0.018791264651596317,0.5863641561691995,0.2945243112739994,0.8851069146098838,0.4298244216909679,0.1729073857244139,0.5880660409325263,0.59158621081504,1.4871580097951471,0.5447024150286643,-0.8538730458678869
0.4210777262745461,-0.16988837225830958,-0.4640291883353377,0.018791264651596317,0.5863641561691995,0.2945243112739994,0.8851069146098838,0.4303331007477584,0.1708166080529775,0.586586346592274,0.5925543985177607,1.4894494585707267,0.5480248500235329,-0.8542514450596737
0.4210777262745461,-0.16988837225830958,-0.4640291883353377,0.018791264651596317,0.5863641561691995,0.2945243112739994,0.8851069146098838,0.4308417798045487,0.1687258303815411,0.5851066522520216,0.5935225862204813,1.4917409073463053,0.5513472850184014,-0.8546298442514599
0.4210777262745461,-0.16988837225830958,-0.4640291883353377,0.018791264651596317,0.5863641561691995,0.2945243112739994,0.8851069146098838,0.4313504588613392,0.1666350527101048,0.5836269579117694,0.5944907739232019,1.494032356121885,0.5546697200132698,-0.8550082434432467
0.4210777262745461,-0.16988837225830958,-0.4640291883353377,0.018791264651596317,0.5863641561691995,0.2945243112739994,0.8851069146098838,0.4318591379181296,0.1645442750386683,0.582147263571517,0.5954589616259224,1.4963238048974632,0.5579921550081383,-0.8553866426350331
0.4210777262745461,-0.16988837225830958,-0.4640291883353377,0.018791264651596317,0.5863641561691995,0.2945243112739994,0.8851069146098838,0.43236781697492,0.162453497367232,0.5806675692312647,0.596427149328643,1.4986152536730424,0.5613145900030068,-0.8557650418268197
0.4210777262745461,-0.16988837225830958,-0.4640291883353377,0.018791264651596317,0.5863641561691995,0.2945243112739994,0.8851069146098838,0.4328764960317104,0.1603627196957955,0.5791878748910123,0.5973953370313636,1.5009067024486211,0.5646370249978752,-0.8561434410186062
0.4210777262745461,-0.16988837225830958,-0.4640291883353377,0.018791264651596317,0.5863641561691995,0.2945243112739994,0.8851069146098838,0.4333851750885009,0.1582719420243592,0.57770818055076,0.5983635247340842,1.5031981512242003,0.5679594599927437,-0.8565218402103927
0.4210777262745461,-0.16988837225830958,-0.4640291883353377,0.018791264651596317,0.5863641561691995,0.2945243112739994,0.8851069146098838,0.4338938541452912,0.1561811643529228,0.5762284862105077,0.5993317124368047,1.505489599999779,0.5712818949876122,-0.8569002394021792
0.4210777262745461,-0.16988837225830958,-0.4640291883353377,0.018791264651596317,0.5863641561691995,0.2945243112739994,0.8851069146098838,0.4344025332020818,0.1540903866814864,0.5747487918702554,0.6002999001395253,1.5077810487753582,0.5746043299824806,-0.8572786385939657
0.4210777262745461,-0.16988837225830958,-0.4640291883353377,0.018791264651596317,0.5863641561691995,0.2945243112739994,0.8851069146098838,0.4349112122588721,0.15199960901005,0.573269097530003,0.6012680878422458,1.510072497550937,0.5779267649773491,-0.8576570377857522
0.4210777262745461,-0.16988837225830958,-0.4640291883353377,0.018791264651596317,0.5863641561691995,0.2945243112739994,0.8851069146098838,0.4354198913156625,0.1499088313386137,0.5717894031897508,0.6022362755449664,1.512363946326516,0.5812491999722175,-0.8580354369775387
0.4210777262745461,-0.16988837225830958,-0.4640291883353377,0.018791264651596317,0.5863641561691995,0.2945243112739994,0.8851069146098838,0.435928570372453,0.1478180536671773,0.5703097088494985,0.603204463247687,1.514655395102095,0.584571634967086,-0.8584138361693252
0.4210777262745461,-0.16988837225830958,-0.4640291883353377,0.018791264651596317,0.5863641561691995,0.2945243112739994,0.8851069146098838,0.4364372494292433,0.1457272759957409,0.5688300145092461,0.6041726509504076,1.516946843877674,0.5878940699619544,-0.8587922353611117
0.4210777262745461,-0.16988837225830958,-0.4640291883353377,0.018791264651596317,0.5863641561691995,0.2945243112739994,0.8851069146098838,0.4369459284860337,0.1436364983243045,0.5673503201689938,0.6051408386531282,1.5192382926532528,0.5912165049568229,-0.8591706345528982
0.4210777262745461,-0.16988837225830958,-0.4640291883353377,0.018791264651596317,0.5863641561691995,0.2945243112739994,0.8851069146098838,0.4374546075428242,0.1415457206528681,0.5658706258287415,0.6061090263558487,1.5215297414288318,0.5945389399516913,-0.8595490337446847
0.4210777262745461,-0.16988837225830958,-0.4640291883353377,0.018791264651596317,0.5863641561691995,0.2945243112739994,0.8851069146098838,0.4379632865996146,0.1394549429814317,0.5643909314884892,0.6070772140585694,1.5238211902044108,0.5978613749465598,-0.8599274329364713
0.4210777262745461,-0.16988837225830958,-0.4640291883353377,0.018791264651596317,0.5863641561691995,0.2945243112739994,0.8851069146098838,0.438471965656405,0.1373641653099954,0.5629112371482368,0.60804540176129,1.5261126389799895,0.6011838099414282,-0.8603058321282578
0.4210777262745461,-0.16988837225830958,-0.4640291883353377,0.018791264651596317,0.5863641561691995,0.2945243112739994,0.8851069146098838,0.4389806447131955,0.135273387638559,0.5614315428079845,0.6090135894640105,1.528404087755569,0.6045062449362967,-0.8606842313200443
0.4210777262745461,-0.16988837225830958,-0.4640291883353377,0.018791264651596317,0.5863641561691995,0.2945243112739994,0.8851069146098838,0.4394893237699859,0.1331826099671226,0.5599518484677322,0.6099817771667311,1.5306955365311476,0.6078286799311652,-0.861062630511831
0.4210777262745461,-0.16988837225830958,-0.4640291883353377,0.018791264651596317,0.5863641561691995,0.2945243112739994,0.8851069146098838,0.4399980028267763,0.1310918322956862,0.5584721541274799,0.6109499648694516,1.5329869853067266,0.6111511149260336,-0.8614410297036175
0.4210777262745461,-0.16988837225830958,-0.4640291883353377,0.018791264651596317,0.5863641561691995,0.2945243112739994,0.8851069146098838,0.4405066818835668,0.1290010546242498,0.5569924597872276,0.6119181525721722,1.5352784340823056,0.6144735499209021,-0.861819428895404
0.4210777262745461,-0.16988837225830958,-0.4640291883353377,0.018791264651596317,0.5863641561691995,0.2945243112739994,0.8851069146098838,0.4410153609403572,0.1269102769528134,0.5555127654469751,0.6128863402748927,1.5375698828578843,0.6177959849157705,-0.8621978280871905
0.4210777262745461,-0.16988837225830958,-0.4640291883353377,0.018791264651596317,0.5863641561691995,0.2945243112739994,0.8851069146098838,0.4415240399971476,0.124819499281377,0.5540330711067228,0.6138545279776133,1.5398613316334635,0.621118419910639,-0.862576227278977
0.4210777262745461,-0.16988837225830958,-0.4640291883353377,0.018791264651596317,0.5863641561691995,0.2945243112739994,0.8851069146098838,0.442032719053938,0.1227287216099407,0.5525533767664705,0.614822715680334,1.5421527804090425,0.6244408549055074,-0.8629546264707635
0.4210777262745461,-0.16988837225830958,-0.4640291883353377,0.018791264651596317,0.5863641561691995,0.2945243112739994,0.8851069146098838,0.4425413981107284,0.1206379439385043,0.5510736824262182,0.6157909033830545,1.5444442291846214,0.6277632899003759,-0.86333302566255
0.4210777262745461,-0.16988837225830958,-0.4640291883353377,0.018791264651596317,0.5863641561691995,0.2945243112739994,0.8851069146098838,0.4430500771675189,0.1185471662670679,0.5495939880859659,0.6167590910857751,1.5467356779602004,0.6310857248952444,-0.8637114248543365
0.4210777262745461,-0.16988837225830958,-0.4640291883353377,0.018791264651596317,0.5863641561691995,0.2945243112739994,0.8851069146098838,0.4435587562243092,0.1164563885956315,0.5481142937457135,0.6177272787884956,1.5490271267357794,0.6344081598901129,-0.864089824046123
0.4210777262745461,-0.16988837225830958,-0.4640291883353377,0.018791264651596317,0.5863641561691995,0.2945243112739994,0.8851069146098838,0.4440674352810996,0.1143656109241951,0.5466345994054612,0.6186954664912163,1.5513185755113583,0.6377305948849813,-0.8644682232379095
0.4210777262745461,-0.16988837225830958,-0.4640291883353377,0.018791264651596317,0.5863641561691995,0.2945243112739994,0.8851069146098838,0.44457611433789,0.1122748332527587,0.5451549050652089,0.6196636541939369,1.553610024286937,0.6410530298798497,-0.8648466224296961
0.4210777262745461,-0.16988837225830958,-0.4640291883353377,0.018791264651596317,0.5863641561691995,0.2945243112739994,0.8851069146098838,0.4450847933946805,0.1101840555813224,0.5436752107249566,0.6206318418966574,1.5559014730625162,0.6443754648747182,-0.8652250216214826
0.4210777262745461,-0.16988837225830958,-0.4640291883353377,0.018791264651596317,0.5863641561691995,0.2945243112739994,0.8851069146098838,0.4455934724514709,0.108093277909886,0.5421955163847043,0.621600029599378,1.558192921838095,0.6476978998695866,-0.8656034208132691
0.4210777262745461,-0.16988837225830958,-0.4640291883353377,0.018791264651596317,0.5863641561691995,0.2945243112739994,0.8851069146098838,0.4461021515082613,0.1060025002384496,0.5407158220444519,0.6225682173020985,1.5604843706136742,0.6510203348644551,-0.8659818200050557
0.4210777262745461,-0.16988837225830958,-0.4640291883353377,0.018791264651596317,0.5863641561691995,0.2945243112739994,0.8851069146098838,0.4466108305650517,0.1039117225670132,0.5392361277041997,0.6235364050048191,1.562775819389253,0.6543427698593235,-0.8663602191968423
0.4210777262745461,-0.16988837225830958,-0.4640291883353377,0.018791264651596317,0.5863641561691995,0.2945243112739994,0.8851069146098838,0.4471195096218422,0.1018209448955768,0.5377564333639473,0.6245045927075397,1.565067268164832,0.657665204854192,-0.8667386183886288
0.4210777262745461,-0.16988837225830958,-0.4640291883353377,0.018791264651596317,0.5863641561691995,0.2945243112739994,0.8851069146098838,0.4476281886786326,0.0997301672241404,0.536276739023695,0.6254727804102603,1.5673587169404108,0.6609876398490605,-0.8671170175804152
0.4210777262745461,-0.16988837225830958,-0.4640291883353377,0.018791264651596317,0.5863641561691995,0.2945243112739994,0.8851069146098838,0.448136867735423,0.097639389552704,0.5347970446834427,0.6264409681129809,1.5696501657159896,0.6643100748439289,-0.8674954167722017
0.4210777262745461,-0.16988837225830958,-0.4640291883353377,0.018791264651596317,0.5863641561691995,0.2945243112739994,0.8851069146098838,0.4486455467922134,0.0955486118812677,0.5333173503431904,0.6274091558157014,1.5719416144915688,0.6676325098387974,-0.8678738159639882
0.4210777262745461,-0.16988837225830958,-0.4640291883353377,0.018791264651596317,0.5863641561691995,0.2945243112739994,0.8851069146098838,0.4491542258490039,0.0934578342098313,0.5318376560029381,0.628377343518422,1.5742330632671475,0.6709549448336659,-0.8682522151557748
0.4210777262745461,-0.16988837225830958,-0.4640291883353377,0.018791264651596317,0.5863641561691995,0.2945243112739994,0.8851069146098838,0.4496629049057943,0.0913670565383949,0.5303579616626857,0.6293455312211427,1.5765245120427267,0.6742773798285343,-0.8686306143475613
0.4210777262745461,-0.16988837225830958,-0.4640291883353377,0.018791264651596317,0.5863641561691995,0.2945243112739994,0.8851069146098838,0.4501715839625847,0.0892762788669585,0.5288782673224334,0.6303137189238632,1.5788159608183054,0.6775998148234028,-0.8690090135393478
0.4210777262745461,-0.16988837225830958,-0.4640291883353377,0.018791264651596317,0.5863641561691995,0.2945243112739994,0.8851069146098838,0.4506802630193751,0.0871855011955221,0.5273985729821811,0.6312819066265838,1.5811074095938846,0.6809222498182712,-0.8693874127311343
0.4210777262745461,-0.16988837225830958,-0.4640291883353377,0.018791264651596317,0.5863641561691995,0.2945243112739994,0.8851069146098838,0.4511889420761655,0.0850947235240857,0.5259188786419287,0.6322500943293043,1.5833988583694634,0.6842446848131398,-0.8697658119229208
0.4210777262745461,-0.16988837225830958,-0.4640291883353377,0.018791264651596317,0.5863641561691995,0.2945243112739994,0.8851069146098838,0.451697621132956,0.0830039458526493,0.5244391843016764,0.6332182820320249,1.5856903071450423,0.6875671198080082,-0.8701442111147073
0.4210777262745461,-0.16988837225830958,-0.4640291883353377,0.018791264651596317,0.5863641561691995,0.2945243112739994,0.8851069146098838,0.4522063001897464,0.080913168181213,0.522959489961424,0.6341864697347455,1.5879817559206213,0.6908895548028766,-0.8705226103064938
0.4210777262745461,-0.16988837225830958,-0.4640291883353377,0.018791264651596317,0.5863641561691995,0.2945243112739994,0.8851069146098838,0.4527149792465368,0.0788223905097766,0.5214797956211717,0.635154657437466,1.5902732046962005,0.6942119897977451,-0.8709010094982803
0.4210777262745461,-0.16988837225830958,-0.4640291883353377,0.018791264651596317,0.5863641561691995,0.2945243112739994,0.8851069146098838,0.4532236583033272,0.0767316128383402,0.5200001012809194,0.6361228451401867,1.5925646534717792,0.6975344247926136,-0.8712794086900668
0.4210777262745461,-0.16988837225830958,-0.4640291883353377,0.018791264651596317,0.5863641561691995,0.2945243112739994,0.8851069146098838,0.4537323373601176,0.0746408351669038,0.5185204069406671,0.6370910328429072,1.5948561022473582,0.700856859787482,-0.8716578078818534
0.4210777262745461,-0.16988837225830958,-0.4640291883353377,0.018791264651596317,0.5863641561691995,0.2945243112739994,0.8851069146098838,0.454241016416908,0.0725500574954674,0.5170407126004148,0.6380592205456278,1.5971475510229372,0.7041792947823505,-0.8720362070736399
0.4210777262745461,-0.16988837225830958,-0.4640291883353377,0.018791264651596317,0.5863641561691995,0.2945243112739994,0.8851069146098838,0.4547496954736985,0.070459279824031,0.5155610182601624,0.6390274082483484,1.599438999798516,0.7075017297772189,-0.8724146062654264
0.4210777262745461,-0.16988837225830958,-0.4640291883353377,0.018791264651596317,0.5863641561691995,0.2945243112739994,0.8851069146098838,0.4552583745304889,0.0683685021525946,0.5140813239199101,0.639995595951069,1.601730448574095,0.7108241647720874,-0.8727930054572131
0.4210777262745461,-0.16988837225830958,-0.4640291883353377,0.018791264651596317,0.5863641561691995,0.2945243112739994,0.8851069146098838,0.4557670535872793,0.0662777244811582,0.5126016295796578,0.6409637836537896,1.604021897349674,0.7141465997669559,-0.8731714046489996
0.4210777262745461,-0.16988837225830958,-0.4640291883353377,0.018791264651596317,0.5863641561691995,0.2945243112739994,0.8851069146098838,0.4562757326440697,0.0641869468097219,0.5111219352394054,0.6419319713565101,1.606313346125253,0.7174690347618243,-0.8735498038407861
0.4210777262745461,-0.16988837225830958,-0.4640291883353377,0.018791264651596317,0.5863641561691995,0.2945243112739994,0.8851069146098838,0.4567844117008601,0.0620961691382855,0.5096422408991532,0.6429001590592307,1.608604794900832,0.7207914697566928,-0.8739282030325726
0.4210777262745461,-0.16988837225830958,-0.4640291883353377,0.018791264651596317,0.5863641561691995,0.2945243112739994,0.8851069146098838,0.4572930907576505,0.0600053914668491,0.5081625465589008,0.6438683467619513,1.610896243676411,0.7241139047515613,-0.8743066022243591
0.4210777262745461,-0.16988837225830958,-0.4640291883353377,0.018791264651596317,0.5863641561691995,0.2945243112739994,0.8851069146098838,0.457801769814441,0.0579146137954127,0.5066828522186485,0.6448365344646718,1.61318769245199,0.7274363397464297,-0.8746850014161456
0.4210777262745461,-0.16988837225830958,-0.4640291883353377,0.018791264651596317,0.5863641561691995,0.2945243112739994,0.8851069146098838,0.4583104488712314,0.0558238361239764,0.5052031578783962,0.6458047221673924,1.6154791412275686,0.7307587747412981,-0.8750634006079321
0.4210777262745461,-0.16988837225830958,-0.4640291883353377,0.018791264651596317,0.5863641561691995,0.2945243112739994,0.8851069146098838,0.4588191279280218,0.05373305845254,0.5037234635381439,0.6467729098701129,1.6177705900031478,0.7340812097361665,-0.8754417997997186
0.4210777262745461,-0.16988837225830958,-0.4640291883353377,0.018791264651596317,0.5863641561691995,0.2945243112739994,0.8851069146098838,0.4593278069848122,0.0516422807811036,0.5022437691978916,0.6477410975728335,1.6200620387787266,0.7374036447310351,-0.8758201989915051
0.4210777262745461,-0.16988837225830958,-0.4640291883353377,0.018791264651596317,0.5863641561691995,0.2945243112739994,0.8851069146098838,0.4598364860416026,0.0495515031096672,0.5007640748576393,0.648709285275554,1.6223534875543058,0.7407260797259035,-0.8761985981832917
0.4210777262745461,-0.16988837225830958,-0.4640291883353377,0.018791264651596317,0.5863641561691995,0.2945243112739994,0.8851069146098838,0.460345165098393,0.0474607254382308,0.4992843805173869,0.6496774729782747,1.6246449363298847,0.7440485147207719,-0.8765769973750782
0.4210777262745461,-0.16988837225830958,-0.4640291883353377,0.018791264651596317,0.5863641561691995,0.2945243112739994,0.8851069146098838,0.4608538441551835,0.0453699477667944,0.4978046861771346,0.6506456606809953,1.6269363851054637,0.7473709497156404,-0.8769553965668647
0.4210777262745461,-0.16988837225830958,-0.4640291883353377,0.018791264651596317,0.5863641561691995,0.2945243112739994,0.8851069146098838,0.4613625232119739,0.043279170095358,0.4963249918368823,0.6516138483837158,1.6292278338810426,0.750693384710509,-0.8773337957586512
0.4210777262745461,-0.16988837225830958,-0.4640291883353377,0.018791264651596317,0.5863641561691995,0.2945243112739994,0.8851069146098838,0.4618712022687644,0.0411883924239216,0.4948452974966299,0.6525820360864364,1.6315192826566214,0.7540158197053775,-0.8777121949504377
0.4210777262745461,-0.16988837225830958,-0.4640291883353377,0.018791264651596317,0.5863641561691995,0.2945243112739994,0.8851069146098838,0.4623798813255548,0.0390976147524853,0.4933656031563775,0.6535502237891571,1.6338107314322006,0.7573382547002458,-0.8780905941422243
0.4210777262745461,-0.16988837225830958,-0.4640291883353377,0.018791264651596317,0.5863641561691995,0.2945243112739994,0.8851069146098838,0.4628885603823452,0.0370068370810489,0.4918859088161252,0.6545184114918776,1.6361021802077793,0.7606606896951142,-0.8784689933340109
0.4210777262745461,-0.16988837225830958,-0.4640291883353377,0.018791264651596317,0.5863641561691995,0.2945243112739994,0.8851069146098838,0.4633972394391356,0.0349160594096125,0.4904062144758729,0.6554865991945982,1.6383936289833585,0.7639831246899829,-0.8788473925257974
0.4210777262745461,-0.16988837225830958,-0.4640291883353377,0.018791264651596317,0.5863641561691995,0.2945243112739994,0.8851069146098838,0.463905918495926,0.0328252817381761,0.4889265201356206,0.6564547868973187,1.6406850777589372,0.7673055596848513,-0.8792257917175839
0.4210777262745461,-0.16988837225830958,-0.4640291883353377,0.018791264651596317,0.5863641561691995,0.2945243112739994,0.8851069146098838,0.4644145975527164,0.0307345040667397,0.4874468257953683,0.6574229746000393,1.642976526534516,0.7706279946797197,-0.8796041909093703
0.4210777262745461,-0.16988837225830958,-0.4640291883353377,0.018791264651596317,0.5863641561691995,0.2945243112739994,0.8851069146098838,0.4649232766095068,0.0286437263953033,0.485967131455116,0.6583911623027598,1.6452679753100952,0.7739504296745882,-0.8799825901011568
0.4210777262745461,-0.16988837225830958,-0.4640291883353377,0.018791264651596317,0.5863641561691995,0.2945243112739994,0.8851069146098838,0.4654319556662972,0.0265529487238669,0.4844874371148636,0.6593593500054804,1.647559424085674,0.7772728646694566,-0.8803609892929434
0.4210777262745461,-0.16988837225830958,-0.4640291883353377,0.018791264651596317,0.5863641561691995,0.2945243112739994,0.8851069146098838,0.4659406347230876,0.0244621710524306,0.4830077427746113,0.6603275377082011,1.649850872861253,0.7805952996643251,-0.8807393884847299
0.4210777262745461,-0.16988837225830958,-0.4640291883353377,0.018791264651596317,0.5863641561691995,0.2945243112739994,0.8851069146098838,0.4664493137798781,0.0223713933809942,0.481528048434359,0.6612957254109216,1.6521423216368318,0.7839177346591936,-0.8811177876765164
0.4210777262745461,-0.16988837225830958,-0.4640291883353377,0.018791264651596317,0.5863641561691995,0.2945243112739994,0.8851069146098838,0.4669579928366685,0.0202806157095578,0.4800483540941067,0.6622639131136422,1.654433770412411,0.787240169654062,-0.8814961868683029
0.4210777262745461,-0.16988837225830958,-0.4640291883353377,0.018791264651596317,0.5863641561691995,0.2945243112739994,0.8851069146098838,0.4674666718934589,0.0181898380381214,0.4785686597538543,0.6632321008163627,1.6567252191879898,0.7905626046489305,-0.8818745860600894
0.4210777262745461,-0.16988837225830958,-0.4640291883353377,0.018791264651596317,0.5863641561691995,0.2945243112739994,0.8851069146098838,0.4679753509502494,0.016099060366685,0.477088965413602,0.6642002885190833,1.6590166679635687,0.793885039643799,-0.8822529852518759
0.4210777262745461,-0.16988837225830958,-0.4640291883353377,0.018791264651596317,0.5863641561691995,0.2945243112739994,0.8851069146098838,0.4684840300070398,0.0140082826952486,0.4756092710733497,0.665168476221804,1.661308116739148,0.7972074746386674,-0.8826313844436624
0.4210777262745461,-0.16988837225830958,-0.4640291883353377,0.018791264651596317,0.5863641561691995,0.2945243112739994,0.8851069146098838,0.4689927090638302,0.0119175050238122,0.4741295767330974,0.6661366639245245,1.6635995655147269,0.8005299096335359,-0.883009783635449
0.4210777262745461,-0.16988837225830958,-0.4640291883353377,0.018791264651596317,0.5863641561691995,0.2945243112739994,0.8851069146098838,0.4695013881206206,0.0098267273523759,0.472649882392845,0.6671048516272451,1.6658910142903058,0.8038523446284043,-0.8833881828272355
0.4210777262745461,-0.16988837225830958,-0.4640291883353377,0.018791264651596317,0.5863641561691995,0.2945243112739994,0.8851069146098838,0.470010067177411,0.0077359496809395,0.4711701880525927,0.6680730393299656,1.6681824630658846,0.8071747796232728,-0.883766582019022
0.4210777262745461,-0.16988837225830958,-0.4640291883353377,0.018791264651596317,0.5863641561691995,0.2945243112739994,0.8851069146098838,0.4705187462342015,0.0056451720095031,0.4696904937123404,0.6690412270326863,1.6704739118414635,0.8104972146181412,-0.8841449812108085
0.4210777262745461,-0.16988837225830958,-0.4640291883353377,0.018791264651596317,0.5863641561691995,0.2945243112739994,0.8851069146098838,0.4710274252909919,0.0035543943380667,0.4682107993720881,0.6700094147354069,1.6727653606170425,0.8138196496130096,-0.884523380402595
0.4210777262745461,-0.16988837225830958,-0.4640291883353377,0.018791264651596317,0.5863641561691995,0.2945243112739994,0.8851069146098838,0.4715361043477823,0.0014636166666303,0.4667311050318358,0.6709776024381274,1.6750568093926217,0.8171420846078781,-0.8849017795943815
0.4210777262745461,-0.16988837225830958,-0.4640291883353377,0.018791264651596317,0.5863641561691995,0.2945243112739994,0.8851069146098838,0.4720447834045727,-0.0006271610048059,0.4652514106915835,0.671945790140848,1.6773482581682004,0.8204645196027466,-0.8852801787861682
0.4210777262745461,-0.16988837225830958,-0.4640291883353377,0.018791264651596317,0.5863641561691995,0.2945243112739994,0.8851069146098838,0.4725534624613631,-0.0027179386762423,0.4637717163513311,0.6729139778435687,1.6796397069437794,0.8237869545976151,-0.8856585779779547
0.4210777262745461,-0.16988837225830958,-0.4640291883353377,0.018791264651596317,0.5863641561691995,0.2945243112739994,0.8851069146098838,0.4730621415181535,-0.0048087163476787,0.4622920220110788,0.6738821655462892,1.6819311557193584,0.8271093895924835,-0.8860369771697412
0.4210777262745461,-0.16988837225830958,-0.4640291883353377,0.018791264651596317,0.5863641561691995,0.2945243112739994,0.8851069146098838,0.473570820574944,-0.0068994940191151,0.4608123276708264,0.6748503532490098,1.684222604494937,0.8304318245873519,-0.8864153763615277
0.4210777262745461,-0.16988837225830958,-0.4640291883353377,0.018791264651596317,0.5863641561691995,0.2945243112739994,0.8851069146098838,0.4740794996317344,-0.0089902716905515,0.4593326333305741,0.6758185409517303,1.6865140532705163,0.8337542595822205,-0.8867937755533142
0.4210777262745461,-0.16988837225830958,-0.4640291883353377,0.018791264651596317,0.5863641561691995,0.2945243112739994,0.8851069146098838,0.4745881786885248,-0.0110810493619879,0.4578529389903218,0.6767867286544509,1.6888055020460953,0.8370766945770889,-0.8871721747451007
0.4210777262745461,-0.16988837225830958,-0.4640291883353377,0.018791264651596317,0.5863641561691995,0.2945243112739994,0.8851069146098838,0.4750968577453152,-0.0131718270334243,0.4563732446500694,0.6777549163571714,1.6910969508216742,0.8403991295719573,-0.8875505739368872
0.4210777262745461,-0.16988837225830958,-0.4640291883353377,0.018791264651596317,0.5863641561691995,0.2945243112739994,0.8851069146098838,0.4756055368021056,-0.0152626047048606,0.4548935503098172,0.6787231040598921,1.6933883995972532,0.8437215645668258,-0.8879289731286738
0.4210777262745461,-0.16988837225830958,-0.4640291883353377,0.018791264651596317,0.5863641561691995,0.2945243112739994,0.8851069146098838,0.4761142158588961,-0.017353382376297,0.4534138559695648,0.6796912917626127,1.695679848372832,0.8470439995616943,-0.8883073723204603
0.4210777262745461,-0.16988837225830958,-0.4640291883353377,0.018791264651596317,0.5863641561691995,0.2945243112739994,0.8851069146098838,0.4766228949156865,-0.0194441600477334,0.4519341616293125,0.6806594794653332,1.697971297148411,0.8503664345565627,-0.8886857715122468
0.4210777262745461,-0.16988837225830958,-0.4640291883353377,0.018791264651596317,0.5863641561691995,0.2945243112739994,0.8851069146098838,0.4771315739724769,-0.0215349377191698,0.4504544672890602,0.6816276671680538,1.7002627459239898,0.8536888695514312,-0.8890641707040333
0.4210777262745461,-0.16988837225830958,-0.4640291883353377,0.018791264651596317,0.5863641561691995,0.2945243112739994,0.8851069146098838,0.4776402530292673,-0.0236257153906062,0.4489747729488079,0.6825958548707743,1.702554194699569,0.8570113045462996,-0.8894425698958198
0.4210777262745461,-0.16988837225830958,-0.4640291883353377,0.018791264651596317,0.5863641561691995,0.2945243112739994,0.8851069146098838,0.4781489320860577,-0.0257164930620426,0.4474950786085555,0.683564042573495,1.7048456434751478,0.8603337395411682,-0.8898209690876064
0.4210777262745461,-0.16988837225830958,-0.4640291883353377,0.018791264651596317,0.5863641561691995,0.2945243112739994,0.8851069146098838,0.4786576111428481,-0.027807270733479,0.4460153842683032,0.6845322302762156,1.707137092250727,0.8636561745360366,-0.8901993682793929
0.4210777262745461,-0.16988837225830958,-0.4640291883353377,0.018791264651596317,0.5863641561691995,0.2945243112739994,0.8851069146098838,0.4791662901996386,-0.0298980484049153,0.4445356899280508,0.6855004179789361,1.7094285410263057,0.866978609530905,-0.8905777674711794
0.4210777262745461,-0.16988837225830958,-0.4640291883353377,0.018791264651596317,0.5863641561691995,0.2945243112739994,0.8851069146098838,0.479674969256429,-0.0319888260763517,0.4430559955877985,0.6864686056816567,1.711719989801885,0.8703010445257735,-0.890956166662966
0.4210777262745461,-0.16988837225830958,-0.4640291883353377,0.018791264651596317,0.5863641561691995,0.2945243112739994,0.8851069146098838,0.4801836483132194,-0.0340796037477881,0.4415763012475462,0.6874367933843772,1.7140114385774636,0.873623479520642,-0.8913345658547525
0.4210777262745461,-0.16988837225830958,-0.4640291883353377,0.018791264651596317,0.5863641561691995,0.2945243112739994,0.8851069146098838,0.4806923273700099,-0.0361703814192245,0.4400966069072939,0.6884049810870978,1.7163028873530426,0.8769459145155104,-0.8917129650465389
0.4210777262745461,-0.16988837225830958,-0.4640291883353377,0.018791264651596317,0.5863641561691995,0.2945243112739994,0.8851069146098838,0.4812010064268003,-0.0382611590906609,0.4386169125670416,0.6893731687898185,1.7185943361286216,0.8802683495103789,-0.8920913642383255
0.4210777262745461,-0.16988837225830958,-0.4640291883353377,0.018791264651596317,0.5863641561691995,0.2945243112739994,0.8851069146098838,0.4817096854835907,-0.0403519367620973,0.4371372182267893,0.690341356492539,1.7208857849042003,0.8835907845052473,-0.892469763430112
0.4210777262745461,-0.16988837225830958,-0.4640291883353377,0.018791264651596317,0.5863641561691995,0.2945243112739994,0.8851069146098838,0.4822183645403811,-0.0424427144335337,0.4356575238865369,0.6913095441952596,1.7231772336797797,0.8869132195001159,-0.8928481626218985
0.4210777262745461,-0.16988837225830958,-0.4640291883353377,0.018791264651596317,0.5863641561691995,0.2945243112739994,0.8851069146098838,0.4827270435971715,-0.0445334921049701,0.4341778295462846,0.6922777318979801,1.7254686824553584,0.8902356544949843,-0.893226561813685
0.4210777262745461,-0.16988837225830958,-0.4640291883353377,0.018791264651596317,0.5863641561691995,0.2945243112739994,0.8851069146098838,0.483235722653962,-0.0466242697764064,0.4326981352060324,0.6932459196007007,1.7277601312309374,0.8935580894898527,-0.8936049610054715
0.4210777262745461,-0.16988837225830958,-0.4640291883353377,0.018791264651596317,0.5863641561691995,0.2945243112739994,0.8851069146098838,0.4837444017107524,-0.0487150474478428,0.43121844086578,0.6942141073034213,1.7300515800065162,0.8968805244847211,-0.893983360197258
0.4210777262745461,-0.16988837225830958,-0.4640291883353377,0.018791264651596317,0.5863641561691995,0.2945243112739994,0.8851069146098838,0.4842530807675428,-0.0508058251192792,0.4297387465255277,0.6951822950061418,1.7323430287820951,0.9002029594795896,-0.8943617593890445
0.4210777262745461,-0.16988837225830958,-0.4640291883353377,0.018791264651596317,0.5863641561691995,0.2945243112739994,0.8851069146098838,0.4847617598243331,-0.0528966027907156,0.4282590521852754,0.6961504827088624,1.734634477557674,0.903525394474458,-0.894740158580831
0.4210777262745461,-0.16988837225830958,-0.4640291883353377,0.018791264651596317,0.5863641561691995,0.2945243112739994,0.8851069146098838,0.4852704388811236,-0.0549873804621519,0.426779357845023,0.697118670411583,1.7369259263332533,0.9068478294693264,-0.8951185577726176
0.4210777262745461,-0.16988837225830958,-0.4640291883353377,0.018791264651596317,0.5863641561691995,0.2945243112739994,0.8851069146098838,0.485779117937914,-0.0570781581335883,0.4252996635047707,0.6980868581143036,1.739217375108832,0.9101702644641948,-0.8954969569644041
0.4210777262745461,-0.16988837225830958,-0.4640291883353377,0.018791264651596317,0.5863641561691995,0.2945243112739994,0.8851069146098838,0.4862877969947044,-0.0591689358050247,0.4238199691645183,0.6990550458170242,1.741508823884411,0.9134926994590636,-0.8958753561561906
0.4210777262745461,-0.16988837225830958,-0.4640291883353377,0.018791264651596317,0.5863641561691995,0.2945243112739994,0.8851069146098838,0.4867964760514949,-0.0612597134764611,0.422340274824266,0.7000232335197447,1.74380027265999,0.916815134453932,-0.8962537553479771
0.4210777262745461,-0.16988837225830958,-0.4640291883353377,0.018791264651596317,0.5863641561691995,0.2945243112739994,0.8851069146098838,0.4873051551082853,-0.0633504911478975,0.4208605804840137,0.7009914212224653,1.746091721435569,0.9201375694488004,-0.8966321545397636
0.4210777262745461,-0.16988837225830958,-0.4640291883353377,0.018791264651596317,0.5863641561691995,0.2945243112739994,0.8851069146098838,0.4878138341650757,-0.0654412688193339,0.4193808861437614,0.7019596089251858,1.748383170211148,0.9234600044436688,-0.8970105537315503
0.4210777262745461,-0.16988837225830958,-0.4640291883353377,0.018791264651596317,0.5863641561691995,0.2945243112739994,0.8851069146098838,0.4883225132218661,-0.0675320464907703,0.4179011918035091,0.7029277966279065,1.7506746189867268,0.9267824394385372,-0.8973889529233368
0.4210777262745461,-0.16988837225830958,-0.4640291883353377,0.018791264651596317,0.5863641561691995,0.2945243112739994,0.8851069146098838,0.4888311922786565,-0.0696228241622067,0.4164214974632568,0.7038959843306271,1.7529660677623058,0.9301048744334058,-0.8977673521151233
0.4210777262745461,-0.16988837225830958,-0.4640291883353377,0.018791264651596317,0.5863641561691995,0.2945243112739994,0.8851069146098838,0.489339871335447,-0.071713601833643,0.4149418031230044,0.7048641720333476,1.7552575165378848,0.9334273094282742,-0.8981457513069098
0.4210777262745461,-0.16988837225830958,-0.4640291883353377,0.018791264651596317,0.5863641561691995,0.2945243112739994,0.8851069146098838,0.4876008769336675,0.1547888962842858,0.4203799355457382,0.7020400723866551,1.7426449524435252,0.9139885770753308,-0.8962046498907874
0.4210777262745461,-0.16988837225830958,-0.4640291883353377,0.018791264651596317,0.5863641561691995,0.2945243112739994,0.8851069146098838,0.4873928971193875,0.153604611942105,0.4218502936277977,0.7010801150845813,1.7404396411739114,0.9107378576675356,-0.8958346951528663
0.4210777262745461,-0.16988837225830958,-0.4640291883353377,0.018791264651596317,0.5863641561691995,0.2945243112739994,0.8851069146098838,0.4871849173051076,0.1524203275999242,0.4233206517098571,0.7001201577825076,1.7382343299042975,0.9074871382597404,-0.8954647404149454
0.4210777262745461,-0.16988837225830958,-0.4640291883353377,0.018791264651596317,0.5863641561691995,0.2945243112739994,0.8851069146098838,0.4869769374908277,0.1512360432577435,0.4247910097919167,0.6991602004804338,1.736029018634684,0.9042364188519452,-0.8950947856770243
0.4210777262745461,-0.16988837225830958,-0.4640291883353377,0.018791264651596317,0.5863641561691995,0.2945243112739994,0.8851069146098838,0.4867689576765477,0.1500517589155627,0.4262613678739761,0.69820024317836,1.7338237073650702,0.90098569944415,-0.8947248309391034
0.4210777262745461,-0.16988837225830958,-0.4640291883353377,0.018791264651596317,0.5863641561691995,0.2945243112739994,0.8851069146098838,0.4865609778622679,0.1488674745733819,0.4277317259560356,0.6972402858762862,1.7316183960954563,0.8977349800363549,-0.8943548762011823
0.4210777262745461,-0.16988837225830958,-0.4640291883353377,0.018791264651596317,0.5863641561691995,0.2945243112739994,0.8851069146098838,0.486352998047988,0.1476831902312011,0.429202084038095,0.6962803285742124,1.7294130848258429,0.8944842606285597,-0.8939849214632611
0.4210777262745461,-0.16988837225830958,-0.4640291883353377,0.018791264651596317,0.5863641561691995,0.2945243112739994,0.8851069146098838,0.4861450182337081,0.1464989058890204,0.4306724421201545,0.6953203712721386,1.7272077735562288,0.8912335412207645,-0.8936149667253402
0.4210777262745461,-0.16988837225830958,-0.4640291883353377,0.018791264651596317,0.5863641561691995,0.2945243112739994,0.8851069146098838,0.4859370384194281,0.1453146215468396,0.432142800202214,0.6943604139700649,1.7250024622866151,0.8879828218129693,-0.8932450119874191
0.4210777262745461,-0.16988837225830958,-0.4640291883353377,0.018791264651596317,0.5863641561691995,0.2945243112739994,0.8851069146098838,0.4857290586051482,0.1441303372046588,0.4336131582842734,0.6934004566679911,1.7227971510170017,0.8847321024051741,-0.8928750572494981
0.4210777262745461,-0.16988837225830958,-0.4640291883353377,0.018791264651596317,0.5863641561691995,0.2945243112739994,0.8851069146098838,0.4855210787908683,0.142946052862478,0.4350835163663329,0.6924404993659173,1.7205918397473876,0.8814813829973789,-0.8925051025115771
0.4210777262745461,-0.16988837225830958,-0.4640291883353377,0.018791264651596317,0.5863641561691995,0.2945243112739994,0.8851069146098838,0.4853130989765883,0.1417617685202973,0.4365538744483923,0.6914805420638436,1.7183865284777735,0.8782306635895837,-0.892135147773656
0.4210777262745461,-0.16988837225830958,-0.4640291883353377,0.018791264651596317,0.5863641561691995,0.2945243112739994,0.8851069146098838,0.4851051191623084,0.1405774841781165,0.4380242325304518,0.6905205847617698,1.71618121720816,0.8749799441817885,-0.8917651930357351
0.4210777262745461,-0.16988837225830958,-0.4640291883353377,0.018791264651596317,0.5863641561691995,0.2945243112739994,0.8851069146098838,0.4848971393480286,0.1393931998359357,0.4394945906125113,0.689560627459696,1.7139759059385469,0.8717292247739934,-0.8913952382978141
0.4210777262745461,-0.16988837225830958,-0.4640291883353377,0.018791264651596317,0.5863641561691995,0.2945243112739994,0.8851069146098838,0.4846891595337486,0.1382089154937549,0.4409649486945707,0.6886006701576222,1.7117705946689326,0.868478505366198,-0.891025283559893
0.4210777262745461,-0.16988837225830958,-0.4640291883353377,0.018791264651596317,0.5863641561691995,0.2945243112739994,0.8851069146098838,0.4844811797194687,0.1370246311515741,0.4424353067766302,0.6876407128555485,1.709565283399319,0.865227785958403,-0.8906553288219721
0.4210777262745461,-0.16988837225830958,-0.4640291883353377,0.018791264651596317,0.5863641561691995,0.2945243112739994,0.8851069146098838,0.4842731999051888,0.1358403468093934,0.4439056648586897,0.6866807555534747,1.707359972129705,0.8619770665506077,-0.890285374084051
0.4210777262745461,-0.16988837225830958,-0.4640291883353377,0.018791264651596317,0.5863641561691995,0.2945243112739994,0.8851069146098838,0.4840652200909089,0.1346560624672126,0.4453760229407492,0.685720798251401,1.7051546608600914,0.8587263471428126,-0.8899154193461299
0.4210777262745461,-0.16988837225830958,-0.4640291883353377,0.018791264651596317,0.5863641561691995,0.2945243112739994,0.8851069146098838,0.483857240276629,0.1334717781250318,0.4468463810228086,0.6847608409493272,1.7029493495904775,0.8554756277350173,-0.8895454646082089
0.4210777262745461,-0.16988837225830958,-0.4640291883353377,0.018791264651596317,0.5863641561691995,0.2945243112739994,0.8851069146098838,0.4836492604623491,0.132287493782851,0.4483167391048681,0.6838008836472534,1.7007440383208638,0.8522249083272222,-0.8891755098702879
0.4210777262745461,-0.16988837225830958,-0.4640291883353377,0.018791264651596317,0.5863641561691995,0.2945243112739994,0.8851069146098838,0.4834412806480691,0.1311032094406702,0.4497870971869276,0.6828409263451797,1.6985387270512502,0.8489741889194269,-0.8888055551323668
0.4210777262745461,-0.16988837225830958,-0.4640291883353377,0.018791264651596317,0.5863641561691995,0.2945243112739994,0.8851069146098838,0.4832333008337892,0.1299189250984895,0.4512574552689871,0.6818809690431058,1.6963334157816363,0.8457234695116318,-0.8884356003944458
0.4210777262745461,-0.16988837225830958,-0.4640291883353377,0.018791264651596317,0.5863641561691995,0.2945243112739994,0.8851069146098838,0.4830253210195093,0.1287346407563087,0.4527278133510465,0.680921011741032,1.6941281045120224,0.8424727501038365,-0.8880656456565248
0.4210777262745461,-0.16988837225830958,-0.4640291883353377,0.018791264651596317,0.5863641561691995,0.2945243112739994,0.8851069146098838,0.4828173412052294,0.1275503564141279,0.454198171433106,0.6799610544389583,1.6919227932424088,0.8392220306960414,-0.8876956909186038
0.4210777262745461,-0.16988837225830958,-0.4640291883353377,0.018791264651596317,0.5863641561691995,0.2945243112739994,0.8851069146098838,0.4826093613909495,0.1263660720719471,0.4556685295151654,0.6790010971368845,1.6897174819727951,0.8359713112882461,-0.8873257361806828
0.4210777262745461,-0.16988837225830958,-0.4640291883353377,0.018791264651596317,0.5863641561691995,0.2945243112739994,0.8851069146098838,0.4824013815766695,0.1251817877297664,0.4571388875972249,0.6780411398348107,1.6875121707031813,0.8327205918804509,-0.8869557814427617
0.4210777262745461,-0.16988837225830958,-0.4640291883353377,0.018791264651596317,0.5863641561691995,0.2945243112739994,0.8851069146098838,0.4821934017623896,0.1239975033875856,0.4586092456792844,0.677081182532737,1.6853068594335674,0.8294698724726557,-0.8865858267048407
0.4210777262745461,-0.16988837225830958,-0.4640291883353377,0.018791264651596317,0.5863641561691995,0.2945243112739994,0.8851069146098838,0.4819854219481097,0.1228132190454048,0.4600796037613438,0.6761212252306632,1.683101548163954,0.8262191530648605,-0.8862158719669196
0.4210777262745461,-0.16988837225830958,-0.4640291883353377,0.018791264651596317,0.5863641561691995,0.2945243112739994,0.8851069146098838,0.4817774421338298,0.121628934703224,0.4615499618434033,0.6751612679285894,1.68089623689434,0.8229684336570653,-0.8858459172289986
0.4210777262745461,-0.16988837225830958,-0.4640291883353377,0.018791264651596317,0.5863641561691995,0.2945243112739994,0.8851069146098838,0.4815694623195498,0.1204446503610432,0.4630203199254628,0.6742013106265157,1.6786909256247262,0.8197177142492701,-0.8854759624910776
0.4210777262745461,-0.16988837225830958,-0.4640291883353377,0.018791264651596317,0.5863641561691995,0.2945243112739994,0.8851069146098838,0.48136148250527,0.1192603660188625,0.4644906780075222,0.6732413533244418,1.6764856143551123,0.8164669948414749,-0.8851060077531565
0.4210777262745461,-0.16988837225830958,-0.4640291883353377,0.018791264651596317,0.5863641561691995,0.2945243112739994,0.8851069146098838,0.48115350269099,0.1180760816766817,0.4659610360895816,0.672281396022368,1.6742803030854987,0.8132162754336797,-0.8847360530152355
0.4210777262745461,-0.16988837225830958,-0.4640291883353377,0.018791264651596317,0.5863641561691995,0.2945243112739994,0.8851069146098838,0.4809455228767101,0.1168917973345009,0.4674313941716411,0.6713214387202943,1.6720749918158848,0.8099655560258845,-0.8843660982773145
0.4210777262745461,-0.16988837225830958,-0.4640291883353377,0.018791264651596317,0.5863641561691995,0.2945243112739994,0.8851069146098838,0.4807375430624302,0.1157075129923201,0.4689017522537007,0.6703614814182205,1.6698696805462712,0.8067148366180893,-0.8839961435393935
0.4210777262745461,-0.16988837225830958,-0.4640291883353377,0.018791264651596317,0.5863641561691995,0.2945243112739994,0.8851069146098838,0.4805295632481502,0.1145232286501393,0.4703721103357601,0.6694015241161467,1.6676643692766575,0.8034641172102941,-0.8836261888014725
0.4210777262745461,-0.16988837225830958,-0.4640291883353377,0.018791264651596317,0.5863641561691995,0.2945243112739994,0.8851069146098838,0.4803215834338703,0.1133389443079586,0.4718424684178195,0.668441566814073,1.6654590580070436,0.8002133978024989,-0.8832562340635514
0.4210777262745461,-0.16988837225830958,-0.4640291883353377,0.018791264651596317,0.5863641561691995,0.2945243112739994,0.8851069146098838,0.4801136036195905,0.1121546599657778,0.473312826499879,0.6674816095119993,1.66325374673743,0.7969626783947038,-0.8828862793256305
0.4210777262745461,-0.16988837225830958,-0.4640291883353377,0.018791264651596317,0.5863641561691995,0.2945243112739994,0.8851069146098838,0.4799056238053105,0.110970375623597,0.4747831845819384,0.6665216522099253,1.661048435467816,0.7937119589869085,-0.8825163245877093
0.4210777262745461,-0.16988837225830958,-0.4640291883353377,0.018791264651596317,0.5863641561691995,0.2945243112739994,0.8851069146098838,0.4796976439910307,0.1097860912814162,0.476253542663998,0.6655616949078518,1.658843124198203,0.7904612395791133,-0.8821463698497883
0.4210777262745461,-0.16988837225830958,-0.4640291883353377,0.018791264651596317,0.5863641561691995,0.2945243112739994,0.8851069146098838,0.4794896641767507,0.1086018069392354,0.4777239007460574,0.6646017376057778,1.6566378129285886,0.7872105201713181,-0.8817764151118673
0.4210777262745461,-0.16988837225830958,-0.4640291883353377,0.018791264651596317,0.5863641561691995,0.2945243112739994,0.8851069146098838,0.4792816843624709,0.1074175225970547,0.4791942588281169,0.6636417803037041,1.654432501658975,0.7839598007635229,-0.8814064603739463
0.4210777262745461,-0.16988837225830958,-0.4640291883353377,0.018791264651596317,0.5863641561691995,0.2945243112739994,0.8851069146098838,0.4790737045481909,0.1062332382548739,0.4806646169101763,0.6626818230016304,1.652227190389361,0.7807090813557278,-0.8810365056360252
0.4210777262745461,-0.16988837225830958,-0.4640291883353377,0.018791264651596317,0.5863641561691995,0.2945243112739994,0.8851069146098838,0.478865724733911,0.1050489539126931,0.4821349749922358,0.6617218656995566,1.6500218791197474,0.7774583619479325,-0.8806665508981043
0.4210777262745461,-0.16988837225830958,-0.4640291883353377,0.018791264651596317,0.5863641561691995,0.2945243112739994,0.8851069146098838,0.4786577449196311,0.1038646695705124,0.4836053330742953,0.6607619083974828,1.6478165678501338,0.7742076425401374,-0.8802965961601832
0.4210777262745461,-0.16988837225830958,-0.4640291883353377,0.018791264651596317,0.5863641561691995,0.2945243112739994,0.8851069146098838,0.4784497651053511,0.1026803852283316,0.4850756911563548,0.6598019510954091,1.64561125658052,0.7709569231323421,-0.8799266414222622
0.4210777262745461,-0.16988837225830958,-0.4640291883353377,0.018791264651596317,0.5863641561691995,0.2945243112739994,0.8851069146098838,0.4782417852910712,0.1014961008861508,0.4865460492384142,0.6588419937933353,1.6434059453109062,0.767706203724547,-0.8795566866843412
0.4210777262745461,-0.16988837225830958,-0.4640291883353377,0.018791264651596317,0.5863641561691995,0.2945243112739994,0.8851069146098838,0.4780338054767913,0.10031181654397,0.4880164073204737,0.6578820364912614,1.6412006340412923,0.7644554843167517,-0.87918673194642
0.4210777262745461,-0.16988837225830958,-0.4640291883353377,0.018791264651596317,0.5863641561691995,0.2945243112739994,0.8851069146098838,0.4778258256625114,0.0991275322017893,0.4894867654025331,0.6569220791891877,1.6389953227716785,0.7612047649089566,-0.8788167772084992
0.4210777262745461,-0.16988837225830958,-0.4640291883353377,0.018791264651596317,0.5863641561691995,0.2945243112739994,0.8851069146098838,0.4776178458482314,0.0979432478596085,0.4909571234845926,0.6559621218871139,1.6367900115020646,0.7579540455011613,-0.878446822470578
0.4210777262745461,-0.16988837225830958,-0.4640291883353377,0.018791264651596317,0.5863641561691995,0.2945243112739994,0.8851069146098838,0.4774098660339515,0.0967589635174277,0.492427481566652,0.6550021645850401,1.6345847002324512,0.7547033260933662,-0.878076867732657
0.4210777262745461,-0.16988837225830958,-0.4640291883353377,0.018791264651596317,0.5863641561691995,0.2945243112739994,0.8851069146098838,0.4772018862196716,0.0955746791752469,0.4938978396487116,0.6540422072829664,1.6323793889628373,0.7514526066855709,-0.877706912994736
0.4210777262745461,-0.16988837225830958,-0.4640291883353377,0.018791264651596317,0.5863641561691995,0.2945243112739994,0.8851069146098838,0.4769939064053917,0.0943903948330661,0.495368197730771,0.6530822499808926,1.6301740776932234,0.7482018872777757,-0.8773369582568149
0.4210777262745461,-0.16988837225830958,-0.4640291883353377,0.018791264651596317,0.5863641561691995,0.2945243112739994,0.8851069146098838,0.4767859265911118,0.0932061104908854,0.4968385558128305,0.6521222926788188,1.62796876642361,0.7449511678699805,-0.8769670035188939
0.4210777262745461,-0.16988837225830958,-0.4640291883353377,0.018791264651596317,0.5863641561691995,0.2945243112739994,0.8851069146098838,0.4765779467768318,0.0920218261487046,0.4983089138948899,0.6511623353767451,1.625763455153996,0.7417004484621853,-0.8765970487809729
0.4210777262745461,-0.16988837225830958,-0.4640291883353377,0.018791264651596317,0.5863641561691995,0.2945243112739994,0.8851069146098838,0.4763699669625519,0.0908375418065238,0.4997792719769494,0.6502023780746713,1.6235581438843822,0.7384497290543901,-0.8762270940430519
0.4210777262745461,-0.16988837225830958,-0.4640291883353377,0.018791264651596317,0.5863641561691995,0.2945243112739994,0.8851069146098838,0.476161987148272,0.089653257464343,0.5012496300590089,0.6492424207725975,1.6213528326147684,0.7351990096465949,-0.8758571393051309
0.4210777262745461,-0.16988837225830958,-0.4640291883353377,0.018791264651596317,0.5863641561691995,0.2945243112739994,0.8851069146098838,0.4759540073339921,0.0884689731221623,0.5027199881410683,0.6482824634705238,1.6191475213451547,0.7319482902387997,-0.8754871845672098
0.4210777262745461,-0.16988837225830958,-0.4640291883353377,0.018791264651596317,0.5863641561691995,0.2945243112739994,0.8851069146098838,0.4757460275197123,0.0872846887799815,0.5041903462231279,0.64732250616845,1.616942210075541,0.7286975708310046,-0.8751172298292889
0.4210777262745461,-0.16988837225830958,-0.4640291883353377,0.018791264651596317,0.5863641561691995,0.2945243112739994,0.8851069146098838,0.4755380477054323,0.0861004044378007,0.5056607043051873,0.6463625488663761,1.6147368988059272,0.7254468514232093,-0.8747472750913676
0.4210777262745461,-0.16988837225830958,-0.4640291883353377,0.018791264651596317,0.5863641561691995,0.2945243112739994,0.8851069146098838,0.4753300678911524,0.0849161200956199,0.5071310623872468,0.6454025915643025,1.6125315875363135,0.7221961320154142,-0.8743773203534468
0.4210777262745461,-0.16988837225830958,-0.4640291883353377,0.018791264651596317,0.5863641561691995,0.2945243112739994,0.8851069146098838,0.4751220880768724,0.0837318357534391,0.5086014204693062,0.6444426342622286,1.6103262762666997,0.7189454126076189,-0.8740073656155256
0.4210777262745461,-0.16988837225830958,-0.4640291883353377,0.018791264651596317,0.5863641561691995,0.2945243112739994,0.8851069146098838,0.4749141082625925,0.0825475514112584,0.5100717785513658,0.6434826769601549,1.608120964997086,0.7156946931998238,-0.8736374108776047
0.4210777262745461,-0.16988837225830958,-0.4640291883353377,0.018791264651596317,0.5863641561691995,0.2945243112739994,0.8851069146098838,0.4747061284483126,0.0813632670690776,0.5115421366334252,0.6425227196580809,1.605915653727472,0.7124439737920285,-0.8732674561396836
0.4210777262745461,-0.16988837225830958,-0.4640291883353377,0.018791264651596317,0.5863641561691995,0.2945243112739994,0.8851069146098838,0.4744981486340327,0.0801789827268968,0.5130124947154846,0.6415627623560074,1.6037103424578585,0.7091932543842334,-0.8728975014017626
0.4210777262745461,-0.16988837225830958,-0.4640291883353377,0.018791264651596317,0.5863641561691995,0.2945243112739994,0.8851069146098838,0.4742901688197528,0.078994698384716,0.514482852797544,0.6406028050539334,1.6015050311882446,0.7059425349764381,-0.8725275466638416
0.4210777262745461,-0.16988837225830958,-0.4640291883353377,0.018791264651596317,0.5863641561691995,0.2945243112739994,0.8851069146098838,0.4740821890054729,0.0778104140425353,0.5159532108796036,0.6396428477518598,1.599299719918631,0.702691815568643,-0.8721575919259206
0.4210777262745461,-0.16988837225830958,-0.4640291883353377,0.018791264651596317,0.5863641561691995,0.2945243112739994,0.8851069146098838,0.4738742091911929,0.0766261297003545,0.517423568961663,0.6386828904497859,1.597094408649017,0.6994410961608477,-0.8717876371879995
0.4210777262745461,-0.16988837225830958,-0.4640291883353377,0.018791264651596317,0.5863641561691995,0.2945243112739994,0.8851069146098838,0.473666229376913,0.0754418453581737,0.5188939270437225,0.6377229331477122,1.5948890973794034,0.6961903767530526,-0.8714176824500786
0.4210777262745461,-0.16988837225830958,-0.4640291883353377,0.018791264651596317,0.5863641561691995,0.2945243112739994,0.8851069146098838,0.473458249562633,0.0742575610159929,0.5203642851257819,0.6367629758456383,1.5926837861097896,0.6929396573452573,-0.8710477277121573
0.4210777262745461,-0.16988837225830958,-0.4640291883353377,0.018791264651596317,0.5863641561691995,0.2945243112739994,0.8851069146098838,0.4732502697483531,0.0730732766738121,0.5218346432078415,0.6358030185435646,1.590478474840176,0.6896889379374622,-0.8706777729742365
0.4210777262745461,-0.16988837225830958,-0.4640291883353377,0.018791264651596317,0.5863641561691995,0.2945243112739994,0.8851069146098838,0.4730422899340732,0.0718889923316314,0.5233050012899009,0.6348430612414908,1.5882731635705625,0.6864382185296669,-0.8703078182363154
0.4210777262745461,-0.16988837225830958,-0.4640291883353377,0.018791264651596317,0.5863641561691995,0.2945243112739994,0.8851069146098838,0.4728343101197934,0.0707047079894506,0.5247753593719604,0.633883103939417,1.5860678523009484,0.6831874991218718,-0.8699378634983943
0.4210777262745461,-0.16988837225830958,-0.4640291883353377,0.018791264651596317,0.5863641561691995,0.2945243112739994,0.8851069146098838,0.4726263303055135,0.0695204236472698,0.5262457174540198,0.6329231466373433,1.5838625410313345,0.6799367797140765,-0.8695679087604734
0.4210777262745461,-0.16988837225830958,-0.4640291883353377,0.018791264651596317,0.5863641561691995,0.2945243112739994,0.8851069146098838,0.4724183504912335,0.068336139305089,0.5277160755360792,0.6319631893352695,1.5816572297617206,0.6766860603062814,-0.8691979540225523
0.4210777262745461,-0.16988837225830958,-0.4640291883353377,0.018791264651596317,0.5863641561691995,0.2945243112739994,0.8851069146098838,0.4722103706769536,0.0671518549629083,0.5291864336181387,0.6310032320331957,1.5794519184921072,0.6734353408984861,-0.8688279992846313
0.4210777262745461,-0.16988837225830958,-0.4640291883353377,0.018791264651596317,0.5863641561691995,0.2945243112739994,0.8851069146098838,0.4720023908626737,0.0659675706207275,0.5306567917001982,0.630043274731122,1.577246607222493,0.670184621490691,-0.8684580445467103
0.4210777262745461,-0.16988837225830958,-0.4640291883353377,0.018791264651596317,0.5863641561691995,0.2945243112739994,0.8851069146098838,0.4717944110483938,0.0647832862785467,0.5321271497822577,0.6290833174290482,1.5750412959528794,0.6669339020828958,-0.8680880898087893
0.4210777262745461,-0.16988837225830958,-0.4640291883353377,0.018791264651596317,0.5863641561691995,0.2945243112739994,0.8851069146098838,0.4715864312341138,0.0635990019363659,0.5335975078643171,0.6281233601269745,1.572835984683266,0.6636831826751005,-0.8677181350708683
0.4210777262745461,-0.16988837225830958,-0.4640291883353377,0.018791264651596317,0.5863641561691995,0.2945243112739994,0.8851069146098838,0.4713784514198339,0.0624147175941851,0.5350678659463766,0.6271634028249007,1.570630673413652,0.6604324632673054,-0.8673481803329472
0.4210777262745461,-0.16988837225830958,-0.4640291883353377,0.018791264651596317,0.5863641561691995,0.2945243112739994,0.8851069146098838,0.471170471605554,0.0612304332520044,0.536538224028436,0.6262034455228269,1.5684253621440385,0.6571817438595101,-0.8669782255950262
0.4210777262745461,-0.16988837225830958,-0.4640291883353377,0.018791264651596317,0.5863641561691995,0.2945243112739994,0.8851069146098838,0.4709624917912741,0.0600461489098236,0.5380085821104956,0.6252434882207532,1.5662200508744244,0.653931024451715,-0.8666082708571051
0.4210777262745461,-0.16988837225830958,-0.4640291883353377,0.018791264651596317,0.5863641561691995,0.2945243112739994,0.8851069146098838,0.4707545119769942,0.0588618645676428,0.539478940192555,0.6242835309186794,1.564014739604811,0.6506803050439197,-0.866238316119184
0.4210777262745461,-0.16988837225830958,-0.4640291883353377,0.018791264651596317,0.5863641561691995,0.2945243112739994,0.8851069146098838,0.4705465321627143,0.0576775802254621,0.5409492982746145,0.6233235736166056,1.561809428335197,0.6474295856361247,-0.8658683613812632
0.4210777262745461,-0.16988837225830958,-0.4640291883353377,0.018791264651596317,0.5863641561691995,0.2945243112739994,0.8851069146098838,0.4703385523484343,0.0564932958832813,0.5424196563566739,0.6223636163145317,1.5596041170655832,0.6441788662283293,-0.865498406643342
0.4210777262745461,-0.16988837225830958,-0.4640291883353377,0.018791264651596317,0.5863641561691995,0.2945243112739994,0.8851069146098838,0.4701305725341544,0.0553090115411005,0.5438900144387334,0.6214036590124581,1.5573988057959696,0.6409281468205343,-0.8651284519054212
0.4210777262745461,-0.16988837225830958,-0.4640291883353377,0.018791264651596317,0.5863641561691995,0.2945243112739994,0.8851069146098838,0.4699225927198744,0.0541247271989197,0.5453603725207928,0.6204437017103842,1.5551934945263557,0.6376774274127389,-0.8647584971675
0.4210777262745461,-0.16988837225830958,-0.4640291883353377,0.018791264651596317,0.5863641561691995,0.2945243112739994,0.8851069146098838,0.4697146129055946,0.0529404428567389,0.5468307306028524,0.6194837444083106,1.552988183256742,0.6344267080049439,-0.864388542429579
0.4210777262745461,-0.16988837225830958,-0.4640291883353377,0.018791264651596317,0.5863641561691995,0.2945243112739994,0.8851069146098838,0.4695066330913147,0.0517561585145581,0.5483010886849118,0.6185237871062366,1.5507828719871282,0.6311759885971485,-0.864018587691658
0.4210777262745461,-0.16988837225830958,-0.4640291883353377,0.018791264651596317,0.5863641561691995,0.2945243112739994,0.8851069146098838,0.4692986532770348,0.0505718741723774,0.5497714467669712,0.617563829804163,1.5485775607175143,0.6279252691893534,-0.863648632953737
0.4210777262745461,-0.16988837225830958,-0.4640291883353377,0.018791264651596317,0.5863641561691995,0.2945243112739994,0.8851069146098838,0.4690906734627548,0.0493875898301966,0.5512418048490307,0.616603872502089,1.5463722494479006,0.6246745497815581,-0.8632786782158158
0.4210777262745461,-0.16988837225830958,-0.4640291883353377,0.018791264651596317,0.5863641561691995,0.2945243112739994,0.8851069146098838,0.468882693648475,0.0482033054880158,0.5527121629310903,0.6156439152000154,1.544166938178287,0.621423830373763,-0.8629087234778949
0.4210777262745461,-0.16988837225830958,-0.4640291883353377,0.018791264651596317,0.5863641561691995,0.2945243112739994,0.8851069146098838,0.468674713834195,0.047019021145835,0.5541825210131497,0.6146839578979415,1.541961626908673,0.6181731109659677,-0.8625387687399737
0.4210777262745461,-0.16988837225830958,-0.4640291883353377,0.018791264651596317,0.5863641561691995,0.2945243112739994,0.8851069146098838,0.4684667340199151,0.0458347368036543,0.5556528790952091,0.6137240005958678,1.5397563156390597,0.6149223915581726,-0.8621688140020529
0.4210777262745461,-0.16988837225830958,-0.4640291883353377,0.018791264651596317,0.5863641561691995,0.2945243112739994,0.8851069146098838,0.4682587542056351,0.0446504524614735,0.5571232371772685,0.612764043293794,1.5375510043694454,0.6116716721503773,-0.8617988592641317
0.4210777262745461,-0.16988837225830958,-0.4640291883353377,0.018791264651596317,0.5863641561691995,0.2945243112739994,0.8851069146098838,0.4680507743913552,0.0434661681192927,0.5585935952593281,0.6118040859917202,1.535345693099832,0.6084209527425822,-0.8614289045262107
0.4210777262745461,-0.16988837225830958,-0.4640291883353377,0.018791264651596317,0.5863641561691995,0.2945243112739994,0.8851069146098838,0.4678427945770753,0.0422818837771119,0.5600639533413876,0.6108441286896464,1.533140381830218,0.605170233334787,-0.8610589497882897
0.4210777262745461,-0.16988837225830958,-0.4640291883353377,0.018791264651596317,0.5863641561691995,0.2945243112739994,0.8851069146098838,0.4676348147627954,0.0410975994349312,0.561534311423447,0.6098841713875727,1.5309350705606044,0.6019195139269918,-0.8606889950503687
0.4210777262745461,-0.16988837225830958,-0.4640291883353377,0.018791264651596317,0.5863641561691995,0.2945243112739994,0.8851069146098838,0.4674268349485155,0.0399133150927504,0.5630046695055064,0.6089242140854989,1.5287297592909908,0.5986687945191966,-0.8603190403124477
0.4210777262745461,-0.16988837225830958,-0.4640291883353377,0.018791264651596317,0.5863641561691995,0.2945243112739994,0.8851069146098838,0.4672188551342356,0.0387290307505696,0.5644750275875658,0.6079642567834251,1.5265244480213769,0.5954180751114014,-0.8599490855745267
0.4210777262745461,-0.16988837225830958,-0.4640291883353377,0.018791264651596317,0.5863641561691995,0.2945243112739994,0.8851069146098838,0.4670108753199556,0.0375447464083888,0.5659453856696254,0.6070042994813514,1.524319136751763,0.5921673557036062,-0.8595791308366056
0.4210777262745461,-0.16988837225830958,-0.4640291883353377,0.018791264651596317,0.5863641561691995,0.2945243112739994,0.8851069146098838,0.4668028955056758,0.0363604620662081,0.5674157437516849,0.6060443421792776,1.5221138254821494,0.588916636295811,-0.8592091760986846
0.4210777262745461,-0.16988837225830958,-0.4640291883353377,0.018791264651596317,0.5863641561691995,0.2945243112739994,0.8851069146098838,0.4665949156913959,0.0351761777240273,0.5688861018337443,0.6050843848772038,1.5199085142125357,0.5856659168880158,-0.8588392213607636
0.4210777262745461,-0.16988837225830958,-0.4640291883353377,0.018791264651596317,0.5863641561691995,0.2945243112739994,0.8851069146098838,0.4663869358771159,0.0339918933818465,0.5703564599158037,0.6041244275751301,1.5177032029429218,0.5824151974802206,-0.8584692666228426
0.4210777262745461,-0.16988837225830958,-0.4640291883353377,0.018791264651596317,0.5863641561691995,0.2945243112739994,0.8851069146098838,0.466178956062836,0.0328076090396657,0.5718268179978633,0.6031644702730563,1.515497891673308,0.5791644780724254,-0.8580993118849214
0.4210777262745461,-0.16988837225830958,-0.4640291883353377,0.018791264651596317,0.5863641561691995,0.2945243112739994,0.8851069146098838,0.4659709762485561,0.0316233246974849,0.5732971760799227,0.6022045129709825,1.5132925804036943,0.5759137586646302,-0.8577293571470004
0.4210777262745461,-0.16988837225830958,-0.4640291883353377,0.018791264651596317,0.5863641561691995,0.2945243112739994,0.8851069146098838,0.4657629964342762,0.0304390403553042,0.5747675341619822,0.6012445556689088,1.5110872691340806,0.572663039256835,-0.8573594024090794
0.4210777262745461,-0.16988837225830958,-0.4640291883353377,0.018791264651596317,0.5863641561691995,0.2945243112739994,0.8851069146098838,0.4655550166199962,0.0292547560131234,0.5762378922440416,0.600284598366835,1.5088819578644668,0.5694123198490398,-0.8569894476711584
0.4210777262745461,-0.16988837225830958,-0.4640291883353377,0.018791264651596317,0.5863641561691995,0.2945243112739994,0.8851069146098838,0.4653470368057164,0.0280704716709426,0.5777082503261011,0.5993246410647612,1.506676646594853,0.5661616004412446,-0.8566194929332374
0.4210777262745461,-0.16988837225830958,-0.4640291883353377,0.018791264651596317,0.5863641561691995,0.2945243112739994,0.8851069146098838,0.4651390569914364,0.0268861873287618,0.5791786084081606,0.5983646837626874,1.5044713353252392,0.5629108810334493,-0.8562495381953164
0.4210777262745461,-0.16988837225830958,-0.4640291883353377,0.018791264651596317,0.5863641561691995,0.2945243112739994,0.8851069146098838,0.4649310771771565,0.0257019029865811,0.5806489664902201,0.5974047264606136,1.5022660240556256,0.5596601616256542,-0.8558795834573953
0.4210777262745461,-0.16988837225830958,-0.4640291883353377,0.018791264651596317,0.5863641561691995,0.2945243112739994,0.8851069146098838,0.4647230973628766,0.0245176186444003,0.5821193245722796,0.5964447691585398,1.500060712786012,0.5564094422178589,-0.8555096287194743
0.4210777262745461,-0.16988837225830958,-0.4640291883353377,0.018791264651596317,0.5863641561691995,0.2945243112739994,0.8851069146098838,0.4645151175485967,0.0233333343022195,0.583589682654339,0.5954848118564661,1.4978554015163978,0.5531587228100638,-0.8551396739815533
0.4210777262745461,-0.16988837225830958,-0.4640291883353377,0.018791264651596317,0.5863641561691995,0.2945243112739994,0.8851069146098838,0.4643071377343167,0.0221490499600387,0.5850600407363984,0.5945248545543923,1.4956500902467842,0.5499080034022685,-0.8547697192436323
0.4210777262745461,-0.16988837225830958,-0.4640291883353377,0.018791264651596317,0.5863641561691995,0.2945243112739994,0.8851069146098838,0.4640991579200368,0.020964765617858,0.5865303988184578,0.5935648972523185,1.4934447789771703,0.5466572839944734,-0.8543997645057112
0.4210777262745461,-0.16988837225830958,-0.4640291883353377,0.018791264651596317,0.5863641561691995,0.2945243112739994,0.8851069146098838,0.463891178105757,0.0197804812756772,0.5880007569005175,0.5926049399502448,1.4912394677075569,0.5434065645866782,-0.8540298097677902
0.4210777262745461,-0.16988837225830958,-0.4640291883353377,0.018791264651596317,0.5863641561691995,0.2945243112739994,0.8851069146098838,0.463683198291477,0.0185961969334964,0.5894711149825769,0.591644982648171,1.4890341564379428,0.540155845178883,-0.8536598550298692
0.4210777262745461,-0.16988837225830958,-0.4640291883353377,0.018791264651596317,0.5863641561691995,0.2945243112739994,0.8851069146098838,0.4634752184771971,0.0174119125913156,0.5909414730646363,0.5906850253460972,1.4868288451683291,0.5369051257710878,-0.8532899002919481
0.4210777262745461,-0.16988837225830958,-0.4640291883353377,0.018791264651596317,0.5863641561691995,0.2945243112739994,0.8851069146098838,0.4632672386629172,0.0162276282491348,0.5924118311466957,0.5897250680440235,1.4846235338987157,0.5336544063632926,-0.8529199455540271
0.4210777262745461,-0.16988837225830958,-0.4640291883353377,0.018791264651596317,0.5863641561691995,0.2945243112739994,0.8851069146098838,0.4630592588486372,0.0150433439069541,0.5938821892287552,0.5887651107419496,1.4824182226291018,0.5304036869554974,-0.852549990816106
0.4210777262745461,-0.16988837225830958,-0.4640291883353377,0.018791264651596317,0.5863641561691995,0.2945243112739994,0.8851069146098838,0.4628512790343574,0.0138590595647733,0.5953525473108147,0.5878051534398758,1.480212911359488,0.5271529675477022,-0.852180036078185
0.4210777262745461,-0.16988837225830958,-0.4640291883353377,0.018791264651596317,0.5863641561691995,0.2945243112739994,0.8851069146098838,0.4626432992200774,0.0126747752225925,0.5968229053928742,0.5868451961378021,1.478007600089874,0.523902248139907,-0.851810081340264
0.4210777262745461,-0.16988837225830958,-0.4640291883353377,0.018791264651596317,0.5863641561691995,0.2945243112739994,0.8851069146098838,0.4624353194057975,0.0114904908804117,0.5982932634749336,0.5858852388357283,1.4758022888202604,0.5206515287321118,-0.851440126602343
0.4210777262745461,-0.16988837225830958,-0.4640291883353377,0.018791264651596317,0.5863641561691995,0.2945243112739994,0.8851069146098838,0.4622273395915176,0.010306206538231,0.5997636215569931,0.5849252815336545,1.4735969775506468,0.5174008093243166,-0.851070171864422
0.4210777262745461,-0.16988837225830958,-0.4640291883353377,0.018791264651596317,0.5863641561691995,0.2945243112739994,0.8851069146098838,0.4620193597772377,0.0091219221960502,0.6012339796390526,0.5839653242315808,1.471391666281033,0.5141500899165214,-0.8507002171265009
0.4210777262745461,-0.16988837225830958,-0.4640291883353377,0.018791264651596317,0.5863641561691995,0.2945243112739994,0.8851069146098838,0.4618113799629578,0.0079376378538694,0.602704337721112,0.583005366929507,1.469186355011419,0.5108993705087262,-0.8503302623885798
0.4210777262745461,-0.16988837225830958,-0.4640291883353377,0.018791264651596317,0.5863641561691995,0.2945243112739994,0.8851069146098838,0.4616034001486778,0.0067533535116886,0.6041746958031715,0.5820454096274332,1.4669810437418054,0.507648651100931,-0.8499603076506589
0.4210777262745461,-0.16988837225830958,-0.4640291883353377,0.018791264651596317,0.5863641561691995,0.2945243112739994,0.8851069146098838,0.4613954203343979,0.0055690691695078,0.6056450538852309,0.5810854523253595,1.4647757324721915,0.5043979316931358,-0.8495903529127378
0.4210777262745461,-0.16988837225830958,-0.4640291883353377,0.018791264651596317,0.5863641561691995,0.2945243112739994,0.8851069146098838,0.461187440520118,0.0043847848273271,0.6071154119672904,0.5801254950232857,1.462570421202578,0.5011472122853406,-0.8492203981748169
0.4210777262745461,-0.16988837225830958,-0.4640291883353377,0.018791264651596317,0.5863641561691995,0.2945243112739994,0.8851069146098838,0.460979460705838,0.0032005004851463,0.6085857700493499,0.5791655377212119,1.460365109932964,0.4978964928775454,-0.8488504434368958
0.4210777262745461,-0.16988837225830958,-0.4640291883353377,0.018791264651596317,0.5863641561691995,0.2945243112739994,0.8851069146098838,0.4607714808915581,0.0020162161429655,0.6100561281314094,0.5782055804191382,1.4581597986633503,0.4946457734697502,-0.8484804886989747
0.4210777262745461,-0.16988837225830958,-0.4640291883353377,0.018791264651596317,0.5863641561691995,0.2945243112739994,0.8851069146098838,0.4605635010772783,0.0008319318007847,0.6115264862134688,0.5772456231170644,1.455954487393737,0.491395054061955,-0.8481105339610537
0.4210777262745461,-0.16988837225830958,-0.4640291883353377,0.018791264651596317,0.5863641561691995,0.2945243112739994,0.8851069146098838,0.4603555212629983,-0.000352352541396,0.6129968442955283,0.5762856658149906,1.4537491761241228,0.4881443346541598,-0.8477405792231327
0.4210777262745461,-0.16988837225830958,-0.4640291883353377,0.018791264651596317,0.5863641561691995,0.2945243112739994,0.8851069146098838,0.4601475414487184,-0.0015366368835767,0.6144672023775878,0.5753257085129169,1.451543864854509,0.4848936152463646,-0.8473706244852117
0.4210777262745461,-0.16988837225830958,-0.4640291883353377,0.018791264651596317,0.5863641561691995,0.2945243112739994,0.8851069146098838,0.4599395616344385,-0.0027209212257575,0.6159375604596472,0.574365751210843,1.4493385535848953,0.4816428958385694,-0.8470006697472906
0.4210777262745461,-0.16988837225830958,-0.4640291883353377,0.018791264651596317,0.5863641561691995,0.2945243112739994,0.8851069146098838,0.4597315818201586,-0.0039052055679383,0.6174079185417067,0.5734057939087692,1.4471332423152816,0.4783921764307742,-0.8466307150093697
0.4210777262745461,-0.16988837225830958,-0.4640291883353377,0.018791264651596317,0.5863641561691995,0.2945243112739994,0.8851069146098838,0.4595236020058786,-0.0050894899101191,0.6188782766237662,0.5724458366066955,1.444927931045668,0.475141457022979,-0.8462607602714486
0.4210777262745461,-0.16988837225830958,-0.4640291883353377,0.018791264651596317,0.5863641561691995,0.2945243112739994,0.8851069146098838,0.4593156221915987,-0.0062737742522998,0.6203486347058256,0.5714858793046217,1.442722619776054,0.4718907376151838,-0.8458908055335275
0.4210777262745461,-0.16988837225830958,-0.4640291883353377,0.018791264651596317,0.5863641561691995,0.2945243112739994,0.8851069146098838,0.4591076423773188,-0.0074580585944806,0.6218189927878851,0.5705259220025479,1.4405173085064402,0.4686400182073886,-0.8455208507956066
0.4210777262745461,-0.16988837225830958,-0.4640291883353377,0.018791264651596317,0.5863641561691995,0.2945243112739994,0.8851069146098838,0.4588996625630389,-0.0086423429366614,0.6232893508699445,0.5695659647004742,1.4383119972368266,0.4653892987995935,-0.8451508960576855
0.4210777262745461,-0.16988837225830958,-0.4640291883353377,0.018791264651596317,0.5863641561691995,0.2945243112739994,0.8851069146098838,0.458691682748759,-0.0098266272788422,0.6247597089520041,0.5686060073984004,1.436106685967213,0.4621385793917983,-0.8447809413197644
0.4210777262745461,-0.16988837225830958,-0.4640291883353377,0.018791264651596317,0.5863641561691995,0.2945243112739994,0.8851069146098838,0.4584837029344791,-0.0110109116210229,0.6262300670340635,0.5676460500963266,1.4339013746975988,0.4588878599840031,-0.8444109865818434
0.4210777262745461,-0.16988837225830958,-0.4640291883353377,0.018791264651596317,0.5863641561691995,0.2945243112739994,0.8851069146098838,0.4582757231201991,-0.0121951959632037,0.6277004251161229,0.5666860927942529,1.4316960634279852,0.4556371405762079,-0.8440410318439224
0.4210777262745461,-0.16988837225830958,-0.4640291883353377,0.018791264651596317,0.5863641561691995,0.2945243112739994,0.8851069146098838,0.4580677433059192,-0.0133794803053845,0.6291707831981824,0.5657261354921791,1.4294907521583715,0.4523864211684127,-0.8436710771060014
0.4210777262745461,-0.16988837225830958,-0.4640291883353377,0.018791264651596317,0.5863641561691995,0.2945243112739994,0.8851069146098838,0.4578597634916393,-0.0145637646475653,0.630641141280242,0.5647661781901052,1.427285440888758,0.4491357017606175,-0.8433011223680803
0.4210777262745461,-0.16988837225830958,-0.4640291883353377,0.018791264651596317,0.5863641561691995,0.2945243112739994,0.8851069146098838,0.4576517836773595,-0.015748048989746,0.6321114993623013,0.5638062208880315,1.425080129619144,0.4458849823528222,-0.8429311676301594
0.4210777262745461,-0.16988837225830958,-0.4640291883353377,0.018791264651596317,0.5863641561691995,0.2945243112739994,0.8851069146098838,0.4574438038630795,-0.0169323333319268,0.6335818574443608,0.5628462635859577,1.42287481834953,0.442634262945027,-0.8425612128922383
0.4210777262745461,-0.16988837225830958,-0.4640291883353377,0.018791264651596317,0.5863641561691995,0.2945243112739994,0.8851069146098838,0.4572358240487996,-0.0181166176741076,0.6350522155264203,0.5618863062838839,1.4206695070799165,0.4393835435372318,-0.8421912581543174
0.4210777262745461,-0.16988837225830958,-0.4640291883353377,0.018791264651596317,0.5863641561691995,0.2945243112739994,0.8851069146098838,0.4570278442345197,-0.0193009020162884,0.6365225736084797,0.5609263489818102,1.4184641958103028,0.4361328241294366,-0.8418213034163963
0.4210777262745461,-0.16988837225830958,-0.4640291883353377,0.018791264651596317,0.5863641561691995,0.2945243112739994,0.8851069146098838,0.4568198644202397,-0.0204851863584692,0.6379929316905392,0.5599663916797364,1.416258884540689,0.4328821047216414,-0.8414513486784752
0.4210777262745461,-0.16988837225830958,-0.4640291883353377,0.018791264651596317,0.5863641561691995,0.2945243112739994,0.8851069146098838,0.4566118846059598,-0.0216694707006499,0.6394632897725987,0.5590064343776626,1.4140535732710753,0.4296313853138462,-0.8410813939405541
0.4210777262745461,-0.16988837225830958,-0.4640291883353377,0.018791264651596317,0.5863641561691995,0.2945243112739994,0.8851069146098838,0.4564039047916799,-0.0228537550428307,0.6409336478546581,0.5580464770755889,1.4118482620014614,0.426380665906051,-0.8407114392026331
0.4210777262745461,-0.16988837225830958,-0.4640291883353377,0.018791264651596317,0.5863641561691995,0.2945243112739994,0.8851069146098838,0.4561959249773999,-0.0240380393850115,0.6424040059367176,0.5570865197735151,1.4096429507318475,0.4231299464982558,-0.8403414844647121
0.4210777262745461,-0.16988837225830958,-0.4640291883353377,0.018791264651596317,0.5863641561691995,0.2945243112739994,0.8851069146098838,0.4559879451631201,-0.0252223237271923,0.6438743640187772,0.5561265624714413,1.407437639462234,0.4198792270904606,-0.8399715297267911
0.4210777262745461,-0.16988837225830958,-0.4640291883353377,0.018791264651596317,0.5863641561691995,0.2945243112739994,0.8851069146098838,0.4557799653488401,-0.0264066080693731,0.6453447221008365,0.5551666051693676,1.40523232819262,0.4166285076826654,-0.83960157498887
0.4210777262745461,-0.16988837225830958,-0.4640291883353377,0.018791264651596317,0.5863641561691995,0.2945243112739994,0.8851069146098838,0.4555719855345602,-0.0275908924115538,0.646815080182896,0.5542066478672938,1.4030270169230064,0.4133777882748702,-0.8392316202509491
0.4210777262745461,-0.16988837225830958,-0.4640291883353377,0.018791264651596317,0.5863641561691995,0.2945243112739994,0.8851069146098838,0.4553640057202803,-0.0287751767537346,0.6482854382649554,0.55324669056522,1.4008217056533927,0.410127068867075,-0.838861665513028
0.4210777262745461,-0.16988837225830958,-0.4640291883353377,0.018791264651596317,0.5863641561691995,0.2945243112739994,0.8851069146098838,0.4551560259060004,-0.0299594610959154,0.649755796347015,0.5522867332631463,1.3986163943837788,0.4068763494592798,-0.8384917107751071
0.4210777262745461,-0.16988837225830958,-0.4640291883353377,0.018791264651596317,0.5863641561691995,0.2945243112739994,0.8851069146098838,0.4549480460917205,-0.0311437454380962,0.6512261544290745,0.5513267759610725,1.3964110831141652,0.4036256300514846,-0.838121756037186
0.4210777262745461,-0.16988837225830958,-0.4640291883353377,0.018791264651596317,0.5863641561691995,0.2945243112739994,0.8851069146098838,0.4547400662774405,-0.032328029780277,0.6526965125111338,0.5503668186589986,1.3942057718445513,0.4003749106436894,-0.837751801299265
0.4210777262745461,-0.16988837225830958,-0.4640291883353377,0.018791264651596317,0.5863641561691995,0.2945243112739994,0.8851069146098838,0.4545320864631607,-0.0335123141224577,0.6541668705931933,0.5494068613569248,1.3920004605749376,0.3971241912358942,-0.837381846561344
0.4210777262745461,-0.16988837225830958,-0.4640291883353377,0.018791264651596317,0.5863641561691995,0.2945243112739994,0.8851069146098838,0.4543241066488807,-0.0346965984646385,0.6556372286752529,0.5484469040548511,1.3897951493053238,0.393873471828099,-0.8370118918234228
0.4210777262745461,-0.16988837225830958,-0.4640291883353377,0.018791264651596317,0.5863641561691995,0.2945243112739994,0.8851069146098838,0.4541161268346008,-0.0358808828068193,0.6571075867573123,0.5474869467527773,1.38758983803571,0.3906227524203038,-0.8366419370855018
0.4210777262745461,-0.16988837225830958,-0.4640291883353377,0.018791264651596317,0.5863641561691995,0.2945243112739994,0.8851069146098838,0.4539081470203209,-0.0370651671490001,0.6585779448393717,0.5465269894507035,1.3853845267660962,0.3873720330125086,-0.8362719823475808
0.4210777262745461,-0.16988837225830958,-0.4640291883353377,0.018791264651596317,0.5863641561691995,0.2945243112739994,0.8851069146098838,0.453700167206041,-0.0382494514911808,0.6600483029214312,0.5455670321486298,1.3831792154964826,0.3841213136047135,-0.8359020276096598
0.4210777262745461,-0.16988837225830958,-0.4640291883353377,0.018791264651596317,0.5863641561691995,0.2945243112739994,0.8851069146098838,0.4534921873917611,-0.0394337358333616,0.6615186610034907,0.544607074846556,1.380973904226869,0.3808705941969183,-0.8355320728717388
0.4210777262745461,-0.16988837225830958,-0.4640291883353377,0.018791264651596317,0.5863641561691995,0.2945243112739994,0.8851069146098838,0.4532842075774811,-0.0406180201755424,0.6629890190855501,0.5436471175444823,1.378768592957255,0.3776198747891231,-0.8351621181338178
0.4210777262745461,-0.16988837225830958,-0.4640291883353377,0.018791264651596317,0.5863641561691995,0.2945243112739994,0.8851069146098838,0.4530762277632012,-0.0418023045177231,0.6644593771676096,0.5426871602424085,1.3765632816876412,0.3743691553813279,-0.8347921633958967
0.4210777262745461,-0.16988837225830958,-0.4640291883353377,0.018791264651596317,0.5863641561691995,0.2945243112739994,0.8851069146098838,0.4528682479489213,-0.0429865888599039,0.665929735249669,0.5417272029403347,1.3743579704180275,0.3711184359735327,-0.8344222086579757
0.4210777262745461,-0.16988837225830958,-0.4640291883353377,0.018791264651596317,0.5863641561691995,0.2945243112739994,0.8851069146098838,0.4526602681346414,-0.0441708732020847,0.6674000933317286,0.5407672456382608,1.3721526591484137,0.3678677165657375,-0.8340522539200547
0.4210777262745461,-0.16988837225830958,-0.4640291883353377,0.018791264651596317,0.5863641561691995,0.2945243112739994,0.8851069146098838,0.4524522883203615,-0.0453551575442655,0.668870451413788,0.5398072883361871,1.3699473478788,0.3646169971579423,-0.8336822991821335
0.4210777262745461,-0.16988837225830958,-0.4640291883353377,0.018791264651596317,0.5863641561691995,0.2945243112739994,0.8851069146098838,0.4522443085060815,-0.0465394418864463,0.6703408094958474,0.5388473310341133,1.367742036609186,0.3613662777501471,-0.8333123444442126
0.4210777262745461,-0.16988837225830958,-0.4640291883353377,0.018791264651596317,0.5863641561691995,0.2945243112739994,0.8851069146098838,0.4520363286918016,-0.047723726228627,0.6718111675779069,0.5378873737320395,1.3655367253395725,0.3581155583423519,-0.8329423897062915
0.4210777262745461,-0.16988837225830958,-0.4640291883353377,0.018791264651596317,0.5863641561691995,0.2945243112739994,0.8851069146098838,0.4518283488775217,-0.0489080105708078,0.6732815256599665,0.5369274164299658,1.3633314140699586,0.3548648389345566,-0.8325724349683705
0.4210777262745461,-0.16988837225830958,-0.4640291883353377,0.018791264651596317,0.5863641561691995,0.2945243112739994,0.8851069146098838,0.4516203690632418,-0.0500922949129886,0.6747518837420258,0.535967459127892,1.361126102800345,0.3516141195267615,-0.8322024802304495
0.4210777262745461,-0.16988837225830958,-0.4640291883353377,0.018791264651596317,0.5863641561691995,0.2945243112739994,0.8851069146098838,0.4514123892489619,-0.0512765792551694,0.6762222418240853,0.5350075018258182,1.3589207915307313,0.3483634001189662,-0.8318325254925285
0.4210777262745461,-0.16988837225830958,-0.4640291883353377,0.018791264651596317,0.5863641561691995,0.2945243112739994,0.8851069146098838,0.451204409434682,-0.0524608635973501,0.6776925999061448,0.5340475445237445,1.3567154802611174,0.345112680711171,-0.8314625707546075
0.4210777262745461,-0.16988837225830958,-0.4640291883353377,0.018791264651596317,0.5863641561691995,0.2945243112739994,0.8851069146098838,0.450996429620402,-0.0536451479395309,0.6791629579882043,0.5330875872216707,1.3545101689915036,0.3418619613033758,-0.8310926160166864
0.4210777262745461,-0.16988837225830958,-0.4640291883353377,0.018791264651596317,0.5863641561691995,0.2945243112739994,0.8851069146098838,0.4507884498061221,-0.0548294322817117,0.6806333160702638,0.532127629919597,1.35230485772189,0.3386112418955807,-0.8307226612787654
0.4210777262745461,-0.16988837225830958,-0.4640291883353377,0.018791264651596317,0.5863641561691995,0.2945243112739994,0.8851069146098838,0.4505804699918422,-0.0560137166238925,0.6821036741523232,0.5311676726175232,1.3500995464522765,0.3353605224877855,-0.8303527065408444
0.4210777262745461,-0.16988837225830958,-0.4640291883353377,0.018791264651596317,0.5863641561691995,0.2945243112739994,0.8851069146098838,0.4503724901775623,-0.0571980009660733,0.6835740322343826,0.5302077153154494,1.3478942351826624,0.3321098030799903,-0.8299827518029234
0.4210777262745461,-0.16988837225830958,-0.4640291883353377,0.018791264651596317,0.5863641561691995,0.2945243112739994,0.8851069146098838,0.4501645103632824,-0.058382285308254,0.6850443903164422,0.5292477580133756,1.3456889239130485,0.3288590836721951,-0.8296127970650023
0.4210777262745461,-0.16988837225830958,-0.4640291883353377,0.018791264651596317,0.5863641561691995,0.2945243112739994,0.8851069146098838,0.4499565305490025,-0.0595665696504348,0.6865147483985016,0.5282878007113019,1.3434836126434349,0.3256083642643999,-0.8292428423270812
0.4210777262745461,-0.16988837225830958,-0.4640291883353377,0.018791264651596317,0.5863641561691995,0.2945243112739994,0.8851069146098838,0.4497485507347226,-0.0607508539926156,0.6879851064805611,0.5273278434092281,1.3412783013738212,0.3223576448566047,-0.8288728875891602
0.4210777262745461,-0.16988837225830958,-0.4640291883353377,0.018791264651596317,0.5863641561691995,0.2945243112739994,0.8851069146098838,0.4495405709204426,-0.0619351383347964,0.6894554645626205,0.5263678861071542,1.339072990104207,0.3191069254488095,-0.8285029328512392
0.4210777262745461,-0.16988837225830958,-0.4640291883353377,0.018791264651596317,0.5863641561691995,0.2945243112739994,0.8851069146098838,0.4493325911061627,-0.0631194226769772,0.6909258226446799,0.5254079288050805,1.3368676788345937,0.3158562060410143,-0.8281329781133182
0.4210777262745461,-0.16988837225830958,-0.4640291883353377,0.018791264651596317,0.5863641561691995,0.2945243112739994,0.8851069146098838,0.4491246112918828,-0.0643037070191579,0.6923961807267395,0.5244479715030067,1.3346623675649798,0.3126054866332191,-0.8277630233753972
0.4210777262745461,-0.16988837225830958,-0.4640291883353377,0.018791264651596317,0.5863641561691995,0.2945243112739994,0.8851069146098838,0.4489166314776028,-0.0654879913613387,0.693866538808799,0.5234880142009329,1.332457056295366,0.3093547672254239,-0.8273930686374762
0.4210777262745461,-0.16988837225830958,-0.4640291883353377,0.018791264651596317,0.5863641561691995,0.2945243112739994,0.8851069146098838,0.4487086516633229,-0.0666722757035195,0.6953368968908583,0.5225280568988592,1.3302517450257525,0.3061040478176287,-0.8270231138995552
0.4210777262745461,-0.16988837225830958,-0.4640291883353377,0.018791264651596317,0.5863641561691995,0.2945243112739994,0.8851069146098838,0.4485006718490431,-0.0678565600457002,0.6968072549729178,0.5215680995967854,1.3280464337561386,0.3028533284098335,-0.8266531591616341
0.4210777262745461,-0.16988837225830958,-0.4640291883353377,0.018791264651596317,0.5863641561691995,0.2945243112739994,0.8851069146098838,0.4482926920347632,-0.069040844387881,0.6982776130549773,0.5206081422947116,1.325841122486525,0.2996026090020383,-0.8262832044237132
0.4210777262745461,-0.16988837225830958,-0.4640291883353377,0.018791264651596317,0.5863641561691995,0.2945243112739994,0.8851069146098838,0.4480847122204832,-0.0702251287300618,0.6997479711370368,0.5196481849926379,1.323635811216911,0.2963518895942432,-0.825913249685792
0.4210777262745461,-0.16988837225830958,-0.4640291883353377,0.018791264651596317,0.5863641561691995,0.2945243112739994,0.8851069146098838,0.4478767324062033,-0.0714094130722426,0.7012183292190962,0.5186882276905641,1.3214304999472972,0.293101170186448,-0.8255432949478709
0.4210777262745461,-0.16988837225830958,-0.4640291883353377,0.018791264651596317,0.5863641561691995,0.2945243112739994,0.8851069146098838,0.4476687525919234,-0.0725936974144234,0.7026886873011557,0.5177282703884903,1.3192251886776836,0.2898504507786528,-0.82517334020995
0.4210777262745461,-0.16988837225830958,-0.4640291883353377,0.018791264651596317,0.5863641561691995,0.2945243112739994,0.8851069146098838,0.4474607727776434,-0.0737779817566041,0.7041590453832152,0.5167683130864165,1.3170198774080697,0.2865997313708576,-0.8248033854720289
0.4210777262745461,-0.16988837225830958,-0.4640291883353377,0.018791264651596317,0.5863641561691995,0.2945243112739994,0.8851069146098838,0.4472527929633635,-0.0749622660987849,0.7056294034652746,0.5158083557843427,1.314814566138456,0.2833490119630623,-0.824433430734108
0.4210777262745461,-0.16988837225830958,-0.4640291883353377,0.018791264651596317,0.5863641561691995,0.2945243112739994,0.8851069146098838,0.4470448131490836,-0.0761465504409657,0.7070997615473341,0.5148483984822689,1.3126092548688424,0.2800982925552671,-0.8240634759961869
0.4210777262745461,-0.16988837225830958,-0.4640291883353377,0.018791264651596317,0.5863641561691995,0.2945243112739994,0.8851069146098838,0.4468368333348037,-0.0773308347831465,0.7085701196293935,0.5138884411801952,1.3104039435992283,0.2768475731474719,-0.8236935212582658
0.4210777262745461,-0.16988837225830958,-0.4640291883353377,0.018791264651596317,0.5863641561691995,0.2945243112739994,0.8851069146098838,0.4466288535205238,-0.0785151191253273,0.7100404777114531,0.5129284838781214,1.3081986323296146,0.2735968537396767,-0.8233235665203449
0.4210777262745461,-0.16988837225830958,-0.4640291883353377,0.018791264651596317,0.5863641561691995,0.2945243112739994,0.8851069146098838,0.4464208737062439,-0.079699403467508,0.7115108357935125,0.5119685265760476,1.305993321060001,0.2703461343318815,-0.8229536117824238
0.4210777262745461,-0.16988837225830958,-0.4640291883353377,0.018791264651596317,0.5863641561691995,0.2945243112739994,0.8851069146098838,0.446212893891964,-0.0808836878096888,0.7129811938755719,0.5110085692739739,1.3037880097903871,0.2670954149240863,-0.8225836570445029
0.4210777262745461,-0.16988837225830958,-0.4640291883353377,0.018791264651596317,0.5863641561691995,0.2945243112739994,0.8851069146098838,0.446004914077684,-0.0820679721518696,0.7144515519576314,0.5100486119719001,1.3015826985207737,0.2638446955162911,-0.8222137023065818
0.4210777262745461,-0.16988837225830958,-0.4640291883353377,0.018791264651596317,0.5863641561691995,0.2945243112739994,0.8851069146098838,0.4472449804251761,0.2238504574751472,0.7097077745554543,0.5135358584730438,1.305151124113654,0.2686102519888558,-0.8228816333163946
0.4210777262745461,-0.16988837225830958,-0.4640291883353377,0.018791264651596317,0.5863641561691995,0.2945243112739994,0.8851069146098838,0.4474554548797275,0.2223726371786032,0.708233944698292,0.5144925000408453,1.307401656075775,0.2719343372760529,-0.8232579539063473
0.4210777262745461,-0.16988837225830958,-0.4640291883353377,0.018791264651596317,0.5863641561691995,0.2945243112739994,0.8851069146098838,0.4476659293342788,0.2208948168820593,0.7067601148411298,0.5154491416086469,1.3096521880378964,0.27525842256325,-0.8236342744962998
0.4210777262745461,-0.16988837225830958,-0.4640291883353377,0.018791264651596317,0.5863641561691995,0.2945243112739994,0.8851069146098838,0.4478764037888302,0.2194169965855153,0.7052862849839675,0.5164057831764484,1.3119027200000173,0.2785825078504471,-0.8240105950862524
0.4210777262745461,-0.16988837225830958,-0.4640291883353377,0.018791264651596317,0.5863641561691995,0.2945243112739994,0.8851069146098838,0.4480868782433815,0.2179391762889714,0.7038124551268052,0.5173624247442499,1.3141532519621386,0.2819065931376441,-0.8243869156762049
0.4210777262745461,-0.16988837225830958,-0.4640291883353377,0.018791264651596317,0.5863641561691995,0.2945243112739994,0.8851069146098838,0.4482973526979329,0.2164613559924274,0.702338625269643,0.5183190663120514,1.3164037839242595,0.2852306784248412,-0.8247632362661576
0.4210777262745461,-0.16988837225830958,-0.4640291883353377,0.018791264651596317,0.5863641561691995,0.2945243112739994,0.8851069146098838,0.4485078271524842,0.2149835356958835,0.7008647954124808,0.5192757078798529,1.3186543158863808,0.2885547637120383,-0.8251395568561101
0.4210777262745461,-0.16988837225830958,-0.4640291883353377,0.018791264651596317,0.5863641561691995,0.2945243112739994,0.8851069146098838,0.4487183016070356,0.2135057153993395,0.6993909655553185,0.5202323494476544,1.3209048478485022,0.2918788489992354,-0.8255158774460627
0.4210777262745461,-0.16988837225830958,-0.4640291883353377,0.018791264651596317,0.5863641561691995,0.2945243112739994,0.8851069146098838,0.4489287760615869,0.2120278951027956,0.6979171356981563,0.521188991015456,1.323155379810623,0.2952029342864325,-0.8258921980360152
0.4210777262745461,-0.16988837225830958,-0.4640291883353377,0.018791264651596317,0.5863641561691995,0.2945243112739994,0.8851069146098838,0.4491392505161383,0.2105500748062516,0.696443305840994,0.5221456325832575,1.3254059117727444,0.2985270195736296,-0.8262685186259677
0.4210777262745461,-0.16988837225830958,-0.4640291883353377,0.018791264651596317,0.5863641561691995,0.2945243112739994,0.8851069146098838,0.4493497249706896,0.2090722545097076,0.6949694759838317,0.523102274151059,1.3276564437348657,0.3018511048608267,-0.8266448392159204
0.4210777262745461,-0.16988837225830958,-0.4640291883353377,0.018791264651596317,0.5863641561691995,0.2945243112739994,0.8851069146098838,0.449560199425241,0.2075944342131637,0.6934956461266695,0.5240589157188605,1.3299069756969866,0.3051751901480237,-0.8270211598058729
0.4210777262745461,-0.16988837225830958,-0.4640291883353377,0.018791264651596317,0.5863641561691995,0.2945243112739994,0.8851069146098838,0.4497706738797923,0.2061166139166197,0.6920218162695073,0.525015557286662,1.332157507659108,0.3084992754352209,-0.8273974803958255
0.4210777262745461,-0.16988837225830958,-0.4640291883353377,0.018791264651596317,0.5863641561691995,0.2945243112739994,0.8851069146098838,0.4499811483343438,0.2046387936200758,0.6905479864123452,0.5259721988544637,1.334408039621229,0.311823360722418,-0.8277738009857781
0.4210777262745461,-0.16988837225830958,-0.4640291883353377,0.018791264651596317,0.5863641561691995,0.2945243112739994,0.8851069146098838,0.4501916227888951,0.2031609733235318,0.6890741565551828,0.5269288404222651,1.33665857158335,0.3151474460096151,-0.8281501215757306
0.4210777262745461,-0.16988837225830958,-0.4640291883353377,0.018791264651596317,0.5863641561691995,0.2945243112739994,0.8851069146098838,0.4504020972434465,0.2016831530269879,0.6876003266980206,0.5278854819900667,1.3389091035454714,0.3184715312968121,-0.8285264421656833
0.4210777262745461,-0.16988837225830958,-0.4640291883353377,0.018791264651596317,0.5863641561691995,0.2945243112739994,0.8851069146098838,0.4506125716979978,0.200205332730444,0.6861264968408584,0.5288421235578682,1.3411596355075923,0.3217956165840093,-0.8289027627556359
0.4210777262745461,-0.16988837225830958,-0.4640291883353377,0.018791264651596317,0.5863641561691995,0.2945243112739994,0.8851069146098838,0.4508230461525492,0.1987275124339,0.6846526669836961,0.5297987651256697,1.3434101674697136,0.3251197018712063,-0.8292790833455884
0.4210777262745461,-0.16988837225830958,-0.4640291883353377,0.018791264651596317,0.5863641561691995,0.2945243112739994,0.8851069146098838,0.4510335206071005,0.197249692137356,0.6831788371265338,0.5307554066934712,1.3456606994318348,0.3284437871584034,-0.829655403935541
0.4210777262745461,-0.16988837225830958,-0.4640291883353377,0.018791264651596317,0.5863641561691995,0.2945243112739994,0.8851069146098838,0.4512439950616518,0.1957718718408121,0.6817050072693716,0.5317120482612727,1.347911231393956,0.3317678724456006,-0.8300317245254937
0.4210777262745461,-0.16988837225830958,-0.4640291883353377,0.018791264651596317,0.5863641561691995,0.2945243112739994,0.8851069146098838,0.4514544695162032,0.1942940515442681,0.6802311774122094,0.5326686898290742,1.3501617633560772,0.3350919577327976,-0.8304080451154462
0.4210777262745461,-0.16988837225830958,-0.4640291883353377,0.018791264651596317,0.5863641561691995,0.2945243112739994,0.8851069146098838,0.4516649439707546,0.1928162312477242,0.6787573475550471,0.5336253313968757,1.352412295318198,0.3384160430199947,-0.8307843657053988
0.4210777262745461,-0.16988837225830958,-0.4640291883353377,0.018791264651596317,0.5863641561691995,0.2945243112739994,0.8851069146098838,0.4518754184253059,0.1913384109511803,0.6772835176978849,0.5345819729646772,1.3546628272803194,0.3417401283071918,-0.8311606862953513
0.4210777262745461,-0.16988837225830958,-0.4640291883353377,0.018791264651596317,0.5863641561691995,0.2945243112739994,0.8851069146098838,0.4520858928798573,0.1898605906546363,0.6758096878407226,0.5355386145324788,1.3569133592424405,0.3450642135943889,-0.8315370068853039
0.4210777262745461,-0.16988837225830958,-0.4640291883353377,0.018791264651596317,0.5863641561691995,0.2945243112739994,0.8851069146098838,0.4522963673344086,0.1883827703580924,0.6743358579835603,0.5364952561002803,1.3591638912045618,0.348388298881586,-0.8319133274752564
0.4210777262745461,-0.16988837225830958,-0.4640291883353377,0.018791264651596317,0.5863641561691995,0.2945243112739994,0.8851069146098838,0.45250684178896,0.1869049500615484,0.6728620281263981,0.5374518976680818,1.361414423166683,0.3517123841687831,-0.832289648065209
0.4210777262745461,-0.16988837225830958,-0.4640291883353377,0.018791264651596317,0.5863641561691995,0.2945243112739994,0.8851069146098838,0.4527173162435113,0.1854271297650044,0.6713881982692358,0.5384085392358833,1.3636649551288038,0.3550364694559802,-0.8326659686551616
0.4210777262745461,-0.16988837225830958,-0.4640291883353377,0.018791264651596317,0.5863641561691995,0.2945243112739994,0.8851069146098838,0.4529277906980627,0.1839493094684605,0.6699143684120735,0.5393651808036848,1.3659154870909251,0.3583605547431773,-0.8330422892451141
0.4210777262745461,-0.16988837225830958,-0.4640291883353377,0.018791264651596317,0.5863641561691995,0.2945243112739994,0.8851069146098838,0.453138265152614,0.1824714891719165,0.6684405385549113,0.5403218223714864,1.3681660190530462,0.3616846400303743,-0.8334186098350668
0.4210777262745461,-0.16988837225830958,-0.4640291883353377,0.018791264651596317,0.5863641561691995,0.2945243112739994,0.8851069146098838,0.4533487396071654,0.1809936688753726,0.666966708697749,0.5412784639392879,1.3704165510151674,0.3650087253175714,-0.8337949304250193
0.4210777262745461,-0.16988837225830958,-0.4640291883353377,0.018791264651596317,0.5863641561691995,0.2945243112739994,0.8851069146098838,0.4535592140617167,0.1795158485788286,0.6654928788405867,0.5422351055070894,1.3726670829772885,0.3683328106047685,-0.8341712510149719
0.4210777262745461,-0.16988837225830958,-0.4640291883353377,0.018791264651596317,0.5863641561691995,0.2945243112739994,0.8851069146098838,0.4537696885162681,0.1780380282822847,0.6640190489834246,0.5431917470748909,1.3749176149394096,0.3716568958919656,-0.8345475716049244
0.4210777262745461,-0.16988837225830958,-0.4640291883353377,0.018791264651596317,0.5863641561691995,0.2945243112739994,0.8851069146098838,0.4539801629708194,0.1765602079857407,0.6625452191262624,0.5441483886426924,1.3771681469015309,0.3749809811791627,-0.8349238921948771
0.4210777262745461,-0.16988837225830958,-0.4640291883353377,0.018791264651596317,0.5863641561691995,0.2945243112739994,0.8851069146098838,0.4541906374253708,0.1750823876891968,0.6610713892691,0.545105030210494,1.379418678863652,0.3783050664663598,-0.8353002127848297
0.4210777262745461,-0.16988837225830958,-0.4640291883353377,0.018791264651596317,0.5863641561691995,0.2945243112739994,0.8851069146098838,0.4544011118799221,0.1736045673926528,0.6595975594119379,0.5460616717782955,1.381669210825773,0.3816291517535569,-0.8356765333747822
0.4210777262745461,-0.16988837225830958,-0.4640291883353377,0.018791264651596317,0.5863641561691995,0.2945243112739994,0.8851069146098838,0.4546115863344735,0.1721267470961088,0.6581237295547755,0.547018313346097,1.3839197427878942,0.384953237040754,-0.8360528539647347
0.4210777262745461,-0.16988837225830958,-0.4640291883353377,0.018791264651596317,0.5863641561691995,0.2945243112739994,0.8851069146098838,0.4548220607890249,0.1706489267995649,0.6566498996976134,0.5479749549138986,1.3861702747500155,0.3882773223279511,-0.8364291745546875
0.4210777262745461,-0.16988837225830958,-0.4640291883353377,0.018791264651596317,0.5863641561691995,0.2945243112739994,0.8851069146098838,0.4550325352435762,0.1691711065030209,0.6551760698404511,0.5489315964817,1.3884208067121366,0.3916014076151481,-0.83680549514464
0.4210777262745461,-0.16988837225830958,-0.4640291883353377,0.018791264651596317,0.5863641561691995,0.2945243112739994,0.8851069146098838,0.4552430096981276,0.167693286206477,0.6537022399832889,0.5498882380495016,1.3906713386742575,0.3949254929023453,-0.8371818157345925
0.4210777262745461,-0.16988837225830958,-0.4640291883353377,0.018791264651596317,0.5863641561691995,0.2945243112739994,0.8851069146098838,0.4554534841526789,0.166215465909933,0.6522284101261265,0.5508448796173031,1.392921870636379,0.3982495781895424,-0.837558136324545
0.4210777262745461,-0.16988837225830958,-0.4640291883353377,0.018791264651596317,0.5863641561691995,0.2945243112739994,0.8851069146098838,0.4556639586072303,0.1647376456133891,0.6507545802689644,0.5518015211851046,1.3951724025985002,0.4015736634767395,-0.8379344569144976
0.4210777262745461,-0.16988837225830958,-0.4640291883353377,0.018791264651596317,0.5863641561691995,0.2945243112739994,0.8851069146098838,0.4558744330617816,0.1632598253168452,0.6492807504118021,0.5527581627529061,1.3974229345606213,0.4048977487639366,-0.8383107775044503
0.4210777262745461,-0.16988837225830958,-0.4640291883353377,0.018791264651596317,0.5863641561691995,0.2945243112739994,0.8851069146098838,0.456084907516333,0.1617820050203012,0.6478069205546398,0.5537148043207076,1.3996734665227426,0.4082218340511336,-0.8386870980944028
0.4210777262745461,-0.16988837225830958,-0.4640291883353377,0.018791264651596317,0.5863641561691995,0.2945243112739994,0.8851069146098838,0.4562953819708844,0.1603041847237573,0.6463330906974776,0.5546714458885091,1.4019239984848637,0.4115459193383307,-0.8390634186843554
0.4210777262745461,-0.16988837225830958,-0.4640291883353377,0.018791264651596317,0.5863641561691995,0.2945243112739994,0.8851069146098838,0.4565058564254357,0.1588263644272133,0.6448592608403153,0.5556280874563106,1.4041745304469848,0.4148700046255278,-0.839439739274308
0.4210777262745461,-0.16988837225830958,-0.4640291883353377,0.018791264651596317,0.5863641561691995,0.2945243112739994,0.8851069146098838,0.4567163308799871,0.1573485441306694,0.6433854309831532,0.5565847290241122,1.406425062409106,0.4181940899127249,-0.8398160598642606
0.4210777262745461,-0.16988837225830958,-0.4640291883353377,0.018791264651596317,0.5863641561691995,0.2945243112739994,0.8851069146098838,0.4569268053345384,0.1558707238341254,0.6419116011259909,0.5575413705919137,1.408675594371227,0.4215181751999221,-0.8401923804542132
0.4210777262745461,-0.16988837225830958,-0.4640291883353377,0.018791264651596317,0.5863641561691995,0.2945243112739994,0.8851069146098838,0.4571372797890898,0.1543929035375815,0.6404377712688286,0.5584980121597152,1.410926126333348,0.4248422604871191,-0.8405687010441656
0.4210777262745461,-0.16988837225830958,-0.4640291883353377,0.018791264651596317,0.5863641561691995,0.2945243112739994,0.8851069146098838,0.4573477542436411,0.1529150832410375,0.6389639414116663,0.5594546537275168,1.4131766582954697,0.4281663457743162,-0.8409450216341183
0.4210777262745461,-0.16988837225830958,-0.4640291883353377,0.018791264651596317,0.5863641561691995,0.2945243112739994,0.8851069146098838,0.4575582286981925,0.1514372629444935,0.6374901115545041,0.5604112952953183,1.4154271902575903,0.4314904310615133,-0.8413213422240708
0.4210777262745461,-0.16988837225830958,-0.4640291883353377,0.018791264651596317,0.5863641561691995,0.2945243112739994,0.8851069146098838,0.4577687031527438,0.1499594426479496,0.6360162816973418,0.5613679368631198,1.4176777222197117,0.4348145163487104,-0.8416976628140234
0.4210777262745461,-0.16988837225830958,-0.4640291883353377,0.018791264651596317,0.5863641561691995,0.2945243112739994,0.8851069146098838,0.4579791776072952,0.1484816223514056,0.6345424518401795,0.5623245784309213,1.419928254181833,0.4381386016359075,-0.8420739834039761
0.4210777262745461,-0.16988837225830958,-0.4640291883353377,0.018791264651596317,0.5863641561691995,0.2945243112739994,0.8851069146098838,0.4581896520618466,0.1470038020548617,0.6330686219830173,0.5632812199987228,1.422178786143954,0.4414626869231046,-0.8424503039939286
0.4210777262745461,-0.16988837225830958,-0.4640291883353377,0.018791264651596317,0.5863641561691995,0.2945243112739994,0.8851069146098838,0.4584001265163979,0.1455259817583177,0.631594792125855,0.5642378615665243,1.4244293181060752,0.4447867722103017,-0.8428266245838811
0.4210777262745461,-0.16988837225830958,-0.4640291883353377,0.018791264651596317,0.5863641561691995,0.2945243112739994,0.8851069146098838,0.4586106009709493,0.1440481614617738,0.6301209622686927,0.5651945031343258,1.4266798500681963,0.4481108574974988,-0.8432029451738337
0.4210777262745461,-0.16988837225830958,-0.4640291883353377,0.018791264651596317,0.5863641561691995,0.2945243112739994,0.8851069146098838,0.4588210754255006,0.1425703411652298,0.6286471324115306,0.5661511447021274,1.4289303820303174,0.4514349427846958,-0.8435792657637863
0.4210777262745461,-0.16988837225830958,-0.4640291883353377,0.018791264651596317,0.5863641561691995,0.2945243112739994,0.8851069146098838,0.4590315498800519,0.1410925208686859,0.6271733025543684,0.5671077862699289,1.4311809139924383,0.4547590280718929,-0.8439555863537389
0.4210777262745461,-0.16988837225830958,-0.4640291883353377,0.018791264651596317,0.5863641561691995,0.2945243112739994,0.8851069146098838,0.4592420243346033,0.1396147005721419,0.625699472697206,0.5680644278377305,1.4334314459545596,0.45808311335909,-0.8443319069436915
0.4210777262745461,-0.16988837225830958,-0.4640291883353377,0.018791264651596317,0.5863641561691995,0.2945243112739994,0.8851069146098838,0.4594524987891546,0.138136880275598,0.6242256428400439,0.569021069405532,1.4356819779166807,0.4614071986462871,-0.844708227533644
0.4210777262745461,-0.16988837225830958,-0.4640291883353377,0.018791264651596317,0.5863641561691995,0.2945243112739994,0.8851069146098838,0.4596629732437061,0.1366590599790541,0.6227518129828817,0.5699777109733335,1.4379325098788025,0.4647312839334843,-0.8450845481235967
0.4210777262745461,-0.16988837225830958,-0.4640291883353377,0.018791264651596317,0.5863641561691995,0.2945243112739994,0.8851069146098838,0.4598734476982573,0.13518123968251,0.6212779831257194,0.570934352541135,1.4401830418409232,0.4680553692206812,-0.8454608687135492
0.4210777262745461,-0.16988837225830958,-0.4640291883353377,0.018791264651596317,0.5863641561691995,0.2945243112739994,0.8851069146098838,0.4600839221528088,0.1337034193859662,0.6198041532685571,0.5718909941089365,1.4424335738030445,0.4713794545078784,-0.8458371893035017
0.4210777262745461,-0.16988837225830958,-0.4640291883353377,0.018791264651596317,0.5863641561691995,0.2945243112739994,0.8851069146098838,0.46029439660736,0.1322255990894222,0.6183303234113948,0.572847635676738,1.4446841057651656,0.4747035397950755,-0.8462135098934542
0.4210777262745461,-0.16988837225830958,-0.4640291883353377,0.018791264651596317,0.5863641561691995,0.2945243112739994,0.8851069146098838,0.4605048710619115,0.1307477787928782,0.6168564935542327,0.5738042772445395,1.4469346377272867,0.4780276250822726,-0.846589830483407
0.4210777262745461,-0.16988837225830958,-0.4640291883353377,0.018791264651596317,0.5863641561691995,0.2945243112739994,0.8851069146098838,0.4607153455164627,0.1292699584963343,0.6153826636970703,0.574760918812341,1.4491851696894078,0.4813517103694696,-0.8469661510733595
0.4210777262745461,-0.16988837225830958,-0.4640291883353377,0.018791264651596317,0.5863641561691995,0.2945243112739994,0.8851069146098838,0.4609258199710142,0.1277921381997903,0.6139088338399081,0.5757175603801425,1.451435701651529,0.4846757956566668,-0.847342471663312
0.4210777262745461,-0.16988837225830958,-0.4640291883353377,0.018791264651596317,0.5863641561691995,0.2945243112739994,0.8851069146098838,0.4611362944255655,0.1263143179032463,0.6124350039827458,0.576674201947944,1.45368623361365,0.4879998809438638,-0.8477187922532645
0.4210777262745461,-0.16988837225830958,-0.4640291883353377,0.018791264651596317,0.5863641561691995,0.2945243112739994,0.8851069146098838,0.4613467688801169,0.1248364976067024,0.6109611741255836,0.5776308435157456,1.4559367655757711,0.491323966231061,-0.8480951128432173
0.4210777262745461,-0.16988837225830958,-0.4640291883353377,0.018791264651596317,0.5863641561691995,0.2945243112739994,0.8851069146098838,0.4615572433346682,0.1233586773101584,0.6094873442684213,0.5785874850835471,1.4581872975378924,0.4946480515182581,-0.8484714334331698
0.4210777262745461,-0.16988837225830958,-0.4640291883353377,0.018791264651596317,0.5863641561691995,0.2945243112739994,0.8851069146098838,0.4617677177892195,0.1218808570136145,0.6080135144112591,0.5795441266513486,1.4604378295000136,0.4979721368054551,-0.8488477540231224
0.4210777262745461,-0.16988837225830958,-0.4640291883353377,0.018791264651596317,0.5863641561691995,0.2945243112739994,0.8851069146098838,0.4619781922437709,0.1204030367170706,0.6065396845540969,0.5805007682191501,1.4626883614621349,0.5012962220926522,-0.8492240746130749
0.4210777262745461,-0.16988837225830958,-0.4640291883353377,0.018791264651596317,0.5863641561691995,0.2945243112739994,0.8851069146098838,0.4621886666983222,0.1189252164205266,0.6050658546969346,0.5814574097869516,1.464938893424256,0.5046203073798493,-0.8496003952030275
0.4210777262745461,-0.16988837225830958,-0.4640291883353377,0.018791264651596317,0.5863641561691995,0.2945243112739994,0.8851069146098838,0.4623991411528736,0.1174473961239827,0.6035920248397724,0.5824140513547531,1.467189425386377,0.5079443926670464,-0.8499767157929801
0.4210777262745461,-0.16988837225830958,-0.4640291883353377,0.018791264651596317,0.5863641561691995,0.2945243112739994,0.8851069146098838,0.462609615607425,0.1159695758274387,0.6021181949826101,0.5833706929225547,1.4694399573484982,0.5112684779542436,-0.8503530363829327
0.4210777262745461,-0.16988837225830958,-0.4640291883353377,0.018791264651596317,0.5863641561691995,0.2945243112739994,0.8851069146098838,0.4628200900619763,0.1144917555308948,0.6006443651254478,0.5843273344903562,1.4716904893106193,0.5145925632414405,-0.8507293569728852
0.4210777262745461,-0.16988837225830958,-0.4640291883353377,0.018791264651596317,0.5863641561691995,0.2945243112739994,0.8851069146098838,0.4630305645165277,0.1130139352343508,0.5991705352682857,0.5852839760581577,1.4739410212727404,0.5179166485286377,-0.8511056775628378
0.4210777262745461,-0.16988837225830958,-0.4640291883353377,0.018791264651596317,0.5863641561691995,0.2945243112739994,0.8851069146098838,0.463241038971079,0.1115361149378068,0.5976967054111233,0.5862406176259592,1.4761915532348615,0.5212407338158348,-0.8514819981527904
0.4210777262745461,-0.16988837225830958,-0.4640291883353377,0.018791264651596317,0.5863641561691995,0.2945243112739994,0.8851069146098838,0.4634515134256304,0.1100582946412629,0.5962228755539611,0.5871972591937608,1.4784420851969828,0.5245648191030319,-0.8518583187427429
0.4210777262745461,-0.16988837225830958,-0.4640291883353377,0.018791264651596317,0.5863641561691995,0.2945243112739994,0.8851069146098838,0.4636619878801817,0.1085804743447189,0.5947490456967989,0.5881539007615624,1.4806926171591042,0.527888904390229,-0.8522346393326956
0.4210777262745461,-0.16988837225830958,-0.4640291883353377,0.018791264651596317,0.5863641561691995,0.2945243112739994,0.8851069146098838,0.4638724623347331,0.107102654048175,0.5932752158396366,0.5891105423293639,1.482943149121225,0.5312129896774261,-0.8526109599226481
0.4210777262745461,-0.16988837225830958,-0.4640291883353377,0.018791264651596317,0.5863641561691995,0.2945243112739994,0.8851069146098838,0.4640829367892845,0.105624833751631,0.5918013859824743,0.5900671838971654,1.4851936810833464,0.5345370749646232,-0.8529872805126006
0.4210777262745461,-0.16988837225830958,-0.4640291883353377,0.018791264651596317,0.5863641561691995,0.2945243112739994,0.8851069146098838,0.4642934112438358,0.1041470134550871,0.5903275561253121,0.5910238254649669,1.4874442130454677,0.5378611602518203,-0.8533636011025533
0.4210777262745461,-0.16988837225830958,-0.4640291883353377,0.018791264651596317,0.5863641561691995,0.2945243112739994,0.8851069146098838,0.4645038856983872,0.1026691931585432,0.5888537262681499,0.5919804670327684,1.4896947450075886,0.5411852455390174,-0.8537399216925059
0.4210777262745461,-0.16988837225830958,-0.4640291883353377,0.018791264651596317,0.5863641561691995,0.2945243112739994,0.8851069146098838,0.4647143601529385,0.1011913728619992,0.5873798964109875,0.5929371086005699,1.4919452769697097,0.5445093308262144,-0.8541162422824584
0.4210777262745461,-0.16988837225830958,-0.4640291883353377,0.018791264651596317,0.5863641561691995,0.2945243112739994,0.8851069146098838,0.4649248346074899,0.0997135525654553,0.5859060665538254,0.5938937501683714,1.494195808931831,0.5478334161134115,-0.854492562872411
0.4210777262745461,-0.16988837225830958,-0.4640291883353377,0.018791264651596317,0.5863641561691995,0.2945243112739994,0.8851069146098838,0.4651353090620412,0.0982357322689113,0.5844322366966631,0.5948503917361729,1.496446340893952,0.5511575014006086,-0.8548688834623634
0.4210777262745461,-0.16988837225830958,-0.4640291883353377,0.018791264651596317,0.5863641561691995,0.2945243112739994,0.8851069146098838,0.4653457835165926,0.0967579119723674,0.5829584068395008,0.5958070333039744,1.4986968728560734,0.5544815866878057,-0.8552452040523162
0.4210777262745461,-0.16988837225830958,-0.4640291883353377,0.018791264651596317,0.5863641561691995,0.2945243112739994,0.8851069146098838,0.4655562579711439,0.0952800916758234,0.5814845769823386,0.596763674871776,1.5009474048181943,0.5578056719750029,-0.8556215246422687
0.4210777262745461,-0.16988837225830958,-0.4640291883353377,0.018791264651596317,0.5863641561691995,0.2945243112739994,0.8851069146098838,0.4657667324256953,0.0938022713792794,0.5800107471251764,0.5977203164395776,1.5031979367803157,0.5611297572621999,-0.8559978452322213
0.4210777262745461,-0.16988837225830958,-0.4640291883353377,0.018791264651596317,0.5863641561691995,0.2945243112739994,0.8851069146098838,0.4659772068802466,0.0923244510827355,0.5785369172680142,0.598676958007379,1.5054484687424363,0.564453842549397,-0.8563741658221738
0.4210777262745461,-0.16988837225830958,-0.4640291883353377,0.018791264651596317,0.5863641561691995,0.2945243112739994,0.8851069146098838,0.466187681334798,0.0908466307861915,0.5770630874108519,0.5996335995751806,1.507699000704558,0.5677779278365941,-0.8567504864121265
0.4210777262745461,-0.16988837225830958,-0.4640291883353377,0.018791264651596317,0.5863641561691995,0.2945243112739994,0.8851069146098838,0.4663981557893493,0.0893688104896476,0.5755892575536896,0.600590241142982,1.509949532666679,0.5711020131237912,-0.857126807002079
0.4210777262745461,-0.16988837225830958,-0.4640291883353377,0.018791264651596317,0.5863641561691995,0.2945243112739994,0.8851069146098838,0.4666086302439007,0.0878909901931036,0.5741154276965275,0.6015468827107836,1.5122000646288,0.5744260984109884,-0.8575031275920316
0.4210777262745461,-0.16988837225830958,-0.4640291883353377,0.018791264651596317,0.5863641561691995,0.2945243112739994,0.8851069146098838,0.466819104698452,0.0864131698965597,0.5726415978393651,0.6025035242785851,1.5144505965909212,0.5777501836981854,-0.857879448181984
0.4210777262745461,-0.16988837225830958,-0.4640291883353377,0.018791264651596317,0.5863641561691995,0.2945243112739994,0.8851069146098838,0.4670295791530034,0.0849353496000157,0.5711677679822029,0.6034601658463866,1.5167011285530425,0.5810742689853825,-0.8582557687719368
0.4210777262745461,-0.16988837225830958,-0.4640291883353377,0.018791264651596317,0.5863641561691995,0.2945243112739994,0.8851069146098838,0.4672400536075548,0.0834575293034718,0.5696939381250407,0.6044168074141881,1.5189516605151636,0.5843983542725796,-0.8586320893618893
0.4210777262745461,-0.16988837225830958,-0.4640291883353377,0.018791264651596317,0.5863641561691995,0.2945243112739994,0.8851069146098838,0.4674505280621061,0.0819797090069278,0.5682201082678784,0.6053734489819896,1.521202192477285,0.5877224395597767,-0.8590084099518418
0.4210777262745461,-0.16988837225830958,-0.4640291883353377,0.018791264651596317,0.5863641561691995,0.2945243112739994,0.8851069146098838,0.4676610025166575,0.0805018887103839,0.5667462784107161,0.6063300905497911,1.5234527244394058,0.5910465248469737,-0.8593847305417945
0.4210777262745461,-0.16988837225830958,-0.4640291883353377,0.018791264651596317,0.5863641561691995,0.2945243112739994,0.8851069146098838,0.4678714769712088,0.0790240684138399,0.5652724485535539,0.6072867321175928,1.5257032564015272,0.5943706101341708,-0.8597610511317471
0.4210777262745461,-0.16988837225830958,-0.4640291883353377,0.018791264651596317,0.5863641561691995,0.2945243112739994,0.8851069146098838,0.4680819514257602,0.077546248117296,0.5637986186963917,0.6082433736853943,1.5279537883636485,0.597694695421368,-0.8601373717216996
0.4210777262745461,-0.16988837225830958,-0.4640291883353377,0.018791264651596317,0.5863641561691995,0.2945243112739994,0.8851069146098838,0.4682924258803115,0.076068427820752,0.5623247888392293,0.6092000152531958,1.5302043203257694,0.601018780708565,-0.8605136923116522
0.4210777262745461,-0.16988837225830958,-0.4640291883353377,0.018791264651596317,0.5863641561691995,0.2945243112739994,0.8851069146098838,0.4685029003348629,0.0745906075242081,0.5608509589820672,0.6101566568209973,1.5324548522878905,0.6043428659957621,-0.8608900129016048
0.4210777262745461,-0.16988837225830958,-0.4640291883353377,0.018791264651596317,0.5863641561691995,0.2945243112739994,0.8851069146098838,0.4687133747894142,0.0731127872276641,0.5593771291249048,0.6111132983887988,1.5347053842500116,0.6076669512829592,-0.8612663334915573
0.4210777262745461,-0.16988837225830958,-0.4640291883353377,0.018791264651596317,0.5863641561691995,0.2945243112739994,0.8851069146098838,0.4689238492439656,0.0716349669311202,0.5579032992677426,0.6120699399566003,1.536955916212133,0.6109910365701563,-0.8616426540815099
0.4210777262745461,-0.16988837225830958,-0.4640291883353377,0.018791264651596317,0.5863641561691995,0.2945243112739994,0.8851069146098838,0.469134323698517,0.0701571466345762,0.5564294694105804,0.6130265815244018,1.5392064481742538,0.6143151218573534,-0.8620189746714626
0.4210777262745461,-0.16988837225830958,-0.4640291883353377,0.018791264651596317,0.5863641561691995,0.2945243112739994,0.8851069146098838,0.4693447981530683,0.0686793263380322,0.5549556395534181,0.6139832230922033,1.541456980136375,0.6176392071445505,-0.8623952952614151
0.4210777262745461,-0.16988837225830958,-0.4640291883353377,0.018791264651596317,0.5863641561691995,0.2945243112739994,0.8851069146098838,0.4695552726076197,0.0672015060414883,0.5534818096962558,0.6149398646600048,1.5437075120984964,0.6209632924317476,-0.8627716158513676
0.4210777262745461,-0.16988837225830958,-0.4640291883353377,0.018791264651596317,0.5863641561691995,0.2945243112739994,0.8851069146098838,0.469765747062171,0.0657236857449443,0.5520079798390936,0.6158965062278063,1.5459580440606175,0.6242873777189446,-0.8631479364413203
0.4210777262745461,-0.16988837225830958,-0.4640291883353377,0.018791264651596317,0.5863641561691995,0.2945243112739994,0.8851069146098838,0.4699762215167224,0.0642458654484004,0.5505341499819314,0.6168531477956078,1.5482085760227386,0.6276114630061417,-0.8635242570312728
0.4210777262745461,-0.16988837225830958,-0.4640291883353377,0.018791264651596317,0.5863641561691995,0.2945243112739994,0.8851069146098838,0.4701866959712737,0.0627680451518564,0.5490603201247691,0.6178097893634094,1.5504591079848598,0.6309355482933389,-0.8639005776212254
0.4210777262745461,-0.16988837225830958,-0.4640291883353377,0.018791264651596317,0.5863641561691995,0.2945243112739994,0.8851069146098838,0.4703971704258251,0.0612902248553125,0.5475864902676069,0.6187664309312109,1.5527096399469809,0.6342596335805359,-0.8642768982111779
0.4210777262745461,-0.16988837225830958,-0.4640291883353377,0.018791264651596317,0.5863641561691995,0.2945243112739994,0.8851069146098838,0.4706076448803764,0.0598124045587685,0.5461126604104446,0.6197230724990124,1.554960171909102,0.637583718867733,-0.8646532188011304
0.4210777262745461,-0.16988837225830958,-0.4640291883353377,0.018791264651596317,0.5863641561691995,0.2945243112739994,0.8851069146098838,0.4708181193349278,0.0583345842622246,0.5446388305532823,0.620679714066814,1.557210703871223,0.6409078041549301,-0.8650295393910832
0.4210777262745461,-0.16988837225830958,-0.4640291883353377,0.018791264651596317,0.5863641561691995,0.2945243112739994,0.8851069146098838,0.4710285937894791,0.0568567639656807,0.5431650006961202,0.6216363556346155,1.5594612358333444,0.6442318894421272,-0.8654058599810357
0.4210777262745461,-0.16988837225830958,-0.4640291883353377,0.018791264651596317,0.5863641561691995,0.2945243112739994,0.8851069146098838,0.4712390682440305,0.0553789436691367,0.5416911708389579,0.622592997202417,1.5617117677954655,0.6475559747293242,-0.8657821805709883
0.4210777262745461,-0.16988837225830958,-0.4640291883353377,0.018791264651596317,0.5863641561691995,0.2945243112739994,0.8851069146098838,0.4714495426985818,0.0539011233725928,0.5402173409817956,0.6235496387702185,1.5639622997575868,0.6508800600165213,-0.866158501160941
0.4210777262745461,-0.16988837225830958,-0.4640291883353377,0.018791264651596317,0.5863641561691995,0.2945243112739994,0.8851069146098838,0.4716600171531332,0.0524233030760488,0.5387435111246334,0.62450628033802,1.566212831719708,0.6542041453037184,-0.8665348217508935
0.4210777262745461,-0.16988837225830958,-0.4640291883353377,0.018791264651596317,0.5863641561691995,0.2945243112739994,0.8851069146098838,0.4718704916076846,0.0509454827795049,0.5372696812674712,0.6254629219058215,1.568463363681829,0.6575282305909156,-0.866911142340846
0.4210777262745461,-0.16988837225830958,-0.4640291883353377,0.018791264651596317,0.5863641561691995,0.2945243112739994,0.8851069146098838,0.4720809660622359,0.0494676624829609,0.5357958514103089,0.626419563473623,1.57071389564395,0.6608523158781127,-0.8672874629307985
0.4210777262745461,-0.16988837225830958,-0.4640291883353377,0.018791264651596317,0.5863641561691995,0.2945243112739994,0.8851069146098838,0.4722914405167873,0.0479898421864169,0.5343220215531467,0.6273762050414247,1.5729644276060712,0.6641764011653097,-0.867663783520751
0.4210777262745461,-0.16988837225830958,-0.4640291883353377,0.018791264651596317,0.5863641561691995,0.2945243112739994,0.8851069146098838,0.4725019149713386,0.046512021889873,0.5328481916959844,0.6283328466092262,1.5752149595681924,0.6675004864525068,-0.8680401041107036
0.4210777262745461,-0.16988837225830958,-0.4640291883353377,0.018791264651596317,0.5863641561691995,0.2945243112739994,0.8851069146098838,0.47271238942589,0.045034201593329,0.5313743618388221,0.6292894881770277,1.5774654915303137,0.670824571739704,-0.8684164247006563
0.4210777262745461,-0.16988837225830958,-0.4640291883353377,0.018791264651596317,0.5863641561691995,0.2945243112739994,0.8851069146098838,0.4729228638804413,0.0435563812967851,0.5299005319816599,0.6302461297448292,1.5797160234924348,0.6741486570269011,-0.8687927452906088
0.4210777262745461,-0.16988837225830958,-0.4640291883353377,0.018791264651596317,0.5863641561691995,0.2945243112739994,0.8851069146098838,0.4731333383349927,0.0420785610002411,0.5284267021244977,0.6312027713126307,1.581966555454556,0.6774727423140982,-0.8691690658805614
0.4210777262745461,-0.16988837225830958,-0.4640291883353377,0.018791264651596317,0.5863641561691995,0.2945243112739994,0.8851069146098838,0.473343812789544,0.0406007407036972,0.5269528722673353,0.6321594128804322,1.5842170874166772,0.6807968276012952,-0.869545386470514
0.4210777262745461,-0.16988837225830958,-0.4640291883353377,0.018791264651596317,0.5863641561691995,0.2945243112739994,0.8851069146098838,0.4735542872440954,0.0391229204071532,0.5254790424101732,0.6331160544482337,1.5864676193787983,0.6841209128884924,-0.8699217070604666
0.4210777262745461,-0.16988837225830958,-0.4640291883353377,0.018791264651596317,0.5863641561691995,0.2945243112739994,0.8851069146098838,0.4737647616986468,0.0376451001106093,0.5240052125530108,0.6340726960160352,1.5887181513409192,0.6874449981756894,-0.8702980276504191
0.4210777262745461,-0.16988837225830958,-0.4640291883353377,0.018791264651596317,0.5863641561691995,0.2945243112739994,0.8851069146098838,0.4739752361531981,0.0361672798140653,0.5225313826958486,0.6350293375838367,1.5909686833030403,0.6907690834628865,-0.8706743482403717
0.4210777262745461,-0.16988837225830958,-0.4640291883353377,0.018791264651596317,0.5863641561691995,0.2945243112739994,0.8851069146098838,0.4741857106077495,0.0346894595175214,0.5210575528386865,0.6359859791516382,1.5932192152651616,0.6940931687500835,-0.8710506688303243
0.4210777262745461,-0.16988837225830958,-0.4640291883353377,0.018791264651596317,0.5863641561691995,0.2945243112739994,0.8851069146098838,0.4743961850623008,0.0332116392209774,0.5195837229815241,0.6369426207194397,1.595469747227283,0.6974172540372807,-0.8714269894202769
0.4210777262745461,-0.16988837225830958,-0.4640291883353377,0.018791264651596317,0.5863641561691995,0.2945243112739994,0.8851069146098838,0.4746066595168521,0.0317338189244335,0.518109893124362,0.6378992622872413,1.5977202791894038,0.7007413393244778,-0.8718033100102295
0.4210777262745461,-0.16988837225830958,-0.4640291883353377,0.018791264651596317,0.5863641561691995,0.2945243112739994,0.8851069146098838,0.4748171339714035,0.0302559986278895,0.5166360632671996,0.6388559038550428,1.5999708111515252,0.7040654246116749,-0.8721796306001821
0.4210777262745461,-0.16988837225830958,-0.4640291883353377,0.018791264651596317,0.5863641561691995,0.2945243112739994,0.8851069146098838,0.4750276084259549,0.0287781783313456,0.5151622334100374,0.6398125454228444,1.6022213431136465,0.707389509898872,-0.8725559511901346
0.4210777262745461,-0.16988837225830958,-0.4640291883353377,0.018791264651596317,0.5863641561691995,0.2945243112739994,0.8851069146098838,0.4752380828805062,0.0273003580348016,0.5136884035528752,0.6407691869906459,1.6044718750757674,0.7107135951860691,-0.8729322717800871
0.4210777262745461,-0.16988837225830958,-0.4640291883353377,0.018791264651596317,0.5863641561691995,0.2945243112739994,0.8851069146098838,0.4754485573350576,0.0258225377382576,0.5122145736957129,0.6417258285584474,1.6067224070378887,0.7140376804732662,-0.8733085923700398
0.4210777262745461,-0.16988837225830958,-0.4640291883353377,0.018791264651596317,0.5863641561691995,0.2945243112739994,0.8851069146098838,0.4756590317896089,0.0243447174417137,0.5107407438385506,0.6426824701262489,1.6089729390000098,0.7173617657604633,-0.8736849129599924
0.4210777262745461,-0.16988837225830958,-0.4640291883353377,0.018791264651596317,0.5863641561691995,0.2945243112739994,0.8851069146098838,0.4758695062441603,0.0228668971451697,0.5092669139813883,0.6436391116940504,1.611223470962131,0.7206858510476604,-0.8740612335499449
0.4210777262745461,-0.16988837225830958,-0.4640291883353377,0.018791264651596317,0.5863641561691995,0.2945243112739994,0.8851069146098838,0.4760799806987116,0.0213890768486258,0.5077930841242262,0.6445957532618519,1.613474002924252,0.7240099363348576,-0.8744375541398975
0.4210777262745461,-0.16988837225830958,-0.4640291883353377,0.018791264651596317,0.5863641561691995,0.2945243112739994,0.8851069146098838,0.476290455153263,0.0199112565520819,0.5063192542670639,0.6455523948296534,1.6157245348863731,0.7273340216220545,-0.8748138747298501
0.4210777262745461,-0.16988837225830958,-0.4640291883353377,0.018791264651596317,0.5863641561691995,0.2945243112739994,0.8851069146098838,0.4765009296078143,0.0184334362555379,0.5048454244099017,0.6465090363974549,1.6179750668484942,0.7306581069092516,-0.8751901953198027
0.4210777262745461,-0.16988837225830958,-0.4640291883353377,0.018791264651596317,0.5863641561691995,0.2945243112739994,0.8851069146098838,0.4767114040623657,0.016955615958994,0.5033715945527394,0.6474656779652564,1.6202255988106156,0.7339821921964487,-0.8755665159097552
0.4210777262745461,-0.16988837225830958,-0.4640291883353377,0.018791264651596317,0.5863641561691995,0.2945243112739994,0.8851069146098838,0.4769218785169171,0.01547779566245,0.5018977646955771,0.648422319533058,1.622476130772737,0.7373062774836459,-0.8759428364997078
0.4210777262745461,-0.16988837225830958,-0.4640291883353377,0.018791264651596317,0.5863641561691995,0.2945243112739994,0.8851069146098838,0.4771323529714684,0.0139999753659061,0.500423934838415,0.6493789611008595,1.624726662734858,0.7406303627708429,-0.8763191570896605
0.4210777262745461,-0.16988837225830958,-0.4640291883353377,0.018791264651596317,0.5863641561691995,0.2945243112739994,0.8851069146098838,0.4773428274260198,0.0125221550693621,0.4989501049812527,0.650335602668661,1.626977194696979,0.74395444805804,-0.876695477679613
0.4210777262745461,-0.16988837225830958,-0.4640291883353377,0.018791264651596317,0.5863641561691995,0.2945243112739994,0.8851069146098838,0.4775533018805711,0.0110443347728182,0.4974762751240904,0.6512922442364626,1.6292277266591,0.747278533345237,-0.8770717982695655
0.4210777262745461,-0.16988837225830958,-0.4640291883353377,0.018791264651596317,0.5863641561691995,0.2945243112739994,0.8851069146098838,0.4777637763351225,0.0095665144762742,0.4960024452669281,0.6522488858042641,1.631478258621221,0.7506026186324342,-0.8774481188595181
0.4210777262745461,-0.16988837225830958,-0.4640291883353377,0.018791264651596317,0.5863641561691995,0.2945243112739994,0.8851069146098838,0.4779742507896738,0.0080886941797303,0.4945286154097659,0.6532055273720656,1.6337287905833424,0.7539267039196312,-0.8778244394494708
0.4210777262745461,-0.16988837225830958,-0.4640291883353377,0.018791264651596317,0.5863641561691995,0.2945243112739994,0.8851069146098838,0.4781847252442252,0.0066108738831863,0.4930547855526036,0.6541621689398671,1.6359793225454635,0.7572507892068283,-0.8782007600394233
0.4210777262745461,-0.16988837225830958,-0.4640291883353377,0.018791264651596317,0.5863641561691995,0.2945243112739994,0.8851069146098838,0.4783951996987766,0.0051330535866423,0.4915809556954413,0.6551188105076686,1.6382298545075846,0.7605748744940254,-0.8785770806293759
0.4210777262745461,-0.16988837225830958,-0.4640291883353377,0.018791264651596317,0.5863641561691995,0.2945243112739994,0.8851069146098838,0.4786056741533279,0.0036552332900984,0.4901071258382791,0.6560754520754701,1.640480386469706,0.7638989597812226,-0.8789534012193285
0.4210777262745461,-0.16988837225830958,-0.4640291883353377,0.018791264651596317,0.5863641561691995,0.2945243112739994,0.8851069146098838,0.4788161486078792,0.0021774129935544,0.4886332959811169,0.6570320936432716,1.642730918431827,0.7672230450684197,-0.879329721809281
0.4210777262745461,-0.16988837225830958,-0.4640291883353377,0.018791264651596317,0.5863641561691995,0.2945243112739994,0.8851069146098838,0.4790266230624306,0.0006995926970105,0.4871594661239546,0.6579887352110732,1.6449814503939482,0.7705471303556167,-0.8797060423992336
0.4210777262745461,-0.16988837225830958,-0.4640291883353377,0.018791264651596317,0.5863641561691995,0.2945243112739994,0.8851069146098838,0.4792370975169819,-0.0007782275995334,0.4856856362667924,0.6589453767788747,1.6472319823560695,0.7738712156428138,-0.8800823629891861
0.4210777262745461,-0.16988837225830958,-0.4640291883353377,0.018791264651596317,0.5863641561691995,0.2945243112739994,0.8851069146098838,0.4794475719715333,-0.0022560478960773,0.4842118064096301,0.6599020183466762,1.6494825143181906,0.7771953009300109,-0.8804586835791387
0.4210777262745461,-0.16988837225830958,-0.4640291883353377,0.018791264651596317,0.5863641561691995,0.2945243112739994,0.8851069146098838,0.4796580464260846,-0.0037338681926213,0.4827379765524678,0.6608586599144777,1.6517330462803117,0.7805193862172081,-0.8808350041690912
0.4210777262745461,-0.16988837225830958,-0.4640291883353377,0.018791264651596317,0.5863641561691995,0.2945243112739994,0.8851069146098838,0.479868520880636,-0.0052116884891652,0.4812641466953056,0.6618153014822792,1.6539835782424328,0.7838434715044051,-0.8812113247590438
0.4210777262745461,-0.16988837225830958,-0.4640291883353377,0.018791264651596317,0.5863641561691995,0.2945243112739994,0.8851069146098838,0.4800789953351874,-0.0066895087857092,0.4797903168381434,0.6627719430500808,1.656234110204554,0.7871675567916022,-0.8815876453489964
0.4210777262745461,-0.16988837225830958,-0.4640291883353377,0.018791264651596317,0.5863641561691995,0.2945243112739994,0.8851069146098838,0.4802894697897387,-0.0081673290822531,0.4783164869809811,0.6637285846178823,1.658484642166675,0.7904916420787993,-0.881963965938949
0.4210777262745461,-0.16988837225830958,-0.4640291883353377,0.018791264651596317,0.5863641561691995,0.2945243112739994,0.8851069146098838,0.4804999442442901,-0.0096451493787971,0.4768426571238189,0.6646852261856838,1.660735174128796,0.7938157273659964,-0.8823402865289016
0.4210777262745461,-0.16988837225830958,-0.4640291883353377,0.018791264651596317,0.5863641561691995,0.2945243112739994,0.8851069146098838,0.4807104186988414,-0.011122969675341,0.4753688272666566,0.6656418677534853,1.6629857060909174,0.7971398126531934,-0.8827166071188541
0.4210777262745461,-0.16988837225830958,-0.4640291883353377,0.018791264651596317,0.5863641561691995,0.2945243112739994,0.8851069146098838,0.4809208931533928,-0.012600789971885,0.4738949974094944,0.6665985093212868,1.6652362380530386,0.8004638979403905,-0.8830929277088068
0.4210777262745461,-0.16988837225830958,-0.4640291883353377,0.018791264651596317,0.5863641561691995,0.2945243112739994,0.8851069146098838,0.4811313676079441,-0.0140786102684289,0.4724211675523321,0.6675551508890883,1.66748677001516,0.8037879832275876,-0.8834692482987593
0.4210777262745461,-0.16988837225830958,-0.4640291883353377,0.018791264651596317,0.5863641561691995,0.2945243112739994,0.8851069146098838,0.4813418420624955,-0.0155564305649729,0.4709473376951699,0.6685117924568899,1.669737301977281,0.8071120685147848,-0.8838455688887119
0.4210777262745461,-0.16988837225830958,-0.4640291883353377,0.018791264651596317,0.5863641561691995,0.2945243112739994,0.8851069146098838,0.4815523165170469,-0.0170342508615168,0.4694735078380077,0.6694684340246915,1.671987833939402,0.8104361538019818,-0.8842218894786644
0.4210777262745461,-0.16988837225830958,-0.4640291883353377,0.018791264651596317,0.5863641561691995,0.2945243112739994,0.8851069146098838,0.4817627909715982,-0.0185120711580608,0.4679996779808454,0.670425075592493,1.6742383659015232,0.8137602390891788,-0.884598210068617
0.4210777262745461,-0.16988837225830958,-0.4640291883353377,0.018791264651596317,0.5863641561691995,0.2945243112739994,0.8851069146098838,0.4819732654261496,-0.0199898914546047,0.4665258481236832,0.6713817171602945,1.6764888978636443,0.8170843243763759,-0.8849745306585696
0.4210777262745461,-0.16988837225830958,-0.4640291883353377,0.018791264651596317,0.5863641561691995,0.2945243112739994,0.8851069146098838,0.4821837398807009,-0.0214677117511487,0.4650520182665209,0.672338358728096,1.6787394298257654,0.8204084096635731,-0.8853508512485222
0.4210777262745461,-0.16988837225830958,-0.4640291883353377,0.018791264651596317,0.5863641561691995,0.2945243112739994,0.8851069146098838,0.4823942143352523,-0.0229455320476926,0.4635781884093587,0.6732950002958975,1.6809899617878867,0.8237324949507702,-0.8857271718384747
0.4210777262745461,-0.16988837225830958,-0.4640291883353377,0.018791264651596317,0.5863641561691995,0.2945243112739994,0.8851069146098838,0.4826046887898036,-0.0244233523442366,0.4621043585521964,0.674251641863699,1.6832404937500078,0.8270565802379672,-0.8861034924284273
0.4210777262745461,-0.16988837225830958,-0.4640291883353377,0.018791264651596317,0.5863641561691995,0.2945243112739994,0.8851069146098838,0.482815163244355,-0.0259011726407805,0.4606305286950342,0.6752082834315005,1.685491025712129,0.8303806655251643,-0.88647981301838
0.4210777262745461,-0.16988837225830958,-0.4640291883353377,0.018791264651596317,0.5863641561691995,0.2945243112739994,0.8851069146098838,0.4830256376989064,-0.0273789929373245,0.4591566988378719,0.676164924999302,1.6877415576742505,0.8337047508123615,-0.8868561336083325
0.4210777262745461,-0.16988837225830958,-0.4640291883353377,0.018791264651596317,0.5863641561691995,0.2945243112739994,0.8851069146098838,0.4832361121534577,-0.0288568132338684,0.4576828689807096,0.6771215665671036,1.6899920896363712,0.8370288360995586,-0.8872324541982851
0.4210777262745461,-0.16988837225830958,-0.4640291883353377,0.018791264651596317,0.5863641561691995,0.2945243112739994,0.8851069146098838,0.483446586608009,-0.0303346335304124,0.4562090391235474,0.6780782081349052,1.6922426215984925,0.8403529213867557,-0.8876087747882376
0.4210777262745461,-0.16988837225830958,-0.4640291883353377,0.018791264651596317,0.5863641561691995,0.2945243112739994,0.8851069146098838,0.4836570610625604,-0.0318124538269564,0.4547352092663852,0.6790348497027067,1.6944931535606136,0.8436770066739527,-0.8879850953781903
0.4210777262745461,-0.16988837225830958,-0.4640291883353377,0.018791264651596317,0.5863641561691995,0.2945243112739994,0.8851069146098838,0.4838675355171117,-0.0332902741235003,0.4532613794092229,0.6799914912705082,1.696743685522735,0.8470010919611499,-0.8883614159681428
0.4210777262745461,-0.16988837225830958,-0.4640291883353377,0.018791264651596317,0.5863641561691995,0.2945243112739994,0.8851069146098838,0.4840780099716631,-0.0347680944200443,0.4517875495520607,0.6809481328383097,1.6989942174848558,0.8503251772483469,-0.8887377365580954
0.4210777262745461,-0.16988837225830958,-0.4640291883353377,0.018791264651596317,0.5863641561691995,0.2945243112739994,0.8851069146098838,0.4842884844262144,-0.0362459147165882,0.4503137196948984,0.6819047744061112,1.701244749446977,0.853649262535544,-0.889114057148048
0.4210777262745461,-0.16988837225830958,-0.4640291883353377,0.018791264651596317,0.5863641561691995,0.2945243112739994,0.8851069146098838,0.4844989588807658,-0.0377237350131322,0.4488398898377361,0.6828614159739127,1.7034952814090982,0.856973347822741,-0.8894903777380005
0.4210777262745461,-0.16988837225830958,-0.4640291883353377,0.018791264651596317,0.5863641561691995,0.2945243112739994,0.8851069146098838,0.4847094333353172,-0.0392015553096761,0.4473660599805739,0.6838180575417142,1.705745813371219,0.8602974331099382,-0.8898666983279532
0.4210777262745461,-0.16988837225830958,-0.4640291883353377,0.018791264651596317,0.5863641561691995,0.2945243112739994,0.8851069146098838,0.4849199077898685,-0.0406793756062201,0.4458922301234116,0.6847746991095157,1.7079963453333409,0.8636215183971353,-0.8902430189179057
0.4210777262745461,-0.16988837225830958,-0.4640291883353377,0.018791264651596317,0.5863641561691995,0.2945243112739994,0.8851069146098838,0.4851303822444199,-0.042157195902764,0.4444184002662494,0.6857313406773173,1.7102468772954618,0.8669456036843324,-0.8906193395078583
0.4210777262745461,-0.16988837225830958,-0.4640291883353377,0.018791264651596317,0.5863641561691995,0.2945243112739994,0.8851069146098838,0.4853408566989712,-0.043635016199308,0.4429445704090871,0.6866879822451188,1.7124974092575829,0.8702696889715295,-0.8909956600978108
0.4210777262745461,-0.16988837225830958,-0.4640291883353377,0.018791264651596317,0.5863641561691995,0.2945243112739994,0.8851069146098838,0.4855513311535226,-0.0451128364958519,0.4414707405519249,0.6876446238129204,1.714747941219704,0.8735937742587266,-0.8913719806877635
0.4210777262745461,-0.16988837225830958,-0.4640291883353377,0.018791264651596317,0.5863641561691995,0.2945243112739994,0.8851069146098838,0.4857618056080739,-0.0465906567923959,0.4399969106947626,0.6886012653807219,1.716998473181825,0.8769178595459237,-0.8917483012777159
0.4210777262745461,-0.16988837225830958,-0.4640291883353377,0.018791264651596317,0.5863641561691995,0.2945243112739994,0.8851069146098838,0.4859722800626253,-0.0480684770889398,0.4385230808376004,0.6895579069485234,1.7192490051439464,0.8802419448331208,-0.8921246218676685
0.4210777262745461,-0.16988837225830958,-0.4640291883353377,0.018791264651596317,0.5863641561691995,0.2945243112739994,0.8851069146098838,0.4861827545171767,-0.0495462973854838,0.4370492509804382,0.6905145485163249,1.7214995371060673,0.8835660301203179,-0.8925009424576211
0.4210777262745461,-0.16988837225830958,-0.4640291883353377,0.018791264651596317,0.5863641561691995,0.2945243112739994,0.8851069146098838,0.486393228971728,-0.0510241176820277,0.4355754211232759,0.6914711900841264,1.7237500690681886,0.8868901154075151,-0.8928772630475736
0.4210777262745461,-0.16988837225830958,-0.4640291883353377,0.018791264651596317,0.5863641561691995,0.2945243112739994,0.8851069146098838,0.4866037034262794,-0.0525019379785717,0.4341015912661136,0.6924278316519279,1.7260006010303095,0.8902142006947121,-0.8932535836375263
0.4210777262745461,-0.16988837225830958,-0.4640291883353377,0.018791264651596317,0.5863641561691995,0.2945243112739994,0.8851069146098838,0.4868141778808307,-0.0539797582751156,0.4326277614089515,0.6933844732197294,1.728251132992431,0.8935382859819091,-0.8936299042274788
0.4210777262745461,-0.16988837225830958,-0.4640291883353377,0.018791264651596317,0.5863641561691995,0.2945243112739994,0.8851069146098838,0.4870246523353821,-0.0554575785716596,0.4311539315517892,0.6943411147875309,1.730501664954552,0.8968623712691062,-0.8940062248174314
0.4210777262745461,-0.16988837225830958,-0.4640291883353377,0.018791264651596317,0.5863641561691995,0.2945243112739994,0.8851069146098838,0.4872351267899334,-0.0569353988682035,0.4296801016946269,0.6952977563553324,1.7327521969166733,0.9001864565563034,-0.8943825454073839
0.4210777262745461,-0.16988837225830958,-0.4640291883353377,0.018791264651596317,0.5863641561691995,0.2945243112739994,0.8851069146098838,0.4874456012444847,-0.0584132191647475,0.4282062718374647,0.6962543979231339,1.7350027288787944,0.9035105418435004,-0.8947588659973366
0.4210777262745461,-0.16988837225830958,-0.4640291883353377,0.018791264651596317,0.5863641561691995,0.2945243112739994,0.8851069146098838,0.4876560756990361,-0.0598910394612914,0.4267324419803024,0.6972110394909354,1.7372532608409157,0.9068346271306976,-0.8951351865872891
0.4210777262745461,-0.16988837225830958,-0.4640291883353377,0.018791264651596317,0.5863641561691995,0.2945243112739994,0.8851069146098838,0.4878665501535875,-0.0613688597578354,0.4252586121231402,0.6981676810587369,1.7395037928030366,0.9101587124178944,-0.8955115071772417
0.4210777262745461,-0.16988837225830958,-0.4640291883353377,0.018791264651596317,0.5863641561691995,0.2945243112739994,0.8851069146098838,0.4880770246081388,-0.0628466800543793,0.4237847822659779,0.6991243226265385,1.7417543247651577,0.9134827977050916,-0.8958878277671943
0.4210777262745461,-0.16988837225830958,-0.4640291883353377,0.018791264651596317,0.5863641561691995,0.2945243112739994,0.8851069146098838,0.4882874990626902,-0.0643245003509233,0.4223109524088156,0.70008096419434,1.744004856727279,0.9168068829922889,-0.8962641483571469
0.4210777262745461,-0.16988837225830958,-0.4640291883353377,0.018791264651596317,0.5863641561691995,0.2945243112739994,0.8851069146098838,0.4884979735172415,-0.0658023206474672,0.4208371225516534,0.7010376057621416,1.7462553886894,0.9201309682794858,-0.8966404689470995
0.4210777262745461,-0.16988837225830958,-0.4640291883353377,0.018791264651596317,0.5863641561691995,0.2945243112739994,0.8851069146098838,0.4887084479717929,-0.0672801409440112,0.4193632926944912,0.7019942473299431,1.7485059206515214,0.9234550535666828,-0.897016789537052
0.4210777262745461,-0.16988837225830958,-0.4640291883353377,0.018791264651596317,0.5863641561691995,0.2945243112739994,0.8851069146098838,0.4889189224263442,-0.0687579612405551,0.417889462837329,0.7029508888977446,1.7507564526136423,0.92677913885388,-0.8973931101270046
0.4210777262745461,-0.16988837225830958,-0.4640291883353377,0.018791264651596317,0.5863641561691995,0.2945243112739994,0.8851069146098838,0.4891293968808956,-0.0702357815370991,0.4164156329801667,0.7039075304655461,1.7530069845757636,0.9301032241410772,-0.8977694307169571
0.4210777262745461,-0.16988837225830958,-0.4640291883353377,0.018791264651596317,0.5863641561691995,0.2945243112739994,0.8851069146098838,0.489339871335447,-0.071713601833643,0.4149418031230044,0.7048641720333476,1.7552575165378848,0.9334273094282742,-0.8981457513069098
0.4210777262745461,-0.16988837225830958,-0.4640291883353377,0.018791264651596317,0.5863641561691995,0.2945243112739994,0.8851069146098838,0.4892463563112299,0.1986526244756232,0.4203890461309703,0.7020855544462021,1.7429068593766956,0.9139450538201256,-0.8961615531424716
0.4210777262745461,-0.16988837225830958,-0.4640291883353377,0.018791264651596317,0.5863641561691995,0.2945243112739994,0.8851069146098838,0.4890301491000621,0.1972490214924858,0.4218593586601035,0.7011253697338307,1.740700238572416,0.9106945520286066,-0.8957918138882921
0.4210777262745461,-0.16988837225830958,-0.4640291883353377,0.018791264651596317,0.5863641561691995,0.2945243112739994,0.8851069146098838,0.4888139418888945,0.1958454185093483,0.4233296711892368,0.7001651850214591,1.7384936177681365,0.9074440502370872,-0.8954220746341127
0.4210777262745461,-0.16988837225830958,-0.4640291883353377,0.018791264651596317,0.5863641561691995,0.2945243112739994,0.8851069146098838,0.4885977346777267,0.1944418155262108,0.4247999837183702,0.6992050003090876,1.7362869969638568,0.9041935484455682,-0.8950523353799332
0.4210777262745461,-0.16988837225830958,-0.4640291883353377,0.018791264651596317,0.5863641561691995,0.2945243112739994,0.8851069146098838,0.488381527466559,0.1930382125430734,0.4262702962475035,0.6982448155967161,1.734080376159577,0.900943046654049,-0.8946825961257538
0.4210777262745461,-0.16988837225830958,-0.4640291883353377,0.018791264651596317,0.5863641561691995,0.2945243112739994,0.8851069146098838,0.4881653202553913,0.1916346095599359,0.4277406087766368,0.6972846308843446,1.7318737553552976,0.8976925448625299,-0.8943128568715744
0.4210777262745461,-0.16988837225830958,-0.4640291883353377,0.018791264651596317,0.5863641561691995,0.2945243112739994,0.8851069146098838,0.4879491130442235,0.1902310065767984,0.4292109213057701,0.696324446171973,1.729667134551018,0.8944420430710106,-0.8939431176173949
0.4210777262745461,-0.16988837225830958,-0.4640291883353377,0.018791264651596317,0.5863641561691995,0.2945243112739994,0.8851069146098838,0.4877329058330558,0.188827403593661,0.4306812338349034,0.6953642614596015,1.7274605137467385,0.8911915412794915,-0.8935733783632155
0.4210777262745461,-0.16988837225830958,-0.4640291883353377,0.018791264651596317,0.5863641561691995,0.2945243112739994,0.8851069146098838,0.487516698621888,0.1874238006105235,0.4321515463640367,0.69440407674723,1.7252538929424588,0.8879410394879723,-0.893203639109036
0.4210777262745461,-0.16988837225830958,-0.4640291883353377,0.018791264651596317,0.5863641561691995,0.2945243112739994,0.8851069146098838,0.4873004914107203,0.186020197627386,0.43362185889317,0.6934438920348586,1.723047272138179,0.8846905376964531,-0.8928338998548565
0.4210777262745461,-0.16988837225830958,-0.4640291883353377,0.018791264651596317,0.5863641561691995,0.2945243112739994,0.8851069146098838,0.4870842841995526,0.1846165946442486,0.4350921714223033,0.692483707322487,1.7208406513338994,0.8814400359049339,-0.8924641606006771
0.4210777262745461,-0.16988837225830958,-0.4640291883353377,0.018791264651596317,0.5863641561691995,0.2945243112739994,0.8851069146098838,0.4868680769883848,0.1832129916611111,0.4365624839514366,0.6915235226101155,1.7186340305296195,0.8781895341134148,-0.8920944213464976
0.4210777262745461,-0.16988837225830958,-0.4640291883353377,0.018791264651596317,0.5863641561691995,0.2945243112739994,0.8851069146098838,0.4866518697772171,0.1818093886779736,0.4380327964805699,0.690563337897744,1.7164274097253402,0.8749390323218955,-0.8917246820923181
0.4210777262745461,-0.16988837225830958,-0.4640291883353377,0.018791264651596317,0.5863641561691995,0.2945243112739994,0.8851069146098838,0.4864356625660495,0.1804057856948362,0.4395031090097033,0.6896031531853725,1.7142207889210608,0.8716885305303765,-0.8913549428381388
0.4210777262745461,-0.16988837225830958,-0.4640291883353377,0.018791264651596317,0.5863641561691995,0.2945243112739994,0.8851069146098838,0.4862194553548817,0.1790021827116987,0.4409734215388365,0.6886429684730009,1.712014168116781,0.8684380287388572,-0.8909852035839592
0.4210777262745461,-0.16988837225830958,-0.4640291883353377,0.018791264651596317,0.5863641561691995,0.2945243112739994,0.8851069146098838,0.486003248143714,0.1775985797285613,0.4424437340679699,0.6876827837606295,1.7098075473125016,0.8651875269473381,-0.8906154643297799
0.4210777262745461,-0.16988837225830958,-0.4640291883353377,0.018791264651596317,0.5863641561691995,0.2945243112739994,0.8851069146098838,0.4857870409325462,0.1761949767454238,0.4439140465971032,0.6867225990482579,1.707600926508222,0.8619370251558189,-0.8902457250756004
0.4210777262745461,-0.16988837225830958,-0.4640291883353377,0.018791264651596317,0.5863641561691995,0.2945243112739994,0.8851069146098838,0.4855708337213785,0.1747913737622863,0.4453843591262365,0.6857624143358865,1.7053943057039422,0.8586865233642998,-0.8898759858214209
0.4210777262745461,-0.16988837225830958,-0.4640291883353377,0.018791264651596317,0.5863641561691995,0.2945243112739994,0.8851069146098838,0.4853546265102108,0.1733877707791489,0.4468546716553698,0.684802229623515,1.7031876848996628,0.8554360215727806,-0.8895062465672415
0.4210777262745461,-0.16988837225830958,-0.4640291883353377,0.018791264651596317,0.5863641561691995,0.2945243112739994,0.8851069146098838,0.4851384192990431,0.1719841677960114,0.448324984184503,0.6838420449111435,1.700981064095383,0.8521855197812614,-0.889136507313062
0.4210777262745461,-0.16988837225830958,-0.4640291883353377,0.018791264651596317,0.5863641561691995,0.2945243112739994,0.8851069146098838,0.4849222120878753,0.1705805648128739,0.4497952967136364,0.682881860198772,1.6987744432911034,0.8489350179897422,-0.8887667680588827
0.4210777262745461,-0.16988837225830958,-0.4640291883353377,0.018791264651596317,0.5863641561691995,0.2945243112739994,0.8851069146098838,0.4847060048767075,0.1691769618297365,0.4512656092427697,0.6819216754864004,1.6965678224868237,0.8456845161982232,-0.8883970288047032
0.4210777262745461,-0.16988837225830958,-0.4640291883353377,0.018791264651596317,0.5863641561691995,0.2945243112739994,0.8851069146098838,0.4844897976655399,0.167773358846599,0.452735921771903,0.6809614907740289,1.6943612016825442,0.8424340144067038,-0.8880272895505237
0.4210777262745461,-0.16988837225830958,-0.4640291883353377,0.018791264651596317,0.5863641561691995,0.2945243112739994,0.8851069146098838,0.4842735904543721,0.1663697558634616,0.4542062343010363,0.6800013060616574,1.6921545808782648,0.8391835126151848,-0.8876575502963443
0.4210777262745461,-0.16988837225830958,-0.4640291883353377,0.018791264651596317,0.5863641561691995,0.2945243112739994,0.8851069146098838,0.4840573832432044,0.1649661528803241,0.4556765468301696,0.6790411213492858,1.689947960073985,0.8359330108236656,-0.8872878110421648
0.4210777262745461,-0.16988837225830958,-0.4640291883353377,0.018791264651596317,0.5863641561691995,0.2945243112739994,0.8851069146098838,0.4838411760320367,0.1635625498971866,0.4571468593593029,0.6780809366369144,1.6877413392697054,0.8326825090321465,-0.8869180717879853
0.4210777262745461,-0.16988837225830958,-0.4640291883353377,0.018791264651596317,0.5863641561691995,0.2945243112739994,0.8851069146098838,0.4836249688208689,0.1621589469140491,0.4586171718884362,0.6771207519245429,1.6855347184654257,0.8294320072406272,-0.8865483325338059
0.4210777262745461,-0.16988837225830958,-0.4640291883353377,0.018791264651596317,0.5863641561691995,0.2945243112739994,0.8851069146098838,0.4834087616097012,0.1607553439309117,0.4600874844175695,0.6761605672121713,1.6833280976611462,0.8261815054491081,-0.8861785932796264
0.4210777262745461,-0.16988837225830958,-0.4640291883353377,0.018791264651596317,0.5863641561691995,0.2945243112739994,0.8851069146098838,0.4831925543985335,0.1593517409477742,0.4615577969467028,0.6752003824997999,1.6811214768568663,0.8229310036575889,-0.8858088540254471
0.4210777262745461,-0.16988837225830958,-0.4640291883353377,0.018791264651596317,0.5863641561691995,0.2945243112739994,0.8851069146098838,0.4829763471873657,0.1579481379646368,0.4630281094758361,0.6742401977874284,1.678914856052587,0.8196805018660697,-0.8854391147712676
0.4210777262745461,-0.16988837225830958,-0.4640291883353377,0.018791264651596317,0.5863641561691995,0.2945243112739994,0.8851069146098838,0.482760139976198,0.1565445349814993,0.4644984220049694,0.6732800130750568,1.6767082352483074,0.8164300000745505,-0.8850693755170881
0.4210777262745461,-0.16988837225830958,-0.4640291883353377,0.018791264651596317,0.5863641561691995,0.2945243112739994,0.8851069146098838,0.4825439327650302,0.1551409319983618,0.4659687345341027,0.6723198283626852,1.6745016144440277,0.8131794982830314,-0.8846996362629087
0.4210777262745461,-0.16988837225830958,-0.4640291883353377,0.018791264651596317,0.5863641561691995,0.2945243112739994,0.8851069146098838,0.4823277255538626,0.1537373290152243,0.467439047063236,0.6713596436503138,1.672294993639748,0.8099289964915121,-0.8843298970087292
0.4210777262745461,-0.16988837225830958,-0.4640291883353377,0.018791264651596317,0.5863641561691995,0.2945243112739994,0.8851069146098838,0.4821115183426948,0.1523337260320869,0.4689093595923694,0.6703994589379423,1.6700883728354683,0.806678494699993,-0.8839601577545497
0.4210777262745461,-0.16988837225830958,-0.4640291883353377,0.018791264651596317,0.5863641561691995,0.2945243112739994,0.8851069146098838,0.4818953111315271,0.1509301230489494,0.4703796721215026,0.6694392742255708,1.6678817520311888,0.8034279929084738,-0.8835904185003703
0.4210777262745461,-0.16988837225830958,-0.4640291883353377,0.018791264651596317,0.5863641561691995,0.2945243112739994,0.8851069146098838,0.4816791039203594,0.149526520065812,0.4718499846506359,0.6684790895131992,1.6656751312269091,0.8001774911169547,-0.8832206792461909
0.4210777262745461,-0.16988837225830958,-0.4640291883353377,0.018791264651596317,0.5863641561691995,0.2945243112739994,0.8851069146098838,0.4814628967091917,0.1481229170826745,0.4733202971797693,0.6675189048008279,1.6634685104226297,0.7969269893254355,-0.8828509399920115
0.4210777262745461,-0.16988837225830958,-0.4640291883353377,0.018791264651596317,0.5863641561691995,0.2945243112739994,0.8851069146098838,0.4812466894980239,0.146719314099537,0.4747906097089025,0.6665587200884562,1.66126188961835,0.7936764875339163,-0.882481200737832
0.4210777262745461,-0.16988837225830958,-0.4640291883353377,0.018791264651596317,0.5863641561691995,0.2945243112739994,0.8851069146098838,0.4810304822868562,0.1453157111163996,0.4762609222380359,0.6655985353760847,1.6590552688140705,0.7904259857423972,-0.8821114614836525
0.4210777262745461,-0.16988837225830958,-0.4640291883353377,0.018791264651596317,0.5863641561691995,0.2945243112739994,0.8851069146098838,0.4808142750756884,0.1439121081332621,0.4777312347671691,0.6646383506637131,1.6568486480097908,0.7871754839508779,-0.881741722229473
0.4210777262745461,-0.16988837225830958,-0.4640291883353377,0.018791264651596317,0.5863641561691995,0.2945243112739994,0.8851069146098838,0.4805980678645207,0.1425085051501247,0.4792015472963026,0.6636781659513418,1.6546420272055111,0.7839249821593588,-0.8813719829752936
0.4210777262745461,-0.16988837225830958,-0.4640291883353377,0.018791264651596317,0.5863641561691995,0.2945243112739994,0.8851069146098838,0.480381860653353,0.1411049021669872,0.4806718598254358,0.6627179812389702,1.6524354064012317,0.7806744803678397,-0.8810022437211141
0.4210777262745461,-0.16988837225830958,-0.4640291883353377,0.018791264651596317,0.5863641561691995,0.2945243112739994,0.8851069146098838,0.4801656534421853,0.1397012991838497,0.4821421723545691,0.6617577965265987,1.650228785596952,0.7774239785763204,-0.8806325044669348
0.4210777262745461,-0.16988837225830958,-0.4640291883353377,0.018791264651596317,0.5863641561691995,0.2945243112739994,0.8851069146098838,0.4799494462310175,0.1382976962007123,0.4836124848837024,0.6607976118142272,1.6480221647926725,0.7741734767848013,-0.8802627652127553
0.4210777262745461,-0.16988837225830958,-0.4640291883353377,0.018791264651596317,0.5863641561691995,0.2945243112739994,0.8851069146098838,0.4797332390198499,0.1368940932175748,0.4850827974128357,0.6598374271018558,1.6458155439883928,0.7709229749932821,-0.8798930259585758
0.4210777262745461,-0.16988837225830958,-0.4640291883353377,0.018791264651596317,0.5863641561691995,0.2945243112739994,0.8851069146098838,0.4795170318086821,0.1354904902344373,0.4865531099419691,0.6588772423894842,1.6436089231841131,0.7676724732017629,-0.8795232867043964
0.4210777262745461,-0.16988837225830958,-0.4640291883353377,0.018791264651596317,0.5863641561691995,0.2945243112739994,0.8851069146098838,0.4793008245975144,0.1340868872512998,0.4880234224711023,0.6579170576771127,1.6414023023798334,0.7644219714102437,-0.8791535474502169
0.4210777262745461,-0.16988837225830958,-0.4640291883353377,0.018791264651596317,0.5863641561691995,0.2945243112739994,0.8851069146098838,0.4790846173863466,0.1326832842681624,0.4894937350002356,0.6569568729647411,1.639195681575554,0.7611714696187246,-0.8787838081960375
0.4210777262745461,-0.16988837225830958,-0.4640291883353377,0.018791264651596317,0.5863641561691995,0.2945243112739994,0.8851069146098838,0.4788684101751789,0.1312796812850249,0.4909640475293689,0.6559966882523697,1.6369890607712745,0.7579209678272054,-0.878414068941858
0.4210777262745461,-0.16988837225830958,-0.4640291883353377,0.018791264651596317,0.5863641561691995,0.2945243112739994,0.8851069146098838,0.4786522029640112,0.1298760783018875,0.4924343600585023,0.6550365035399981,1.6347824399669948,0.7546704660356862,-0.8780443296876785
0.4210777262745461,-0.16988837225830958,-0.4640291883353377,0.018791264651596317,0.5863641561691995,0.2945243112739994,0.8851069146098838,0.4784359957528434,0.12847247531875,0.4939046725876356,0.6540763188276266,1.632575819162715,0.751419964244167,-0.8776745904334992
0.4210777262745461,-0.16988837225830958,-0.4640291883353377,0.018791264651596317,0.5863641561691995,0.2945243112739994,0.8851069146098838,0.4782197885416757,0.1270688723356125,0.4953749851167688,0.6531161341152552,1.6303691983584354,0.7481694624526479,-0.8773048511793197
0.4210777262745461,-0.16988837225830958,-0.4640291883353377,0.018791264651596317,0.5863641561691995,0.2945243112739994,0.8851069146098838,0.478003581330508,0.1256652693524751,0.4968452976459022,0.6521559494028836,1.6281625775541555,0.7449189606611286,-0.8769351119251403
0.4210777262745461,-0.16988837225830958,-0.4640291883353377,0.018791264651596317,0.5863641561691995,0.2945243112739994,0.8851069146098838,0.4777873741193402,0.1242616663693376,0.4983156101750354,0.6511957646905121,1.6259559567498765,0.7416684588696095,-0.8765653726709608
0.4210777262745461,-0.16988837225830958,-0.4640291883353377,0.018791264651596317,0.5863641561691995,0.2945243112739994,0.8851069146098838,0.4775711669081726,0.1228580633862001,0.4997859227041688,0.6502355799781405,1.6237493359455968,0.7384179570780904,-0.8761956334167813
0.4210777262745461,-0.16988837225830958,-0.4640291883353377,0.018791264651596317,0.5863641561691995,0.2945243112739994,0.8851069146098838,0.4773549596970048,0.1214544604030627,0.5012562352333021,0.649275395265769,1.621542715141317,0.7351674552865712,-0.8758258941626019
0.4210777262745461,-0.16988837225830958,-0.4640291883353377,0.018791264651596317,0.5863641561691995,0.2945243112739994,0.8851069146098838,0.477138752485837,0.1200508574199252,0.5027265477624354,0.6483152105533976,1.6193360943370374,0.731916953495052,-0.8754561549084224
0.4210777262745461,-0.16988837225830958,-0.4640291883353377,0.018791264651596317,0.5863641561691995,0.2945243112739994,0.8851069146098838,0.4769225452746694,0.1186472544367878,0.5041968602915687,0.6473550258410261,1.617129473532758,0.728666451703533,-0.875086415654243
0.4210777262745461,-0.16988837225830958,-0.4640291883353377,0.018791264651596317,0.5863641561691995,0.2945243112739994,0.8851069146098838,0.4767063380635016,0.1172436514536503,0.5056671728207021,0.6463948411286545,1.614922852728478,0.7254159499120136,-0.8747166764000636
0.4210777262745461,-0.16988837225830958,-0.4640291883353377,0.018791264651596317,0.5863641561691995,0.2945243112739994,0.8851069146098838,0.4764901308523339,0.1158400484705128,0.5071374853498354,0.6454346564162831,1.6127162319241988,0.7221654481204945,-0.8743469371458842
0.4210777262745461,-0.16988837225830958,-0.4640291883353377,0.018791264651596317,0.5863641561691995,0.2945243112739994,0.8851069146098838,0.4762739236411661,0.1144364454873753,0.5086077978789686,0.6444744717039115,1.6105096111199189,0.7189149463289752,-0.8739771978917046
0.4210777262745461,-0.16988837225830958,-0.4640291883353377,0.018791264651596317,0.5863641561691995,0.2945243112739994,0.8851069146098838,0.4760577164299984,0.1130328425042379,0.510078110408102,0.6435142869915401,1.6083029903156394,0.7156644445374563,-0.8736074586375253
0.4210777262745461,-0.16988837225830958,-0.4640291883353377,0.018791264651596317,0.5863641561691995,0.2945243112739994,0.8851069146098838,0.4758415092188307,0.1116292395211004,0.5115484229372351,0.6425541022791685,1.6060963695113597,0.7124139427459368,-0.8732377193833457
0.4210777262745461,-0.16988837225830958,-0.4640291883353377,0.018791264651596317,0.5863641561691995,0.2945243112739994,0.8851069146098838,0.4756253020076629,0.110225636537963,0.5130187354663686,0.6415939175667971,1.60388974870708,0.7091634409544179,-0.8728679801291663
0.4210777262745461,-0.16988837225830958,-0.4640291883353377,0.018791264651596317,0.5863641561691995,0.2945243112739994,0.8851069146098838,0.4754090947964952,0.1088220335548255,0.5144890479955018,0.6406337328544254,1.6016831279028003,0.7059129391628987,-0.8724982408749867
0.4210777262745461,-0.16988837225830958,-0.4640291883353377,0.018791264651596317,0.5863641561691995,0.2945243112739994,0.8851069146098838,0.4751928875853275,0.1074184305716881,0.5159593605246352,0.639673548142054,1.599476507098521,0.7026624373713795,-0.8721285016208074
0.4210777262745461,-0.16988837225830958,-0.4640291883353377,0.018791264651596317,0.5863641561691995,0.2945243112739994,0.8851069146098838,0.4749766803741597,0.1060148275885505,0.5174296730537684,0.6387133634296824,1.5972698862942412,0.6994119355798603,-0.8717587623666279
0.4210777262745461,-0.16988837225830958,-0.4640291883353377,0.018791264651596317,0.5863641561691995,0.2945243112739994,0.8851069146098838,0.4747604731629921,0.1046112246054131,0.5188999855829017,0.637753178717311,1.5950632654899617,0.6961614337883412,-0.8713890231124486
0.4210777262745461,-0.16988837225830958,-0.4640291883353377,0.018791264651596317,0.5863641561691995,0.2945243112739994,0.8851069146098838,0.4745442659518243,0.1032076216222756,0.5203702981120351,0.6367929940049394,1.592856644685682,0.692910931996822,-0.8710192838582689
0.4210777262745461,-0.16988837225830958,-0.4640291883353377,0.018791264651596317,0.5863641561691995,0.2945243112739994,0.8851069146098838,0.4743280587406566,0.1018040186391382,0.5218406106411684,0.6358328092925679,1.5906500238814023,0.6896604302053028,-0.8706495446040896
0.4210777262745461,-0.16988837225830958,-0.4640291883353377,0.018791264651596317,0.5863641561691995,0.2945243112739994,0.8851069146098838,0.4741118515294888,0.1004004156560007,0.5233109231703017,0.6348726245801964,1.5884434030771228,0.6864099284137837,-0.8702798053499101
0.4210777262745461,-0.16988837225830958,-0.4640291883353377,0.018791264651596317,0.5863641561691995,0.2945243112739994,0.8851069146098838,0.4738956443183211,0.0989968126728632,0.524781235699435,0.6339124398678249,1.5862367822728431,0.6831594266222645,-0.8699100660957306
0.4210777262745461,-0.16988837225830958,-0.4640291883353377,0.018791264651596317,0.5863641561691995,0.2945243112739994,0.8851069146098838,0.4736794371071534,0.0975932096897258,0.5262515482285683,0.6329522551554534,1.5840301614685637,0.6799089248307453,-0.8695403268415512
0.4210777262745461,-0.16988837225830958,-0.4640291883353377,0.018791264651596317,0.5863641561691995,0.2945243112739994,0.8851069146098838,0.4734632298959856,0.0961896067065883,0.5277218607577017,0.6319920704430819,1.581823540664284,0.6766584230392261,-0.8691705875873719
0.4210777262745461,-0.16988837225830958,-0.4640291883353377,0.018791264651596317,0.5863641561691995,0.2945243112739994,0.8851069146098838,0.473247022684818,0.0947860037234509,0.529192173286835,0.6310318857307105,1.5796169198600043,0.6734079212477069,-0.8688008483331924
0.4210777262745461,-0.16988837225830958,-0.4640291883353377,0.018791264651596317,0.5863641561691995,0.2945243112739994,0.8851069146098838,0.4730308154736502,0.0933824007403134,0.5306624858159682,0.6300717010183389,1.5774102990557248,0.6701574194561877,-0.8684311090790129
0.4210777262745461,-0.16988837225830958,-0.4640291883353377,0.018791264651596317,0.5863641561691995,0.2945243112739994,0.8851069146098838,0.4728146082624824,0.0919787977571759,0.5321327983451015,0.6291115163059673,1.5752036782514451,0.6669069176646686,-0.8680613698248334
0.4210777262745461,-0.16988837225830958,-0.4640291883353377,0.018791264651596317,0.5863641561691995,0.2945243112739994,0.8851069146098838,0.4725984010513148,0.0905751947740385,0.5336031108742348,0.6281513315935958,1.5729970574471657,0.6636564158731494,-0.867691630570654
0.4210777262745461,-0.16988837225830958,-0.4640291883353377,0.018791264651596317,0.5863641561691995,0.2945243112739994,0.8851069146098838,0.472382193840147,0.089171591790901,0.535073423403368,0.6271911468812243,1.570790436642886,0.6604059140816303,-0.8673218913164746
0.4210777262745461,-0.16988837225830958,-0.4640291883353377,0.018791264651596317,0.5863641561691995,0.2945243112739994,0.8851069146098838,0.4721659866289793,0.0877679888077635,0.5365437359325014,0.6262309621688529,1.5685838158386065,0.657155412290111,-0.8669521520622951
0.4210777262745461,-0.16988837225830958,-0.4640291883353377,0.018791264651596317,0.5863641561691995,0.2945243112739994,0.8851069146098838,0.4719497794178116,0.086364385824626,0.5380140484616347,0.6252707774564813,1.5663771950343268,0.6539049104985919,-0.8665824128081157
0.4210777262745461,-0.16988837225830958,-0.4640291883353377,0.018791264651596317,0.5863641561691995,0.2945243112739994,0.8851069146098838,0.4717335722066438,0.0849607828414886,0.539484360990768,0.6243105927441098,1.5641705742300474,0.6506544087070727,-0.8662126735539362
0.4210777262745461,-0.16988837225830958,-0.4640291883353377,0.018791264651596317,0.5863641561691995,0.2945243112739994,0.8851069146098838,0.4715173649954761,0.0835571798583512,0.5409546735199013,0.6233504080317384,1.5619639534257677,0.6474039069155535,-0.8658429342997569
0.4210777262745461,-0.16988837225830958,-0.4640291883353377,0.018791264651596317,0.5863641561691995,0.2945243112739994,0.8851069146098838,0.4713011577843083,0.0821535768752137,0.5424249860490347,0.6223902233193668,1.559757332621488,0.6441534051240343,-0.8654731950455773
0.4210777262745461,-0.16988837225830958,-0.4640291883353377,0.018791264651596317,0.5863641561691995,0.2945243112739994,0.8851069146098838,0.4710849505731407,0.0807499738920762,0.543895298578168,0.6214300386069953,1.5575507118172085,0.6409029033325153,-0.8651034557913979
0.4210777262745461,-0.16988837225830958,-0.4640291883353377,0.018791264651596317,0.5863641561691995,0.2945243112739994,0.8851069146098838,0.4708687433619729,0.0793463709089387,0.5453656111073012,0.6204698538946237,1.5553440910129286,0.637652401540996,-0.8647337165372184
0.4210777262745461,-0.16988837225830958,-0.4640291883353377,0.018791264651596317,0.5863641561691995,0.2945243112739994,0.8851069146098838,0.4706525361508052,0.0779427679258013,0.5468359236364346,0.6195096691822524,1.5531374702086491,0.6344018997494769,-0.864363977283039
0.4210777262745461,-0.16988837225830958,-0.4640291883353377,0.018791264651596317,0.5863641561691995,0.2945243112739994,0.8851069146098838,0.4704363289396375,0.0765391649426638,0.5483062361655678,0.6185494844698807,1.5509308494043694,0.6311513979579576,-0.8639942380288594
0.4210777262745461,-0.16988837225830958,-0.4640291883353377,0.018791264651596317,0.5863641561691995,0.2945243112739994,0.8851069146098838,0.4702201217284697,0.0751355619595263,0.5497765486947012,0.6175892997575092,1.54872422860009,0.6279008961664386,-0.8636244987746801
0.4210777262745461,-0.16988837225830958,-0.4640291883353377,0.018791264651596317,0.5863641561691995,0.2945243112739994,0.8851069146098838,0.470003914517302,0.0737319589763889,0.5512468612238345,0.6166291150451376,1.5465176077958105,0.6246503943749192,-0.8632547595205006
0.4210777262745461,-0.16988837225830958,-0.4640291883353377,0.018791264651596317,0.5863641561691995,0.2945243112739994,0.8851069146098838,0.4697877073061343,0.0723283559932514,0.5527171737529678,0.6156689303327663,1.5443109869915306,0.6213998925834002,-0.8628850202663212
0.4210777262745461,-0.16988837225830958,-0.4640291883353377,0.018791264651596317,0.5863641561691995,0.2945243112739994,0.8851069146098838,0.4695715000949665,0.0709247530101139,0.554187486282101,0.6147087456203947,1.5421043661872509,0.6181493907918809,-0.8625152810121417
0.4210777262745461,-0.16988837225830958,-0.4640291883353377,0.018791264651596317,0.5863641561691995,0.2945243112739994,0.8851069146098838,0.4693552928837988,0.0695211500269765,0.5556577988112344,0.6137485609080232,1.5398977453829716,0.6148988890003618,-0.8621455417579623
0.4210777262745461,-0.16988837225830958,-0.4640291883353377,0.018791264651596317,0.5863641561691995,0.2945243112739994,0.8851069146098838,0.4691390856726311,0.068117547043839,0.5571281113403677,0.6127883761956516,1.5376911245786915,0.6116483872088425,-0.8617758025037827
0.4210777262745461,-0.16988837225830958,-0.4640291883353377,0.018791264651596317,0.5863641561691995,0.2945243112739994,0.8851069146098838,0.4689228784614634,0.0667139440607016,0.558598423869501,0.6118281914832802,1.5354845037744125,0.6083978854173235,-0.8614060632496033
0.4210777262745461,-0.16988837225830958,-0.4640291883353377,0.018791264651596317,0.5863641561691995,0.2945243112739994,0.8851069146098838,0.4687066712502956,0.0653103410775641,0.5600687363986343,0.6108680067709087,1.5332778829701326,0.6051473836258043,-0.861036323995424
0.4210777262745461,-0.16988837225830958,-0.4640291883353377,0.018791264651596317,0.5863641561691995,0.2945243112739994,0.8851069146098838,0.4684904640391278,0.0639067380944266,0.5615390489277676,0.6099078220585372,1.5310712621658529,0.6018968818342851,-0.8606665847412445
0.4210777262745461,-0.16988837225830958,-0.4640291883353377,0.018791264651596317,0.5863641561691995,0.2945243112739994,0.8851069146098838,0.4682742568279602,0.0625031351112892,0.563009361456901,0.6089476373461656,1.5288646413615734,0.5986463800427659,-0.860296845487065
0.4210777262745461,-0.16988837225830958,-0.4640291883353377,0.018791264651596317,0.5863641561691995,0.2945243112739994,0.8851069146098838,0.4680580496167924,0.0610995321281517,0.5644796739860343,0.6079874526337942,1.5266580205572935,0.5953958782512467,-0.8599271062328855
0.4210777262745461,-0.16988837225830958,-0.4640291883353377,0.018791264651596317,0.5863641561691995,0.2945243112739994,0.8851069146098838,0.4678418424056247,0.0596959291450142,0.5659499865151676,0.6070272679214226,1.5244513997530142,0.5921453764597276,-0.8595573669787061
0.4210777262745461,-0.16988837225830958,-0.4640291883353377,0.018791264651596317,0.5863641561691995,0.2945243112739994,0.8851069146098838,0.467625635194457,0.0582923261618768,0.5674202990443009,0.6060670832090511,1.5222447789487346,0.5888948746682084,-0.8591876277245267
0.4210777262745461,-0.16988837225830958,-0.4640291883353377,0.018791264651596317,0.5863641561691995,0.2945243112739994,0.8851069146098838,0.4674094279832892,0.0568887231787393,0.5688906115734341,0.6051068984966796,1.5200381581444549,0.5856443728766892,-0.8588178884703472
0.4210777262745461,-0.16988837225830958,-0.4640291883353377,0.018791264651596317,0.5863641561691995,0.2945243112739994,0.8851069146098838,0.4671932207721215,0.0554851201956018,0.5703609241025676,0.6041467137843082,1.5178315373401754,0.58239387108517,-0.8584481492161677
0.4210777262745461,-0.16988837225830958,-0.4640291883353377,0.018791264651596317,0.5863641561691995,0.2945243112739994,0.8851069146098838,0.4669770135609538,0.0540815172124644,0.5718312366317008,0.6031865290719365,1.5156249165358957,0.5791433692936508,-0.8580784099619883
0.4210777262745461,-0.16988837225830958,-0.4640291883353377,0.018791264651596317,0.5863641561691995,0.2945243112739994,0.8851069146098838,0.466760806349786,0.0526779142293269,0.5733015491608341,0.602226344359565,1.5134182957316162,0.5758928675021318,-0.8577086707078089
0.4210777262745461,-0.16988837225830958,-0.4640291883353377,0.018791264651596317,0.5863641561691995,0.2945243112739994,0.8851069146098838,0.4665445991386183,0.0512743112461894,0.5747718616899673,0.6012661596471935,1.5112116749273363,0.5726423657106126,-0.8573389314536295
0.4210777262745461,-0.16988837225830958,-0.4640291883353377,0.018791264651596317,0.5863641561691995,0.2945243112739994,0.8851069146098838,0.4663283919274506,0.049870708263052,0.5762421742191007,0.6003059749348221,1.5090050541230569,0.5693918639190934,-0.85696919219945
0.4210777262745461,-0.16988837225830958,-0.4640291883353377,0.018791264651596317,0.5863641561691995,0.2945243112739994,0.8851069146098838,0.4661121847162829,0.0484671052799145,0.5777124867482339,0.5993457902224506,1.5067984333187772,0.5661413621275742,-0.8565994529452705
0.4210777262745461,-0.16988837225830958,-0.4640291883353377,0.018791264651596317,0.5863641561691995,0.2945243112739994,0.8851069146098838,0.4658959775051151,0.047063502296777,0.5791827992773673,0.598385605510079,1.5045918125144977,0.562890860336055,-0.856229713691091
0.4210777262745461,-0.16988837225830958,-0.4640291883353377,0.018791264651596317,0.5863641561691995,0.2945243112739994,0.8851069146098838,0.4656797702939474,0.0456598993136396,0.5806531118065006,0.5974254207977074,1.502385191710218,0.5596403585445359,-0.8558599744369115
0.4210777262745461,-0.16988837225830958,-0.4640291883353377,0.018791264651596317,0.5863641561691995,0.2945243112739994,0.8851069146098838,0.4654635630827797,0.0442562963305021,0.5821234243356339,0.596465236085336,1.5001785709059383,0.5563898567530167,-0.8554902351827322
0.4210777262745461,-0.16988837225830958,-0.4640291883353377,0.018791264651596317,0.5863641561691995,0.2945243112739994,0.8851069146098838,0.465247355871612,0.0428526933473647,0.5835937368647672,0.5955050513729645,1.4979719501016588,0.5531393549614975,-0.8551204959285528
0.4210777262745461,-0.16988837225830958,-0.4640291883353377,0.018791264651596317,0.5863641561691995,0.2945243112739994,0.8851069146098838,0.4650311486604442,0.0414490903642272,0.5850640493939006,0.594544866660593,1.4957653292973792,0.5498888531699784,-0.8547507566743733
0.4210777262745461,-0.16988837225830958,-0.4640291883353377,0.018791264651596317,0.5863641561691995,0.2945243112739994,0.8851069146098838,0.4648149414492765,0.0400454873810897,0.5865343619230338,0.5935846819482214,1.4935587084930997,0.5466383513784592,-0.8543810174201938
0.4210777262745461,-0.16988837225830958,-0.4640291883353377,0.018791264651596317,0.5863641561691995,0.2945243112739994,0.8851069146098838,0.4645987342381088,0.0386418843979523,0.5880046744521672,0.59262449723585,1.49135208768882,0.5433878495869401,-0.8540112781660144
0.4210777262745461,-0.16988837225830958,-0.4640291883353377,0.018791264651596317,0.5863641561691995,0.2945243112739994,0.8851069146098838,0.464382527026941,0.0372382814148148,0.5894749869813004,0.5916643125234784,1.4891454668845403,0.5401373477954209,-0.853641538911835
0.4210777262745461,-0.16988837225830958,-0.4640291883353377,0.018791264651596317,0.5863641561691995,0.2945243112739994,0.8851069146098838,0.4641663198157733,0.0358346784316774,0.5909452995104337,0.5907041278111069,1.4869388460802608,0.5368868460039017,-0.8532717996576555
0.4210777262745461,-0.16988837225830958,-0.4640291883353377,0.018791264651596317,0.5863641561691995,0.2945243112739994,0.8851069146098838,0.4639501126046056,0.0344310754485399,0.592415612039567,0.5897439430987355,1.4847322252759811,0.5336363442123825,-0.852902060403476
0.4210777262745461,-0.16988837225830958,-0.4640291883353377,0.018791264651596317,0.5863641561691995,0.2945243112739994,0.8851069146098838,0.4637339053934378,0.0330274724654024,0.5938859245687004,0.588783758386364,1.4825256044717017,0.5303858424208633,-0.8525323211492966
0.4210777262745461,-0.16988837225830958,-0.4640291883353377,0.018791264651596317,0.5863641561691995,0.2945243112739994,0.8851069146098838,0.4635176981822702,0.031623869482265,0.5953562370978337,0.5878235736739924,1.4803189836674218,0.5271353406293442,-0.8521625818951171
0.4210777262745461,-0.16988837225830958,-0.4640291883353377,0.018791264651596317,0.5863641561691995,0.2945243112739994,0.8851069146098838,0.4633014909711024,0.0302202664991275,0.5968265496269669,0.5868633889616209,1.4781123628631423,0.523884838837825,-0.8517928426409377
0.4210777262745461,-0.16988837225830958,-0.4640291883353377,0.018791264651596317,0.5863641561691995,0.2945243112739994,0.8851069146098838,0.4630852837599346,0.02881666351599,0.5982968621561002,0.5859032042492494,1.4759057420588628,0.5206343370463058,-0.8514231033867582
0.4210777262745461,-0.16988837225830958,-0.4640291883353377,0.018791264651596317,0.5863641561691995,0.2945243112739994,0.8851069146098838,0.4628690765487669,0.0274130605328526,0.5997671746852336,0.5849430195368779,1.4736991212545831,0.5173838352547866,-0.8510533641325788
0.4210777262745461,-0.16988837225830958,-0.4640291883353377,0.018791264651596317,0.5863641561691995,0.2945243112739994,0.8851069146098838,0.4626528693375992,0.0260094575497151,0.6012374872143669,0.5839828348245064,1.4714925004503034,0.5141333334632674,-0.8506836248783993
0.4210777262745461,-0.16988837225830958,-0.4640291883353377,0.018791264651596317,0.5863641561691995,0.2945243112739994,0.8851069146098838,0.4624366621264315,0.0246058545665776,0.6027077997435002,0.5830226501121349,1.469285879646024,0.5108828316717483,-0.8503138856242198
0.4210777262745461,-0.16988837225830958,-0.4640291883353377,0.018791264651596317,0.5863641561691995,0.2945243112739994,0.8851069146098838,0.4622204549152637,0.0232022515834402,0.6041781122726335,0.5820624653997634,1.4670792588417445,0.5076323298802291,-0.8499441463700405
0.4210777262745461,-0.16988837225830958,-0.4640291883353377,0.018791264651596317,0.5863641561691995,0.2945243112739994,0.8851069146098838,0.462004247704096,0.0217986486003027,0.6056484248017668,0.5811022806873918,1.4648726380374646,0.5043818280887099,-0.849574407115861
0.4210777262745461,-0.16988837225830958,-0.4640291883353377,0.018791264651596317,0.5863641561691995,0.2945243112739994,0.8851069146098838,0.4617880404929283,0.0203950456171652,0.6071187373309002,0.5801420959750203,1.4626660172331851,0.5011313262971908,-0.8492046678616816
0.4210777262745461,-0.16988837225830958,-0.4640291883353377,0.018791264651596317,0.5863641561691995,0.2945243112739994,0.8851069146098838,0.4615718332817605,0.0189914426340278,0.6085890498600335,0.5791819112626488,1.4604593964289054,0.4978808245056715,-0.8488349286075021
0.4210777262745461,-0.16988837225830958,-0.4640291883353377,0.018791264651596317,0.5863641561691995,0.2945243112739994,0.8851069146098838,0.4613556260705929,0.0175878396508903,0.6100593623891668,0.5782217265502774,1.4582527756246255,0.4946303227141524,-0.8484651893533227
0.4210777262745461,-0.16988837225830958,-0.4640291883353377,0.018791264651596317,0.5863641561691995,0.2945243112739994,0.8851069146098838,0.4611394188594251,0.0161842366677528,0.6115296749183,0.5772615418379058,1.456046154820346,0.4913798209226332,-0.8480954500991432
0.4210777262745461,-0.16988837225830958,-0.4640291883353377,0.018791264651596317,0.5863641561691995,0.2945243112739994,0.8851069146098838,0.4609232116482573,0.0147806336846154,0.6129999874474333,0.5763013571255343,1.4538395340160668,0.488129319131114,-0.8477257108449637
0.4210777262745461,-0.16988837225830958,-0.4640291883353377,0.018791264651596317,0.5863641561691995,0.2945243112739994,0.8851069146098838,0.4607070044370897,0.0133770307014779,0.6144702999765667,0.5753411724131627,1.4516329132117871,0.4848788173395948,-0.8473559715907844
0.4210777262745461,-0.16988837225830958,-0.4640291883353377,0.018791264651596317,0.5863641561691995,0.2945243112739994,0.8851069146098838,0.4604907972259219,0.0119734277183404,0.6159406125057,0.5743809877007913,1.4494262924075074,0.4816283155480756,-0.8469862323366049
0.4210777262745461,-0.16988837225830958,-0.4640291883353377,0.018791264651596317,0.5863641561691995,0.2945243112739994,0.8851069146098838,0.4602745900147542,0.010569824735203,0.6174109250348332,0.5734208029884198,1.4472196716032275,0.4783778137565565,-0.8466164930824254
0.4210777262745461,-0.16988837225830958,-0.4640291883353377,0.018791264651596317,0.5863641561691995,0.2945243112739994,0.8851069146098838,0.4600583828035864,0.0091662217520655,0.6188812375639666,0.5724606182760482,1.4450130507989485,0.4751273119650373,-0.8462467538282459
0.4210777262745461,-0.16988837225830958,-0.4640291883353377,0.018791264651596317,0.5863641561691995,0.2945243112739994,0.8851069146098838,0.4598421755924187,0.007762618768928,0.6203515500930998,0.5715004335636767,1.4428064299946686,0.4718768101735181,-0.8458770145740664
0.4210777262745461,-0.16988837225830958,-0.4640291883353377,0.018791264651596317,0.5863641561691995,0.2945243112739994,0.8851069146098838,0.459625968381251,0.0063590157857906,0.6218218626222332,0.5705402488513053,1.4405998091903889,0.468626308381999,-0.8455072753198871
0.4210777262745461,-0.16988837225830958,-0.4640291883353377,0.018791264651596317,0.5863641561691995,0.2945243112739994,0.8851069146098838,0.4594097611700832,0.0049554128026531,0.6232921751513665,0.5695800641389337,1.4383931883861094,0.4653758065904799,-0.8451375360657076
0.4210777262745461,-0.16988837225830958,-0.4640291883353377,0.018791264651596317,0.5863641561691995,0.2945243112739994,0.8851069146098838,0.4591935539589156,0.0035518098195157,0.6247624876804998,0.5686198794265622,1.4361865675818295,0.4621253047989607,-0.8447677968115281
0.4210777262745461,-0.16988837225830958,-0.4640291883353377,0.018791264651596317,0.5863641561691995,0.2945243112739994,0.8851069146098838,0.4589773467477478,0.0021482068363782,0.6262328002096331,0.5676596947141908,1.43397994677755,0.4588748030074415,-0.8443980575573486
0.4210777262745461,-0.16988837225830958,-0.4640291883353377,0.018791264651596317,0.5863641561691995,0.2945243112739994,0.8851069146098838,0.45876113953658,0.0007446038532407,0.6277031127387663,0.5666995100018193,1.4317733259732706,0.4556243012159223,-0.8440283183031694
0.4210777262745461,-0.16988837225830958,-0.4640291883353377,0.018791264651596317,0.5863641561691995,0.2945243112739994,0.8851069146098838,0.4585449323254124,-0.0006589991298966,0.6291734252678997,0.5657393252894477,1.4295667051689909,0.4523737994244032,-0.8436585790489899
0.4210777262745461,-0.16988837225830958,-0.4640291883353377,0.018791264651596317,0.5863641561691995,0.2945243112739994,0.8851069146098838,0.4583287251142446,-0.0020626021130341,0.6306437377970331,0.5647791405770761,1.4273600843647114,0.449123297632884,-0.8432888397948104
0.4210777262745461,-0.16988837225830958,-0.4640291883353377,0.018791264651596317,0.5863641561691995,0.2945243112739994,0.8851069146098838,0.4581125179030769,-0.0034662050961716,0.6321140503261663,0.5638189558647047,1.4251534635604317,0.4458727958413648,-0.8429191005406309
0.4210777262745461,-0.16988837225830958,-0.4640291883353377,0.018791264651596317,0.5863641561691995,0.2945243112739994,0.8851069146098838,0.4578963106919091,-0.004869808079309,0.6335843628552996,0.5628587711523332,1.422946842756152,0.4426222940498456,-0.8425493612864514
0.4210777262745461,-0.16988837225830958,-0.4640291883353377,0.018791264651596317,0.5863641561691995,0.2945243112739994,0.8851069146098838,0.4576801034807414,-0.0062734110624465,0.6350546753844329,0.5618985864399617,1.4207402219518723,0.4393717922583264,-0.842179622032272
0.4210777262745461,-0.16988837225830958,-0.4640291883353377,0.018791264651596317,0.5863641561691995,0.2945243112739994,0.8851069146098838,0.4574638962695737,-0.007677014045584,0.6365249879135662,0.5609384017275901,1.4185336011475929,0.4361212904668073,-0.8418098827780925
0.4210777262745461,-0.16988837225830958,-0.4640291883353377,0.018791264651596317,0.5863641561691995,0.2945243112739994,0.8851069146098838,0.4572476890584059,-0.0090806170287214,0.6379953004426995,0.5599782170152185,1.4163269803433132,0.4328707886752881,-0.841440143523913
0.4210777262745461,-0.16988837225830958,-0.4640291883353377,0.018791264651596317,0.5863641561691995,0.2945243112739994,0.8851069146098838,0.4570314818472383,-0.0104842200118589,0.6394656129718329,0.5590180323028471,1.4141203595390337,0.4296202868837689,-0.8410704042697337
0.4210777262745461,-0.16988837225830958,-0.4640291883353377,0.018791264651596317,0.5863641561691995,0.2945243112739994,0.8851069146098838,0.4568152746360705,-0.0118878229949964,0.6409359255009661,0.5580578475904756,1.411913738734754,0.4263697850922497,-0.8407006650155542
0.4210777262745461,-0.16988837225830958,-0.4640291883353377,0.018791264651596317,0.5863641561691995,0.2945243112739994,0.8851069146098838,0.4565990674249027,-0.0132914259781338,0.6424062380300994,0.5570976628781041,1.4097071179304743,0.4231192833007306,-0.8403309257613748
0.4210777262745461,-0.16988837225830958,-0.4640291883353377,0.018791264651596317,0.5863641561691995,0.2945243112739994,0.8851069146098838,0.4563828602137351,-0.0146950289612713,0.6438765505592328,0.5561374781657327,1.4075004971261948,0.4198687815092115,-0.8399611865071953
0.4210777262745461,-0.16988837225830958,-0.4640291883353377,0.018791264651596317,0.5863641561691995,0.2945243112739994,0.8851069146098838,0.4561666530025673,-0.0160986319444088,0.6453468630883661,0.5551772934533611,1.4052938763219152,0.4166182797176923,-0.8395914472530158
0.4210777262745461,-0.16988837225830958,-0.4640291883353377,0.018791264651596317,0.5863641561691995,0.2945243112739994,0.8851069146098838,0.4559504457913996,-0.0175022349275462,0.6468171756174994,0.5542171087409895,1.4030872555176357,0.4133677779261731,-0.8392217079988364
0.4210777262745461,-0.16988837225830958,-0.4640291883353377,0.018791264651596317,0.5863641561691995,0.2945243112739994,0.8851069146098838,0.4557342385802319,-0.0189058379106837,0.6482874881466326,0.553256924028618,1.400880634713356,0.4101172761346539,-0.838851968744657
0.4210777262745461,-0.16988837225830958,-0.4640291883353377,0.018791264651596317,0.5863641561691995,0.2945243112739994,0.8851069146098838,0.4555180313690641,-0.0203094408938212,0.6497578006757659,0.5522967393162466,1.3986740139090763,0.4068667743431347,-0.8384822294904776
0.4210777262745461,-0.16988837225830958,-0.4640291883353377,0.018791264651596317,0.5863641561691995,0.2945243112739994,0.8851069146098838,0.4553018241578964,-0.0217130438769586,0.6512281132048994,0.5513365546038751,1.3964673931047968,0.4036162725516156,-0.8381124902362981
0.4210777262745461,-0.16988837225830958,-0.4640291883353377,0.018791264651596317,0.5863641561691995,0.2945243112739994,0.8851069146098838,0.4550856169467286,-0.0231166468600961,0.6526984257340326,0.5503763698915035,1.3942607723005171,0.4003657707600964,-0.8377427509821187
0.4210777262745461,-0.16988837225830958,-0.4640291883353377,0.018791264651596317,0.5863641561691995,0.2945243112739994,0.8851069146098838,0.454869409735561,-0.0245202498432336,0.6541687382631659,0.5494161851791319,1.3920541514962377,0.3971152689685772,-0.8373730117279392
0.4210777262745461,-0.16988837225830958,-0.4640291883353377,0.018791264651596317,0.5863641561691995,0.2945243112739994,0.8851069146098838,0.4546532025243932,-0.025923852826371,0.6556390507922992,0.5484560004667605,1.3898475306919578,0.393864767177058,-0.8370032724737597
0.4210777262745461,-0.16988837225830958,-0.4640291883353377,0.018791264651596317,0.5863641561691995,0.2945243112739994,0.8851069146098838,0.4544369953132254,-0.0273274558095085,0.6571093633214324,0.547495815754389,1.3876409098876783,0.3906142653855388,-0.8366335332195802
0.4210777262745461,-0.16988837225830958,-0.4640291883353377,0.018791264651596317,0.5863641561691995,0.2945243112739994,0.8851069146098838,0.4542207881020578,-0.0287310587926459,0.6585796758505659,0.5465356310420175,1.3854342890833986,0.3873637635940197,-0.8362637939654007
0.4210777262745461,-0.16988837225830958,-0.4640291883353377,0.018791264651596317,0.5863641561691995,0.2945243112739994,0.8851069146098838,0.45400458089089,-0.0301346617757834,0.6600499883796991,0.5455754463296459,1.383227668279119,0.3841132618025005,-0.8358940547112215
0.4210777262745461,-0.16988837225830958,-0.4640291883353377,0.018791264651596317,0.5863641561691995,0.2945243112739994,0.8851069146098838,0.4537883736797223,-0.0315382647589208,0.6615203009088324,0.5446152616172745,1.3810210474748397,0.3808627600109814,-0.835524315457042
0.4210777262745461,-0.16988837225830958,-0.4640291883353377,0.018791264651596317,0.5863641561691995,0.2945243112739994,0.8851069146098838,0.4535721664685546,-0.0329418677420583,0.6629906134379657,0.543655076904903,1.37881442667056,0.3776122582194622,-0.8351545762028625
0.4210777262745461,-0.16988837225830958,-0.4640291883353377,0.018791264651596317,0.5863641561691995,0.2945243112739994,0.8851069146098838,0.4533559592573868,-0.0343454707251958,0.664460925967099,0.5426948921925314,1.3766078058662805,0.374361756427943,-0.834784836948683
0.4210777262745461,-0.16988837225830958,-0.4640291883353377,0.018791264651596317,0.5863641561691995,0.2945243112739994,0.8851069146098838,0.4531397520462191,-0.0357490737083332,0.6659312384962323,0.54173470748016,1.3744011850620006,0.3711112546364238,-0.8344150976945035
0.4210777262745461,-0.16988837225830958,-0.4640291883353377,0.018791264651596317,0.5863641561691995,0.2945243112739994,0.8851069146098838,0.4529235448350514,-0.0371526766914707,0.6674015510253657,0.5407745227677884,1.372194564257721,0.3678607528449047,-0.8340453584403241
0.4210777262745461,-0.16988837225830958,-0.4640291883353377,0.018791264651596317,0.5863641561691995,0.2945243112739994,0.8851069146098838,0.4527073376238837,-0.0385562796746082,0.668871863554499,0.5398143380554169,1.3699879434534414,0.3646102510533855,-0.8336756191861446
0.4210777262745461,-0.16988837225830958,-0.4640291883353377,0.018791264651596317,0.5863641561691995,0.2945243112739994,0.8851069146098838,0.4524911304127159,-0.0399598826577456,0.6703421760836322,0.5388541533430454,1.3677813226491615,0.3613597492618663,-0.8333058799319653
0.4210777262745461,-0.16988837225830958,-0.4640291883353377,0.018791264651596317,0.5863641561691995,0.2945243112739994,0.8851069146098838,0.4522749232015481,-0.0413634856408831,0.6718124886127655,0.537893968630674,1.3655747018448825,0.3581092474703471,-0.8329361406777858
0.4210777262745461,-0.16988837225830958,-0.4640291883353377,0.018791264651596317,0.5863641561691995,0.2945243112739994,0.8851069146098838,0.4520587159903805,-0.0427670886240206,0.6732828011418989,0.5369337839183024,1.3633680810406026,0.354858745678828,-0.8325664014236063
0.4210777262745461,-0.16988837225830958,-0.4640291883353377,0.018791264651596317,0.5863641561691995,0.2945243112739994,0.8851069146098838,0.4518425087792127,-0.044170691607158,0.6747531136710322,0.5359735992059309,1.3611614602363231,0.3516082438873088,-0.8321966621694269
0.4210777262745461,-0.16988837225830958,-0.4640291883353377,0.018791264651596317,0.5863641561691995,0.2945243112739994,0.8851069146098838,0.451626301568045,-0.0455742945902955,0.6762234262001655,0.5350134144935593,1.3589548394320434,0.3483577420957896,-0.8318269229152474
0.4210777262745461,-0.16988837225830958,-0.4640291883353377,0.018791264651596317,0.5863641561691995,0.2945243112739994,0.8851069146098838,0.4514100943568773,-0.046977897573433,0.6776937387292988,0.5340532297811879,1.3567482186277635,0.3451072403042704,-0.831457183661068
0.4210777262745461,-0.16988837225830958,-0.4640291883353377,0.018791264651596317,0.5863641561691995,0.2945243112739994,0.8851069146098838,0.4511938871457095,-0.0483815005565704,0.679164051258432,0.5330930450688164,1.354541597823484,0.3418567385127513,-0.8310874444068885
0.4210777262745461,-0.16988837225830958,-0.4640291883353377,0.018791264651596317,0.5863641561691995,0.2945243112739994,0.8851069146098838,0.4509776799345418,-0.0497851035397079,0.6806343637875654,0.5321328603564448,1.3523349770192044,0.3386062367212321,-0.830717705152709
0.4210777262745461,-0.16988837225830958,-0.4640291883353377,0.018791264651596317,0.5863641561691995,0.2945243112739994,0.8851069146098838,0.4507614727233741,-0.0511887065228454,0.6821046763166988,0.5311726756440733,1.3501283562149249,0.3353557349297129,-0.8303479658985297
0.4210777262745461,-0.16988837225830958,-0.4640291883353377,0.018791264651596317,0.5863641561691995,0.2945243112739994,0.8851069146098838,0.4505452655122064,-0.0525923095059828,0.683574988845832,0.5302124909317018,1.3479217354106452,0.3321052331381938,-0.8299782266443502
0.4210777262745461,-0.16988837225830958,-0.4640291883353377,0.018791264651596317,0.5863641561691995,0.2945243112739994,0.8851069146098838,0.4503290583010386,-0.0539959124891203,0.6850453013749653,0.5292523062193303,1.3457151146063655,0.3288547313466746,-0.8296084873901708
0.4210777262745461,-0.16988837225830958,-0.4640291883353377,0.018791264651596317,0.5863641561691995,0.2945243112739994,0.8851069146098838,0.4501128510898708,-0.0553995154722578,0.6865156139040985,0.5282921215069588,1.343508493802086,0.3256042295551554,-0.8292387481359913
0.4210777262745461,-0.16988837225830958,-0.4640291883353377,0.018791264651596317,0.5863641561691995,0.2945243112739994,0.8851069146098838,0.4498966438787032,-0.0568031184553952,0.687985926433232,0.5273319367945873,1.3413018729978066,0.3223537277636362,-0.8288690088818118
0.4210777262745461,-0.16988837225830958,-0.4640291883353377,0.018791264651596317,0.5863641561691995,0.2945243112739994,0.8851069146098838,0.4496804366675354,-0.0582067214385327,0.6894562389623653,0.5263717520822158,1.3390952521935269,0.319103225972117,-0.8284992696276324
0.4210777262745461,-0.16988837225830958,-0.4640291883353377,0.018791264651596317,0.5863641561691995,0.2945243112739994,0.8851069146098838,0.4494642294563677,-0.0596103244216702,0.6909265514914985,0.5254115673698443,1.3368886313892472,0.3158527241805979,-0.8281295303734529
0.4210777262745461,-0.16988837225830958,-0.4640291883353377,0.018791264651596317,0.5863641561691995,0.2945243112739994,0.8851069146098838,0.4492480222452,-0.0610139274048076,0.6923968640206318,0.5244513826574727,1.3346820105849675,0.3126022223890787,-0.8277597911192736
0.4210777262745461,-0.16988837225830958,-0.4640291883353377,0.018791264651596317,0.5863641561691995,0.2945243112739994,0.8851069146098838,0.4490318150340322,-0.0624175303879451,0.6938671765497652,0.5234911979451012,1.3324753897806878,0.3093517205975595,-0.8273900518650941
0.4210777262745461,-0.16988837225830958,-0.4640291883353377,0.018791264651596317,0.5863641561691995,0.2945243112739994,0.8851069146098838,0.4488156078228645,-0.0638211333710826,0.6953374890788985,0.5225310132327298,1.3302687689764086,0.3061012188060403,-0.8270203126109147
0.4210777262745461,-0.16988837225830958,-0.4640291883353377,0.018791264651596317,0.5863641561691995,0.2945243112739994,0.8851069146098838,0.4485994006116968,-0.06522473635422,0.6968078016080317,0.5215708285203582,1.3280621481721289,0.3028507170145212,-0.8266505733567351
0.4210777262745461,-0.16988837225830958,-0.4640291883353377,0.018791264651596317,0.5863641561691995,0.2945243112739994,0.8851069146098838,0.4483831934005291,-0.0666283393373575,0.6982781141371651,0.5206106438079867,1.3258555273678494,0.299600215223002,-0.8262808341025557
0.4210777262745461,-0.16988837225830958,-0.4640291883353377,0.018791264651596317,0.5863641561691995,0.2945243112739994,0.8851069146098838,0.4481669861893613,-0.0680319423204949,0.6997484266662984,0.5196504590956152,1.3236489065635697,0.2963497134314829,-0.8259110948483762
0.4210777262745461,-0.16988837225830958,-0.4640291883353377,0.018791264651596317,0.5863641561691995,0.2945243112739994,0.8851069146098838,0.4479507789781936,-0.0694355453036324,0.7012187391954317,0.5186902743832437,1.32144228575929,0.2930992116399637,-0.8255413555941967
0.4210777262745461,-0.16988837225830958,-0.4640291883353377,0.018791264651596317,0.5863641561691995,0.2945243112739994,0.8851069146098838,0.4477345717670259,-0.0708391482867699,0.702689051724565,0.5177300896708722,1.3192356649550103,0.2898487098484446,-0.8251716163400173
0.4210777262745461,-0.16988837225830958,-0.4640291883353377,0.018791264651596317,0.5863641561691995,0.2945243112739994,0.8851069146098838,0.4475183645558581,-0.0722427512699073,0.7041593642536982,0.5167699049585006,1.3170290441507306,0.2865982080569254,-0.8248018770858379
0.4210777262745461,-0.16988837225830958,-0.4640291883353377,0.018791264651596317,0.5863641561691995,0.2945243112739994,0.8851069146098838,0.4473021573446905,-0.0736463542530448,0.7056296767828316,0.5158097202461291,1.3148224233464512,0.2833477062654062,-0.8244321378316585
0.4210777262745461,-0.16988837225830958,-0.4640291883353377,0.018791264651596317,0.5863641561691995,0.2945243112739994,0.8851069146098838,0.4470859501335227,-0.0750499572361823,0.7070999893119649,0.5148495355337577,1.3126158025421717,0.280097204473887,-0.824062398577479
0.4210777262745461,-0.16988837225830958,-0.4640291883353377,0.018791264651596317,0.5863641561691995,0.2945243112739994,0.8851069146098838,0.4468697429223549,-0.0764535602193197,0.7085703018410981,0.5138893508213862,1.3104091817378918,0.2768467026823678,-0.8236926593232995
0.4210777262745461,-0.16988837225830958,-0.4640291883353377,0.018791264651596317,0.5863641561691995,0.2945243112739994,0.8851069146098838,0.4466535357111872,-0.0778571632024572,0.7100406143702315,0.5129291661090146,1.3082025609336123,0.2735962008908487,-0.8233229200691201
0.4210777262745461,-0.16988837225830958,-0.4640291883353377,0.018791264651596317,0.5863641561691995,0.2945243112739994,0.8851069146098838,0.4464373285000195,-0.0792607661855947,0.7115109268993649,0.5119689813966432,1.3059959401293328,0.2703456990993295,-0.8229531808149406
0.4210777262745461,-0.16988837225830958,-0.4640291883353377,0.018791264651596317,0.5863641561691995,0.2945243112739994,0.8851069146098838,0.4462211212888518,-0.0806643691687321,0.7129812394284981,0.5110087966842716,1.3037893193250532,0.2670951973078103,-0.8225834415607612
0.4210777262745461,-0.16988837225830958,-0.4640291883353377,0.018791264651596317,0.5863641561691995,0.2945243112739994,0.8851069146098838,0.446004914077684,-0.0820679721518696,0.7144515519576314,0.5100486119719001,1.3015826985207737,0.2638446955162911,-0.8222137023065818
0.4210777262745461,-0.16988837225830958,-0.4640291883353377,0.018791264651596317,0.5863641561691995,0.2945243112739994,0.8851069146098838,0.4472604009573935,0.2073626915466979,0.7097888245716275,0.5135602351091855,1.3052740367608626,0.2685982826154149,-0.8226563495717762
0.4210777262745461,-0.16988837225830958,-0.4640291883353377,0.018791264651596317,0.5863641561691995,0.2945243112739994,0.8851069146098838,0.4443031279823003,0.2088684512448845,0.7094382303915104,0.5137478469238788,1.2973881761037949,0.269314660410074,-0.8240481413764412
0.4210777262745461,-0.16988837225830958,-0.4640291883353377,0.018791264651596317,0.5863641561691995,0.2945243112739994,0.8851069146098838,0.4413458550072072,0.2103742109430711,0.7090876362113934,0.5139354587385719,1.289502315446727,0.2700310382047331,-0.825439933181106
0.4210777262745461,-0.16988837225830958,-0.4640291883353377,0.018791264651596317,0.5863641561691995,0.2945243112739994,0.8851069146098838,0.4383885820321141,0.2118799706412577,0.7087370420312763,0.5141230705532652,1.2816164547896594,0.2707474159993923,-0.826831724985771
0.4210777262745461,-0.16988837225830958,-0.4640291883353377,0.018791264651596317,0.5863641561691995,0.2945243112739994,0.8851069146098838,0.435431309057021,0.2133857303394443,0.7083864478511593,0.5143106823679585,1.2737305941325916,0.2714637937940513,-0.8282235167904358
0.4210777262745461,-0.16988837225830958,-0.4640291883353377,0.018791264651596317,0.5863641561691995,0.2945243112739994,0.8851069146098838,0.4324740360819279,0.2148914900376308,0.7080358536710423,0.5144982941826517,1.2658447334755238,0.2721801715887104,-0.8296153085951008
0.4210777262745461,-0.16988837225830958,-0.4640291883353377,0.018791264651596317,0.5863641561691995,0.2945243112739994,0.8851069146098838,0.4295167631068348,0.2163972497358174,0.7076852594909251,0.514685905997345,1.257958872818456,0.2728965493833695,-0.8310071003997656
0.4210777262745461,-0.16988837225830958,-0.4640291883353377,0.018791264651596317,0.5863641561691995,0.2945243112739994,0.8851069146098838,0.4265594901317416,0.217903009434004,0.7073346653108081,0.5148735178120382,1.2500730121613883,0.2736129271780286,-0.8323988922044305
0.4210777262745461,-0.16988837225830958,-0.4640291883353377,0.018791264651596317,0.5863641561691995,0.2945243112739994,0.8851069146098838,0.4236022171566486,0.2194087691321906,0.7069840711306911,0.5150611296267315,1.2421871515043206,0.2743293049726877,-0.8337906840090954
0.4210777262745461,-0.16988837225830958,-0.4640291883353377,0.018791264651596317,0.5863641561691995,0.2945243112739994,0.8851069146098838,0.4206449441815554,0.2209145288303771,0.7066334769505741,0.5152487414414246,1.2343012908472528,0.2750456827673468,-0.8351824758137604
0.4210777262745461,-0.16988837225830958,-0.4640291883353377,0.018791264651596317,0.5863641561691995,0.2945243112739994,0.8851069146098838,0.4176876712064623,0.2224202885285637,0.7062828827704569,0.5154363532561179,1.226415430190185,0.2757620605620058,-0.8365742676184251
0.4210777262745461,-0.16988837225830958,-0.4640291883353377,0.018791264651596317,0.5863641561691995,0.2945243112739994,0.8851069146098838,0.4147303982313692,0.2239260482267503,0.70593228859034,0.5156239650708112,1.218529569533117,0.2764784383566649,-0.8379660594230901
0.4210777262745461,-0.16988837225830958,-0.4640291883353377,0.018791264651596317,0.5863641561691995,0.2945243112739994,0.8851069146098838,0.4117731252562762,0.2254318079249369,0.7055816944102229,0.5158115768855044,1.210643708876049,0.2771948161513241,-0.839357851227755
0.4210777262745461,-0.16988837225830958,-0.4640291883353377,0.018791264651596317,0.5863641561691995,0.2945243112739994,0.8851069146098838,0.408815852281183,0.2269375676231235,0.7052311002301059,0.5159991887001977,1.2027578482189818,0.2779111939459832,-0.84074964303242
0.4210777262745461,-0.16988837225830958,-0.4640291883353377,0.018791264651596317,0.5863641561691995,0.2945243112739994,0.8851069146098838,0.4058585793060899,0.2284433273213101,0.7048805060499888,0.5161868005148909,1.1948719875619138,0.2786275717406422,-0.8421414348370847
0.4210777262745461,-0.16988837225830958,-0.4640291883353377,0.018791264651596317,0.5863641561691995,0.2945243112739994,0.8851069146098838,0.4029013063309968,0.2299490870194967,0.7045299118698718,0.5163744123295843,1.1869861269048465,0.2793439495353014,-0.8435332266417498
0.4210777262745461,-0.16988837225830958,-0.4640291883353377,0.018791264651596317,0.5863641561691995,0.2945243112739994,0.8851069146098838,0.3999440333559037,0.2314548467176833,0.7041793176897547,0.5165620241442774,1.1791002662477783,0.2800603273299604,-0.8449250184464145
0.4210777262745461,-0.16988837225830958,-0.4640291883353377,0.018791264651596317,0.5863641561691995,0.2945243112739994,0.8851069146098838,0.3969867603808106,0.2329606064158698,0.7038287235096377,0.5167496359589707,1.1712144055907108,0.2807767051246195,-0.8463168102510795
0.4210777262745461,-0.16988837225830958,-0.4640291883353377,0.018791264651596317,0.5863641561691995,0.2945243112739994,0.8851069146098838,0.3940294874057175,0.2344663661140564,0.7034781293295207,0.5169372477736639,1.163328544933643,0.2814930829192786,-0.8477086020557444
0.4210777262745461,-0.16988837225830958,-0.4640291883353377,0.018791264651596317,0.5863641561691995,0.2945243112739994,0.8851069146098838,0.3910722144306244,0.235972125812243,0.7031275351494036,0.5171248595883572,1.1554426842765753,0.2822094607139377,-0.8491003938604094
0.4210777262745461,-0.16988837225830958,-0.4640291883353377,0.018791264651596317,0.5863641561691995,0.2945243112739994,0.8851069146098838,0.3881149414555312,0.2374778855104296,0.7027769409692864,0.5173124714030504,1.1475568236195075,0.2829258385085968,-0.8504921856650742
0.4210777262745461,-0.16988837225830958,-0.4640291883353377,0.018791264651596317,0.5863641561691995,0.2945243112739994,0.8851069146098838,0.3851576684804381,0.2389836452086162,0.7024263467891695,0.5175000832177437,1.1396709629624395,0.2836422163032559,-0.8518839774697391
0.4210777262745461,-0.16988837225830958,-0.4640291883353377,0.018791264651596317,0.5863641561691995,0.2945243112739994,0.8851069146098838,0.382200395505345,0.2404894049068028,0.7020757526090524,0.517687695032437,1.131785102305372,0.284358594097915,-0.853275769274404
0.4210777262745461,-0.16988837225830958,-0.4640291883353377,0.018791264651596317,0.5863641561691995,0.2945243112739994,0.8851069146098838,0.3792431225302519,0.2419951646049893,0.7017251584289355,0.5178753068471301,1.1238992416483042,0.2850749718925741,-0.8546675610790689
0.4210777262745461,-0.16988837225830958,-0.4640291883353377,0.018791264651596317,0.5863641561691995,0.2945243112739994,0.8851069146098838,0.3762858495551588,0.2435009243031759,0.7013745642488183,0.5180629186618234,1.1160133809912365,0.2857913496872332,-0.8560593528837337
0.4210777262745461,-0.16988837225830958,-0.4640291883353377,0.018791264651596317,0.5863641561691995,0.2945243112739994,0.8851069146098838,0.3733285765800657,0.2450066840013625,0.7010239700687013,0.5182505304765166,1.1081275203341685,0.2865077274818923,-0.8574511446883987
0.4210777262745461,-0.16988837225830958,-0.4640291883353377,0.018791264651596317,0.5863641561691995,0.2945243112739994,0.8851069146098838,0.3703713036049726,0.2465124436995491,0.7006733758885842,0.5184381422912099,1.1002416596771007,0.2872241052765514,-0.8588429364930636
0.4210777262745461,-0.16988837225830958,-0.4640291883353377,0.018791264651596317,0.5863641561691995,0.2945243112739994,0.8851069146098838,0.3674140306298795,0.2480182033977357,0.7003227817084671,0.5186257541059032,1.092355799020033,0.2879404830712105,-0.8602347282977284
0.4210777262745461,-0.16988837225830958,-0.4640291883353377,0.018791264651596317,0.5863641561691995,0.2945243112739994,0.8851069146098838,0.3644567576547863,0.2495239630959222,0.6999721875283501,0.5188133659205963,1.0844699383629652,0.2886568608658695,-0.8616265201023934
0.4210777262745461,-0.16988837225830958,-0.4640291883353377,0.018791264651596317,0.5863641561691995,0.2945243112739994,0.8851069146098838,0.3614994846796932,0.2510297227941088,0.699621593348233,0.5190009777352896,1.0765840777058977,0.2893732386605286,-0.8630183119070582
0.4210777262745461,-0.16988837225830958,-0.4640291883353377,0.018791264651596317,0.5863641561691995,0.2945243112739994,0.8851069146098838,0.3585422117046001,0.2525354824922954,0.6992709991681161,0.5191885895499829,1.0686982170488295,0.2900896164551877,-0.8644101037117231
0.4210777262745461,-0.16988837225830958,-0.4640291883353377,0.018791264651596317,0.5863641561691995,0.2945243112739994,0.8851069146098838,0.355584938729507,0.254041242190482,0.6989204049879989,0.5193762013646761,1.060812356391762,0.2908059942498469,-0.865801895516388
0.4210777262745461,-0.16988837225830958,-0.4640291883353377,0.018791264651596317,0.5863641561691995,0.2945243112739994,0.8851069146098838,0.3526276657544139,0.2555470018886686,0.6985698108078819,0.5195638131793694,1.0529264957346942,0.2915223720445059,-0.867193687321053
0.4210777262745461,-0.16988837225830958,-0.4640291883353377,0.018791264651596317,0.5863641561691995,0.2945243112739994,0.8851069146098838,0.3496703927793207,0.2570527615868552,0.6982192166277649,0.5197514249940627,1.0450406350776265,0.292238749839165,-0.8685854791257178
0.4210777262745461,-0.16988837225830958,-0.4640291883353377,0.018791264651596317,0.5863641561691995,0.2945243112739994,0.8851069146098838,0.3467131198042276,0.2585585212850417,0.6978686224476478,0.5199390368087559,1.0371547744205587,0.2929551276338241,-0.8699772709303828
0.4210777262745461,-0.16988837225830958,-0.4640291883353377,0.018791264651596317,0.5863641561691995,0.2945243112739994,0.8851069146098838,0.3437558468291345,0.2600642809832283,0.6975180282675307,0.520126648623449,1.029268913763491,0.2936715054284832,-0.8713690627350476
0.4210777262745461,-0.16988837225830958,-0.4640291883353377,0.018791264651596317,0.5863641561691995,0.2945243112739994,0.8851069146098838,0.3407985738540415,0.261570040681415,0.6971674340874138,0.5203142604381424,1.0213830531064234,0.2943878832231423,-0.8727608545397126
0.4210777262745461,-0.16988837225830958,-0.4640291883353377,0.018791264651596317,0.5863641561691995,0.2945243112739994,0.8851069146098838,0.3378413008789483,0.2630758003796015,0.6968168399072967,0.5205018722528356,1.0134971924493554,0.2951042610178014,-0.8741526463443774
0.4210777262745461,-0.16988837225830958,-0.4640291883353377,0.018791264651596317,0.5863641561691995,0.2945243112739994,0.8851069146098838,0.3348840279038552,0.2645815600777881,0.6964662457271796,0.5206894840675289,1.005611331792288,0.2958206388124605,-0.8755444381490424
0.4210777262745461,-0.16988837225830958,-0.4640291883353377,0.018791264651596317,0.5863641561691995,0.2945243112739994,0.8851069146098838,0.3319267549287621,0.2660873197759746,0.6961156515470625,0.5208770958822221,0.99772547113522,0.2965370166071195,-0.8769362299537071
0.4210777262745461,-0.16988837225830958,-0.4640291883353377,0.018791264651596317,0.5863641561691995,0.2945243112739994,0.8851069146098838,0.328969481953669,0.2675930794741613,0.6957650573669456,0.5210647076969154,0.9898396104781522,0.2972533944017787,-0.8783280217583722
0.4210777262745461,-0.16988837225830958,-0.4640291883353377,0.018791264651596317,0.5863641561691995,0.2945243112739994,0.8851069146098838,0.3260122089785759,0.2690988391723479,0.6954144631868284,0.5212523195116086,0.9819537498210844,0.2979697721964378,-0.879719813563037
0.4210777262745461,-0.16988837225830958,-0.4640291883353377,0.018791264651596317,0.5863641561691995,0.2945243112739994,0.8851069146098838,0.3230549360034828,0.2706045988705344,0.6950638690067115,0.5214399313263018,0.9740678891640168,0.2986861499910969,-0.8811116053677019
0.4210777262745461,-0.16988837225830958,-0.4640291883353377,0.018791264651596317,0.5863641561691995,0.2945243112739994,0.8851069146098838,0.3200976630283897,0.272110358568721,0.6947132748265944,0.5216275431409951,0.9661820285069488,0.299402527785756,-0.8825033971723668
0.4210777262745461,-0.16988837225830958,-0.4640291883353377,0.018791264651596317,0.5863641561691995,0.2945243112739994,0.8851069146098838,0.3171403900532966,0.2736161182669076,0.6943626806464773,0.5218151549556883,0.9582961678498813,0.3001189055804151,-0.8838951889770318
0.4210777262745461,-0.16988837225830958,-0.4640291883353377,0.018791264651596317,0.5863641561691995,0.2945243112739994,0.8851069146098838,0.3141831170782034,0.2751218779650942,0.6940120864663603,0.5220027667703816,0.9504103071928134,0.3008352833750741,-0.8852869807816965
0.4210777262745461,-0.16988837225830958,-0.4640291883353377,0.018791264651596317,0.5863641561691995,0.2945243112739994,0.8851069146098838,0.3112258441031104,0.2766276376632808,0.6936614922862432,0.5221903785850749,0.9425244465357456,0.3015516611697332,-0.8866787725863615
0.4210777262745461,-0.16988837225830958,-0.4640291883353377,0.018791264651596317,0.5863641561691995,0.2945243112739994,0.8851069146098838,0.3082685711280172,0.2781333973614673,0.6933108981061262,0.5223779903997681,0.934638585878678,0.3022680389643923,-0.8880705643910265
0.4210777262745461,-0.16988837225830958,-0.4640291883353377,0.018791264651596317,0.5863641561691995,0.2945243112739994,0.8851069146098838,0.3053112981529241,0.2796391570596539,0.6929603039260092,0.5225656022144614,0.92675272522161,0.3029844167590514,-0.8894623561956914
0.4210777262745461,-0.16988837225830958,-0.4640291883353377,0.018791264651596317,0.5863641561691995,0.2945243112739994,0.8851069146098838,0.302354025177831,0.2811449167578405,0.6926097097458921,0.5227532140291546,0.9188668645645424,0.3037007945537106,-0.8908541480003562
0.4210777262745461,-0.16988837225830958,-0.4640291883353377,0.018791264651596317,0.5863641561691995,0.2945243112739994,0.8851069146098838,0.2993967522027379,0.2826506764560271,0.692259115565775,0.5229408258438478,0.9109810039074746,0.3044171723483696,-0.8922459398050211
0.4210777262745461,-0.16988837225830958,-0.4640291883353377,0.018791264651596317,0.5863641561691995,0.2945243112739994,0.8851069146098838,0.2964394792276448,0.2841564361542137,0.691908521385658,0.523128437658541,0.9030951432504069,0.3051335501430287,-0.893637731609686
0.4210777262745461,-0.16988837225830958,-0.4640291883353377,0.018791264651596317,0.5863641561691995,0.2945243112739994,0.8851069146098838,0.2934822062525516,0.2856621958524002,0.6915579272055409,0.5233160494732343,0.8952092825933391,0.3058499279376878,-0.8950295234143508
0.4210777262745461,-0.16988837225830958,-0.4640291883353377,0.018791264651596317,0.5863641561691995,0.2945243112739994,0.8851069146098838,0.2905249332774585,0.2871679555505869,0.6912073330254238,0.5235036612879276,0.8873234219362713,0.3065663057323469,-0.8964213152190157
0.4210777262745461,-0.16988837225830958,-0.4640291883353377,0.018791264651596317,0.5863641561691995,0.2945243112739994,0.8851069146098838,0.2875676603023654,0.2886737152487735,0.6908567388453069,0.5236912731026208,0.8794375612792036,0.307282683527006,-0.8978131070236808
0.4210777262745461,-0.16988837225830958,-0.4640291883353377,0.018791264651596317,0.5863641561691995,0.2945243112739994,0.8851069146098838,0.2846103873272723,0.29017947494696,0.6905061446651898,0.523878884917314,0.8715517006221358,0.3079990613216651,-0.8992048988283456
0.4210777262745461,-0.16988837225830958,-0.4640291883353377,0.018791264651596317,0.5863641561691995,0.2945243112739994,0.8851069146098838,0.2816531143521792,0.2916852346451466,0.6901555504850727,0.5240664967320073,0.8636658399650678,0.3087154391163242,-0.9005966906330105
0.4210777262745461,-0.16988837225830958,-0.4640291883353377,0.018791264651596317,0.5863641561691995,0.2945243112739994,0.8851069146098838,0.2786958413770861,0.2931909943433332,0.6898049563049558,0.5242541085467005,0.8557799793080004,0.3094318169109833,-0.9019884824376754
0.4210777262745461,-0.16988837225830958,-0.4640291883353377,0.018791264651596317,0.5863641561691995,0.2945243112739994,0.8851069146098838,0.2757385684019929,0.2946967540415197,0.6894543621248386,0.5244417203613938,0.8478941186509324,0.3101481947056423,-0.9033802742423402
0.4210777262745461,-0.16988837225830958,-0.4640291883353377,0.018791264651596317,0.5863641561691995,0.2945243112739994,0.8851069146098838,0.2727812954268999,0.2962025137397064,0.6891037679447216,0.5246293321760871,0.8400082579938648,0.3108645725003015,-0.9047720660470052
0.4210777262745461,-0.16988837225830958,-0.4640291883353377,0.018791264651596317,0.5863641561691995,0.2945243112739994,0.8851069146098838,0.2698240224518067,0.2977082734378929,0.6887531737646045,0.5248169439907803,0.8321223973367969,0.3115809502949605,-0.90616385785167
0.4210777262745461,-0.16988837225830958,-0.4640291883353377,0.018791264651596317,0.5863641561691995,0.2945243112739994,0.8851069146098838,0.2668667494767137,0.2992140331360795,0.6884025795844875,0.5250045558054736,0.8242365366797293,0.3122973280896196,-0.9075556496563352
0.4210777262745461,-0.16988837225830958,-0.4640291883353377,0.018791264651596317,0.5863641561691995,0.2945243112739994,0.8851069146098838,0.2639094765016205,0.3007197928342661,0.6880519854043704,0.5251921676201667,0.8163506760226613,0.3130137058842787,-0.9089474414609998
0.4210777262745461,-0.16988837225830958,-0.4640291883353377,0.018791264651596317,0.5863641561691995,0.2945243112739994,0.8851069146098838,0.2609522035265274,0.3022255525324527,0.6877013912242533,0.52537977943486,0.8084648153655938,0.3137300836789378,-0.9103392332656648
0.4210777262745461,-0.16988837225830958,-0.4640291883353377,0.018791264651596317,0.5863641561691995,0.2945243112739994,0.8851069146098838,0.2579949305514343,0.3037313122306392,0.6873507970441363,0.5255673912495532,0.8005789547085258,0.3144464614735969,-0.9117310250703295
0.4210777262745461,-0.16988837225830958,-0.4640291883353377,0.018791264651596317,0.5863641561691995,0.2945243112739994,0.8851069146098838,0.2550376575763413,0.3052370719288259,0.6870002028640193,0.5257550030642466,0.7926930940514583,0.315162839268256,-0.9131228168749946
0.4210777262745461,-0.16988837225830958,-0.4640291883353377,0.018791264651596317,0.5863641561691995,0.2945243112739994,0.8851069146098838,0.2520803846012481,0.3067428316270124,0.6866496086839021,0.5259426148789397,0.7848072333943903,0.3158792170629151,-0.9145146086796594
0.4210777262745461,-0.16988837225830958,-0.4640291883353377,0.018791264651596317,0.5863641561691995,0.2945243112739994,0.8851069146098838,0.249123111626155,0.308248591325199,0.6862990145037852,0.526130226693633,0.7769213727373228,0.3165955948575742,-0.9159064004843244
0.4210777262745461,-0.16988837225830958,-0.4640291883353377,0.018791264651596317,0.5863641561691995,0.2945243112739994,0.8851069146098838,0.2461658386510618,0.3097543510233856,0.6859484203236681,0.5263178385083263,0.7690355120802547,0.3173119726522333,-0.9172981922889892
0.4210777262745461,-0.16988837225830958,-0.4640291883353377,0.018791264651596317,0.5863641561691995,0.2945243112739994,0.8851069146098838,0.2432085656759688,0.3112601107215722,0.685597826143551,0.5265054503230195,0.7611496514231872,0.3180283504468923,-0.9186899840936542
0.4210777262745461,-0.16988837225830958,-0.4640291883353377,0.018791264651596317,0.5863641561691995,0.2945243112739994,0.8851069146098838,0.2402512927008757,0.3127658704197588,0.6852472319634341,0.5266930621377127,0.7532637907661193,0.3187447282415515,-0.920081775898319
0.4210777262745461,-0.16988837225830958,-0.4640291883353377,0.018791264651596317,0.5863641561691995,0.2945243112739994,0.8851069146098838,0.2372940197257825,0.3142716301179453,0.684896637783317,0.526880673952406,0.7453779301090515,0.3194611060362106,-0.921473567702984
0.4210777262745461,-0.16988837225830958,-0.4640291883353377,0.018791264651596317,0.5863641561691995,0.2945243112739994,0.8851069146098838,0.2343367467506894,0.3157773898161319,0.6845460436031999,0.5270682857670992,0.7374920694519838,0.3201774838308697,-0.9228653595076488
0.4210777262745461,-0.16988837225830958,-0.4640291883353377,0.018791264651596317,0.5863641561691995,0.2945243112739994,0.8851069146098838,0.2313794737755963,0.3172831495143185,0.6841954494230829,0.5272558975817925,0.729606208794916,0.3208938616255288,-0.9242571513123138
0.4210777262745461,-0.16988837225830958,-0.4640291883353377,0.018791264651596317,0.5863641561691995,0.2945243112739994,0.8851069146098838,0.2284222008005032,0.3187889092125051,0.6838448552429659,0.5274435093964858,0.7217203481378482,0.3216102394201878,-0.9256489431169784
0.4210777262745461,-0.16988837225830958,-0.4640291883353377,0.018791264651596317,0.5863641561691995,0.2945243112739994,0.8851069146098838,0.2254649278254101,0.3202946689106917,0.6834942610628487,0.527631121211179,0.7138344874807805,0.3223266172148469,-0.9270407349216436
0.4210777262745461,-0.16988837225830958,-0.4640291883353377,0.018791264651596317,0.5863641561691995,0.2945243112739994,0.8851069146098838,0.2225076548503169,0.3218004286088783,0.6831436668827318,0.5278187330258722,0.7059486268237127,0.323042995009506,-0.9284325267263084
0.4210777262745461,-0.16988837225830958,-0.4640291883353377,0.018791264651596317,0.5863641561691995,0.2945243112739994,0.8851069146098838,0.2195503818752238,0.3233061883070649,0.6827930727026147,0.5280063448405655,0.698062766166645,0.3237593728041651,-0.9298243185309732
0.4210777262745461,-0.16988837225830958,-0.4640291883353377,0.018791264651596317,0.5863641561691995,0.2945243112739994,0.8851069146098838,0.2165931089001307,0.3248119480052515,0.6824424785224976,0.5281939566552587,0.6901769055095772,0.3244757505988242,-0.9312161103356382
0.4210777262745461,-0.16988837225830958,-0.4640291883353377,0.018791264651596317,0.5863641561691995,0.2945243112739994,0.8851069146098838,0.2136358359250376,0.326317707703438,0.6820918843423807,0.528381568469952,0.6822910448525095,0.3251921283934833,-0.9326079021403032
0.4210777262745461,-0.16988837225830958,-0.4640291883353377,0.018791264651596317,0.5863641561691995,0.2945243112739994,0.8851069146098838,0.2106785629499445,0.3278234674016246,0.6817412901622635,0.5285691802846453,0.6744051841954417,0.3259085061881424,-0.933999693944968
0.4210777262745461,-0.16988837225830958,-0.4640291883353377,0.018791264651596317,0.5863641561691995,0.2945243112739994,0.8851069146098838,0.2077212899748514,0.3293292270998112,0.6813906959821465,0.5287567920993385,0.6665193235383738,0.3266248839828015,-0.9353914857496328
0.4210777262745461,-0.16988837225830958,-0.4640291883353377,0.018791264651596317,0.5863641561691995,0.2945243112739994,0.8851069146098838,0.2047640169997583,0.3308349867979978,0.6810401018020296,0.5289444039140317,0.6586334628813064,0.3273412617774606,-0.936783277554298
0.4210777262745461,-0.16988837225830958,-0.4640291883353377,0.018791264651596317,0.5863641561691995,0.2945243112739994,0.8851069146098838,0.2018067440246652,0.3323407464961844,0.6806895076219124,0.5291320157287249,0.6507476022242383,0.3280576395721196,-0.9381750693589628
0.4210777262745461,-0.16988837225830958,-0.4640291883353377,0.018791264651596317,0.5863641561691995,0.2945243112739994,0.8851069146098838,0.1988494710495721,0.3338465061943709,0.6803389134417954,0.5293196275434182,0.6428617415671707,0.3287740173667788,-0.9395668611636276
0.4210777262745461,-0.16988837225830958,-0.4640291883353377,0.018791264651596317,0.5863641561691995,0.2945243112739994,0.8851069146098838,0.1958921980744789,0.3353522658925575,0.6799883192616782,0.5295072393581114,0.6349758809101028,0.3294903951614378,-0.9409586529682924
0.4210777262745461,-0.16988837225830958,-0.4640291883353377,0.018791264651596317,0.5863641561691995,0.2945243112739994,0.8851069146098838,0.1929349250993858,0.3368580255907441,0.6796377250815613,0.5296948511728048,0.6270900202530352,0.330206772956097,-0.9423504447729574
0.4210777262745461,-0.16988837225830958,-0.4640291883353377,0.018791264651596317,0.5863641561691995,0.2945243112739994,0.8851069146098838,0.1899776521242927,0.3383637852889307,0.6792871309014441,0.529882462987498,0.6192041595959673,0.330923150750756,-0.9437422365776222
0.4210777262745461,-0.16988837225830958,-0.4640291883353377,0.018791264651596317,0.5863641561691995,0.2945243112739994,0.8851069146098838,0.1870203791491996,0.3398695449871173,0.6789365367213271,0.5300700748021913,0.6113182989388997,0.3316395285454152,-0.9451340283822872
0.4210777262745461,-0.16988837225830958,-0.4640291883353377,0.018791264651596317,0.5863641561691995,0.2945243112739994,0.8851069146098838,0.1840631061741065,0.3413753046853038,0.67858594254121,0.5302576866168844,0.6034324382818318,0.3323559063400743,-0.946525820186952
0.4210777262745461,-0.16988837225830958,-0.4640291883353377,0.018791264651596317,0.5863641561691995,0.2945243112739994,0.8851069146098838,0.1811058331990134,0.3428810643834905,0.678235348361093,0.5304452984315777,0.5955465776247642,0.3330722841347334,-0.9479176119916172
0.4210777262745461,-0.16988837225830958,-0.4640291883353377,0.018791264651596317,0.5863641561691995,0.2945243112739994,0.8851069146098838,0.1781485602239202,0.344386824081677,0.6778847541809759,0.5306329102462709,0.5876607169676963,0.3337886619293924,-0.9493094037962816
0.4210777262745461,-0.16988837225830958,-0.4640291883353377,0.018791264651596317,0.5863641561691995,0.2945243112739994,0.8851069146098838,0.1751912872488272,0.3458925837798636,0.677534160000859,0.5308205220609642,0.5797748563106286,0.3345050397240515,-0.9507011956009468
0.4210777262745461,-0.16988837225830958,-0.4640291883353377,0.018791264651596317,0.5863641561691995,0.2945243112739994,0.8851069146098838,0.172234014273734,0.3473983434780502,0.6771835658207418,0.5310081338756574,0.5718889956535607,0.3352214175187106,-0.9520929874056115
0.4210777262745461,-0.16988837225830958,-0.4640291883353377,0.018791264651596317,0.5863641561691995,0.2945243112739994,0.8851069146098838,0.1692767412986409,0.3489041031762367,0.6768329716406248,0.5311957456903507,0.5640031349964931,0.3359377953133697,-0.9534847792102764
0.4210777262745461,-0.16988837225830958,-0.4640291883353377,0.018791264651596317,0.5863641561691995,0.2945243112739994,0.8851069146098838,0.1663194683235478,0.3504098628744234,0.6764823774605078,0.531383357505044,0.5561172743394253,0.3366541731080288,-0.9548765710149414
0.4210777262745461,-0.16988837225830958,-0.4640291883353377,0.018791264651596317,0.5863641561691995,0.2945243112739994,0.8851069146098838,0.1633621953484547,0.3519156225726099,0.6761317832803907,0.5315709693197372,0.5482314136823575,0.3373705509026879,-0.9562683628196064
0.4210777262745461,-0.16988837225830958,-0.4640291883353377,0.018791264651596317,0.5863641561691995,0.2945243112739994,0.8851069146098838,0.1604049223733616,0.3534213822707965,0.6757811891002736,0.5317585811344304,0.5403455530252897,0.338086928697347,-0.9576601546242712
0.4210777262745461,-0.16988837225830958,-0.4640291883353377,0.018791264651596317,0.5863641561691995,0.2945243112739994,0.8851069146098838,0.1574476493982685,0.3549271419689831,0.6754305949201567,0.5319461929491236,0.532459692368222,0.3388033064920061,-0.9590519464289362
0.4210777262745461,-0.16988837225830958,-0.4640291883353377,0.018791264651596317,0.5863641561691995,0.2945243112739994,0.8851069146098838,0.1544903764231754,0.3564329016671697,0.6750800007400396,0.5321338047638169,0.5245738317111542,0.3395196842866652,-0.9604437382336012
0.4210777262745461,-0.16988837225830958,-0.4640291883353377,0.018791264651596317,0.5863641561691995,0.2945243112739994,0.8851069146098838,0.1515331034480823,0.3579386613653563,0.6747294065599225,0.5323214165785102,0.5166879710540865,0.3402360620813243,-0.961835530038266
0.4210777262745461,-0.16988837225830958,-0.4640291883353377,0.018791264651596317,0.5863641561691995,0.2945243112739994,0.8851069146098838,0.1485758304729892,0.3594444210635429,0.6743788123798055,0.5325090283932035,0.5088021103970187,0.3409524398759833,-0.9632273218429308
0.4210777262745461,-0.16988837225830958,-0.4640291883353377,0.018791264651596317,0.5863641561691995,0.2945243112739994,0.8851069146098838,0.1456185574978961,0.3609501807617294,0.6740282181996884,0.5326966402078968,0.500916249739951,0.3416688176706425,-0.9646191136475956
0.4210777262745461,-0.16988837225830958,-0.4640291883353377,0.018791264651596317,0.5863641561691995,0.2945243112739994,0.8851069146098838,0.1426612845228029,0.3624559404599161,0.6736776240195714,0.5328842520225899,0.4930303890828832,0.3423851954653015,-0.9660109054522606
0.4210777262745461,-0.16988837225830958,-0.4640291883353377,0.018791264651596317,0.5863641561691995,0.2945243112739994,0.8851069146098838,0.1397040115477098,0.3639617001581026,0.6733270298394544,0.5330718638372832,0.4851445284258154,0.3431015732599606,-0.9674026972569256
0.4210777262745461,-0.16988837225830958,-0.4640291883353377,0.018791264651596317,0.5863641561691995,0.2945243112739994,0.8851069146098838,0.1367467385726167,0.3654674598562892,0.6729764356593373,0.5332594756519764,0.4772586677687477,0.3438179510546197,-0.9687944890615904
0.4210777262745461,-0.16988837225830958,-0.4640291883353377,0.018791264651596317,0.5863641561691995,0.2945243112739994,0.8851069146098838,0.1337894655975236,0.3669732195544758,0.6726258414792202,0.5334470874666697,0.4693728071116798,0.3445343288492788,-0.9701862808662554
0.4210777262745461,-0.16988837225830958,-0.4640291883353377,0.018791264651596317,0.5863641561691995,0.2945243112739994,0.8851069146098838,0.1308321926224305,0.3684789792526624,0.6722752472991032,0.5336346992813629,0.4614869464546121,0.345250706643938,-0.9715780726709202
0.4210777262745461,-0.16988837225830958,-0.4640291883353377,0.018791264651596317,0.5863641561691995,0.2945243112739994,0.8851069146098838,0.1278749196473373,0.3699847389508489,0.6719246531189862,0.5338223110960562,0.4536010857975443,0.345967084438597,-0.9729698644755852
0.4210777262745461,-0.16988837225830958,-0.4640291883353377,0.018791264651596317,0.5863641561691995,0.2945243112739994,0.8851069146098838,0.1249176466722442,0.3714904986490356,0.671574058938869,0.5340099229107493,0.4457152251404765,0.3466834622332561,-0.97436165628025
0.4210777262745461,-0.16988837225830958,-0.4640291883353377,0.018791264651596317,0.5863641561691995,0.2945243112739994,0.8851069146098838,0.1219603736971511,0.3729962583472221,0.671223464758752,0.5341975347254426,0.4378293644834088,0.3473998400279152,-0.975753448084915
0.4210777262745461,-0.16988837225830958,-0.4640291883353377,0.018791264651596317,0.5863641561691995,0.2945243112739994,0.8851069146098838,0.119003100722058,0.3745020180454087,0.670872870578635,0.5343851465401359,0.429943503826341,0.3481162178225743,-0.9771452398895798
0.4210777262745461,-0.16988837225830958,-0.4640291883353377,0.018791264651596317,0.5863641561691995,0.2945243112739994,0.8851069146098838,0.1160458277469649,0.3760077777435953,0.6705222763985179,0.5345727583548292,0.4220576431692733,0.3488325956172334,-0.9785370316942448
0.4210777262745461,-0.16988837225830958,-0.4640291883353377,0.018791264651596317,0.5863641561691995,0.2945243112739994,0.8851069146098838,0.1130885547718719,0.3775135374417819,0.6701716822184008,0.5347603701695224,0.4141717825122056,0.3495489734118925,-0.9799288234989096
0.4210777262745461,-0.16988837225830958,-0.4640291883353377,0.018791264651596317,0.5863641561691995,0.2945243112739994,0.8851069146098838,0.1101312817967787,0.3790192971399684,0.6698210880382838,0.5349479819842157,0.4062859218551379,0.3502653512065515,-0.9813206153035744
0.4210777262745461,-0.16988837225830958,-0.4640291883353377,0.018791264651596317,0.5863641561691995,0.2945243112739994,0.8851069146098838,0.1071740088216856,0.3805250568381551,0.6694704938581668,0.5351355937989088,0.3984000611980701,0.3509817290012106,-0.9827124071082394
0.4210777262745461,-0.16988837225830958,-0.4640291883353377,0.018791264651596317,0.5863641561691995,0.2945243112739994,0.8851069146098838,0.1042167358465925,0.3820308165363416,0.6691198996780497,0.5353232056136021,0.3905142005410024,0.3516981067958697,-0.9841041989129042
0.4210777262745461,-0.16988837225830958,-0.4640291883353377,0.018791264651596317,0.5863641561691995,0.2945243112739994,0.8851069146098838,0.1012594628714994,0.3835365762345282,0.6687693054979327,0.5355108174282954,0.3826283398839346,0.3524144845905289,-0.9854959907175692
0.4210777262745461,-0.16988837225830958,-0.4640291883353377,0.018791264651596317,0.5863641561691995,0.2945243112739994,0.8851069146098838,0.0983021898964063,0.3850423359327147,0.6684187113178157,0.5356984292429887,0.3747424792268669,0.353130862385188,-0.986887782522234
0.4210777262745461,-0.16988837225830958,-0.4640291883353377,0.018791264651596317,0.5863641561691995,0.2945243112739994,0.8851069146098838,0.0953449169213131,0.3865480956309013,0.6680681171376985,0.5358860410576818,0.3668566185697991,0.353847240179847,-0.9882795743268992
0.4210777262745461,-0.16988837225830958,-0.4640291883353377,0.018791264651596317,0.5863641561691995,0.2945243112739994,0.8851069146098838,0.0923876439462201,0.3880538553290879,0.6677175229575816,0.5360736528723751,0.3589707579127312,0.3545636179745061,-0.989671366131564
0.4210777262745461,-0.16988837225830958,-0.4640291883353377,0.018791264651596317,0.5863641561691995,0.2945243112739994,0.8851069146098838,0.0894303709711269,0.3895596150272745,0.6673669287774644,0.5362612646870684,0.3510848972556635,0.3552799957691652,-0.9910631579362288
0.4210777262745461,-0.16988837225830958,-0.4640291883353377,0.018791264651596317,0.5863641561691995,0.2945243112739994,0.8851069146098838,0.0864730979960338,0.3910653747254611,0.6670163345973474,0.5364488765017617,0.3431990365985957,0.3559963735638243,-0.9924549497408937
0.4210777262745461,-0.16988837225830958,-0.4640291883353377,0.018791264651596317,0.5863641561691995,0.2945243112739994,0.8851069146098838,0.0835158250209407,0.3925711344236477,0.6666657404172304,0.5366364883164548,0.335313175941528,0.3567127513584834,-0.9938467415455584
0.4210777262745461,-0.16988837225830958,-0.4640291883353377,0.018791264651596317,0.5863641561691995,0.2945243112739994,0.8851069146098838,0.0805585520458476,0.3940768941218343,0.6663151462371133,0.5368241001311481,0.3274273152844602,0.3574291291531425,-0.9952385333502234
0.4210777262745461,-0.16988837225830958,-0.4640291883353377,0.018791264651596317,0.5863641561691995,0.2945243112739994,0.8851069146098838,0.0776012790707545,0.3955826538200209,0.6659645520569963,0.5370117119458413,0.3195414546273925,0.3581455069478016,-0.9966303251548884
0.4210777262745461,-0.16988837225830958,-0.4640291883353377,0.018791264651596317,0.5863641561691995,0.2945243112739994,0.8851069146098838,0.0746440060956614,0.3970884135182074,0.6656139578768792,0.5371993237605346,0.3116555939703247,0.3588618847424607,-0.9980221169595532
0.4210777262745461,-0.16988837225830958,-0.4640291883353377,0.018791264651596317,0.5863641561691995,0.2945243112739994,0.8851069146098838,0.0716867331205682,0.398594173216394,0.6652633636967622,0.5373869355752279,0.3037697333132569,0.3595782625371198,-0.9994139087642182
0.4210777262745461,-0.16988837225830958,-0.4640291883353377,0.018791264651596317,0.5863641561691995,0.2945243112739994,0.8851069146098838,0.0687294601454751,0.4000999329145806,0.6649127695166451,0.5375745473899212,0.2958838726561891,0.3602946403317789,-1.000805700568883
0.4210777262745461,-0.16988837225830958,-0.4640291883353377,0.018791264651596317,0.5863641561691995,0.2945243112739994,0.8851069146098838,0.065772187170382,0.4016056926127672,0.6645621753365281,0.5377621592046143,0.2879980119991214,0.361011018126438,-1.002197492373548
0.4210777262745461,-0.16988837225830958,-0.4640291883353377,0.018791264651596317,0.5863641561691995,0.2945243112739994,0.8851069146098838,0.0628149141952889,0.4031114523109538,0.664211581156411,0.5379497710193076,0.2801121513420536,0.3617273959210971,-1.0035892841782128
0.4210777262745461,-0.16988837225830958,-0.4640291883353377,0.018791264651596317,0.5863641561691995,0.2945243112739994,0.8851069146098838,0.0598576412201958,0.4046172120091404,0.6638609869762939,0.5381373828340008,0.2722262906849859,0.3624437737157561,-1.0049810759828777
0.4210777262745461,-0.16988837225830958,-0.4640291883353377,0.018791264651596317,0.5863641561691995,0.2945243112739994,0.8851069146098838,0.0569003682451027,0.4061229717073269,0.663510392796177,0.5383249946486941,0.2643404300279181,0.3631601515104152,-1.0063728677875423
0.4210777262745461,-0.16988837225830958,-0.4640291883353377,0.018791264651596317,0.5863641561691995,0.2945243112739994,0.8851069146098838,0.0539430952700096,0.4076287314055136,0.6631597986160599,0.5385126064633873,0.2564545693708503,0.3638765293050743,-1.0077646595922076
0.4210777262745461,-0.16988837225830958,-0.4640291883353377,0.018791264651596317,0.5863641561691995,0.2945243112739994,0.8851069146098838,0.0509858222949164,0.4091344911037001,0.6628092044359428,0.5387002182780806,0.2485687087137825,0.3645929070997334,-1.0091564513968725
0.4210777262745461,-0.16988837225830958,-0.4640291883353377,0.018791264651596317,0.5863641561691995,0.2945243112739994,0.8851069146098838,0.0480285493198233,0.4106402508018867,0.6624586102558258,0.5388878300927737,0.2406828480567148,0.3653092848943925,-1.0105482432015374
0.4210777262745461,-0.16988837225830958,-0.4640291883353377,0.018791264651596317,0.5863641561691995,0.2945243112739994,0.8851069146098838,0.0450712763447302,0.4121460105000732,0.6621080160757087,0.539075441907467,0.232796987399647,0.3660256626890517,-1.0119400350062022
0.4210777262745461,-0.16988837225830958,-0.4640291883353377,0.018791264651596317,0.5863641561691995,0.2945243112739994,0.8851069146098838,0.0421140033696371,0.4136517701982599,0.6617574218955917,0.5392630537221603,0.2249111267425792,0.3667420404837107,-1.013331826810867
0.4210777262745461,-0.16988837225830958,-0.4640291883353377,0.018791264651596317,0.5863641561691995,0.2945243112739994,0.8851069146098838,0.039156730394544,0.4151575298964464,0.6614068277154747,0.5394506655368536,0.2170252660855116,0.3674584182783698,-1.014723618615532
0.4210777262745461,-0.16988837225830958,-0.4640291883353377,0.018791264651596317,0.5863641561691995,0.2945243112739994,0.8851069146098838,0.0361994574194509,0.416663289594633,0.6610562335353576,0.5396382773515468,0.2091394054284439,0.3681747960730289,-1.016115410420197
0.4210777262745461,-0.16988837225830958,-0.4640291883353377,0.018791264651596317,0.5863641561691995,0.2945243112739994,0.8851069146098838,0.0332421844443578,0.4181690492928196,0.6607056393552405,0.5398258891662401,0.2012535447713761,0.368891173867688,-1.0175072022248617
0.4210777262745461,-0.16988837225830958,-0.4640291883353377,0.018791264651596317,0.5863641561691995,0.2945243112739994,0.8851069146098838,0.0302849114692647,0.4196748089910062,0.6603550451751234,0.5400135009809333,0.1933676841143083,0.3696075516623471,-1.0188989940295268
0.4210777262745461,-0.16988837225830958,-0.4640291883353377,0.018791264651596317,0.5863641561691995,0.2945243112739994,0.8851069146098838,0.0273276384941716,0.4211805686891927,0.6600044509950065,0.5402011127956265,0.1854818234572405,0.3703239294570062,-1.0202907858341916
0.4210777262745461,-0.16988837225830958,-0.4640291883353377,0.018791264651596317,0.5863641561691995,0.2945243112739994,0.8851069146098838,0.0243703655190785,0.4226863283873793,0.6596538568148894,0.5403887246103198,0.1775959628001728,0.3710403072516652,-1.0216825776388565
0.4210777262745461,-0.16988837225830958,-0.4640291883353377,0.018791264651596317,0.5863641561691995,0.2945243112739994,0.8851069146098838,0.0214130925439853,0.4241920880855659,0.6593032626347723,0.540576336425013,0.169710102143105,0.3717566850463244,-1.0230743694435214
0.4210777262745461,-0.16988837225830958,-0.4640291883353377,0.018791264651596317,0.5863641561691995,0.2945243112739994,0.8851069146098838,0.0184558195688922,0.4256978477837525,0.6589526684546553,0.5407639482397063,0.1618242414860373,0.3724730628409834,-1.0244661612481862
0.4210777262745461,-0.16988837225830958,-0.4640291883353377,0.018791264651596317,0.5863641561691995,0.2945243112739994,0.8851069146098838,0.0154985465937991,0.4272036074819391,0.6586020742745382,0.5409515600543995,0.1539383808289695,0.3731894406356426,-1.025857953052851
0.4210777262745461,-0.16988837225830958,-0.4640291883353377,0.018791264651596317,0.5863641561691995,0.2945243112739994,0.8851069146098838,0.012541273618706,0.4287093671801257,0.6582514800944211,0.5411391718690928,0.1460525201719018,0.3739058184303016,-1.027249744857516
0.4210777262745461,-0.16988837225830958,-0.4640291883353377,0.018791264651596317,0.5863641561691995,0.2945243112739994,0.8851069146098838,0.0095840006436129,0.4302151268783122,0.6579008859143041,0.5413267836837861,0.1381666595148339,0.3746221962249607,-1.028641536662181
0.4210777262745461,-0.16988837225830958,-0.4640291883353377,0.018791264651596317,0.5863641561691995,0.2945243112739994,0.8851069146098838,0.0066267276685198,0.4317208865764989,0.6575502917341871,0.5415143954984792,0.1302807988577662,0.3753385740196198,-1.030033328466846
0.4210777262745461,-0.16988837225830958,-0.4640291883353377,0.018791264651596317,0.5863641561691995,0.2945243112739994,0.8851069146098838,0.0036694546934267,0.4332266462746854,0.65719969755407,0.5417020073131725,0.1223949382006984,0.3760549518142789,-1.0314251202715108
0.4210777262745461,-0.16988837225830958,-0.4640291883353377,0.018791264651596317,0.5863641561691995,0.2945243112739994,0.8851069146098838,0.0007121817183335,0.434732405972872,0.656849103373953,0.5418896191278658,0.1145090775436306,0.376771329608938,-1.0328169120761757
0.4210777262745461,-0.16988837225830958,-0.4640291883353377,0.018791264651596317,0.5863641561691995,0.2945243112739994,0.8851069146098838,-0.0022450912567595,0.4362381656710586,0.656498509193836,0.542077230942559,0.1066232168865629,0.3774877074035971,-1.0342087038808403
0.4210777262745461,-0.16988837225830958,-0.4640291883353377,0.018791264651596317,0.5863641561691995,0.2945243112739994,0.8851069146098838,-0.0052023642318526,0.4377439253692452,0.6561479150137189,0.5422648427572523,0.0987373562294951,0.3782040851982562,-1.0356004956855056
0.4210777262745461,-0.16988837225830958,-0.4640291883353377,0.018791264651596317,0.5863641561691995,0.2945243112739994,0.8851069146098838,-0.0081596372069457,0.4392496850674318,0.6557973208336019,0.5424524545719456,0.0908514955724273,0.3789204629929153,-1.0369922874901705
0.4210777262745461,-0.16988837225830958,-0.4640291883353377,0.018791264651596317,0.5863641561691995,0.2945243112739994,0.8851069146098838,-0.0111169101820388,0.4407554447656184,0.6554467266534848,0.5426400663866388,0.0829656349153596,0.3796368407875744,-1.0383840792948351
0.4210777262745461,-0.16988837225830958,-0.4640291883353377,0.018791264651596317,0.5863641561691995,0.2945243112739994,0.8851069146098838,-0.0140741831571319,0.442261204463805,0.6550961324733677,0.542827678201332,0.0750797742582918,0.3803532185822335,-1.0397758710995002
0.4210777262745461,-0.16988837225830958,-0.4640291883353377,0.018791264651596317,0.5863641561691995,0.2945243112739994,0.8851069146098838,-0.017031456132225,0.4437669641619916,0.6547455382932507,0.5430152900160252,0.067193913601224,0.3810695963768926,-1.041167662904165
0.4210777262745461,-0.16988837225830958,-0.4640291883353377,0.018791264651596317,0.5863641561691995,0.2945243112739994,0.8851069146098838,-0.0199887291073182,0.4452727238601781,0.6543949441131337,0.5432029018307185,0.0593080529441563,0.3817859741715517,-1.04255945470883
0.4210777262745461,-0.16988837225830958,-0.4640291883353377,0.018791264651596317,0.5863641561691995,0.2945243112739994,0.8851069146098838,-0.0229460020824113,0.4467784835583647,0.6540443499330166,0.5433905136454117,0.0514221922870885,0.3825023519662108,-1.0439512465134948
0.4210777262745461,-0.16988837225830958,-0.4640291883353377,0.018791264651596317,0.5863641561691995,0.2945243112739994,0.8851069146098838,-0.0259032750575044,0.4482842432565513,0.6536937557528995,0.543578125460105,0.0435363316300207,0.3832187297608699,-1.04534303831816
0.4210777262745461,-0.16988837225830958,-0.4640291883353377,0.018791264651596317,0.5863641561691995,0.2945243112739994,0.8851069146098838,-0.0288605480325975,0.4497900029547378,0.6533431615727825,0.5437657372747983,0.035650470972953,0.3839351075555289,-1.0467348301228243
0.4210777262745461,-0.16988837225830958,-0.4640291883353377,0.018791264651596317,0.5863641561691995,0.2945243112739994,0.8851069146098838,-0.0318178210076906,0.4512957626529245,0.6529925673926654,0.5439533490894914,0.0277646103158852,0.3846514853501881,-1.0481266219274896
0.4210777262745461,-0.16988837225830958,-0.4640291883353377,0.018791264651596317,0.5863641561691995,0.2945243112739994,0.8851069146098838,-0.0347750939827837,0.452801522351111,0.6526419732125484,0.5441409609041847,0.0198787496588176,0.3853678631448471,-1.0495184137321545
0.4210777262745461,-0.16988837225830958,-0.4640291883353377,0.018791264651596317,0.5863641561691995,0.2945243112739994,0.8851069146098838,-0.0377323669578768,0.4543072820492976,0.6522913790324314,0.544328572718878,0.0119928890017498,0.3860842409395063,-1.0509102055368194
0.4210777262745461,-0.16988837225830958,-0.4640291883353377,0.018791264651596317,0.5863641561691995,0.2945243112739994,0.8851069146098838,-0.0406896399329699,0.4558130417474842,0.6519407848523143,0.5445161845335712,0.0041070283446821,0.3868006187341653,-1.0523019973414842
0.4210777262745461,-0.16988837225830958,-0.4640291883353377,0.018791264651596317,0.5863641561691995,0.2945243112739994,0.8851069146098838,-0.043646912908063,0.4573188014456708,0.6515901906721971,0.5447037963482645,-0.0037788323123856,0.3875169965288244,-1.053693789146149
0.4210777262745461,-0.16988837225830958,-0.4640291883353377,0.018791264651596317,0.5863641561691995,0.2945243112739994,0.8851069146098838,-0.0466041858831561,0.4588245611438574,0.6512395964920802,0.5448914081629578,-0.0116646929694534,0.3882333743234835,-1.055085580950814
0.4210777262745461,-0.16988837225830958,-0.4640291883353377,0.018791264651596317,0.5863641561691995,0.2945243112739994,0.8851069146098838,-0.0495614588582492,0.4603303208420439,0.6508890023119631,0.545079019977651,-0.0195505536265211,0.3889497521181426,-1.056477372755479
0.4210777262745461,-0.16988837225830958,-0.4640291883353377,0.018791264651596317,0.5863641561691995,0.2945243112739994,0.8851069146098838,-0.0525187318333423,0.4618360805402305,0.6505384081318462,0.5452666317923442,-0.0274364142835889,0.3896661299128017,-1.057869164560144
0.4210777262745461,-0.16988837225830958,-0.4640291883353377,0.018791264651596317,0.5863641561691995,0.2945243112739994,0.8851069146098838,-0.0554760048084355,0.4633418402384171,0.650187813951729,0.5454542436070374,-0.0353222749406567,0.3903825077074608,-1.0592609563648088
0.4210777262745461,-0.16988837225830958,-0.4640291883353377,0.018791264651596317,0.5863641561691995,0.2945243112739994,0.8851069146098838,-0.0584332777835286,0.4648475999366037,0.649837219771612,0.5456418554217307,-0.0432081355977245,0.3910988855021199,-1.0606527481694736
0.4210777262745461,-0.16988837225830958,-0.4640291883353377,0.018791264651596317,0.5863641561691995,0.2945243112739994,0.8851069146098838,-0.0613905507586217,0.4663533596347903,0.649486625591495,0.5458294672364239,-0.0510939962547922,0.3918152632967789,-1.0620445399741385
0.4210777262745461,-0.16988837225830958,-0.4640291883353377,0.018791264651596317,0.5863641561691995,0.2945243112739994,0.8851069146098838,-0.0643478237337148,0.4678591193329768,0.6491360314113779,0.5460170790511172,-0.05897985691186,0.3925316410914381,-1.0634363317788034
0.4210777262745461,-0.16988837225830958,-0.4640291883353377,0.018791264651596317,0.5863641561691995,0.2945243112739994,0.8851069146098838,-0.0673050967088079,0.4693648790311635,0.6487854372312608,0.5462046908658105,-0.0668657175689278,0.3932480188860972,-1.0648281235834682
0.4210777262745461,-0.16988837225830958,-0.4640291883353377,0.018791264651596317,0.5863641561691995,0.2945243112739994,0.8851069146098838,-0.0702623696839011,0.47087063872935,0.6484348430511438,0.5463923026805038,-0.0747515782259955,0.3939643966807563,-1.066219915388133
0.4210777262745461,-0.16988837225830958,-0.4640291883353377,0.018791264651596317,0.5863641561691995,0.2945243112739994,0.8851069146098838,-0.0732196426589942,0.4723763984275366,0.6480842488710268,0.5465799144951969,-0.0826374388830633,0.3946807744754154,-1.0676117071927982
0.4210777262745461,-0.16988837225830958,-0.4640291883353377,0.018791264651596317,0.5863641561691995,0.2945243112739994,0.8851069146098838,-0.0761769156340873,0.4738821581257232,0.6477336546909096,0.5467675263098902,-0.0905232995401311,0.3953971522700744,-1.069003498997463
0.4210777262745461,-0.16988837225830958,-0.4640291883353377,0.018791264651596317,0.5863641561691995,0.2945243112739994,0.8851069146098838,-0.0791341886091804,0.4753879178239098,0.6473830605107926,0.5469551381245834,-0.0984091601971988,0.3961135300647336,-1.070395290802128
0.4210777262745461,-0.16988837225830958,-0.4640291883353377,0.018791264651596317,0.5863641561691995,0.2945243112739994,0.8851069146098838,-0.0820914615842735,0.4768936775220964,0.6470324663306756,0.5471427499392767,-0.1062950208542666,0.3968299078593926,-1.0717870826067928
0.4210777262745461,-0.16988837225830958,-0.4640291883353377,0.018791264651596317,0.5863641561691995,0.2945243112739994,0.8851069146098838,-0.0850487345593666,0.478399437220283,0.6466818721505586,0.54733036175397,-0.1141808815113344,0.3975462856540517,-1.0731788744114577
0.4210777262745461,-0.16988837225830958,-0.4640291883353377,0.018791264651596317,0.5863641561691995,0.2945243112739994,0.8851069146098838,-0.0880060075344597,0.4799051969184695,0.6463312779704414,0.5475179735686632,-0.1220667421684021,0.3982626634487108,-1.0745706662161223
0.4210777262745461,-0.16988837225830958,-0.4640291883353377,0.018791264651596317,0.5863641561691995,0.2945243112739994,0.8851069146098838,-0.0909632805095529,0.4814109566166561,0.6459806837903245,0.5477055853833565,-0.1299526028254699,0.3989790412433699,-1.0759624580207874
0.4210777262745461,-0.16988837225830958,-0.4640291883353377,0.018791264651596317,0.5863641561691995,0.2945243112739994,0.8851069146098838,-0.0939205534846459,0.4829167163148427,0.6456300896102074,0.5478931971980496,-0.1378384634825377,0.399695419038029,-1.0773542498254525
0.4210777262745461,-0.16988837225830958,-0.4640291883353377,0.018791264651596317,0.5863641561691995,0.2945243112739994,0.8851069146098838,-0.0968778264597391,0.4844224760130293,0.6452794954300904,0.5480808090127429,-0.1457243241396055,0.4004117968326881,-1.0787460416301171
0.4210777262745461,-0.16988837225830958,-0.4640291883353377,0.018791264651596317,0.5863641561691995,0.2945243112739994,0.8851069146098838,-0.0998350994348322,0.4859282357112158,0.6449289012499733,0.5482684208274362,-0.1536101847966732,0.4011281746273472,-1.0801378334347822
0.4210777262745461,-0.16988837225830958,-0.4640291883353377,0.018791264651596317,0.5863641561691995,0.2945243112739994,0.8851069146098838,-0.1027923724099253,0.4874339954094024,0.6445783070698562,0.5484560326421294,-0.161496045453741,0.4018445524220063,-1.081529625239447
0.4210777262745461,-0.16988837225830958,-0.4640291883353377,0.018791264651596317,0.5863641561691995,0.2945243112739994,0.8851069146098838,-0.1057496453850184,0.488939755107589,0.6442277128897392,0.5486436444568227,-0.1693819061108087,0.4025609302166654,-1.082921417044112
0.4210777262745461,-0.16988837225830958,-0.4640291883353377,0.018791264651596317,0.5863641561691995,0.2945243112739994,0.8851069146098838,-0.1087069183601115,0.4904455148057756,0.6438771187096222,0.5488312562715159,-0.1772677667678764,0.4032773080113244,-1.084313208848777
0.4210777262745461,-0.16988837225830958,-0.4640291883353377,0.018791264651596317,0.5863641561691995,0.2945243112739994,0.8851069146098838,-0.1116641913352046,0.4919512745039622,0.6435265245295051,0.5490188680862091,-0.1851536274249441,0.4039936858059836,-1.0857050006534417
0.4210777262745461,-0.16988837225830958,-0.4640291883353377,0.018791264651596317,0.5863641561691995,0.2945243112739994,0.8851069146098838,-0.1146214643102977,0.4934570342021488,0.6431759303493881,0.5492064799009023,-0.1930394880820119,0.4047100636006426,-1.0870967924581063
0.4210777262745461,-0.16988837225830958,-0.4640291883353377,0.018791264651596317,0.5863641561691995,0.2945243112739994,0.8851069146098838,-0.1175787372853908,0.4949627939003354,0.642825336169271,0.5493940917155956,-0.2009253487390797,0.4054264413953017,-1.0884885842627714
0.4210777262745461,-0.16988837225830958,-0.4640291883353377,0.018791264651596317,0.5863641561691995,0.2945243112739994,0.8851069146098838,-0.1205360102604839,0.4964685535985219,0.6424747419891539,0.5495817035302889,-0.2088112093961474,0.4061428191899608,-1.0898803760674365
0.4210777262745461,-0.16988837225830958,-0.4640291883353377,0.018791264651596317,0.5863641561691995,0.2945243112739994,0.8851069146098838,-0.123493283235577,0.4979743132967085,0.6421241478090369,0.5497693153449821,-0.2166970700532152,0.4068591969846199,-1.0912721678721014
0.4210777262745461,-0.16988837225830958,-0.4640291883353377,0.018791264651596317,0.5863641561691995,0.2945243112739994,0.8851069146098838,-0.1264505562106702,0.4994800729948951,0.6417735536289199,0.5499569271596754,-0.224582930710283,0.4075755747792791,-1.0926639596767662
0.4210777262745461,-0.16988837225830958,-0.4640291883353377,0.018791264651596317,0.5863641561691995,0.2945243112739994,0.8851069146098838,-0.1294078291857633,0.5009858326930817,0.6414229594488028,0.5501445389743687,-0.2324687913673507,0.4082919525739381,-1.0940557514814313
0.4210777262745461,-0.16988837225830958,-0.4640291883353377,0.018791264651596317,0.5863641561691995,0.2945243112739994,0.8851069146098838,-0.1323651021608564,0.5024915923912683,0.6410723652686857,0.5503321507890618,-0.2403546520244185,0.4090083303685972,-1.0954475432860962
0.4210777262745461,-0.16988837225830958,-0.4640291883353377,0.018791264651596317,0.5863641561691995,0.2945243112739994,0.8851069146098838,-0.1353223751359495,0.503997352089455,0.6407217710885688,0.5505197626037551,-0.2482405126814863,0.4097247081632563,-1.0968393350907608
0.4210777262745461,-0.16988837225830958,-0.4640291883353377,0.018791264651596317,0.5863641561691995,0.2945243112739994,0.8851069146098838,-0.1382796481110426,0.5055031117876414,0.6403711769084517,0.5507073744184484,-0.2561263733385541,0.4104410859579154,-1.0982311268954257
0.4210777262745461,-0.16988837225830958,-0.4640291883353377,0.018791264651596317,0.5863641561691995,0.2945243112739994,0.8851069146098838,-0.1412369210861357,0.5070088714858281,0.6400205827283346,0.5508949862331416,-0.2640122339956218,0.4111574637525745,-1.0996229187000908
0.4210777262745461,-0.16988837225830958,-0.4640291883353377,0.018791264651596317,0.5863641561691995,0.2945243112739994,0.8851069146098838,-0.1441941940612288,0.5085146311840146,0.6396699885482175,0.5510825980478349,-0.2718980946526896,0.4118738415472336,-1.1010147105047556
