left_w0,left_w1,left_w2,left_e0,left_e1,left_s0,left_s1,right_s0,right_s1,right_e0,right_e1,right_w0,right_w1,right_w2
0.4210777262745461,-0.16988837225830958,-0.4640291883353377,0.018791264651596317,0.5863641561691995,0.2945243112739994,0.8851069146098838,-0.2485312126598593,0.8823804457834061,-0.0142922500130886,0.5869936363429167,-0.4178150508343075,-0.1661720959643768,0.4619847982525824
0.4210777262745461,-0.16988837225830958,-0.4640291883353377,0.018791264651596317,0.5863641561691995,0.2945243112739994,0.8851069146098838,-0.2468686293558764,0.8795945631896476,-0.012228531214757,0.5851669692804493,-0.4105411205170832,-0.1598706764997586,0.4573470584157034
0.4210777262745461,-0.16988837225830958,-0.4640291883353377,0.018791264651596317,0.5863641561691995,0.2945243112739994,0.8851069146098838,-0.2452060460518935,0.8768086805958891,-0.0101648124164254,0.5833403022179819,-0.403267190199859,-0.1535692570351404,0.4527093185788243
0.4210777262745461,-0.16988837225830958,-0.4640291883353377,0.018791264651596317,0.5863641561691995,0.2945243112739994,0.8851069146098838,-0.2435434627479105,0.8740227980021307,-0.0081010936180937,0.5815136351555146,-0.3959932598826348,-0.1472678375705221,0.4480715787419453
0.4210777262745461,-0.16988837225830958,-0.4640291883353377,0.018791264651596317,0.5863641561691995,0.2945243112739994,0.8851069146098838,-0.2418808794439276,0.8712369154083721,-0.0060373748197621,0.5796869680930471,-0.3887193295654105,-0.1409664181059039,0.4434338389050663
0.4210777262745461,-0.16988837225830958,-0.4640291883353377,0.018791264651596317,0.5863641561691995,0.2945243112739994,0.8851069146098838,-0.2402182961399447,0.8684510328146137,-0.0039736560214305,0.5778603010305797,-0.3814453992481863,-0.1346649986412856,0.4387960990681873
0.4210777262745461,-0.16988837225830958,-0.4640291883353377,0.018791264651596317,0.5863641561691995,0.2945243112739994,0.8851069146098838,-0.2385557128359617,0.8656651502208551,-0.0019099372230989,0.5760336339681125,-0.374171468930962,-0.1283635791766674,0.4341583592313082
0.4210777262745461,-0.16988837225830958,-0.4640291883353377,0.018791264651596317,0.5863641561691995,0.2945243112739994,0.8851069146098838,-0.2368931295319788,0.8628792676270967,0.0001537815752327,0.5742069669056451,-0.3668975386137378,-0.1220621597120491,0.4295206193944292
0.4210777262745461,-0.16988837225830958,-0.4640291883353377,0.018791264651596317,0.5863641561691995,0.2945243112739994,0.8851069146098838,-0.2352305462279958,0.8600933850333382,0.0022175003735643,0.5723802998431777,-0.3596236082965136,-0.1157607402474309,0.4248828795575501
0.4210777262745461,-0.16988837225830958,-0.4640291883353377,0.018791264651596317,0.5863641561691995,0.2945243112739994,0.8851069146098838,-0.2335679629240129,0.8573075024395796,0.0042812191718959,0.5705536327807104,-0.3523496779792893,-0.1094593207828127,0.4202451397206712
0.4210777262745461,-0.16988837225830958,-0.4640291883353377,0.018791264651596317,0.5863641561691995,0.2945243112739994,0.8851069146098838,-0.23190537962003,0.8545216198458212,0.0063449379702275,0.568726965718243,-0.345075747662065,-0.1031579013181944,0.4156073998837921
0.4210777262745461,-0.16988837225830958,-0.4640291883353377,0.018791264651596317,0.5863641561691995,0.2945243112739994,0.8851069146098838,-0.2302427963160471,0.8517357372520626,0.0084086567685592,0.5669002986557755,-0.3378018173448409,-0.0968564818535762,0.4109696600469131
0.4210777262745461,-0.16988837225830958,-0.4640291883353377,0.018791264651596317,0.5863641561691995,0.2945243112739994,0.8851069146098838,-0.2285802130120642,0.8489498546583041,0.0104723755668908,0.5650736315933081,-0.3305278870276166,-0.090555062388958,0.406331920210034
0.4210777262745461,-0.16988837225830958,-0.4640291883353377,0.018791264651596317,0.5863641561691995,0.2945243112739994,0.8851069146098838,-0.2269176297080812,0.8461639720645459,0.0125360943652224,0.5632469645308409,-0.3232539567103925,-0.0842536429243397,0.4016941803731551
0.4210777262745461,-0.16988837225830958,-0.4640291883353377,0.018791264651596317,0.5863641561691995,0.2945243112739994,0.8851069146098838,-0.2252550464040983,0.8433780894707872,0.014599813163554,0.5614202974683734,-0.3159800263931681,-0.0779522234597214,0.397056440536276
0.4210777262745461,-0.16988837225830958,-0.4640291883353377,0.018791264651596317,0.5863641561691995,0.2945243112739994,0.8851069146098838,-0.2235924631001154,0.8405922068770287,0.0166635319618857,0.559593630405906,-0.308706096075944,-0.0716508039951032,0.392418700699397
0.4210777262745461,-0.16988837225830958,-0.4640291883353377,0.018791264651596317,0.5863641561691995,0.2945243112739994,0.8851069146098838,-0.2219298797961325,0.8378063242832703,0.0187272507602173,0.5577669633434387,-0.3014321657587197,-0.065349384530485,0.387780960862518
0.4210777262745461,-0.16988837225830958,-0.4640291883353377,0.018791264651596317,0.5863641561691995,0.2945243112739994,0.8851069146098838,-0.2202672964921495,0.8350204416895118,0.0207909695585489,0.5559402962809714,-0.2941582354414955,-0.0590479650658667,0.383143221025639
0.4210777262745461,-0.16988837225830958,-0.4640291883353377,0.018791264651596317,0.5863641561691995,0.2945243112739994,0.8851069146098838,-0.2186047131881666,0.8322345590957533,0.0228546883568805,0.554113629218504,-0.2868843051242712,-0.0527465456012485,0.3785054811887599
0.4210777262745461,-0.16988837225830958,-0.4640291883353377,0.018791264651596317,0.5863641561691995,0.2945243112739994,0.8851069146098838,-0.2169421298841836,0.8294486765019948,0.0249184071552122,0.5522869621560367,-0.279610374807047,-0.0464451261366302,0.3738677413518809
0.4210777262745461,-0.16988837225830958,-0.4640291883353377,0.018791264651596317,0.5863641561691995,0.2945243112739994,0.8851069146098838,-0.2152795465802007,0.8266627939082363,0.0269821259535438,0.5504602950935693,-0.2723364444898227,-0.040143706672012,0.3692300015150019
0.4210777262745461,-0.16988837225830958,-0.4640291883353377,0.018791264651596317,0.5863641561691995,0.2945243112739994,0.8851069146098838,-0.2136169632762178,0.8238769113144778,0.0290458447518754,0.5486336280311019,-0.2650625141725986,-0.0338422872073938,0.3645922616781228
0.4210777262745461,-0.16988837225830958,-0.4640291883353377,0.018791264651596317,0.5863641561691995,0.2945243112739994,0.8851069146098838,-0.2119543799722349,0.8210910287207194,0.031109563550207,0.5468069609686345,-0.2577885838553743,-0.0275408677427755,0.3599545218412438
0.4210777262745461,-0.16988837225830958,-0.4640291883353377,0.018791264651596317,0.5863641561691995,0.2945243112739994,0.8851069146098838,-0.2102917966682519,0.8183051461269608,0.0331732823485387,0.5449802939061671,-0.25051465353815,-0.0212394482781573,0.3553167820043648
0.4210777262745461,-0.16988837225830958,-0.4640291883353377,0.018791264651596317,0.5863641561691995,0.2945243112739994,0.8851069146098838,-0.208629213364269,0.8155192635332024,0.0352370011468703,0.5431536268436997,-0.2432407232209258,-0.0149380288135391,0.3506790421674857
0.4210777262745461,-0.16988837225830958,-0.4640291883353377,0.018791264651596317,0.5863641561691995,0.2945243112739994,0.8851069146098838,-0.2069666300602861,0.8127333809394438,0.0373007199452019,0.5413269597812324,-0.2359667929037016,-0.0086366093489208,0.3460413023306067
0.4210777262745461,-0.16988837225830958,-0.4640291883353377,0.018791264651596317,0.5863641561691995,0.2945243112739994,0.8851069146098838,-0.2053040467563032,0.8099474983456852,0.0393644387435335,0.539500292718765,-0.2286928625864774,-0.0023351898843025,0.3414035624937277
0.4210777262745461,-0.16988837225830958,-0.4640291883353377,0.018791264651596317,0.5863641561691995,0.2945243112739994,0.8851069146098838,-0.2036414634523202,0.8071616157519269,0.0414281575418652,0.5376736256562976,-0.2214189322692531,0.0039662295803156,0.3367658226568486
0.4210777262745461,-0.16988837225830958,-0.4640291883353377,0.018791264651596317,0.5863641561691995,0.2945243112739994,0.8851069146098838,-0.2019788801483373,0.8043757331581683,0.0434918763401968,0.5358469585938304,-0.2141450019520289,0.0102676490449338,0.3321280828199696
0.4210777262745461,-0.16988837225830958,-0.4640291883353377,0.018791264651596317,0.5863641561691995,0.2945243112739994,0.8851069146098838,-0.2003162968443544,0.8015898505644098,0.0455555951385284,0.5340202915313629,-0.2068710716348046,0.0165690685095521,0.3274903429830906
0.4210777262745461,-0.16988837225830958,-0.4640291883353377,0.018791264651596317,0.5863641561691995,0.2945243112739994,0.8851069146098838,-0.1986537135403714,0.7988039679706513,0.04761931393686,0.5321936244688955,-0.1995971413175804,0.0228704879741703,0.3228526031462115
0.4210777262745461,-0.16988837225830958,-0.4640291883353377,0.018791264651596317,0.5863641561691995,0.2945243112739994,0.8851069146098838,-0.1969911302363885,0.7960180853768928,0.0496830327351917,0.5303669574064281,-0.1923232110003561,0.0291719074387885,0.3182148633093326
0.4210777262745461,-0.16988837225830958,-0.4640291883353377,0.018791264651596317,0.5863641561691995,0.2945243112739994,0.8851069146098838,-0.1953285469324056,0.7932322027831344,0.0517467515335233,0.5285402903439608,-0.1850492806831319,0.0354733269034068,0.3135771234724535
0.4210777262745461,-0.16988837225830958,-0.4640291883353377,0.018791264651596317,0.5863641561691995,0.2945243112739994,0.8851069146098838,-0.1936659636284226,0.7904463201893759,0.0538104703318549,0.5267136232814934,-0.1777753503659076,0.041774746368025,0.3089393836355745
0.4210777262745461,-0.16988837225830958,-0.4640291883353377,0.018791264651596317,0.5863641561691995,0.2945243112739994,0.8851069146098838,-0.1920033803244397,0.7876604375956173,0.0558741891301865,0.524886956219026,-0.1705014200486834,0.0480761658326433,0.3043016437986954
0.4210777262745461,-0.16988837225830958,-0.4640291883353377,0.018791264651596317,0.5863641561691995,0.2945243112739994,0.8851069146098838,-0.1903407970204568,0.7848745550018589,0.0579379079285182,0.5230602891565587,-0.1632274897314592,0.0543775852972615,0.2996639039618164
0.4210777262745461,-0.16988837225830958,-0.4640291883353377,0.018791264651596317,0.5863641561691995,0.2945243112739994,0.8851069146098838,-0.1886782137164739,0.7820886724081004,0.0600016267268498,0.5212336220940913,-0.155953559414235,0.0606790047618797,0.2950261641249374
0.4210777262745461,-0.16988837225830958,-0.4640291883353377,0.018791264651596317,0.5863641561691995,0.2945243112739994,0.8851069146098838,-0.1870156304124909,0.7793027898143419,0.0620653455251814,0.5194069550316239,-0.1486796290970107,0.066980424226498,0.2903884242880584
0.4210777262745461,-0.16988837225830958,-0.4640291883353377,0.018791264651596317,0.5863641561691995,0.2945243112739994,0.8851069146098838,-0.185353047108508,0.7765169072205835,0.064129064323513,0.5175802879691566,-0.1414056987797865,0.0732818436911162,0.2857506844511794
0.4210777262745461,-0.16988837225830958,-0.4640291883353377,0.018791264651596317,0.5863641561691995,0.2945243112739994,0.8851069146098838,-0.1836904638045251,0.7737310246268249,0.0661927831218447,0.5157536209066891,-0.1341317684625622,0.0795832631557345,0.2811129446143003
0.4210777262745461,-0.16988837225830958,-0.4640291883353377,0.018791264651596317,0.5863641561691995,0.2945243112739994,0.8851069146098838,-0.1820278805005422,0.7709451420330664,0.0682565019201763,0.5139269538442218,-0.126857838145338,0.0858846826203527,0.2764752047774213
0.4210777262745461,-0.16988837225830958,-0.4640291883353377,0.018791264651596317,0.5863641561691995,0.2945243112739994,0.8851069146098838,-0.1803652971965592,0.7681592594393081,0.0703202207185079,0.5121002867817545,-0.1195839078281138,0.092186102084971,0.2718374649405423
0.4210777262745461,-0.16988837225830958,-0.4640291883353377,0.018791264651596317,0.5863641561691995,0.2945243112739994,0.8851069146098838,-0.1787027138925763,0.7653733768455495,0.0723839395168395,0.5102736197192871,-0.1123099775108896,0.0984875215495892,0.2671997251036633
0.4210777262745461,-0.16988837225830958,-0.4640291883353377,0.018791264651596317,0.5863641561691995,0.2945243112739994,0.8851069146098838,-0.1770401305885934,0.762587494251791,0.0744476583151712,0.5084469526568197,-0.1050360471936653,0.1047889410142074,0.2625619852667842
0.4210777262745461,-0.16988837225830958,-0.4640291883353377,0.018791264651596317,0.5863641561691995,0.2945243112739994,0.8851069146098838,-0.1753775472846104,0.7598016116580325,0.0765113771135028,0.5066202855943523,-0.0977621168764411,0.1110903604788257,0.2579242454299052
0.4210777262745461,-0.16988837225830958,-0.4640291883353377,0.018791264651596317,0.5863641561691995,0.2945243112739994,0.8851069146098838,-0.1737149639806275,0.757015729064274,0.0785750959118344,0.504793618531885,-0.0904881865592168,0.1173917799434439,0.2532865055930262
0.4210777262745461,-0.16988837225830958,-0.4640291883353377,0.018791264651596317,0.5863641561691995,0.2945243112739994,0.8851069146098838,-0.1720523806766446,0.7542298464705156,0.080638814710166,0.5029669514694176,-0.0832142562419926,0.1236931994080622,0.2486487657561471
0.4210777262745461,-0.16988837225830958,-0.4640291883353377,0.018791264651596317,0.5863641561691995,0.2945243112739994,0.8851069146098838,-0.1703897973726617,0.751443963876757,0.0827025335084976,0.5011402844069502,-0.0759403259247684,0.1299946188726804,0.2440110259192681
0.4210777262745461,-0.16988837225830958,-0.4640291883353377,0.018791264651596317,0.5863641561691995,0.2945243112739994,0.8851069146098838,-0.1687272140686787,0.7486580812829985,0.0847662523068293,0.4993136173444829,-0.0686663956075442,0.1362960383372986,0.2393732860823891
0.4210777262745461,-0.16988837225830958,-0.4640291883353377,0.018791264651596317,0.5863641561691995,0.2945243112739994,0.8851069146098838,-0.1670646307646958,0.74587219868924,0.0868299711051609,0.4974869502820154,-0.0613924652903199,0.1425974578019169,0.23473554624551
0.4210777262745461,-0.16988837225830958,-0.4640291883353377,0.018791264651596317,0.5863641561691995,0.2945243112739994,0.8851069146098838,-0.1654020474607129,0.7430863160954815,0.0888936899034925,0.4956602832195481,-0.0541185349730957,0.1488988772665351,0.230097806408631
0.4210777262745461,-0.16988837225830958,-0.4640291883353377,0.018791264651596317,0.5863641561691995,0.2945243112739994,0.8851069146098838,-0.1637394641567299,0.740300433501723,0.0909574087018242,0.4938336161570807,-0.0468446046558714,0.1552002967311534,0.225460066571752
0.4210777262745461,-0.16988837225830958,-0.4640291883353377,0.018791264651596317,0.5863641561691995,0.2945243112739994,0.8851069146098838,-0.162076880852747,0.7375145509079646,0.0930211275001558,0.4920069490946133,-0.0395706743386472,0.1615017161957717,0.2208223267348729
0.4210777262745461,-0.16988837225830958,-0.4640291883353377,0.018791264651596317,0.5863641561691995,0.2945243112739994,0.8851069146098838,-0.1604142975487641,0.734728668314206,0.0950848462984874,0.490180282032146,-0.032296744021423,0.1678031356603899,0.2161845868979939
0.4210777262745461,-0.16988837225830958,-0.4640291883353377,0.018791264651596317,0.5863641561691995,0.2945243112739994,0.8851069146098838,-0.1587517142447811,0.7319427857204475,0.097148565096819,0.4883536149696786,-0.0250228137041987,0.1741045551250081,0.2115468470611149
0.4210777262745461,-0.16988837225830958,-0.4640291883353377,0.018791264651596317,0.5863641561691995,0.2945243112739994,0.8851069146098838,-0.1570891309407982,0.7291569031266891,0.0992122838951507,0.4865269479072112,-0.0177488833869745,0.1804059745896263,0.2069091072242358
0.4210777262745461,-0.16988837225830958,-0.4640291883353377,0.018791264651596317,0.5863641561691995,0.2945243112739994,0.8851069146098838,-0.1554265476368153,0.7263710205329306,0.1012760026934823,0.4847002808447438,-0.0104749530697502,0.1867073940542446,0.2022713673873568
0.4210777262745461,-0.16988837225830958,-0.4640291883353377,0.018791264651596317,0.5863641561691995,0.2945243112739994,0.8851069146098838,-0.1537639643328324,0.7235851379391721,0.1033397214918139,0.4828736137822765,-0.0032010227525261,0.1930088135188628,0.1976336275504779
0.4210777262745461,-0.16988837225830958,-0.4640291883353377,0.018791264651596317,0.5863641561691995,0.2945243112739994,0.8851069146098838,-0.1521013810288494,0.7207992553454136,0.1054034402901455,0.4810469467198091,0.0040729075646981,0.1993102329834811,0.1929958877135988
0.4210777262745461,-0.16988837225830958,-0.4640291883353377,0.018791264651596317,0.5863641561691995,0.2945243112739994,0.8851069146098838,-0.1504387977248665,0.7180133727516551,0.1074671590884771,0.4792202796573418,0.0113468378819223,0.2056116524480993,0.1883581478767198
0.4210777262745461,-0.16988837225830958,-0.4640291883353377,0.018791264651596317,0.5863641561691995,0.2945243112739994,0.8851069146098838,-0.1487762144208836,0.7152274901578966,0.1095308778868088,0.4773936125948743,0.0186207681991466,0.2119130719127175,0.1837204080398407
0.4210777262745461,-0.16988837225830958,-0.4640291883353377,0.018791264651596317,0.5863641561691995,0.2945243112739994,0.8851069146098838,-0.1471136311169006,0.7124416075641382,0.1115945966851404,0.475566945532407,0.0258946985163708,0.2182144913773357,0.1790826682029617
0.4210777262745461,-0.16988837225830958,-0.4640291883353377,0.018791264651596317,0.5863641561691995,0.2945243112739994,0.8851069146098838,-0.1454510478129177,0.7096557249703795,0.113658315483472,0.4737402784699396,0.0331686288335951,0.224515910841954,0.1744449283660827
0.4210777262745461,-0.16988837225830958,-0.4640291883353377,0.018791264651596317,0.5863641561691995,0.2945243112739994,0.8851069146098838,-0.1437884645089348,0.7068698423766212,0.1157220342818036,0.4719136114074722,0.0404425591508192,0.2308173303065723,0.1698071885292037
0.4210777262745461,-0.16988837225830958,-0.4640291883353377,0.018791264651596317,0.5863641561691995,0.2945243112739994,0.8851069146098838,-0.1421258812049519,0.7040839597828625,0.1177857530801353,0.4700869443450048,0.0477164894680436,0.2371187497711905,0.1651694486923246
0.4210777262745461,-0.16988837225830958,-0.4640291883353377,0.018791264651596317,0.5863641561691995,0.2945243112739994,0.8851069146098838,-0.1404632979009689,0.7012980771891042,0.1198494718784669,0.4682602772825375,0.0549904197852678,0.2434201692358088,0.1605317088554456
0.4210777262745461,-0.16988837225830958,-0.4640291883353377,0.018791264651596317,0.5863641561691995,0.2945243112739994,0.8851069146098838,-0.138800714596986,0.6985121945953456,0.1219131906767985,0.46643361022007,0.0622643501024921,0.249721588700427,0.1558939690185665
0.4210777262745461,-0.16988837225830958,-0.4640291883353377,0.018791264651596317,0.5863641561691995,0.2945243112739994,0.8851069146098838,-0.1371381312930031,0.6957263120015872,0.1239769094751302,0.4646069431576027,0.0695382804197162,0.2560230081650452,0.1512562291816876
0.4210777262745461,-0.16988837225830958,-0.4640291883353377,0.018791264651596317,0.5863641561691995,0.2945243112739994,0.8851069146098838,-0.1354755479890201,0.6929404294078286,0.1260406282734618,0.4627802760951353,0.0768122107369406,0.2623244276296635,0.1466184893448084
0.4210777262745461,-0.16988837225830958,-0.4640291883353377,0.018791264651596317,0.5863641561691995,0.2945243112739994,0.8851069146098838,-0.1338129646850372,0.6901545468140702,0.1281043470717934,0.460953609032668,0.0840861410541647,0.2686258470942817,0.1419807495079295
0.4210777262745461,-0.16988837225830958,-0.4640291883353377,0.018791264651596317,0.5863641561691995,0.2945243112739994,0.8851069146098838,-0.1321503813810543,0.6873686642203116,0.130168065870125,0.4591269419702006,0.0913600713713889,0.2749272665589,0.1373430096710505
0.4210777262745461,-0.16988837225830958,-0.4640291883353377,0.018791264651596317,0.5863641561691995,0.2945243112739994,0.8851069146098838,-0.1304877980770714,0.6845827816265533,0.1322317846684566,0.4573002749077333,0.0986340016886132,0.2812286860235182,0.1327052698341714
0.4210777262745461,-0.16988837225830958,-0.4640291883353377,0.018791264651596317,0.5863641561691995,0.2945243112739994,0.8851069146098838,-0.1288252147730884,0.6817968990327947,0.1342955034667882,0.4554736078452659,0.1059079320058374,0.2875301054881364,0.1280675299972924
0.4210777262745461,-0.16988837225830958,-0.4640291883353377,0.018791264651596317,0.5863641561691995,0.2945243112739994,0.8851069146098838,-0.1271626314691055,0.6790110164390362,0.1363592222651199,0.4536469407827985,0.1131818623230617,0.2938315249527546,0.1234297901604134
0.4210777262745461,-0.16988837225830958,-0.4640291883353377,0.018791264651596317,0.5863641561691995,0.2945243112739994,0.8851069146098838,-0.1255000481651226,0.6762251338452777,0.1384229410634515,0.4518202737203311,0.1204557926402859,0.3001329444173729,0.1187920503235343
0.4210777262745461,-0.16988837225830958,-0.4640291883353377,0.018791264651596317,0.5863641561691995,0.2945243112739994,0.8851069146098838,-0.1238374648611396,0.6734392512515193,0.1404866598617832,0.4499936066578638,0.1277297229575101,0.3064343638819912,0.1141543104866553
0.4210777262745461,-0.16988837225830958,-0.4640291883353377,0.018791264651596317,0.5863641561691995,0.2945243112739994,0.8851069146098838,-0.1221748815571567,0.6706533686577607,0.1425503786601148,0.4481669395953964,0.1350036532747344,0.3127357833466094,0.1095165706497763
0.4210777262745461,-0.16988837225830958,-0.4640291883353377,0.018791264651596317,0.5863641561691995,0.2945243112739994,0.8851069146098838,-0.1205122982531738,0.6678674860640023,0.1446140974584464,0.446340272532929,0.1422775835919586,0.3190372028112277,0.1048788308128972
0.4210777262745461,-0.16988837225830958,-0.4640291883353377,0.018791264651596317,0.5863641561691995,0.2945243112739994,0.8851069146098838,-0.1188497149491908,0.6650816034702437,0.146677816256778,0.4445136054704616,0.1495515139091828,0.325338622275846,0.1002410909760182
0.4210777262745461,-0.16988837225830958,-0.4640291883353377,0.018791264651596317,0.5863641561691995,0.2945243112739994,0.8851069146098838,-0.1171871316452079,0.6622957208764852,0.1487415350551096,0.4426869384079943,0.1568254442264071,0.3316400417404641,0.0956033511391392
0.4210777262745461,-0.16988837225830958,-0.4640291883353377,0.018791264651596317,0.5863641561691995,0.2945243112739994,0.8851069146098838,-0.115524548341225,0.6595098382827268,0.1508052538534413,0.4408602713455269,0.1640993745436313,0.3379414612050824,0.0909656113022601
0.4210777262745461,-0.16988837225830958,-0.4640291883353377,0.018791264651596317,0.5863641561691995,0.2945243112739994,0.8851069146098838,-0.1138619650372421,0.6567239556889682,0.1528689726517729,0.4390336042830595,0.1713733048608556,0.3442428806697006,0.0863278714653811
0.4210777262745461,-0.16988837225830958,-0.4640291883353377,0.018791264651596317,0.5863641561691995,0.2945243112739994,0.8851069146098838,-0.1121993817332591,0.6539380730952098,0.1549326914501045,0.4372069372205922,0.1786472351780797,0.3505443001343188,0.0816901316285022
0.4210777262745461,-0.16988837225830958,-0.4640291883353377,0.018791264651596317,0.5863641561691995,0.2945243112739994,0.8851069146098838,-0.1105367984292762,0.6511521905014512,0.1569964102484361,0.4353802701581248,0.185921165495304,0.3568457195989371,0.0770523917916231
0.4210777262745461,-0.16988837225830958,-0.4640291883353377,0.018791264651596317,0.5863641561691995,0.2945243112739994,0.8851069146098838,-0.1088742151252933,0.6483663079076929,0.1590601290467678,0.4335536030956575,0.1931950958125282,0.3631471390635553,0.0724146519547441
0.4210777262745461,-0.16988837225830958,-0.4640291883353377,0.018791264651596317,0.5863641561691995,0.2945243112739994,0.8851069146098838,-0.1072116318213104,0.6455804253139343,0.1611238478450994,0.43172693603319,0.2004690261297525,0.3694485585281736,0.067776912117865
0.4210777262745461,-0.16988837225830958,-0.4640291883353377,0.018791264651596317,0.5863641561691995,0.2945243112739994,0.8851069146098838,-0.1055490485173274,0.6427945427201759,0.163187566643431,0.4299002689707227,0.2077429564469767,0.3757499779927918,0.063139172280986
0.4210777262745461,-0.16988837225830958,-0.4640291883353377,0.018791264651596317,0.5863641561691995,0.2945243112739994,0.8851069146098838,-0.1038864652133445,0.6400086601264172,0.1652512854417626,0.4280736019082553,0.215016886764201,0.38205139745741,0.0585014324441069
0.4210777262745461,-0.16988837225830958,-0.4640291883353377,0.018791264651596317,0.5863641561691995,0.2945243112739994,0.8851069146098838,-0.1022238819093616,0.6372227775326589,0.1673150042400943,0.4262469348457879,0.2222908170814252,0.3883528169220283,0.053863692607228
0.4210777262745461,-0.16988837225830958,-0.4640291883353377,0.018791264651596317,0.5863641561691995,0.2945243112739994,0.8851069146098838,-0.1005612986053786,0.6344368949389003,0.1693787230384259,0.4244202677833205,0.2295647473986495,0.3946542363866466,0.0492259527703489
0.4210777262745461,-0.16988837225830958,-0.4640291883353377,0.018791264651596317,0.5863641561691995,0.2945243112739994,0.8851069146098838,-0.0988987153013957,0.6316510123451419,0.1714424418367575,0.4225936007208532,0.2368386777158737,0.4009556558512648,0.0445882129334699
0.4210777262745461,-0.16988837225830958,-0.4640291883353377,0.018791264651596317,0.5863641561691995,0.2945243112739994,0.8851069146098838,-0.0972361319974128,0.6288651297513833,0.1735061606350892,0.4207669336583858,0.244112608033098,0.407257075315883,0.0399504730965908
0.4210777262745461,-0.16988837225830958,-0.4640291883353377,0.018791264651596317,0.5863641561691995,0.2945243112739994,0.8851069146098838,-0.0955735486934299,0.6260792471576249,0.1755698794334208,0.4189402665959185,0.2513865383503221,0.4135584947805013,0.0353127332597119
0.4210777262745461,-0.16988837225830958,-0.4640291883353377,0.018791264651596317,0.5863641561691995,0.2945243112739994,0.8851069146098838,-0.0939109653894469,0.6232933645638663,0.1776335982317524,0.417113599533451,0.2586604686675464,0.4198599142451196,0.0306749934228328
0.4210777262745461,-0.16988837225830958,-0.4640291883353377,0.018791264651596317,0.5863641561691995,0.2945243112739994,0.8851069146098838,-0.092248382085464,0.620507481970108,0.179697317030084,0.4152869324709837,0.2659343989847706,0.4261613337097377,0.0260372535859538
0.4210777262745461,-0.16988837225830958,-0.4640291883353377,0.018791264651596317,0.5863641561691995,0.2945243112739994,0.8851069146098838,-0.0905857987814811,0.6177215993763494,0.1817610358284156,0.4134602654085163,0.2732083293019948,0.432462753174356,0.0213995137490748
0.4210777262745461,-0.16988837225830958,-0.4640291883353377,0.018791264651596317,0.5863641561691995,0.2945243112739994,0.8851069146098838,-0.0889232154774981,0.6149357167825908,0.1838247546267473,0.4116335983460489,0.2804822596192191,0.4387641726389741,0.0167617739121958
0.4210777262745461,-0.16988837225830958,-0.4640291883353377,0.018791264651596317,0.5863641561691995,0.2945243112739994,0.8851069146098838,-0.0872606321735152,0.6121498341888324,0.1858884734250789,0.4098069312835816,0.2877561899364433,0.4450655921035925,0.0121240340753167
0.4210777262745461,-0.16988837225830958,-0.4640291883353377,0.018791264651596317,0.5863641561691995,0.2945243112739994,0.8851069146098838,-0.0855980488695323,0.609363951595074,0.1879521922234105,0.4079802642211142,0.2950301202536675,0.4513670115682107,0.0074862942384377
0.4210777262745461,-0.16988837225830958,-0.4640291883353377,0.018791264651596317,0.5863641561691995,0.2945243112739994,0.8851069146098838,-0.0839354655655494,0.6065780690013154,0.1900159110217421,0.4061535971586468,0.3023040505708918,0.457668431032829,0.0028485544015587
0.4210777262745461,-0.16988837225830958,-0.4640291883353377,0.018791264651596317,0.5863641561691995,0.2945243112739994,0.8851069146098838,-0.0822728822615664,0.6037921864075569,0.1920796298200738,0.4043269300961795,0.309577980888116,0.4639698504974472,-0.0017891854353203
0.4210777262745461,-0.16988837225830958,-0.4640291883353377,0.018791264651596317,0.5863641561691995,0.2945243112739994,0.8851069146098838,-0.0806102989575835,0.6010063038137985,0.1941433486184054,0.4025002630337121,0.3168519112053403,0.4702712699620654,-0.0064269252721993
0.4210777262745461,-0.16988837225830958,-0.4640291883353377,0.018791264651596317,0.5863641561691995,0.2945243112739994,0.8851069146098838,-0.0789477156536006,0.5982204212200399,0.196207067416737,0.4006735959712447,0.3241258415225646,0.4765726894266837,-0.0110646651090783
0.4210777262745461,-0.16988837225830958,-0.4640291883353377,0.018791264651596317,0.5863641561691995,0.2945243112739994,0.8851069146098838,-0.0772851323496176,0.5954345386262814,0.1982707862150686,0.3988469289087774,0.3313997718397887,0.4828741088913019,-0.0157024049459574
0.4210777262745461,-0.16988837225830958,-0.4640291883353377,0.018791264651596317,0.5863641561691995,0.2945243112739994,0.8851069146098838,-0.0756225490456347,0.5926486560325229,0.2003345050134002,0.39702026184631,0.338673702157013,0.4891755283559202,-0.0203401447828364
0.4210777262745461,-0.16988837225830958,-0.4640291883353377,0.018791264651596317,0.5863641561691995,0.2945243112739994,0.8851069146098838,-0.0739599657416518,0.5898627734387645,0.2023982238117319,0.3951935947838426,0.3459476324742373,0.4954769478205384,-0.0249778846197154
0.4210777262745461,-0.16988837225830958,-0.4640291883353377,0.018791264651596317,0.5863641561691995,0.2945243112739994,0.8851069146098838,-0.0722973824376689,0.5870768908450059,0.2044619426100635,0.3933669277213752,0.3532215627914615,0.5017783672851568,-0.0296156244565945
0.4210777262745461,-0.16988837225830958,-0.4640291883353377,0.018791264651596317,0.5863641561691995,0.2945243112739994,0.8851069146098838,-0.0706347991336859,0.5842910082512475,0.2065256614083951,0.3915402606589079,0.3604954931086858,0.5080797867497749,-0.0342533642934735
0.4210777262745461,-0.16988837225830958,-0.4640291883353377,0.018791264651596317,0.5863641561691995,0.2945243112739994,0.8851069146098838,-0.068972215829703,0.581505125657489,0.2085893802067268,0.3897135935964405,0.36776942342591,0.5143812062143931,-0.0388911041303526
0.4210777262745461,-0.16988837225830958,-0.4640291883353377,0.018791264651596317,0.5863641561691995,0.2945243112739994,0.8851069146098838,-0.0673096325257201,0.5787192430637305,0.2106530990050584,0.3878869265339731,0.3750433537431342,0.5206826256790115,-0.0435288439672316
0.4210777262745461,-0.16988837225830958,-0.4640291883353377,0.018791264651596317,0.5863641561691995,0.2945243112739994,0.8851069146098838,-0.0656470492217371,0.5759333604699719,0.21271681780339,0.3860602594715057,0.3823172840603585,0.5269840451436296,-0.0481665838041106
0.4210777262745461,-0.16988837225830958,-0.4640291883353377,0.018791264651596317,0.5863641561691995,0.2945243112739994,0.8851069146098838,-0.0639844659177542,0.5731474778762135,0.2147805366017216,0.3842335924090383,0.3895912143775827,0.533285464608248,-0.0528043236409896
0.4210777262745461,-0.16988837225830958,-0.4640291883353377,0.018791264651596317,0.5863641561691995,0.2945243112739994,0.8851069146098838,-0.0623218826137713,0.570361595282455,0.2168442554000532,0.382406925346571,0.3968651446948069,0.5395868840728661,-0.0574420634778687
0.4210777262745461,-0.16988837225830958,-0.4640291883353377,0.018791264651596317,0.5863641561691995,0.2945243112739994,0.8851069146098838,-0.0606592993097884,0.5675757126886966,0.2189079741983849,0.3805802582841036,0.404139075012031,0.5458883035374842,-0.0620798033147476
0.4210777262745461,-0.16988837225830958,-0.4640291883353377,0.018791264651596317,0.5863641561691995,0.2945243112739994,0.8851069146098838,-0.0589967160058054,0.5647898300949381,0.2209716929967165,0.3787535912216363,0.4114130053292553,0.5521897230021026,-0.0667175431516266
0.4210777262745461,-0.16988837225830958,-0.4640291883353377,0.018791264651596317,0.5863641561691995,0.2945243112739994,0.8851069146098838,-0.0573341327018225,0.5620039475011795,0.2230354117950481,0.3769269241591689,0.4186869356464795,0.5584911424667207,-0.0713552829885057
0.4210777262745461,-0.16988837225830958,-0.4640291883353377,0.018791264651596317,0.5863641561691995,0.2945243112739994,0.8851069146098838,-0.0556715493978396,0.559218064907421,0.2250991305933797,0.3751002570967015,0.4259608659637037,0.5647925619313391,-0.0759930228253847
0.4210777262745461,-0.16988837225830958,-0.4640291883353377,0.018791264651596317,0.5863641561691995,0.2945243112739994,0.8851069146098838,-0.0540089660938566,0.5564321823136625,0.2271628493917113,0.3732735900342342,0.433234796280928,0.5710939813959572,-0.0806307626622638
0.4210777262745461,-0.16988837225830958,-0.4640291883353377,0.018791264651596317,0.5863641561691995,0.2945243112739994,0.8851069146098838,-0.0523463827898737,0.5536462997199041,0.229226568190043,0.3714469229717668,0.4405087265981522,0.5773954008605755,-0.0852685024991428
0.4210777262745461,-0.16988837225830958,-0.4640291883353377,0.018791264651596317,0.5863641561691995,0.2945243112739994,0.8851069146098838,-0.0506837994858908,0.5508604171261455,0.2312902869883746,0.3696202559092994,0.4477826569153765,0.5836968203251938,-0.0899062423360218
0.4210777262745461,-0.16988837225830958,-0.4640291883353377,0.018791264651596317,0.5863641561691995,0.2945243112739994,0.8851069146098838,-0.0490212161819079,0.5480745345323871,0.2333540057867063,0.367793588846832,0.4550565872326007,0.5899982397898119,-0.0945439821729008
0.4210777262745461,-0.16988837225830958,-0.4640291883353377,0.018791264651596317,0.5863641561691995,0.2945243112739994,0.8851069146098838,-0.0473586328779249,0.5452886519386286,0.2354177245850379,0.3659669217843646,0.462330517549825,0.5962996592544303,-0.0991817220097799
0.4210777262745461,-0.16988837225830958,-0.4640291883353377,0.018791264651596317,0.5863641561691995,0.2945243112739994,0.8851069146098838,-0.045696049573942,0.5425027693448701,0.2374814433833695,0.3641402547218973,0.4696044478670492,0.6026010787190484,-0.1038194618466589
0.4210777262745461,-0.16988837225830958,-0.4640291883353377,0.018791264651596317,0.5863641561691995,0.2945243112739994,0.8851069146098838,-0.0440334662699591,0.5397168867511116,0.2395451621817011,0.3623135876594299,0.4768783781842734,0.6089024981836668,-0.1084572016835379
0.4210777262745461,-0.16988837225830958,-0.4640291883353377,0.018791264651596317,0.5863641561691995,0.2945243112739994,0.8851069146098838,-0.0423708829659761,0.5369310041573531,0.2416088809800327,0.3604869205969626,0.4841523085014977,0.615203917648285,-0.1130949415204169
0.4210777262745461,-0.16988837225830958,-0.4640291883353377,0.018791264651596317,0.5863641561691995,0.2945243112739994,0.8851069146098838,-0.0407082996619932,0.5341451215635946,0.2436725997783644,0.3586602535344951,0.4914262388187219,0.6215053371129033,-0.117732681357296
0.4210777262745461,-0.16988837225830958,-0.4640291883353377,0.018791264651596317,0.5863641561691995,0.2945243112739994,0.8851069146098838,-0.0390457163580103,0.5313592389698362,0.245736318576696,0.3568335864720278,0.4987001691359461,0.6278067565775215,-0.122370421194175
0.4210777262745461,-0.16988837225830958,-0.4640291883353377,0.018791264651596317,0.5863641561691995,0.2945243112739994,0.8851069146098838,-0.0373831330540273,0.5285733563760776,0.2478000373750276,0.3550069194095604,0.5059740994531705,0.6341081760421396,-0.127008161031054
0.4210777262745461,-0.16988837225830958,-0.4640291883353377,0.018791264651596317,0.5863641561691995,0.2945243112739994,0.8851069146098838,-0.0357205497500444,0.5257874737823192,0.2498637561733592,0.353180252347093,0.5132480297703946,0.640409595506758,-0.1316459008679331
0.4210777262745461,-0.16988837225830958,-0.4640291883353377,0.018791264651596317,0.5863641561691995,0.2945243112739994,0.8851069146098838,-0.0340579664460615,0.5230015911885606,0.2519274749716909,0.3513535852846257,0.5205219600876189,0.6467110149713762,-0.1362836407048121
0.4210777262745461,-0.16988837225830958,-0.4640291883353377,0.018791264651596317,0.5863641561691995,0.2945243112739994,0.8851069146098838,-0.0323953831420786,0.5202157085948022,0.2539911937700225,0.3495269182221583,0.5277958904048432,0.6530124344359945,-0.1409213805416912
0.4210777262745461,-0.16988837225830958,-0.4640291883353377,0.018791264651596317,0.5863641561691995,0.2945243112739994,0.8851069146098838,-0.0307327998380956,0.5174298260010436,0.2560549125683541,0.3477002511596909,0.5350698207220674,0.6593138539006127,-0.1455591203785702
0.4210777262745461,-0.16988837225830958,-0.4640291883353377,0.018791264651596317,0.5863641561691995,0.2945243112739994,0.8851069146098838,-0.0290702165341127,0.5146439434072851,0.2581186313666858,0.3458735840972236,0.5423437510392917,0.665615273365231,-0.1501968602154492
0.4210777262745461,-0.16988837225830958,-0.4640291883353377,0.018791264651596317,0.5863641561691995,0.2945243112739994,0.8851069146098838,-0.0274076332301298,0.5118580608135267,0.2601823501650174,0.3440469170347562,0.5496176813565159,0.6719166928298492,-0.1548346000523282
0.4210777262745461,-0.16988837225830958,-0.4640291883353377,0.018791264651596317,0.5863641561691995,0.2945243112739994,0.8851069146098838,-0.0257450499261468,0.5090721782197682,0.262246068963349,0.3422202499722888,0.5568916116737401,0.6782181122944674,-0.1594723398892073
0.4210777262745461,-0.16988837225830958,-0.4640291883353377,0.018791264651596317,0.5863641561691995,0.2945243112739994,0.8851069146098838,-0.0240824666221639,0.5062862956260097,0.2643097877616806,0.3403935829098214,0.5641655419909644,0.6845195317590858,-0.1641100797260863
0.4210777262745461,-0.16988837225830958,-0.4640291883353377,0.018791264651596317,0.5863641561691995,0.2945243112739994,0.8851069146098838,-0.022419883318181,0.5035004130322511,0.2663735065600123,0.3385669158473541,0.5714394723081886,0.6908209512237039,-0.1687478195629654
0.4210777262745461,-0.16988837225830958,-0.4640291883353377,0.018791264651596317,0.5863641561691995,0.2945243112739994,0.8851069146098838,-0.020757300014198,0.5007145304384927,0.2684372253583439,0.3367402487848867,0.5787134026254128,0.6971223706883223,-0.1733855593998444
0.4210777262745461,-0.16988837225830958,-0.4640291883353377,0.018791264651596317,0.5863641561691995,0.2945243112739994,0.8851069146098838,-0.0190947167102151,0.4979286478447342,0.2705009441566754,0.3349135817224193,0.5859873329426369,0.7034237901529403,-0.1780232992367233
0.4210777262745461,-0.16988837225830958,-0.4640291883353377,0.018791264651596317,0.5863641561691995,0.2945243112739994,0.8851069146098838,-0.0174321334062322,0.4951427652509758,0.2725646629550071,0.333086914659952,0.5932612632598612,0.7097252096175585,-0.1826610390736023
0.4210777262745461,-0.16988837225830958,-0.4640291883353377,0.018791264651596317,0.5863641561691995,0.2945243112739994,0.8851069146098838,-0.0157695501022493,0.4923568826572173,0.2746283817533387,0.3312602475974846,0.6005351935770854,0.7160266290821768,-0.1872987789104814
0.4210777262745461,-0.16988837225830958,-0.4640291883353377,0.018791264651596317,0.5863641561691995,0.2945243112739994,0.8851069146098838,-0.0141069667982664,0.4895710000634587,0.2766921005516704,0.3294335805350172,0.6078091238943096,0.722328048546795,-0.1919365187473604
0.4210777262745461,-0.16988837225830958,-0.4640291883353377,0.018791264651596317,0.5863641561691995,0.2945243112739994,0.8851069146098838,-0.0124443834942834,0.4867851174697002,0.278755819350002,0.3276069134725499,0.6150830542115339,0.7286294680114134,-0.1965742585842394
0.4210777262745461,-0.16988837225830958,-0.4640291883353377,0.018791264651596317,0.5863641561691995,0.2945243112739994,0.8851069146098838,-0.0107818001903005,0.4839992348759417,0.2808195381483336,0.3257802464100825,0.6223569845287581,0.7349308874760315,-0.2012119984211185
0.4210777262745461,-0.16988837225830958,-0.4640291883353377,0.018791264651596317,0.5863641561691995,0.2945243112739994,0.8851069146098838,-0.0091192168863176,0.4812133522821832,0.2828832569466652,0.3239535793476151,0.6296309148459824,0.7412323069406497,-0.2058497382579975
0.4210777262745461,-0.16988837225830958,-0.4640291883353377,0.018791264651596317,0.5863641561691995,0.2945243112739994,0.8851069146098838,-0.0074566335823346,0.4784274696884247,0.2849469757449969,0.3221269122851478,0.6369048451632066,0.747533726405268,-0.2104874780948765
0.4210777262745461,-0.16988837225830958,-0.4640291883353377,0.018791264651596317,0.5863641561691995,0.2945243112739994,0.8851069146098838,-0.0057940502783517,0.4756415870946663,0.2870106945433285,0.3203002452226803,0.6441787754804309,0.7538351458698862,-0.2151252179317556
0.4210777262745461,-0.16988837225830958,-0.4640291883353377,0.018791264651596317,0.5863641561691995,0.2945243112739994,0.8851069146098838,-0.0041314669743688,0.4728557045009078,0.2890744133416601,0.318473578160213,0.6514527057976551,0.7601365653345046,-0.2197629577686346
0.4210777262745461,-0.16988837225830958,-0.4640291883353377,0.018791264651596317,0.5863641561691995,0.2945243112739994,0.8851069146098838,-0.0024688836703858,0.4700698219071493,0.2911381321399918,0.3166469110977456,0.6587266361148794,0.7664379847991227,-0.2244006976055136
0.4210777262745461,-0.16988837225830958,-0.4640291883353377,0.018791264651596317,0.5863641561691995,0.2945243112739994,0.8851069146098838,-0.0008063003664029,0.4672839393133908,0.2932018509383233,0.3148202440352783,0.6660005664321036,0.7727394042637411,-0.2290384374423927
0.4210777262745461,-0.16988837225830958,-0.4640291883353377,0.018791264651596317,0.5863641561691995,0.2945243112739994,0.8851069146098838,0.0008562829375799,0.4644980567196323,0.295265569736655,0.3129935769728109,0.6732744967493278,0.7790408237283593,-0.2336761772792717
0.4210777262745461,-0.16988837225830958,-0.4640291883353377,0.018791264651596317,0.5863641561691995,0.2945243112739994,0.8851069146098838,0.0025188662415628,0.4617121741258738,0.2973292885349866,0.3111669099103434,0.680548427066552,0.7853422431929774,-0.2383139171161507
0.4210777262745461,-0.16988837225830958,-0.4640291883353377,0.018791264651596317,0.5863641561691995,0.2945243112739994,0.8851069146098838,0.0041814495455458,0.4589262915321153,0.2993930073333182,0.3093402428478761,0.6878223573837763,0.7916436626575958,-0.2429516569530297
0.4210777262745461,-0.16988837225830958,-0.4640291883353377,0.018791264651596317,0.5863641561691995,0.2945243112739994,0.8851069146098838,0.0058440328495287,0.4561404089383568,0.3014567261316498,0.3075135757854087,0.6950962877010005,0.7979450821222139,-0.2475893967899088
0.4210777262745461,-0.16988837225830958,-0.4640291883353377,0.018791264651596317,0.5863641561691995,0.2945243112739994,0.8851069146098838,0.0075066161535116,0.4533545263445983,0.3035204449299815,0.3056869087229414,0.7023702180182247,0.8042465015868323,-0.2522271366267878
0.4210777262745461,-0.16988837225830958,-0.4640291883353377,0.018791264651596317,0.5863641561691995,0.2945243112739994,0.8851069146098838,0.0091691994574946,0.4505686437508398,0.3055841637283131,0.303860241660474,0.7096441483354491,0.8105479210514505,-0.2568648764636668
0.4210777262745461,-0.16988837225830958,-0.4640291883353377,0.018791264651596317,0.5863641561691995,0.2945243112739994,0.8851069146098838,0.0108317827614775,0.4477827611570814,0.3076478825266447,0.3020335745980066,0.7169180786526732,0.8168493405160688,-0.2615026163005459
0.4210777262745461,-0.16988837225830958,-0.4640291883353377,0.018791264651596317,0.5863641561691995,0.2945243112739994,0.8851069146098838,0.0124943660654604,0.4449968785633228,0.3097116013249764,0.3002069075355392,0.7241920089698975,0.823150759980687,-0.2661403561374249
0.4210777262745461,-0.16988837225830958,-0.4640291883353377,0.018791264651596317,0.5863641561691995,0.2945243112739994,0.8851069146098838,0.0141569493694434,0.4422109959695643,0.311775320123308,0.2983802404730719,0.7314659392871218,0.8294521794453051,-0.270778095974304
0.4210777262745461,-0.16988837225830958,-0.4640291883353377,0.018791264651596317,0.5863641561691995,0.2945243112739994,0.8851069146098838,0.0158195326734263,0.4394251133758058,0.3138390389216396,0.2965535734106045,0.738739869604346,0.8357535989099235,-0.275415835811183
0.4210777262745461,-0.16988837225830958,-0.4640291883353377,0.018791264651596317,0.5863641561691995,0.2945243112739994,0.8851069146098838,0.0174821159774092,0.4366392307820473,0.3159027577199712,0.2947269063481371,0.7460137999215702,0.8420550183745417,-0.280053575648062
0.4210777262745461,-0.16988837225830958,-0.4640291883353377,0.018791264651596317,0.5863641561691995,0.2945243112739994,0.8851069146098838,0.0191446992813921,0.4338533481882888,0.3179664765183029,0.2929002392856698,0.7532877302387945,0.84835643783916,-0.2846913154849411
0.4210777262745461,-0.16988837225830958,-0.4640291883353377,0.018791264651596317,0.5863641561691995,0.2945243112739994,0.8851069146098838,0.0208072825853751,0.4310674655945304,0.3200301953166345,0.2910735722232024,0.7605616605560187,0.8546578573037782,-0.2893290553218201
0.4210777262745461,-0.16988837225830958,-0.4640291883353377,0.018791264651596317,0.5863641561691995,0.2945243112739994,0.8851069146098838,0.022469865889358,0.4282815830007719,0.3220939141149661,0.289246905160735,0.7678355908732428,0.8609592767683962,-0.293966795158699
0.4210777262745461,-0.16988837225830958,-0.4640291883353377,0.018791264651596317,0.5863641561691995,0.2945243112739994,0.8851069146098838,0.0241324491933409,0.4254957004070134,0.3241576329132977,0.2874202380982677,0.775109521190467,0.8672606962330146,-0.298604534995578
0.4210777262745461,-0.16988837225830958,-0.4640291883353377,0.018791264651596317,0.5863641561691995,0.2945243112739994,0.8851069146098838,0.0257950324973238,0.4227098178132549,0.3262213517116293,0.2855935710358003,0.7823834515076913,0.8735621156976328,-0.3032422748324571
0.4210777262745461,-0.16988837225830958,-0.4640291883353377,0.018791264651596317,0.5863641561691995,0.2945243112739994,0.8851069146098838,0.0274576158013068,0.4199239352194964,0.328285070509961,0.2837669039733329,0.7896573818249155,0.8798635351622511,-0.3078800146693361
0.4210777262745461,-0.16988837225830958,-0.4640291883353377,0.018791264651596317,0.5863641561691995,0.2945243112739994,0.8851069146098838,0.0291201991052897,0.4171380526257379,0.3303487893082926,0.2819402369108655,0.7969313121421397,0.8861649546268693,-0.3125177545062151
0.4210777262745461,-0.16988837225830958,-0.4640291883353377,0.018791264651596317,0.5863641561691995,0.2945243112739994,0.8851069146098838,0.0307827824092726,0.4143521700319795,0.3324125081066242,0.2801135698483982,0.804205242459364,0.8924663740914875,-0.3171554943430942
0.4210777262745461,-0.16988837225830958,-0.4640291883353377,0.018791264651596317,0.5863641561691995,0.2945243112739994,0.8851069146098838,0.0324453657132556,0.411566287438221,0.3344762269049559,0.2782869027859308,0.8114791727765883,0.8987677935561058,-0.3217932341799732
0.4210777262745461,-0.16988837225830958,-0.4640291883353377,0.018791264651596317,0.5863641561691995,0.2945243112739994,0.8851069146098838,0.0341079490172385,0.4087804048444624,0.3365399457032875,0.2764602357234634,0.8187531030938124,0.905069213020724,-0.3264309740168523
0.4210777262745461,-0.16988837225830958,-0.4640291883353377,0.018791264651596317,0.5863641561691995,0.2945243112739994,0.8851069146098838,0.0357705323212214,0.405994522250704,0.3386036645016191,0.2746335686609961,0.8260270334110368,0.9113706324853424,-0.3310687138537312
0.4210777262745461,-0.16988837225830958,-0.4640291883353377,0.018791264651596317,0.5863641561691995,0.2945243112739994,0.8851069146098838,0.0374331156252043,0.4032086396569455,0.3406673832999507,0.2728069015985287,0.833300963728261,0.9176720519499604,-0.3357064536906103
0.4210777262745461,-0.16988837225830958,-0.4640291883353377,0.018791264651596317,0.5863641561691995,0.2945243112739994,0.8851069146098838,0.0390956989291873,0.400422757063187,0.3427311020982824,0.2709802345360613,0.8405748940454851,0.9239734714145788,-0.3403441935274893
0.4210777262745461,-0.16988837225830958,-0.4640291883353377,0.018791264651596317,0.5863641561691995,0.2945243112739994,0.8851069146098838,0.0407582822331702,0.3976368744694284,0.3447948208966139,0.269153567473594,0.8478488243627095,0.930274890879197,-0.3449819333643684
0.4210777262745461,-0.16988837225830958,-0.4640291883353377,0.018791264651596317,0.5863641561691995,0.2945243112739994,0.8851069146098838,0.0424208655371531,0.39485099187567,0.3468585396949456,0.2673269004111266,0.8551227546799337,0.9365763103438152,-0.3496196732012474
0.4210777262745461,-0.16988837225830958,-0.4640291883353377,0.018791264651596317,0.5863641561691995,0.2945243112739994,0.8851069146098838,0.0440834488411361,0.3920651092819115,0.3489222584932772,0.2655002333486592,0.8623966849971579,0.9428777298084337,-0.3542574130381264
0.4210777262745461,-0.16988837225830958,-0.4640291883353377,0.018791264651596317,0.5863641561691995,0.2945243112739994,0.8851069146098838,0.045746032145119,0.389279226688153,0.3509859772916088,0.2636735662861919,0.8696706153143823,0.9491791492730516,-0.3588951528750055
0.4210777262745461,-0.16988837225830958,-0.4640291883353377,0.018791264651596317,0.5863641561691995,0.2945243112739994,0.8851069146098838,0.0474086154491019,0.3864933440943945,0.3530496960899405,0.2618468992237244,0.8769445456316064,0.95548056873767,-0.3635328927118845
0.4210777262745461,-0.16988837225830958,-0.4640291883353377,0.018791264651596317,0.5863641561691995,0.2945243112739994,0.8851069146098838,0.0490711987530848,0.383707461500636,0.3551134148882721,0.2600202321612571,0.8842184759488306,0.9617819882022882,-0.3681706325487635
0.4210777262745461,-0.16988837225830958,-0.4640291883353377,0.018791264651596317,0.5863641561691995,0.2945243112739994,0.8851069146098838,0.0507337820570678,0.3809215789068775,0.3571771336866037,0.2581935650987897,0.891492406266055,0.9680834076669066,-0.3728083723856426
0.4210777262745461,-0.16988837225830958,-0.4640291883353377,0.018791264651596317,0.5863641561691995,0.2945243112739994,0.8851069146098838,0.0523963653610507,0.378135696313119,0.3592408524849353,0.2563668980363223,0.8987663365832791,0.9743848271315249,-0.3774461122225216
0.4210777262745461,-0.16988837225830958,-0.4640291883353377,0.018791264651596317,0.5863641561691995,0.2945243112739994,0.8851069146098838,0.0540589486650336,0.3753498137193605,0.361304571283267,0.254540230973855,0.9060402669005034,0.9806862465961428,-0.3820838520594006
0.4210777262745461,-0.16988837225830958,-0.4640291883353377,0.018791264651596317,0.5863641561691995,0.2945243112739994,0.8851069146098838,0.0557215319690166,0.372563931125602,0.3633682900815986,0.2527135639113876,0.9133141972177276,0.9869876660607612,-0.3867215918962796
0.4210777262745461,-0.16988837225830958,-0.4640291883353377,0.018791264651596317,0.5863641561691995,0.2945243112739994,0.8851069146098838,0.0573841152729995,0.3697780485318436,0.3654320088799302,0.2508868968489202,0.920588127534952,0.9932890855253794,-0.3913593317331587
0.4210777262745461,-0.16988837225830958,-0.4640291883353377,0.018791264651596317,0.5863641561691995,0.2945243112739994,0.8851069146098838,0.0590466985769824,0.366992165938085,0.3674957276782618,0.2490602297864528,0.927862057852176,0.9995905049899976,-0.3959970715700377
0.4210777262745461,-0.16988837225830958,-0.4640291883353377,0.018791264651596317,0.5863641561691995,0.2945243112739994,0.8851069146098838,0.0607092818809654,0.3642062833443265,0.3695594464765935,0.2472335627239854,0.9351359881694004,1.005891924454616,-0.4006348114069167
0.4210777262745461,-0.16988837225830958,-0.4640291883353377,0.018791264651596317,0.5863641561691995,0.2945243112739994,0.8851069146098838,0.0623718651849483,0.3614204007505681,0.3716231652749251,0.2454068956615181,0.9424099184866246,1.0121933439192343,-0.4052725512437958
0.4210777262745461,-0.16988837225830958,-0.4640291883353377,0.018791264651596317,0.5863641561691995,0.2945243112739994,0.8851069146098838,0.0640344484889312,0.3586345181568096,0.3736868840732567,0.2435802285990507,0.9496838488038488,1.018494763383852,-0.4099102910806747
0.4210777262745461,-0.16988837225830958,-0.4640291883353377,0.018791264651596317,0.5863641561691995,0.2945243112739994,0.8851069146098838,0.0656970317929141,0.3558486355630511,0.3757506028715883,0.2417535615365834,0.9569577791210728,1.0247961828484706,-0.4145480309175537
0.4210777262745461,-0.16988837225830958,-0.4640291883353377,0.018791264651596317,0.5863641561691995,0.2945243112739994,0.8851069146098838,0.0673596150968971,0.3530627529692927,0.3778143216699199,0.239926894474116,0.9642317094382972,1.031097602313089,-0.4191857707544328
0.4210777262745461,-0.16988837225830958,-0.4640291883353377,0.018791264651596317,0.5863641561691995,0.2945243112739994,0.8851069146098838,0.06902219840088,0.3502768703755341,0.3798780404682516,0.2381002274116486,0.9715056397555214,1.0373990217777072,-0.4238235105913118
0.4210777262745461,-0.16988837225830958,-0.4640291883353377,0.018791264651596317,0.5863641561691995,0.2945243112739994,0.8851069146098838,0.0706847817048629,0.3474909877817756,0.3819417592665832,0.2362735603491813,0.9787795700727456,1.0437004412423252,-0.4284612504281908
0.4210777262745461,-0.16988837225830958,-0.4640291883353377,0.018791264651596317,0.5863641561691995,0.2945243112739994,0.8851069146098838,0.0723473650088458,0.3447051051880171,0.3840054780649148,0.2344468932867139,0.98605350038997,1.0500018607069437,-0.4330989902650698
0.4210777262745461,-0.16988837225830958,-0.4640291883353377,0.018791264651596317,0.5863641561691995,0.2945243112739994,0.8851069146098838,0.0740099483128288,0.3419192225942586,0.3860691968632465,0.2326202262242465,0.9933274307071942,1.056303280171562,-0.4377367301019489
0.4210777262745461,-0.16988837225830958,-0.4640291883353377,0.018791264651596317,0.5863641561691995,0.2945243112739994,0.8851069146098838,0.0756725316168117,0.3391333400005001,0.3881329156615781,0.2307935591617791,1.0006013610244184,1.06260469963618,-0.4423744699388279
0.4210777262745461,-0.16988837225830958,-0.4640291883353377,0.018791264651596317,0.5863641561691995,0.2945243112739994,0.8851069146098838,0.0773351149207946,0.3363474574067416,0.3901966344599097,0.2289668920993117,1.0078752913416429,1.0689061191007982,-0.447012209775707
0.4210777262745461,-0.16988837225830958,-0.4640291883353377,0.018791264651596317,0.5863641561691995,0.2945243112739994,0.8851069146098838,0.0789976982247776,0.3335615748129832,0.3922603532582413,0.2271402250368444,1.015149221658867,1.0752075385654165,-0.451649949612586
0.4210777262745461,-0.16988837225830958,-0.4640291883353377,0.018791264651596317,0.5863641561691995,0.2945243112739994,0.8851069146098838,0.0806602815287605,0.3307756922192247,0.394324072056573,0.225313557974377,1.0224231519760911,1.081508958030035,-0.456287689449465
0.4210777262745461,-0.16988837225830958,-0.4640291883353377,0.018791264651596317,0.5863641561691995,0.2945243112739994,0.8851069146098838,0.0823228648327434,0.3279898096254662,0.3963877908549045,0.2234868909119096,1.0296970822933154,1.087810377494653,-0.460925429286344
0.4210777262745461,-0.16988837225830958,-0.4640291883353377,0.018791264651596317,0.5863641561691995,0.2945243112739994,0.8851069146098838,0.0839854481367264,0.3252039270317077,0.3984515096532362,0.2216602238494422,1.0369710126105396,1.0941117969592713,-0.4655631691232231
0.4210777262745461,-0.16988837225830958,-0.4640291883353377,0.018791264651596317,0.5863641561691995,0.2945243112739994,0.8851069146098838,0.0839854481367264,0.3252039270317077,0.3984515096532362,0.2216602238494422,1.0369710126105396,1.0941117969592713,-0.4655631691232231
0.4210777262745461,-0.16988837225830958,-0.4640291883353377,0.018791264651596317,0.5863641561691995,0.2945243112739994,0.8851069146098838,0.0858741619818103,0.3232806986188963,0.3985531358804336,0.2235451027425564,1.0401540227454018,1.0913659713489563,-0.4658239458571636
0.4210777262745461,-0.16988837225830958,-0.4640291883353377,0.018791264651596317,0.5863641561691995,0.2945243112739994,0.8851069146098838,0.0877628758268942,0.321357470206085,0.398654762107631,0.2254299816356706,1.043337032880264,1.0886201457386415,-0.4660847225911041
0.4210777262745461,-0.16988837225830958,-0.4640291883353377,0.018791264651596317,0.5863641561691995,0.2945243112739994,0.8851069146098838,0.0896515896719781,0.3194342417932737,0.3987563883348284,0.2273148605287848,1.0465200430151262,1.0858743201283263,-0.4663454993250446
0.4210777262745461,-0.16988837225830958,-0.4640291883353377,0.018791264651596317,0.5863641561691995,0.2945243112739994,0.8851069146098838,0.091540303517062,0.3175110133804623,0.3988580145620258,0.229199739421899,1.0497030531499885,1.0831284945180115,-0.4666062760589852
0.4210777262745461,-0.16988837225830958,-0.4640291883353377,0.018791264651596317,0.5863641561691995,0.2945243112739994,0.8851069146098838,0.0934290173621459,0.315587784967651,0.3989596407892232,0.2310846183150132,1.052886063284851,1.0803826689076967,-0.4668670527929257
0.4210777262745461,-0.16988837225830958,-0.4640291883353377,0.018791264651596317,0.5863641561691995,0.2945243112739994,0.8851069146098838,0.0953177312072298,0.3136645565548396,0.3990612670164207,0.2329694972081275,1.056069073419713,1.077636843297382,-0.4671278295268662
0.4210777262745461,-0.16988837225830958,-0.4640291883353377,0.018791264651596317,0.5863641561691995,0.2945243112739994,0.8851069146098838,0.0972064450523138,0.3117413281420283,0.3991628932436181,0.2348543761012416,1.0592520835545751,1.0748910176870672,-0.4673886062608067
0.4210777262745461,-0.16988837225830958,-0.4640291883353377,0.018791264651596317,0.5863641561691995,0.2945243112739994,0.8851069146098838,0.0990951588973977,0.309818099729217,0.3992645194708155,0.2367392549943558,1.0624350936894371,1.072145192076752,-0.4676493829947472
0.4210777262745461,-0.16988837225830958,-0.4640291883353377,0.018791264651596317,0.5863641561691995,0.2945243112739994,0.8851069146098838,0.1009838727424816,0.3078948713164056,0.3993661456980129,0.23862413388747,1.0656181038242998,1.0693993664664372,-0.4679101597286877
0.4210777262745461,-0.16988837225830958,-0.4640291883353377,0.018791264651596317,0.5863641561691995,0.2945243112739994,0.8851069146098838,0.1028725865875655,0.3059716429035943,0.3994677719252102,0.2405090127805842,1.0688011139591618,1.0666535408561224,-0.4681709364626283
0.4210777262745461,-0.16988837225830958,-0.4640291883353377,0.018791264651596317,0.5863641561691995,0.2945243112739994,0.8851069146098838,0.1047613004326494,0.3040484144907829,0.3995693981524077,0.2423938916736985,1.0719841240940242,1.0639077152458076,-0.4684317131965688
0.4210777262745461,-0.16988837225830958,-0.4640291883353377,0.018791264651596317,0.5863641561691995,0.2945243112739994,0.8851069146098838,0.1066500142777333,0.3021251860779716,0.3996710243796051,0.2442787705668127,1.0751671342288864,1.0611618896354924,-0.4686924899305093
0.4210777262745461,-0.16988837225830958,-0.4640291883353377,0.018791264651596317,0.5863641561691995,0.2945243112739994,0.8851069146098838,0.1085387281228173,0.3002019576651603,0.3997726506068025,0.2461636494599269,1.0783501443637489,1.0584160640251778,-0.4689532666644498
0.4210777262745461,-0.16988837225830958,-0.4640291883353377,0.018791264651596317,0.5863641561691995,0.2945243112739994,0.8851069146098838,0.1104274419679012,0.2982787292523489,0.3998742768339999,0.2480485283530411,1.0815331544986109,1.0556702384148628,-0.4692140433983904
0.4210777262745461,-0.16988837225830958,-0.4640291883353377,0.018791264651596317,0.5863641561691995,0.2945243112739994,0.8851069146098838,0.1123161558129851,0.2963555008395376,0.3999759030611973,0.2499334072461553,1.084716164633473,1.0529244128045478,-0.4694748201323309
0.4210777262745461,-0.16988837225830958,-0.4640291883353377,0.018791264651596317,0.5863641561691995,0.2945243112739994,0.8851069146098838,0.114204869658069,0.2944322724267263,0.4000775292883948,0.2518182861392695,1.0878991747683353,1.050178587194233,-0.4697355968662714
0.4210777262745461,-0.16988837225830958,-0.4640291883353377,0.018791264651596317,0.5863641561691995,0.2945243112739994,0.8851069146098838,0.1160935835031529,0.292509044013915,0.4001791555155922,0.2537031650323837,1.0910821849031975,1.0474327615839183,-0.4699963736002119
0.4210777262745461,-0.16988837225830958,-0.4640291883353377,0.018791264651596317,0.5863641561691995,0.2945243112739994,0.8851069146098838,0.1179822973482368,0.2905858156011036,0.4002807817427896,0.2555880439254979,1.09426519503806,1.0446869359736033,-0.4702571503341524
0.4210777262745461,-0.16988837225830958,-0.4640291883353377,0.018791264651596317,0.5863641561691995,0.2945243112739994,0.8851069146098838,0.1198710111933208,0.2886625871882923,0.400382407969987,0.2574729228186121,1.097448205172922,1.0419411103632883,-0.470517927068093
0.4210777262745461,-0.16988837225830958,-0.4640291883353377,0.018791264651596317,0.5863641561691995,0.2945243112739994,0.8851069146098838,0.1217597250384047,0.2867393587754809,0.4004840341971844,0.2593578017117263,1.1006312153077844,1.0391952847529735,-0.4707787038020335
0.4210777262745461,-0.16988837225830958,-0.4640291883353377,0.018791264651596317,0.5863641561691995,0.2945243112739994,0.8851069146098838,0.1236484388834886,0.2848161303626696,0.4005856604243818,0.2612426806048405,1.1038142254426464,1.0364494591426583,-0.471039480535974
0.4210777262745461,-0.16988837225830958,-0.4640291883353377,0.018791264651596317,0.5863641561691995,0.2945243112739994,0.8851069146098838,0.1255371527285725,0.2828929019498583,0.4006872866515792,0.2631275594979547,1.1069972355775088,1.0337036335323435,-0.4713002572699145
0.4210777262745461,-0.16988837225830958,-0.4640291883353377,0.018791264651596317,0.5863641561691995,0.2945243112739994,0.8851069146098838,0.1274258665736564,0.2809696735370469,0.4007889128787766,0.2650124383910689,1.110180245712371,1.0309578079220287,-0.4715610340038551
0.4210777262745461,-0.16988837225830958,-0.4640291883353377,0.018791264651596317,0.5863641561691995,0.2945243112739994,0.8851069146098838,0.1293145804187403,0.2790464451242356,0.400890539105974,0.2668973172841831,1.1133632558472333,1.028211982311714,-0.4718218107377955
0.4210777262745461,-0.16988837225830958,-0.4640291883353377,0.018791264651596317,0.5863641561691995,0.2945243112739994,0.8851069146098838,0.1312032942638243,0.2771232167114242,0.4009921653331714,0.2687821961772973,1.1165462659820955,1.025466156701399,-0.4720825874717361
0.4210777262745461,-0.16988837225830958,-0.4640291883353377,0.018791264651596317,0.5863641561691995,0.2945243112739994,0.8851069146098838,0.1330920081089082,0.2751999882986129,0.4010937915603688,0.2706670750704115,1.1197292761169575,1.0227203310910842,-0.4723433642056766
0.4210777262745461,-0.16988837225830958,-0.4640291883353377,0.018791264651596317,0.5863641561691995,0.2945243112739994,0.8851069146098838,0.1349807219539921,0.2732767598858016,0.4011954177875663,0.2725519539635257,1.12291228625182,1.0199745054807692,-0.4726041409396171
0.4210777262745461,-0.16988837225830958,-0.4640291883353377,0.018791264651596317,0.5863641561691995,0.2945243112739994,0.8851069146098838,0.136869435799076,0.2713535314729902,0.4012970440147636,0.2744368328566399,1.1260952963866822,1.0172286798704544,-0.4728649176735576
0.4210777262745461,-0.16988837225830958,-0.4640291883353377,0.018791264651596317,0.5863641561691995,0.2945243112739994,0.8851069146098838,0.1387581496441599,0.2694303030601789,0.4013986702419611,0.2763217117497541,1.1292783065215444,1.0144828542601394,-0.4731256944074981
0.4210777262745461,-0.16988837225830958,-0.4640291883353377,0.018791264651596317,0.5863641561691995,0.2945243112739994,0.8851069146098838,0.1406468634892438,0.2675070746473675,0.4015002964691584,0.2782065906428683,1.1324613166564066,1.0117370286498246,-0.4733864711414386
0.4210777262745461,-0.16988837225830958,-0.4640291883353377,0.018791264651596317,0.5863641561691995,0.2945243112739994,0.8851069146098838,0.1425355773343277,0.2655838462345562,0.4016019226963559,0.2800914695359826,1.1356443267912688,1.0089912030395096,-0.4736472478753791
0.4210777262745461,-0.16988837225830958,-0.4640291883353377,0.018791264651596317,0.5863641561691995,0.2945243112739994,0.8851069146098838,0.1444242911794117,0.2636606178217449,0.4017035489235533,0.2819763484290967,1.138827336926131,1.0062453774291948,-0.4739080246093197
0.4210777262745461,-0.16988837225830958,-0.4640291883353377,0.018791264651596317,0.5863641561691995,0.2945243112739994,0.8851069146098838,0.1463130050244956,0.2617373894089335,0.4018051751507506,0.283861227322211,1.1420103470609932,1.0034995518188798,-0.4741688013432602
0.4210777262745461,-0.16988837225830958,-0.4640291883353377,0.018791264651596317,0.5863641561691995,0.2945243112739994,0.8851069146098838,0.1482017188695795,0.2598141609961222,0.4019068013779481,0.2857461062153251,1.1451933571958557,1.000753726208565,-0.4744295780772007
0.4210777262745461,-0.16988837225830958,-0.4640291883353377,0.018791264651596317,0.5863641561691995,0.2945243112739994,0.8851069146098838,0.1500904327146634,0.2578909325833108,0.4020084276051455,0.2876309851084393,1.1483763673307177,0.99800790059825,-0.4746903548111412
0.4210777262745461,-0.16988837225830958,-0.4640291883353377,0.018791264651596317,0.5863641561691995,0.2945243112739994,0.8851069146098838,0.1519791465597473,0.2559677041704995,0.402110053832343,0.2895158640015536,1.15155937746558,0.9952620749879352,-0.4749511315450818
0.4210777262745461,-0.16988837225830958,-0.4640291883353377,0.018791264651596317,0.5863641561691995,0.2945243112739994,0.8851069146098838,0.1538678604048312,0.2540444757576882,0.4022116800595403,0.2914007428946678,1.154742387600442,0.9925162493776204,-0.4752119082790223
0.4210777262745461,-0.16988837225830958,-0.4640291883353377,0.018791264651596317,0.5863641561691995,0.2945243112739994,0.8851069146098838,0.1557565742499152,0.2521212473448769,0.4023133062867378,0.293285621787782,1.1579253977353046,0.9897704237673056,-0.4754726850129629
0.4210777262745461,-0.16988837225830958,-0.4640291883353377,0.018791264651596317,0.5863641561691995,0.2945243112739994,0.8851069146098838,0.1576452880949991,0.2501980189320655,0.4024149325139351,0.2951705006808962,1.1611084078701666,0.9870245981569904,-0.4757334617469033
0.4210777262745461,-0.16988837225830958,-0.4640291883353377,0.018791264651596317,0.5863641561691995,0.2945243112739994,0.8851069146098838,0.159534001940083,0.2482747905192542,0.4025165587411325,0.2970553795740104,1.164291418005029,0.9842787725466756,-0.4759942384808439
0.4210777262745461,-0.16988837225830958,-0.4640291883353377,0.018791264651596317,0.5863641561691995,0.2945243112739994,0.8851069146098838,0.1614227157851669,0.2463515621064428,0.40261818496833,0.2989402584671246,1.1674744281398912,0.9815329469363608,-0.4762550152147844
0.4210777262745461,-0.16988837225830958,-0.4640291883353377,0.018791264651596317,0.5863641561691995,0.2945243112739994,0.8851069146098838,0.1633114296302508,0.2444283336936315,0.4027198111955273,0.3008251373602387,1.1706574382747534,0.978787121326046,-0.4765157919487249
0.4210777262745461,-0.16988837225830958,-0.4640291883353377,0.018791264651596317,0.5863641561691995,0.2945243112739994,0.8851069146098838,0.1652001434753348,0.2425051052808201,0.4028214374227248,0.302710016253353,1.1738404484096157,0.9760412957157312,-0.4767765686826655
0.4210777262745461,-0.16988837225830958,-0.4640291883353377,0.018791264651596317,0.5863641561691995,0.2945243112739994,0.8851069146098838,0.1670888573204186,0.2405818768680088,0.4029230636499222,0.3045948951464672,1.177023458544478,0.9732954701054162,-0.477037345416606
0.4210777262745461,-0.16988837225830958,-0.4640291883353377,0.018791264651596317,0.5863641561691995,0.2945243112739994,0.8851069146098838,0.1689775711655026,0.2386586484551975,0.4030246898771196,0.3064797740395814,1.1802064686793403,0.9705496444951012,-0.4772981221505465
0.4210777262745461,-0.16988837225830958,-0.4640291883353377,0.018791264651596317,0.5863641561691995,0.2945243112739994,0.8851069146098838,0.1708662850105865,0.2367354200423861,0.403126316104317,0.3083646529326956,1.1833894788142023,0.9678038188847864,-0.477558898884487
0.4210777262745461,-0.16988837225830958,-0.4640291883353377,0.018791264651596317,0.5863641561691995,0.2945243112739994,0.8851069146098838,0.1727549988556704,0.2348121916295748,0.4032279423315144,0.3102495318258098,1.1865724889490643,0.9650579932744714,-0.4778196756184275
0.4210777262745461,-0.16988837225830958,-0.4640291883353377,0.018791264651596317,0.5863641561691995,0.2945243112739994,0.8851069146098838,0.1746437127007543,0.2328889632167635,0.4033295685587118,0.312134410718924,1.189755499083927,0.9623121676641566,-0.478080452352368
0.4210777262745461,-0.16988837225830958,-0.4640291883353377,0.018791264651596317,0.5863641561691995,0.2945243112739994,0.8851069146098838,0.1765324265458382,0.2309657348039521,0.4034311947859092,0.3140192896120382,1.192938509218789,0.9595663420538416,-0.4783412290863086
0.4210777262745461,-0.16988837225830958,-0.4640291883353377,0.018791264651596317,0.5863641561691995,0.2945243112739994,0.8851069146098838,0.1784211403909222,0.2290425063911408,0.4035328210131066,0.3159041685051524,1.1961215193536514,0.9568205164435268,-0.4786020058202491
0.4210777262745461,-0.16988837225830958,-0.4640291883353377,0.018791264651596317,0.5863641561691995,0.2945243112739994,0.8851069146098838,0.1803098542360061,0.2271192779783295,0.403634447240304,0.3177890473982666,1.1993045294885136,0.954074690833212,-0.4788627825541896
0.4210777262745461,-0.16988837225830958,-0.4640291883353377,0.018791264651596317,0.5863641561691995,0.2945243112739994,0.8851069146098838,0.18219856808109,0.2251960495655181,0.4037360734675015,0.3196739262913808,1.2024875396233758,0.951328865222897,-0.4791235592881301
0.4210777262745461,-0.16988837225830958,-0.4640291883353377,0.018791264651596317,0.5863641561691995,0.2945243112739994,0.8851069146098838,0.1840872819261739,0.2232728211527068,0.4038376996946988,0.321558805184495,1.205670549758238,0.9485830396125822,-0.4793843360220706
0.4210777262745461,-0.16988837225830958,-0.4640291883353377,0.018791264651596317,0.5863641561691995,0.2945243112739994,0.8851069146098838,0.1859759957712578,0.2213495927398954,0.4039393259218963,0.3234436840776092,1.2088535598931005,0.9458372140022672,-0.4796451127560112
0.4210777262745461,-0.16988837225830958,-0.4640291883353377,0.018791264651596317,0.5863641561691995,0.2945243112739994,0.8851069146098838,0.1878647096163417,0.2194263643270841,0.4040409521490937,0.3253285629707234,1.2120365700279625,0.9430913883919524,-0.4799058894899517
0.4210777262745461,-0.16988837225830958,-0.4640291883353377,0.018791264651596317,0.5863641561691995,0.2945243112739994,0.8851069146098838,0.1897534234614257,0.2175031359142727,0.4041425783762911,0.3272134418638376,1.2152195801628247,0.9403455627816374,-0.4801666662238922
0.4210777262745461,-0.16988837225830958,-0.4640291883353377,0.018791264651596317,0.5863641561691995,0.2945243112739994,0.8851069146098838,0.1916421373065095,0.2155799075014615,0.4042442046034885,0.3290983207569518,1.218402590297687,0.9375997371713226,-0.4804274429578327
0.4210777262745461,-0.16988837225830958,-0.4640291883353377,0.018791264651596317,0.5863641561691995,0.2945243112739994,0.8851069146098838,0.1935308511515935,0.2136566790886501,0.4043458308306858,0.330983199650066,1.2215856004325492,0.9348539115610076,-0.4806882196917732
0.4210777262745461,-0.16988837225830958,-0.4640291883353377,0.018791264651596317,0.5863641561691995,0.2945243112739994,0.8851069146098838,0.1954195649966774,0.2117334506758388,0.4044474570578834,0.3328680785431802,1.2247686105674114,0.9321080859506928,-0.4809489964257137
0.4210777262745461,-0.16988837225830958,-0.4640291883353377,0.018791264651596317,0.5863641561691995,0.2945243112739994,0.8851069146098838,0.1973082788417613,0.2098102222630274,0.4045490832850807,0.3347529574362944,1.2279516207022736,0.9293622603403778,-0.4812097731596543
0.4210777262745461,-0.16988837225830958,-0.4640291883353377,0.018791264651596317,0.5863641561691995,0.2945243112739994,0.8851069146098838,0.1991969926868452,0.2078869938502161,0.4046507095122781,0.3366378363294087,1.2311346308371358,0.9266164347300628,-0.4814705498935948
0.4210777262745461,-0.16988837225830958,-0.4640291883353377,0.018791264651596317,0.5863641561691995,0.2945243112739994,0.8851069146098838,0.2010857065319291,0.2059637654374047,0.4047523357394755,0.3385227152225228,1.234317640971998,0.923870609119748,-0.4817313266275353
0.4210777262745461,-0.16988837225830958,-0.4640291883353377,0.018791264651596317,0.5863641561691995,0.2945243112739994,0.8851069146098838,0.202974420377013,0.2040405370245934,0.404853961966673,0.340407594115637,1.2375006511068602,0.9211247835094332,-0.4819921033614759
0.4210777262745461,-0.16988837225830958,-0.4640291883353377,0.018791264651596317,0.5863641561691995,0.2945243112739994,0.8851069146098838,0.204863134222097,0.202117308611782,0.4049555881938703,0.3422924730087512,1.2406836612417225,0.9183789578991184,-0.4822528800954163
0.4210777262745461,-0.16988837225830958,-0.4640291883353377,0.018791264651596317,0.5863641561691995,0.2945243112739994,0.8851069146098838,0.2067518480671809,0.2001940801989707,0.4050572144210678,0.3441773519018655,1.243866671376585,0.9156331322888036,-0.4825136568293569
0.4210777262745461,-0.16988837225830958,-0.4640291883353377,0.018791264651596317,0.5863641561691995,0.2945243112739994,0.8851069146098838,0.2086405619122648,0.1982708517861593,0.4051588406482652,0.3460622307949796,1.247049681511447,0.9128873066784884,-0.4827744335632974
0.4210777262745461,-0.16988837225830958,-0.4640291883353377,0.018791264651596317,0.5863641561691995,0.2945243112739994,0.8851069146098838,0.2105292757573487,0.1963476233733481,0.4052604668754626,0.3479471096880938,1.2502326916463091,0.9101414810681736,-0.4830352102972379
0.4210777262745461,-0.16988837225830958,-0.4640291883353377,0.018791264651596317,0.5863641561691995,0.2945243112739994,0.8851069146098838,0.2124179896024326,0.1944243949605367,0.40536209310266,0.349831988581208,1.2534157017811711,0.9073956554578586,-0.4832959870311785
0.4210777262745461,-0.16988837225830958,-0.4640291883353377,0.018791264651596317,0.5863641561691995,0.2945243112739994,0.8851069146098838,0.2143067034475165,0.1925011665477254,0.4054637193298574,0.3517168674743222,1.2565987119160336,0.9046498298475438,-0.4835567637651189
0.4210777262745461,-0.16988837225830958,-0.4640291883353377,0.018791264651596317,0.5863641561691995,0.2945243112739994,0.8851069146098838,0.2161954172926005,0.190577938134914,0.4055653455570548,0.3536017463674364,1.259781722050896,0.901904004237229,-0.4838175404990595
0.4210777262745461,-0.16988837225830958,-0.4640291883353377,0.018791264651596317,0.5863641561691995,0.2945243112739994,0.8851069146098838,0.2180841311376843,0.1886547097221027,0.4056669717842522,0.3554866252605506,1.262964732185758,0.899158178626914,-0.484078317233
0.4210777262745461,-0.16988837225830958,-0.4640291883353377,0.018791264651596317,0.5863641561691995,0.2945243112739994,0.8851069146098838,0.2199728449827683,0.1867314813092914,0.4057685980114496,0.3573715041536648,1.2661477423206204,0.8964123530165993,-0.4843390939669405
0.4210777262745461,-0.16988837225830958,-0.4640291883353377,0.018791264651596317,0.5863641561691995,0.2945243112739994,0.8851069146098838,0.2218615588278522,0.1848082528964801,0.405870224238647,0.3592563830467791,1.2693307524554829,0.8936665274062843,-0.484599870700881
0.4210777262745461,-0.16988837225830958,-0.4640291883353377,0.018791264651596317,0.5863641561691995,0.2945243112739994,0.8851069146098838,0.2237502726729361,0.1828850244836687,0.4059718504658444,0.3611412619398932,1.2725137625903449,0.8909207017959694,-0.4848606474348216
0.4210777262745461,-0.16988837225830958,-0.4640291883353377,0.018791264651596317,0.5863641561691995,0.2945243112739994,0.8851069146098838,0.22563898651802,0.1809617960708573,0.4060734766930418,0.3630261408330074,1.275696772725207,0.8881748761856546,-0.4851214241687621
0.4210777262745461,-0.16988837225830958,-0.4640291883353377,0.018791264651596317,0.5863641561691995,0.2945243112739994,0.8851069146098838,0.227527700363104,0.179038567658046,0.4061751029202393,0.3649110197261217,1.2788797828600695,0.8854290505753396,-0.4853822009027025
0.4210777262745461,-0.16988837225830958,-0.4640291883353377,0.018791264651596317,0.5863641561691995,0.2945243112739994,0.8851069146098838,0.2294164142081879,0.1771153392452347,0.4062767291474367,0.3667958986192359,1.2820627929949318,0.8826832249650247,-0.4856429776366431
0.4210777262745461,-0.16988837225830958,-0.4640291883353377,0.018791264651596317,0.5863641561691995,0.2945243112739994,0.8851069146098838,0.2313051280532718,0.1751921108324233,0.406378355374634,0.36868077751235,1.285245803129794,0.8799373993547098,-0.4859037543705836
0.4210777262745461,-0.16988837225830958,-0.4640291883353377,0.018791264651596317,0.5863641561691995,0.2945243112739994,0.8851069146098838,0.2331938418983557,0.173268882419612,0.4064799816018315,0.3705656564054642,1.2884288132646562,0.8771915737443949,-0.4861645311045242
0.4210777262745461,-0.16988837225830958,-0.4640291883353377,0.018791264651596317,0.5863641561691995,0.2945243112739994,0.8851069146098838,0.2350825557434396,0.1713456540068006,0.4065816078290289,0.3724505352985785,1.2916118233995184,0.87444574813408,-0.4864253078384647
0.4210777262745461,-0.16988837225830958,-0.4640291883353377,0.018791264651596317,0.5863641561691995,0.2945243112739994,0.8851069146098838,0.2369712695885235,0.1694224255939893,0.4066832340562263,0.3743354141916927,1.2947948335343806,0.8716999225237652,-0.4866860845724052
0.4210777262745461,-0.16988837225830958,-0.4640291883353377,0.018791264651596317,0.5863641561691995,0.2945243112739994,0.8851069146098838,0.2388599834336074,0.167499197181178,0.4067848602834237,0.3762202930848068,1.2979778436692428,0.8689540969134504,-0.4869468613063458
0.4210777262745461,-0.16988837225830958,-0.4640291883353377,0.018791264651596317,0.5863641561691995,0.2945243112739994,0.8851069146098838,0.2407486972786914,0.1655759687683667,0.4068864865106211,0.378105171977921,1.301160853804105,0.8662082713031354,-0.4872076380402863
0.4210777262745461,-0.16988837225830958,-0.4640291883353377,0.018791264651596317,0.5863641561691995,0.2945243112739994,0.8851069146098838,0.2426374111237753,0.1636527403555553,0.4069881127378185,0.3799900508710352,1.3043438639389673,0.8634624456928206,-0.4874684147742268
0.4210777262745461,-0.16988837225830958,-0.4640291883353377,0.018791264651596317,0.5863641561691995,0.2945243112739994,0.8851069146098838,0.2445261249688592,0.161729511942744,0.4070897389650159,0.3818749297641495,1.3075268740738295,0.8607166200825056,-0.4877291915081673
0.4210777262745461,-0.16988837225830958,-0.4640291883353377,0.018791264651596317,0.5863641561691995,0.2945243112739994,0.8851069146098838,0.2464148388139431,0.1598062835299327,0.4071913651922134,0.3837598086572637,1.3107098842086915,0.8579707944721908,-0.4879899682421078
0.4210777262745461,-0.16988837225830958,-0.4640291883353377,0.018791264651596317,0.5863641561691995,0.2945243112739994,0.8851069146098838,0.248303552659027,0.1578830551171213,0.4072929914194108,0.3856446875503779,1.313892894343554,0.8552249688618757,-0.4882507449760482
0.4210777262745461,-0.16988837225830958,-0.4640291883353377,0.018791264651596317,0.5863641561691995,0.2945243112739994,0.8851069146098838,0.2501922665041109,0.15595982670431,0.4073946176466082,0.387529566443492,1.3170759044784162,0.852479143251561,-0.4885115217099889
0.4210777262745461,-0.16988837225830958,-0.4640291883353377,0.018791264651596317,0.5863641561691995,0.2945243112739994,0.8851069146098838,0.2520809803491949,0.1540365982914986,0.4074962438738055,0.3894144453366063,1.3202589146132784,0.849733317641246,-0.4887722984439293
0.4210777262745461,-0.16988837225830958,-0.4640291883353377,0.018791264651596317,0.5863641561691995,0.2945243112739994,0.8851069146098838,0.2539696941942788,0.1521133698786873,0.407597870101003,0.3912993242297205,1.3234419247481408,0.8469874920309312,-0.48903307517787
0.4210777262745461,-0.16988837225830958,-0.4640291883353377,0.018791264651596317,0.5863641561691995,0.2945243112739994,0.8851069146098838,0.2558584080393627,0.1501901414658759,0.4076994963282003,0.3931842031228347,1.3266249348830028,0.8442416664206163,-0.4892938519118104
0.4210777262745461,-0.16988837225830958,-0.4640291883353377,0.018791264651596317,0.5863641561691995,0.2945243112739994,0.8851069146098838,0.2577471218844466,0.1482669130530646,0.4078011225553978,0.3950690820159489,1.3298079450178653,0.8414958408103014,-0.4895546286457509
0.4210777262745461,-0.16988837225830958,-0.4640291883353377,0.018791264651596317,0.5863641561691995,0.2945243112739994,0.8851069146098838,0.2596358357295305,0.1463436846402533,0.4079027487825952,0.3969539609090631,1.3329909551527273,0.8387500151999865,-0.4898154053796915
0.4210777262745461,-0.16988837225830958,-0.4640291883353377,0.018791264651596317,0.5863641561691995,0.2945243112739994,0.8851069146098838,0.2615245495746144,0.1444204562274419,0.4080043750097926,0.3988388398021772,1.3361739652875897,0.8360041895896717,-0.4900761821136319
0.4210777262745461,-0.16988837225830958,-0.4640291883353377,0.018791264651596317,0.5863641561691995,0.2945243112739994,0.8851069146098838,0.2634132634196984,0.1424972278146306,0.40810600123699,0.4007237186952915,1.3393569754224517,0.8332583639793567,-0.4903369588475725
0.4210777262745461,-0.16988837225830958,-0.4640291883353377,0.018791264651596317,0.5863641561691995,0.2945243112739994,0.8851069146098838,0.2653019772647823,0.1405739994018193,0.4082076274641874,0.4026085975884057,1.342539985557314,0.8305125383690419,-0.490597735581513
0.4210777262745461,-0.16988837225830958,-0.4640291883353377,0.018791264651596317,0.5863641561691995,0.2945243112739994,0.8851069146098838,0.2671906911098662,0.138650770989008,0.4083092536913848,0.4044934764815199,1.345722995692176,0.8277667127587269,-0.4908585123154535
0.4210777262745461,-0.16988837225830958,-0.4640291883353377,0.018791264651596317,0.5863641561691995,0.2945243112739994,0.8851069146098838,0.2690794049549501,0.1367275425761966,0.4084108799185822,0.406378355374634,1.3489060058270386,0.825020887148412,-0.491119289049394
0.4210777262745461,-0.16988837225830958,-0.4640291883353377,0.018791264651596317,0.5863641561691995,0.2945243112739994,0.8851069146098838,0.270968118800034,0.1348043141633852,0.4085125061457796,0.4082632342677483,1.3520890159619006,0.8222750615380972,-0.4913800657833346
0.4210777262745461,-0.16988837225830958,-0.4640291883353377,0.018791264651596317,0.5863641561691995,0.2945243112739994,0.8851069146098838,0.2728568326451179,0.1328810857505739,0.408614132372977,0.4101481131608625,1.355272026096763,0.8195292359277823,-0.4916408425172751
0.4210777262745461,-0.16988837225830958,-0.4640291883353377,0.018791264651596317,0.5863641561691995,0.2945243112739994,0.8851069146098838,0.2747455464902019,0.1309578573377626,0.4087157586001745,0.4120329920539767,1.3584550362316254,0.8167834103174674,-0.4919016192512156
0.4210777262745461,-0.16988837225830958,-0.4640291883353377,0.018791264651596317,0.5863641561691995,0.2945243112739994,0.8851069146098838,0.2766342603352858,0.1290346289249512,0.4088173848273719,0.413917870947091,1.3616380463664874,0.8140375847071525,-0.4921623959851561
0.4210777262745461,-0.16988837225830958,-0.4640291883353377,0.018791264651596317,0.5863641561691995,0.2945243112739994,0.8851069146098838,0.2785229741803697,0.1271114005121399,0.4089190110545693,0.4158027498402051,1.36482105650135,0.8112917590968376,-0.4924231727190967
0.4210777262745461,-0.16988837225830958,-0.4640291883353377,0.018791264651596317,0.5863641561691995,0.2945243112739994,0.8851069146098838,0.2804116880254536,0.1251881720993286,0.4090206372817667,0.4176876287333193,1.368004066636212,0.8085459334865226,-0.4926839494530372
0.4210777262745461,-0.16988837225830958,-0.4640291883353377,0.018791264651596317,0.5863641561691995,0.2945243112739994,0.8851069146098838,0.2823004018705375,0.1232649436865172,0.4091222635089641,0.4195725076264335,1.3711870767710743,0.8058001078762078,-0.4929447261869777
0.4210777262745461,-0.16988837225830958,-0.4640291883353377,0.018791264651596317,0.5863641561691995,0.2945243112739994,0.8851069146098838,0.2841891157156215,0.1213417152737059,0.4092238897361615,0.4214573865195478,1.3743700869059363,0.8030542822658928,-0.4932055029209182
0.4210777262745461,-0.16988837225830958,-0.4640291883353377,0.018791264651596317,0.5863641561691995,0.2945243112739994,0.8851069146098838,0.2860778295607054,0.1194184868608946,0.409325515963359,0.4233422654126619,1.3775530970407988,0.800308456655578,-0.4934662796548588
0.4210777262745461,-0.16988837225830958,-0.4640291883353377,0.018791264651596317,0.5863641561691995,0.2945243112739994,0.8851069146098838,0.2879665434057893,0.1174952584480832,0.4094271421905563,0.4252271443057761,1.380736107175661,0.7975626310452631,-0.4937270563887992
0.4210777262745461,-0.16988837225830958,-0.4640291883353377,0.018791264651596317,0.5863641561691995,0.2945243112739994,0.8851069146098838,0.2898552572508732,0.1155720300352719,0.4095287684177537,0.4271120231988903,1.3839191173105232,0.7948168054349483,-0.4939878331227397
0.4210777262745461,-0.16988837225830958,-0.4640291883353377,0.018791264651596317,0.5863641561691995,0.2945243112739994,0.8851069146098838,0.2917439710959571,0.1136488016224605,0.4096303946449512,0.4289969020920046,1.3871021274453854,0.7920709798246334,-0.4942486098566803
0.4210777262745461,-0.16988837225830958,-0.4640291883353377,0.018791264651596317,0.5863641561691995,0.2945243112739994,0.8851069146098838,0.293632684941041,0.1117255732096492,0.4097320208721485,0.4308817809851187,1.3902851375802476,0.7893251542143185,-0.4945093865906208
0.4210777262745461,-0.16988837225830958,-0.4640291883353377,0.018791264651596317,0.5863641561691995,0.2945243112739994,0.8851069146098838,0.295521398786125,0.1098023447968378,0.409833647099346,0.432766659878233,1.39346814771511,0.7865793286040035,-0.4947701633245613
0.4210777262745461,-0.16988837225830958,-0.4640291883353377,0.018791264651596317,0.5863641561691995,0.2945243112739994,0.8851069146098838,0.2974101126312088,0.1078791163840265,0.4099352733265434,0.4346515387713471,1.396651157849972,0.7838335029936887,-0.4950309400585019
0.4210777262745461,-0.16988837225830958,-0.4640291883353377,0.018791264651596317,0.5863641561691995,0.2945243112739994,0.8851069146098838,0.2992988264762928,0.1059558879712152,0.4100368995537408,0.4365364176644614,1.3998341679848345,0.7810876773833738,-0.4952917167924424
0.4210777262745461,-0.16988837225830958,-0.4640291883353377,0.018791264651596317,0.5863641561691995,0.2945243112739994,0.8851069146098838,0.3011875403213767,0.1040326595584039,0.4101385257809382,0.4384212965575755,1.4030171781196965,0.7783418517730589,-0.4955524935263828
0.4210777262745461,-0.16988837225830958,-0.4640291883353377,0.018791264651596317,0.5863641561691995,0.2945243112739994,0.8851069146098838,0.3030762541664606,0.1021094311455925,0.4102401520081356,0.4403061754506897,1.4062001882545587,0.775596026162744,-0.4958132702603234
0.4210777262745461,-0.16988837225830958,-0.4640291883353377,0.018791264651596317,0.5863641561691995,0.2945243112739994,0.8851069146098838,0.3049649680115445,0.1001862027327812,0.410341778235333,0.4421910543438039,1.409383198389421,0.7728502005524291,-0.4960740469942639
0.4210777262745461,-0.16988837225830958,-0.4640291883353377,0.018791264651596317,0.5863641561691995,0.2945243112739994,0.8851069146098838,0.3068536818566284,0.0982629743199698,0.4104434044625304,0.4440759332369182,1.4125662085242832,0.7701043749421143,-0.4963348237282045
0.4210777262745461,-0.16988837225830958,-0.4640291883353377,0.018791264651596317,0.5863641561691995,0.2945243112739994,0.8851069146098838,0.3087423957017123,0.0963397459071585,0.4105450306897278,0.4459608121300323,1.4157492186591454,0.7673585493317994,-0.496595600462145
0.4210777262745461,-0.16988837225830958,-0.4640291883353377,0.018791264651596317,0.5863641561691995,0.2945243112739994,0.8851069146098838,0.3106311095467962,0.0944165174943472,0.4106466569169252,0.4478456910231465,1.4189322287940076,0.7646127237214845,-0.4968563771960855
0.4210777262745461,-0.16988837225830958,-0.4640291883353377,0.018791264651596317,0.5863641561691995,0.2945243112739994,0.8851069146098838,0.3125198233918801,0.0924932890815358,0.4107482831441227,0.4497305699162607,1.42211523892887,0.7618668981111696,-0.4971171539300261
0.4210777262745461,-0.16988837225830958,-0.4640291883353377,0.018791264651596317,0.5863641561691995,0.2945243112739994,0.8851069146098838,0.3144085372369641,0.0905700606687245,0.41084990937132,0.451615448809375,1.425298249063732,0.7591210725008547,-0.4973779306639665
0.4210777262745461,-0.16988837225830958,-0.4640291883353377,0.018791264651596317,0.5863641561691995,0.2945243112739994,0.8851069146098838,0.316297251082048,0.0886468322559132,0.4109515355985175,0.4535003277024891,1.4284812591985945,0.7563752468905398,-0.497638707397907
0.4210777262745461,-0.16988837225830958,-0.4640291883353377,0.018791264651596317,0.5863641561691995,0.2945243112739994,0.8851069146098838,0.3181859649271319,0.0867236038431018,0.4110531618257149,0.4553852065956034,1.4316642693334565,0.7536294212802249,-0.4978994841318476
0.4210777262745461,-0.16988837225830958,-0.4640291883353377,0.018791264651596317,0.5863641561691995,0.2945243112739994,0.8851069146098838,0.3200746787722158,0.0848003754302905,0.4111547880529123,0.4572700854887176,1.434847279468319,0.75088359566991,-0.4981602608657881
0.4210777262745461,-0.16988837225830958,-0.4640291883353377,0.018791264651596317,0.5863641561691995,0.2945243112739994,0.8851069146098838,0.3219633926172998,0.0828771470174791,0.4112564142801097,0.4591549643818318,1.4380302896031811,0.748137770059595,-0.4984210375997286
0.4210777262745461,-0.16988837225830958,-0.4640291883353377,0.018791264651596317,0.5863641561691995,0.2945243112739994,0.8851069146098838,0.3238521064623837,0.0809539186046678,0.4113580405073072,0.461039843274946,1.4412132997380434,0.7453919444492803,-0.4986818143336691
0.4210777262745461,-0.16988837225830958,-0.4640291883353377,0.018791264651596317,0.5863641561691995,0.2945243112739994,0.8851069146098838,0.3257408203074676,0.0790306901918565,0.4114596667345045,0.4629247221680602,1.4443963098729058,0.7426461188389653,-0.4989425910676096
0.4210777262745461,-0.16988837225830958,-0.4640291883353377,0.018791264651596317,0.5863641561691995,0.2945243112739994,0.8851069146098838,0.3276295341525515,0.0771074617790451,0.4115612929617019,0.4648096010611744,1.4475793200077678,0.7399002932286505,-0.4992033678015501
0.4210777262745461,-0.16988837225830958,-0.4640291883353377,0.018791264651596317,0.5863641561691995,0.2945243112739994,0.8851069146098838,0.3295182479976354,0.0751842333662338,0.4116629191888993,0.4666944799542886,1.45076233014263,0.7371544676183355,-0.4994641445354907
0.4210777262745461,-0.16988837225830958,-0.4640291883353377,0.018791264651596317,0.5863641561691995,0.2945243112739994,0.8851069146098838,0.3314069618427193,0.0732610049534225,0.4117645454160967,0.4685793588474028,1.4539453402774922,0.7344086420080207,-0.4997249212694312
0.4210777262745461,-0.16988837225830958,-0.4640291883353377,0.018791264651596317,0.5863641561691995,0.2945243112739994,0.8851069146098838,0.3332956756878033,0.0713377765406111,0.4118661716432942,0.470464237740517,1.457128350412355,0.7316628163977057,-0.4999856980033718
0.4210777262745461,-0.16988837225830958,-0.4640291883353377,0.018791264651596317,0.5863641561691995,0.2945243112739994,0.8851069146098838,0.3351843895328872,0.0694145481277998,0.4119677978704916,0.4723491166336312,1.4603113605472169,0.7289169907873909,-0.5002464747373123
0.4210777262745461,-0.16988837225830958,-0.4640291883353377,0.018791264651596317,0.5863641561691995,0.2945243112739994,0.8851069146098838,0.3370731033779711,0.0674913197149884,0.412069424097689,0.4742339955267454,1.4634943706820789,0.7261711651770759,-0.5005072514712527
0.4210777262745461,-0.16988837225830958,-0.4640291883353377,0.018791264651596317,0.5863641561691995,0.2945243112739994,0.8851069146098838,0.3389618172230551,0.0655680913021771,0.4121710503248864,0.4761188744198597,1.466677380816941,0.7234253395667611,-0.5007680282051934
0.4210777262745461,-0.16988837225830958,-0.4640291883353377,0.018791264651596317,0.5863641561691995,0.2945243112739994,0.8851069146098838,0.3408505310681389,0.0636448628893658,0.4122726765520837,0.4780037533129738,1.4698603909518035,0.7206795139564461,-0.5010288049391338
0.4210777262745461,-0.16988837225830958,-0.4640291883353377,0.018791264651596317,0.5863641561691995,0.2945243112739994,0.8851069146098838,0.3427392449132228,0.0617216344765544,0.4123743027792812,0.479888632206088,1.4730434010866658,0.7179336883461314,-0.5012895816730744
0.4210777262745461,-0.16988837225830958,-0.4640291883353377,0.018791264651596317,0.5863641561691995,0.2945243112739994,0.8851069146098838,0.3446279587583067,0.0597984060637431,0.4124759290064786,0.4817735110992022,1.4762264112215278,0.7151878627358165,-0.5015503584070149
0.4210777262745461,-0.16988837225830958,-0.4640291883353377,0.018791264651596317,0.5863641561691995,0.2945243112739994,0.8851069146098838,0.3465166726033906,0.0578751776509318,0.412577555233676,0.4836583899923164,1.4794094213563902,0.7124420371255016,-0.5018111351409554
0.4210777262745461,-0.16988837225830958,-0.4640291883353377,0.018791264651596317,0.5863641561691995,0.2945243112739994,0.8851069146098838,0.3484053864484746,0.0559519492381204,0.4126791814608734,0.4855432688854306,1.4825924314912524,0.7096962115151866,-0.502071911874896
0.4210777262745461,-0.16988837225830958,-0.4640291883353377,0.018791264651596317,0.5863641561691995,0.2945243112739994,0.8851069146098838,0.3502941002935585,0.0540287208253091,0.4127808076880708,0.4874281477785448,1.4857754416261146,0.7069503859048718,-0.5023326886088364
0.4210777262745461,-0.16988837225830958,-0.4640291883353377,0.018791264651596317,0.5863641561691995,0.2945243112739994,0.8851069146098838,0.3521828141386424,0.0521054924124977,0.4128824339152682,0.489313026671659,1.4889584517609769,0.7042045602945569,-0.5025934653427769
0.4210777262745461,-0.16988837225830958,-0.4640291883353377,0.018791264651596317,0.5863641561691995,0.2945243112739994,0.8851069146098838,0.3540715279837263,0.0501822639996864,0.4129840601424656,0.4911979055647733,1.492141461895839,0.701458734684242,-0.5028542420767175
0.4210777262745461,-0.16988837225830958,-0.4640291883353377,0.018791264651596317,0.5863641561691995,0.2945243112739994,0.8851069146098838,0.3559602418288102,0.0482590355868751,0.413085686369663,0.4930827844578874,1.4953244720307013,0.698712909073927,-0.503115018810658
0.4210777262745461,-0.16988837225830958,-0.4640291883353377,0.018791264651596317,0.5863641561691995,0.2945243112739994,0.8851069146098838,0.3578489556738942,0.0463358071740637,0.4131873125968605,0.4949676633510016,1.4985074821655635,0.6959670834636122,-0.5033757955445985
0.4210777262745461,-0.16988837225830958,-0.4640291883353377,0.018791264651596317,0.5863641561691995,0.2945243112739994,0.8851069146098838,0.3597376695189781,0.0444125787612524,0.4132889388240579,0.4968525422441158,1.5016904923004255,0.6932212578532972,-0.503636572278539
0.4210777262745461,-0.16988837225830958,-0.4640291883353377,0.018791264651596317,0.5863641561691995,0.2945243112739994,0.8851069146098838,0.361626383364062,0.0424893503484411,0.4133905650512552,0.4987374211372301,1.504873502435288,0.6904754322429825,-0.5038973490124795
0.4210777262745461,-0.16988837225830958,-0.4640291883353377,0.018791264651596317,0.5863641561691995,0.2945243112739994,0.8851069146098838,0.3635150972091459,0.0405661219356297,0.4134921912784526,0.5006223000303442,1.5080565125701502,0.6877296066326675,-0.50415812574642
0.4210777262745461,-0.16988837225830958,-0.4640291883353377,0.018791264651596317,0.5863641561691995,0.2945243112739994,0.8851069146098838,0.3654038110542298,0.0386428935228184,0.4135938175056501,0.5025071789234584,1.5112395227050124,0.6849837810223527,-0.5044189024803606
0.4210777262745461,-0.16988837225830958,-0.4640291883353377,0.018791264651596317,0.5863641561691995,0.2945243112739994,0.8851069146098838,0.3672925248993137,0.036719665110007,0.4136954437328475,0.5043920578165726,1.5144225328398746,0.6822379554120377,-0.5046796792143011
0.4210777262745461,-0.16988837225830958,-0.4640291883353377,0.018791264651596317,0.5863641561691995,0.2945243112739994,0.8851069146098838,0.3691812387443977,0.0347964366971957,0.4137970699600449,0.5062769367096869,1.517605542974737,0.6794921298017229,-0.5049404559482417
0.4210777262745461,-0.16988837225830958,-0.4640291883353377,0.018791264651596317,0.5863641561691995,0.2945243112739994,0.8851069146098838,0.3710699525894816,0.0328732082843844,0.4138986961872423,0.508161815602801,1.5207885531095993,0.6767463041914079,-0.5052012326821821
0.4210777262745461,-0.16988837225830958,-0.4640291883353377,0.018791264651596317,0.5863641561691995,0.2945243112739994,0.8851069146098838,0.3729586664345655,0.030949979871573,0.4140003224144397,0.5100466944959152,1.5239715632444613,0.674000478581093,-0.5054620094161227
0.4210777262745461,-0.16988837225830958,-0.4640291883353377,0.018791264651596317,0.5863641561691995,0.2945243112739994,0.8851069146098838,0.3748473802796494,0.0290267514587617,0.4141019486416371,0.5119315733890295,1.5271545733793237,0.6712546529707781,-0.5057227861500632
0.4210777262745461,-0.16988837225830958,-0.4640291883353377,0.018791264651596317,0.5863641561691995,0.2945243112739994,0.8851069146098838,0.3767360941247333,0.0271035230459503,0.4142035748688345,0.5138164522821437,1.530337583514186,0.6685088273604634,-0.5059835628840037
0.4210777262745461,-0.16988837225830958,-0.4640291883353377,0.018791264651596317,0.5863641561691995,0.2945243112739994,0.8851069146098838,0.3786248079698172,0.025180294633139,0.4143052010960319,0.5157013311752578,1.533520593649048,0.6657630017501484,-0.5062443396179442
0.4210777262745461,-0.16988837225830958,-0.4640291883353377,0.018791264651596317,0.5863641561691995,0.2945243112739994,0.8851069146098838,0.3805135218149011,0.0232570662203277,0.4144068273232293,0.517586210068372,1.5367036037839104,0.6630171761398335,-0.5065051163518848
0.4210777262745461,-0.16988837225830958,-0.4640291883353377,0.018791264651596317,0.5863641561691995,0.2945243112739994,0.8851069146098838,0.3824022356599851,0.0213338378075163,0.4145084535504268,0.5194710889614863,1.5398866139187728,0.6602713505295186,-0.5067658930858253
0.4210777262745461,-0.16988837225830958,-0.4640291883353377,0.018791264651596317,0.5863641561691995,0.2945243112739994,0.8851069146098838,0.384290949505069,0.019410609394705,0.4146100797776242,0.5213559678546005,1.5430696240536348,0.6575255249192037,-0.5070266698197659
0.4210777262745461,-0.16988837225830958,-0.4640291883353377,0.018791264651596317,0.5863641561691995,0.2945243112739994,0.8851069146098838,0.3861796633501529,0.0174873809818936,0.4147117060048216,0.5232408467477148,1.546252634188497,0.6547796993088888,-0.5072874465537063
0.4210777262745461,-0.16988837225830958,-0.4640291883353377,0.018791264651596317,0.5863641561691995,0.2945243112739994,0.8851069146098838,0.3880683771952368,0.0155641525690823,0.414813332232019,0.5251257256408288,1.5494356443233592,0.6520338736985739,-0.5075482232876468
0.4210777262745461,-0.16988837225830958,-0.4640291883353377,0.018791264651596317,0.5863641561691995,0.2945243112739994,0.8851069146098838,0.3899570910403208,0.013640924156271,0.4149149584592164,0.5270106045339431,1.5526186544582217,0.649288048088259,-0.5078090000215874
0.4210777262745461,-0.16988837225830958,-0.4640291883353377,0.018791264651596317,0.5863641561691995,0.2945243112739994,0.8851069146098838,0.3918458048854046,0.0117176957434597,0.4150165846864138,0.5288954834270573,1.5558016645930837,0.6465422224779442,-0.5080697767555279
0.4210777262745461,-0.16988837225830958,-0.4640291883353377,0.018791264651596317,0.5863641561691995,0.2945243112739994,0.8851069146098838,0.3937345187304886,0.0097944673306483,0.4151182109136112,0.5307803623201715,1.558984674727946,0.6437963968676294,-0.5083305534894684
0.4210777262745461,-0.16988837225830958,-0.4640291883353377,0.018791264651596317,0.5863641561691995,0.2945243112739994,0.8851069146098838,0.3956232325755724,0.007871238917837,0.4152198371408087,0.5326652412132856,1.5621676848628083,0.6410505712573145,-0.5085913302234089
0.4210777262745461,-0.16988837225830958,-0.4640291883353377,0.018791264651596317,0.5863641561691995,0.2945243112739994,0.8851069146098838,0.3975119464206564,0.0059480105050257,0.415321463368006,0.5345501201063999,1.5653506949976703,0.6383047456469995,-0.5088521069573495
0.4210777262745461,-0.16988837225830958,-0.4640291883353377,0.018791264651596317,0.5863641561691995,0.2945243112739994,0.8851069146098838,0.3994006602657403,0.0040247820922143,0.4154230895952034,0.5364349989995141,1.5685337051325328,0.6355589200366847,-0.5091128836912899
0.4210777262745461,-0.16988837225830958,-0.4640291883353377,0.018791264651596317,0.5863641561691995,0.2945243112739994,0.8851069146098838,0.4012893741108242,0.002101553679403,0.4155247158224008,0.5383198778926283,1.5717167152673948,0.6328130944263697,-0.5093736604252305
0.4210777262745461,-0.16988837225830958,-0.4640291883353377,0.018791264651596317,0.5863641561691995,0.2945243112739994,0.8851069146098838,0.4031780879559081,0.0001783252665916,0.4156263420495982,0.5402047567857425,1.5748997254022572,0.6300672688160549,-0.509634437159171
0.4210777262745461,-0.16988837225830958,-0.4640291883353377,0.018791264651596317,0.5863641561691995,0.2945243112739994,0.8851069146098838,0.405066801800992,-0.0017449031462196,0.4157279682767957,0.5420896356788567,1.5780827355371194,0.6273214432057399,-0.5098952138931114
0.4210777262745461,-0.16988837225830958,-0.4640291883353377,0.018791264651596317,0.5863641561691995,0.2945243112739994,0.8851069146098838,0.4069555156460759,-0.0036681315590309,0.4158295945039931,0.5439745145719709,1.5812657456719816,0.624575617595425,-0.5101559906270521
0.4210777262745461,-0.16988837225830958,-0.4640291883353377,0.018791264651596317,0.5863641561691995,0.2945243112739994,0.8851069146098838,0.4088442294911599,-0.0055913599718423,0.4159312207311905,0.5458593934650852,1.584448755806844,0.6218297919851101,-0.5104167673609925
0.4210777262745461,-0.16988837225830958,-0.4640291883353377,0.018791264651596317,0.5863641561691995,0.2945243112739994,0.8851069146098838,0.4107329433362438,-0.0075145883846536,0.4160328469583879,0.5477442723581992,1.587631765941706,0.6190839663747952,-0.510677544094933
0.4210777262745461,-0.16988837225830958,-0.4640291883353377,0.018791264651596317,0.5863641561691995,0.2945243112739994,0.8851069146098838,0.4126216571813277,-0.009437816797465,0.4161344731855853,0.5496291512513135,1.5908147760765683,0.6163381407644803,-0.5109383208288736
0.4210777262745461,-0.16988837225830958,-0.4640291883353377,0.018791264651596317,0.5863641561691995,0.2945243112739994,0.8851069146098838,0.4145103710264117,-0.0113610452102763,0.4162360994127827,0.5515140301444277,1.5939977862114303,0.6135923151541656,-0.5111990975628141
0.4210777262745461,-0.16988837225830958,-0.4640291883353377,0.018791264651596317,0.5863641561691995,0.2945243112739994,0.8851069146098838,0.4163990848714955,-0.0132842736230876,0.4163377256399801,0.5533989090375419,1.597180796346293,0.6108464895438506,-0.5114598742967547
0.4210777262745461,-0.16988837225830958,-0.4640291883353377,0.018791264651596317,0.5863641561691995,0.2945243112739994,0.8851069146098838,0.4182877987165794,-0.015207502035899,0.4164393518671775,0.5552837879306561,1.6003638064811552,0.6081006639335357,-0.5117206510306952
0.4210777262745461,-0.16988837225830958,-0.4640291883353377,0.018791264651596317,0.5863641561691995,0.2945243112739994,0.8851069146098838,0.4201765125616634,-0.0171307304487103,0.4165409780943749,0.5571686668237703,1.6035468166160172,0.6053548383232208,-0.5119814277646356
0.4210777262745461,-0.16988837225830958,-0.4640291883353377,0.018791264651596317,0.5863641561691995,0.2945243112739994,0.8851069146098838,0.4220652264067473,-0.0190539588615217,0.4166426043215723,0.5590535457168846,1.6067298267508794,0.6026090127129059,-0.5122422044985762
0.4210777262745461,-0.16988837225830958,-0.4640291883353377,0.018791264651596317,0.5863641561691995,0.2945243112739994,0.8851069146098838,0.4239539402518312,-0.020977187274333,0.4167442305487697,0.5609384246099988,1.6099128368857418,0.599863187102591,-0.5125029812325167
0.4210777262745461,-0.16988837225830958,-0.4640291883353377,0.018791264651596317,0.5863641561691995,0.2945243112739994,0.8851069146098838,0.4258426540969151,-0.0229004156871443,0.4168458567759672,0.5628233035031129,1.613095847020604,0.5971173614922761,-0.5127637579664572
0.4210777262745461,-0.16988837225830958,-0.4640291883353377,0.018791264651596317,0.5863641561691995,0.2945243112739994,0.8851069146098838,0.427731367941999,-0.0248236440999557,0.4169474830031646,0.5647081823962272,1.6162788571554665,0.5943715358819612,-0.5130245347003978
0.4210777262745461,-0.16988837225830958,-0.4640291883353377,0.018791264651596317,0.5863641561691995,0.2945243112739994,0.8851069146098838,0.429620081787083,-0.026746872512767,0.417049109230362,0.5665930612893413,1.6194618672903285,0.5916257102716463,-0.5132853114343383
0.4210777262745461,-0.16988837225830958,-0.4640291883353377,0.018791264651596317,0.5863641561691995,0.2945243112739994,0.8851069146098838,0.4315087956321669,-0.0286701009255784,0.4171507354575594,0.5684779401824555,1.6226448774251907,0.5888798846613315,-0.5135460881682787
0.4210777262745461,-0.16988837225830958,-0.4640291883353377,0.018791264651596317,0.5863641561691995,0.2945243112739994,0.8851069146098838,0.4333975094772508,-0.0305933293383897,0.4172523616847568,0.5703628190755697,1.625827887560053,0.5861340590510166,-0.5138068649022194
0.4210777262745461,-0.16988837225830958,-0.4640291883353377,0.018791264651596317,0.5863641561691995,0.2945243112739994,0.8851069146098838,0.4352862233223347,-0.032516557751201,0.4173539879119542,0.5722476979686839,1.6290108976949151,0.5833882334407017,-0.5140676416361598
0.4210777262745461,-0.16988837225830958,-0.4640291883353377,0.018791264651596317,0.5863641561691995,0.2945243112739994,0.8851069146098838,0.4371749371674186,-0.0344397861640124,0.4174556141391516,0.5741325768617982,1.6321939078297774,0.5806424078303867,-0.5143284183701003
0.4210777262745461,-0.16988837225830958,-0.4640291883353377,0.018791264651596317,0.5863641561691995,0.2945243112739994,0.8851069146098838,0.4390636510125025,-0.0363630145768237,0.417557240366349,0.5760174557549123,1.6353769179646396,0.5778965822200719,-0.5145891951040409
0.4210777262745461,-0.16988837225830958,-0.4640291883353377,0.018791264651596317,0.5863641561691995,0.2945243112739994,0.8851069146098838,0.4409523648575864,-0.038286242989635,0.4176588665935464,0.5779023346480265,1.6385599280995018,0.5751507566097571,-0.5148499718379814
0.4210777262745461,-0.16988837225830958,-0.4640291883353377,0.018791264651596317,0.5863641561691995,0.2945243112739994,0.8851069146098838,0.4428410787026703,-0.0402094714024463,0.4177604928207439,0.5797872135411407,1.641742938234364,0.5724049309994421,-0.515110748571922
0.4210777262745461,-0.16988837225830958,-0.4640291883353377,0.018791264651596317,0.5863641561691995,0.2945243112739994,0.8851069146098838,0.4447297925477543,-0.0421326998152577,0.4178621190479412,0.581672092434255,1.6449259483692265,0.5696591053891272,-0.5153715253058624
0.4210777262745461,-0.16988837225830958,-0.4640291883353377,0.018791264651596317,0.5863641561691995,0.2945243112739994,0.8851069146098838,0.4466185063928382,-0.044055928228069,0.4179637452751386,0.5835569713273692,1.6481089585040885,0.5669132797788123,-0.5156323020398029
0.4210777262745461,-0.16988837225830958,-0.4640291883353377,0.018791264651596317,0.5863641561691995,0.2945243112739994,0.8851069146098838,0.4485072202379221,-0.0459791566408804,0.4180653715023361,0.5854418502204833,1.651291968638951,0.5641674541684975,-0.5158930787737435
0.4210777262745461,-0.16988837225830958,-0.4640291883353377,0.018791264651596317,0.5863641561691995,0.2945243112739994,0.8851069146098838,0.450395934083006,-0.0479023850536917,0.4181669977295335,0.5873267291135976,1.6544749787738129,0.5614216285581827,-0.516153855507684
0.4210777262745461,-0.16988837225830958,-0.4640291883353377,0.018791264651596317,0.5863641561691995,0.2945243112739994,0.8851069146098838,0.45228464792809,-0.049825613466503,0.4182686239567309,0.5892116080067117,1.657657988908675,0.5586758029478677,-0.5164146322416245
0.4210777262745461,-0.16988837225830958,-0.4640291883353377,0.018791264651596317,0.5863641561691995,0.2945243112739994,0.8851069146098838,0.4541733617731738,-0.0517488418793144,0.4183702501839283,0.5910964868998259,1.6608409990435375,0.5559299773375528,-0.5166754089755651
0.4210777262745461,-0.16988837225830958,-0.4640291883353377,0.018791264651596317,0.5863641561691995,0.2945243112739994,0.8851069146098838,0.4560620756182578,-0.0536720702921257,0.4184718764111257,0.5929813657929401,1.6640240091783998,0.5531841517272379,-0.5169361857095055
0.4210777262745461,-0.16988837225830958,-0.4640291883353377,0.018791264651596317,0.5863641561691995,0.2945243112739994,0.8851069146098838,0.4579507894633416,-0.0555952987049371,0.4185735026383231,0.5948662446860543,1.6672070193132618,0.550438326116923,-0.5171969624434462
0.4210777262745461,-0.16988837225830958,-0.4640291883353377,0.018791264651596317,0.5863641561691995,0.2945243112739994,0.8851069146098838,0.4598395033084256,-0.0575185271177484,0.4186751288655205,0.5967511235791686,1.6703900294481242,0.5476925005066081,-0.5174577391773866
0.4210777262745461,-0.16988837225830958,-0.4640291883353377,0.018791264651596317,0.5863641561691995,0.2945243112739994,0.8851069146098838,0.4617282171535095,-0.0594417555305597,0.4187767550927179,0.5986360024722828,1.6735730395829864,0.5449466748962932,-0.5177185159113271
0.4210777262745461,-0.16988837225830958,-0.4640291883353377,0.018791264651596317,0.5863641561691995,0.2945243112739994,0.8851069146098838,0.4617282171535095,-0.0594417555305597,0.4187767550927179,0.5986360024722828,1.6735730395829864,0.5449466748962932,-0.5177185159113271
0.4210777262745461,-0.16988837225830958,-0.4640291883353377,0.018791264651596317,0.5863641561691995,0.2945243112739994,0.8851069146098838,0.4619525618437378,-0.0581378718608571,0.4171852500252868,0.5983944004981908,1.6748040591652644,0.5460683983474345,-0.518335943178451
0.4210777262745461,-0.16988837225830958,-0.4640291883353377,0.018791264651596317,0.5863641561691995,0.2945243112739994,0.8851069146098838,0.462176906533966,-0.0568339881911545,0.4155937449578556,0.5981527985240989,1.6760350787475424,0.5471901217985756,-0.5189533704455749
0.4210777262745461,-0.16988837225830958,-0.4640291883353377,0.018791264651596317,0.5863641561691995,0.2945243112739994,0.8851069146098838,0.4624012512241943,-0.0555301045214519,0.4140022398904245,0.5979111965500069,1.6772660983298204,0.5483118452497169,-0.5195707977126988
0.4210777262745461,-0.16988837225830958,-0.4640291883353377,0.018791264651596317,0.5863641561691995,0.2945243112739994,0.8851069146098838,0.4626255959144225,-0.0542262208517493,0.4124107348229935,0.5976695945759148,1.6784971179120989,0.549433568700858,-0.5201882249798226
0.4210777262745461,-0.16988837225830958,-0.4640291883353377,0.018791264651596317,0.5863641561691995,0.2945243112739994,0.8851069146098838,0.4628499406046507,-0.0529223371820467,0.4108192297555623,0.597427992601823,1.6797281374943769,0.5505552921519993,-0.5208056522469465
0.4210777262745461,-0.16988837225830958,-0.4640291883353377,0.018791264651596317,0.5863641561691995,0.2945243112739994,0.8851069146098838,0.463074285294879,-0.0516184535123441,0.4092277246881312,0.597186390627731,1.6809591570766544,0.5516770156031405,-0.5214230795140703
0.4210777262745461,-0.16988837225830958,-0.4640291883353377,0.018791264651596317,0.5863641561691995,0.2945243112739994,0.8851069146098838,0.4632986299851072,-0.0503145698426415,0.4076362196207001,0.5969447886536391,1.682190176658933,0.5527987390542817,-0.5220405067811942
0.4210777262745461,-0.16988837225830958,-0.4640291883353377,0.018791264651596317,0.5863641561691995,0.2945243112739994,0.8851069146098838,0.4635229746753354,-0.0490106861729389,0.4060447145532689,0.5967031866795471,1.683421196241211,0.5539204625054229,-0.5226579340483182
0.4210777262745461,-0.16988837225830958,-0.4640291883353377,0.018791264651596317,0.5863641561691995,0.2945243112739994,0.8851069146098838,0.4637473193655637,-0.0477068025032363,0.4044532094858378,0.5964615847054552,1.684652215823489,0.5550421859565641,-0.5232753613154421
0.4210777262745461,-0.16988837225830958,-0.4640291883353377,0.018791264651596317,0.5863641561691995,0.2945243112739994,0.8851069146098838,0.4639716640557919,-0.0464029188335337,0.4028617044184068,0.5962199827313632,1.685883235405767,0.5561639094077053,-0.5238927885825659
0.4210777262745461,-0.16988837225830958,-0.4640291883353377,0.018791264651596317,0.5863641561691995,0.2945243112739994,0.8851069146098838,0.4641960087460202,-0.0450990351638311,0.4012701993509756,0.5959783807572713,1.687114254988045,0.5572856328588466,-0.5245102158496898
0.4210777262745461,-0.16988837225830958,-0.4640291883353377,0.018791264651596317,0.5863641561691995,0.2945243112739994,0.8851069146098838,0.4644203534362484,-0.0437951514941285,0.3996786942835445,0.5957367787831792,1.688345274570323,0.5584073563099876,-0.5251276431168136
0.4210777262745461,-0.16988837225830958,-0.4640291883353377,0.018791264651596317,0.5863641561691995,0.2945243112739994,0.8851069146098838,0.4646446981264767,-0.0424912678244259,0.3980871892161134,0.5954951768090875,1.689576294152601,0.559529079761129,-0.5257450703839376
0.4210777262745461,-0.16988837225830958,-0.4640291883353377,0.018791264651596317,0.5863641561691995,0.2945243112739994,0.8851069146098838,0.4648690428167049,-0.0411873841547233,0.3964956841486822,0.5952535748349954,1.690807313734879,0.5606508032122701,-0.5263624976510614
0.4210777262745461,-0.16988837225830958,-0.4640291883353377,0.018791264651596317,0.5863641561691995,0.2945243112739994,0.8851069146098838,0.4650933875069332,-0.0398835004850207,0.3949041790812512,0.5950119728609036,1.6920383333171571,0.5617725266634114,-0.5269799249181853
0.4210777262745461,-0.16988837225830958,-0.4640291883353377,0.018791264651596317,0.5863641561691995,0.2945243112739994,0.8851069146098838,0.4653177321971614,-0.0385796168153181,0.3933126740138201,0.5947703708868115,1.6932693528994354,0.5628942501145525,-0.5275973521853092
0.4210777262745461,-0.16988837225830958,-0.4640291883353377,0.018791264651596317,0.5863641561691995,0.2945243112739994,0.8851069146098838,0.4655420768873897,-0.0372757331456155,0.391721168946389,0.5945287689127196,1.6945003724817131,0.5640159735656938,-0.5282147794524331
0.4210777262745461,-0.16988837225830958,-0.4640291883353377,0.018791264651596317,0.5863641561691995,0.2945243112739994,0.8851069146098838,0.4657664215776179,-0.0359718494759129,0.3901296638789578,0.5942871669386277,1.6957313920639914,0.565137697016835,-0.528832206719557
0.4210777262745461,-0.16988837225830958,-0.4640291883353377,0.018791264651596317,0.5863641561691995,0.2945243112739994,0.8851069146098838,0.4659907662678461,-0.0346679658062103,0.3885381588115267,0.5940455649645356,1.6969624116462694,0.5662594204679762,-0.5294496339866809
0.4210777262745461,-0.16988837225830958,-0.4640291883353377,0.018791264651596317,0.5863641561691995,0.2945243112739994,0.8851069146098838,0.4662151109580744,-0.0333640821365077,0.3869466537440956,0.5938039629904437,1.6981934312285474,0.5673811439191174,-0.5300670612538048
0.4210777262745461,-0.16988837225830958,-0.4640291883353377,0.018791264651596317,0.5863641561691995,0.2945243112739994,0.8851069146098838,0.4664394556483026,-0.0320601984668051,0.3853551486766645,0.5935623610163518,1.6994244508108254,0.5685028673702587,-0.5306844885209285
0.4210777262745461,-0.16988837225830958,-0.4640291883353377,0.018791264651596317,0.5863641561691995,0.2945243112739994,0.8851069146098838,0.4666638003385309,-0.0307563147971025,0.3837636436092334,0.5933207590422598,1.7006554703931034,0.5696245908213998,-0.5313019157880524
0.4210777262745461,-0.16988837225830958,-0.4640291883353377,0.018791264651596317,0.5863641561691995,0.2945243112739994,0.8851069146098838,0.4668881450287591,-0.0294524311273999,0.3821721385418022,0.5930791570681679,1.7018864899753816,0.5707463142725411,-0.5319193430551763
0.4210777262745461,-0.16988837225830958,-0.4640291883353377,0.018791264651596317,0.5863641561691995,0.2945243112739994,0.8851069146098838,0.4671124897189873,-0.0281485474576973,0.3805806334743711,0.5928375550940759,1.7031175095576596,0.5718680377236822,-0.5325367703223002
0.4210777262745461,-0.16988837225830958,-0.4640291883353377,0.018791264651596317,0.5863641561691995,0.2945243112739994,0.8851069146098838,0.4673368344092156,-0.0268446637879947,0.37898912840694,0.5925959531199839,1.7043485291399374,0.5729897611748235,-0.5331541975894241
0.4210777262745461,-0.16988837225830958,-0.4640291883353377,0.018791264651596317,0.5863641561691995,0.2945243112739994,0.8851069146098838,0.4675611790994438,-0.0255407801182921,0.3773976233395089,0.5923543511458921,1.7055795487222156,0.5741114846259647,-0.5337716248565479
0.4210777262745461,-0.16988837225830958,-0.4640291883353377,0.018791264651596317,0.5863641561691995,0.2945243112739994,0.8851069146098838,0.4677855237896721,-0.0242368964485895,0.3758061182720777,0.5921127491718,1.7068105683044936,0.5752332080771059,-0.5343890521236718
0.4210777262745461,-0.16988837225830958,-0.4640291883353377,0.018791264651596317,0.5863641561691995,0.2945243112739994,0.8851069146098838,0.4680098684799003,-0.0229330127788869,0.3742146132046466,0.5918711471977081,1.7080415878867716,0.576354931528247,-0.5350064793907957
0.4210777262745461,-0.16988837225830958,-0.4640291883353377,0.018791264651596317,0.5863641561691995,0.2945243112739994,0.8851069146098838,0.4682342131701285,-0.0216291291091843,0.3726231081372155,0.5916295452236161,1.7092726074690496,0.5774766549793883,-0.5356239066579196
0.4210777262745461,-0.16988837225830958,-0.4640291883353377,0.018791264651596317,0.5863641561691995,0.2945243112739994,0.8851069146098838,0.4684585578603567,-0.0203252454394817,0.3710316030697844,0.5913879432495242,1.710503627051328,0.5785983784305295,-0.5362413339250435
0.4210777262745461,-0.16988837225830958,-0.4640291883353377,0.018791264651596317,0.5863641561691995,0.2945243112739994,0.8851069146098838,0.468682902550585,-0.0190213617697791,0.3694400980023533,0.5911463412754323,1.711734646633606,0.5797201018816707,-0.5368587611921674
0.4210777262745461,-0.16988837225830958,-0.4640291883353377,0.018791264651596317,0.5863641561691995,0.2945243112739994,0.8851069146098838,0.4689072472408133,-0.0177174781000765,0.3678485929349221,0.5909047393013402,1.7129656662158836,0.5808418253328119,-0.5374761884592912
0.4210777262745461,-0.16988837225830958,-0.4640291883353377,0.018791264651596317,0.5863641561691995,0.2945243112739994,0.8851069146098838,0.4691315919310415,-0.0164135944303739,0.366257087867491,0.5906631373272483,1.714196685798162,0.5819635487839531,-0.5380936157264151
0.4210777262745461,-0.16988837225830958,-0.4640291883353377,0.018791264651596317,0.5863641561691995,0.2945243112739994,0.8851069146098838,0.4693559366212697,-0.0151097107606713,0.3646655828000599,0.5904215353531563,1.71542770538044,0.5830852722350943,-0.538711042993539
0.4210777262745461,-0.16988837225830958,-0.4640291883353377,0.018791264651596317,0.5863641561691995,0.2945243112739994,0.8851069146098838,0.469580281311498,-0.0138058270909687,0.3630740777326288,0.5901799333790644,1.716658724962718,0.5842069956862355,-0.5393284702606629
0.4210777262745461,-0.16988837225830958,-0.4640291883353377,0.018791264651596317,0.5863641561691995,0.2945243112739994,0.8851069146098838,0.4698046260017262,-0.0125019434212661,0.3614825726651978,0.5899383314049725,1.717889744544996,0.5853287191373768,-0.5399458975277868
0.4210777262745461,-0.16988837225830958,-0.4640291883353377,0.018791264651596317,0.5863641561691995,0.2945243112739994,0.8851069146098838,0.4700289706919545,-0.0111980597515635,0.3598910675977666,0.5896967294308805,1.719120764127274,0.586450442588518,-0.5405633247949106
0.4210777262745461,-0.16988837225830958,-0.4640291883353377,0.018791264651596317,0.5863641561691995,0.2945243112739994,0.8851069146098838,0.4702533153821827,-0.0098941760818609,0.3582995625303355,0.5894551274567886,1.7203517837095523,0.5875721660396591,-0.5411807520620345
0.4210777262745461,-0.16988837225830958,-0.4640291883353377,0.018791264651596317,0.5863641561691995,0.2945243112739994,0.8851069146098838,0.4704776600724109,-0.0085902924121583,0.3567080574629043,0.5892135254826966,1.72158280329183,0.5886938894908004,-0.5417981793291584
0.4210777262745461,-0.16988837225830958,-0.4640291883353377,0.018791264651596317,0.5863641561691995,0.2945243112739994,0.8851069146098838,0.4707020047626392,-0.0072864087424557,0.3551165523954733,0.5889719235086047,1.7228138228741083,0.5898156129419416,-0.5424156065962823
0.4210777262745461,-0.16988837225830958,-0.4640291883353377,0.018791264651596317,0.5863641561691995,0.2945243112739994,0.8851069146098838,0.4709263494528674,-0.0059825250727531,0.3535250473280422,0.5887303215345128,1.7240448424563863,0.5909373363930828,-0.5430330338634062
0.4210777262745461,-0.16988837225830958,-0.4640291883353377,0.018791264651596317,0.5863641561691995,0.2945243112739994,0.8851069146098838,0.4711506941430957,-0.0046786414030505,0.3519335422606111,0.5884887195604207,1.7252758620386643,0.592059059844224,-0.5436504611305301
0.4210777262745461,-0.16988837225830958,-0.4640291883353377,0.018791264651596317,0.5863641561691995,0.2945243112739994,0.8851069146098838,0.471375038833324,-0.0033747577333479,0.3503420371931799,0.5882471175863287,1.7265068816209423,0.5931807832953652,-0.5442678883976539
0.4210777262745461,-0.16988837225830958,-0.4640291883353377,0.018791264651596317,0.5863641561691995,0.2945243112739994,0.8851069146098838,0.4715993835235522,-0.0020708740636453,0.3487505321257488,0.5880055156122369,1.7277379012032203,0.5943025067465064,-0.5448853156647778
0.4210777262745461,-0.16988837225830958,-0.4640291883353377,0.018791264651596317,0.5863641561691995,0.2945243112739994,0.8851069146098838,0.4718237282137804,-0.0007669903939427,0.3471590270583177,0.587763913638145,1.7289689207854986,0.5954242301976477,-0.5455027429319017
0.4210777262745461,-0.16988837225830958,-0.4640291883353377,0.018791264651596317,0.5863641561691995,0.2945243112739994,0.8851069146098838,0.4720480729040086,0.0005368932757598,0.3455675219908866,0.5875223116640529,1.7301999403677766,0.5965459536487888,-0.5461201701990256
0.4210777262745461,-0.16988837225830958,-0.4640291883353377,0.018791264651596317,0.5863641561691995,0.2945243112739994,0.8851069146098838,0.4722724175942369,0.0018407769454624,0.3439760169234555,0.5872807096899609,1.7314309599500546,0.5976676770999301,-0.5467375974661495
0.4210777262745461,-0.16988837225830958,-0.4640291883353377,0.018791264651596317,0.5863641561691995,0.2945243112739994,0.8851069146098838,0.4724967622844652,0.003144660615165,0.3423845118560243,0.5870391077158691,1.7326619795323326,0.5987894005510712,-0.5473550247332732
0.4210777262745461,-0.16988837225830958,-0.4640291883353377,0.018791264651596317,0.5863641561691995,0.2945243112739994,0.8851069146098838,0.4727211069746934,0.0044485442848677,0.3407930067885932,0.5867975057417771,1.7338929991146106,0.5999111240022125,-0.5479724520003972
0.4210777262745461,-0.16988837225830958,-0.4640291883353377,0.018791264651596317,0.5863641561691995,0.2945243112739994,0.8851069146098838,0.4729454516649216,0.0057524279545703,0.3392015017211621,0.5865559037676851,1.7351240186968886,0.6010328474533537,-0.548589879267521
0.4210777262745461,-0.16988837225830958,-0.4640291883353377,0.018791264651596317,0.5863641561691995,0.2945243112739994,0.8851069146098838,0.4731697963551499,0.0070563116242729,0.337609996653731,0.5863143017935932,1.7363550382791666,0.6021545709044949,-0.549207306534645
0.4210777262745461,-0.16988837225830958,-0.4640291883353377,0.018791264651596317,0.5863641561691995,0.2945243112739994,0.8851069146098838,0.4733941410453781,0.0083601952939755,0.3360184915862998,0.5860726998195012,1.7375860578614448,0.603276294355636,-0.5498247338017689
0.4210777262745461,-0.16988837225830958,-0.4640291883353377,0.018791264651596317,0.5863641561691995,0.2945243112739994,0.8851069146098838,0.4736184857356064,0.0096640789636781,0.3344269865188687,0.5858310978454093,1.7388170774437228,0.6043980178067774,-0.5504421610688927
0.4210777262745461,-0.16988837225830958,-0.4640291883353377,0.018791264651596317,0.5863641561691995,0.2945243112739994,0.8851069146098838,0.4738428304258346,0.0109679626333807,0.3328354814514376,0.5855894958713173,1.7400480970260008,0.6055197412579185,-0.5510595883360165
0.4210777262745461,-0.16988837225830958,-0.4640291883353377,0.018791264651596317,0.5863641561691995,0.2945243112739994,0.8851069146098838,0.4740671751160629,0.0122718463030833,0.3312439763840065,0.5853478938972254,1.7412791166082788,0.6066414647090597,-0.5516770156031405
0.4210777262745461,-0.16988837225830958,-0.4640291883353377,0.018791264651596317,0.5863641561691995,0.2945243112739994,0.8851069146098838,0.4742915198062911,0.0135757299727859,0.3296524713165754,0.5851062919231333,1.7425101361905568,0.6077631881602009,-0.5522944428702643
0.4210777262745461,-0.16988837225830958,-0.4640291883353377,0.018791264651596317,0.5863641561691995,0.2945243112739994,0.8851069146098838,0.4745158644965193,0.0148796136424885,0.3280609662491443,0.5848646899490415,1.743741155772835,0.6088849116113422,-0.5529118701373882
0.4210777262745461,-0.16988837225830958,-0.4640291883353377,0.018791264651596317,0.5863641561691995,0.2945243112739994,0.8851069146098838,0.4747402091867475,0.0161834973121911,0.3264694611817131,0.5846230879749494,1.7449721753551128,0.6100066350624833,-0.5535292974045121
0.4210777262745461,-0.16988837225830958,-0.4640291883353377,0.018791264651596317,0.5863641561691995,0.2945243112739994,0.8851069146098838,0.4749645538769759,0.0174873809818937,0.324877956114282,0.5843814860008576,1.746203194937391,0.6111283585136246,-0.5541467246716361
0.4210777262745461,-0.16988837225830958,-0.4640291883353377,0.018791264651596317,0.5863641561691995,0.2945243112739994,0.8851069146098838,0.475188898567204,0.0187912646515963,0.3232864510468509,0.5841398840267655,1.747434214519669,0.6122500819647657,-0.5547641519387598
0.4210777262745461,-0.16988837225830958,-0.4640291883353377,0.018791264651596317,0.5863641561691995,0.2945243112739994,0.8851069146098838,0.4754132432574323,0.0200951483212989,0.3216949459794199,0.5838982820526737,1.748665234101947,0.613371805415907,-0.5553815792058838
0.4210777262745461,-0.16988837225830958,-0.4640291883353377,0.018791264651596317,0.5863641561691995,0.2945243112739994,0.8851069146098838,0.4756375879476605,0.0213990319910015,0.3201034409119886,0.5836566800785816,1.7498962536842249,0.6144935288670481,-0.5559990064730076
0.4210777262745461,-0.16988837225830958,-0.4640291883353377,0.018791264651596317,0.5863641561691995,0.2945243112739994,0.8851069146098838,0.4758619326378888,0.0227029156607041,0.3185119358445576,0.5834150781044898,1.7511272732665033,0.6156152523181895,-0.5566164337401315
0.4210777262745461,-0.16988837225830958,-0.4640291883353377,0.018791264651596317,0.5863641561691995,0.2945243112739994,0.8851069146098838,0.476086277328117,0.0240067993304067,0.3169204307771264,0.5831734761303977,1.7523582928487813,0.6167369757693306,-0.5572338610072554
0.4210777262745461,-0.16988837225830958,-0.4640291883353377,0.018791264651596317,0.5863641561691995,0.2945243112739994,0.8851069146098838,0.4763106220183453,0.0253106830001093,0.3153289257096953,0.5829318741563059,1.7535893124310593,0.6178586992204718,-0.5578512882743794
0.4210777262745461,-0.16988837225830958,-0.4640291883353377,0.018791264651596317,0.5863641561691995,0.2945243112739994,0.8851069146098838,0.4765349667085735,0.0266145666698119,0.3137374206422642,0.5826902721822138,1.754820332013337,0.6189804226716129,-0.5584687155415031
0.4210777262745461,-0.16988837225830958,-0.4640291883353377,0.018791264651596317,0.5863641561691995,0.2945243112739994,0.8851069146098838,0.4767593113988018,0.0279184503395145,0.3121459155748332,0.582448670208122,1.7560513515956155,0.6201021461227543,-0.559086142808627
0.4210777262745461,-0.16988837225830958,-0.4640291883353377,0.018791264651596317,0.5863641561691995,0.2945243112739994,0.8851069146098838,0.4769836560890299,0.0292223340092171,0.3105544105074019,0.5822070682340299,1.757282371177893,0.6212238695738954,-0.5597035700757509
0.4210777262745461,-0.16988837225830958,-0.4640291883353377,0.018791264651596317,0.5863641561691995,0.2945243112739994,0.8851069146098838,0.4772080007792582,0.0305262176789197,0.3089629054399709,0.5819654662599381,1.7585133907601715,0.6223455930250366,-0.5603209973428748
0.4210777262745461,-0.16988837225830958,-0.4640291883353377,0.018791264651596317,0.5863641561691995,0.2945243112739994,0.8851069146098838,0.4774323454694865,0.0318301013486223,0.3073714003725398,0.5817238642858461,1.7597444103424495,0.6234673164761778,-0.5609384246099987
0.4210777262745461,-0.16988837225830958,-0.4640291883353377,0.018791264651596317,0.5863641561691995,0.2945243112739994,0.8851069146098838,0.4776566901597147,0.0331339850183249,0.3057798953051086,0.5814822623117542,1.7609754299247276,0.6245890399273191,-0.5615558518771225
0.4210777262745461,-0.16988837225830958,-0.4640291883353377,0.018791264651596317,0.5863641561691995,0.2945243112739994,0.8851069146098838,0.4778810348499429,0.0344378686880275,0.3041883902376776,0.5812406603376621,1.7622064495070058,0.6257107633784602,-0.5621732791442464
0.4210777262745461,-0.16988837225830958,-0.4640291883353377,0.018791264651596317,0.5863641561691995,0.2945243112739994,0.8851069146098838,0.4781053795401712,0.0357417523577301,0.3025968851702464,0.5809990583635702,1.7634374690892836,0.6268324868296015,-0.5627907064113703
0.4210777262745461,-0.16988837225830958,-0.4640291883353377,0.018791264651596317,0.5863641561691995,0.2945243112739994,0.8851069146098838,0.4783297242303994,0.0370456360274327,0.3010053801028153,0.5807574563894783,1.7646684886715618,0.6279542102807427,-0.5634081336784942
0.4210777262745461,-0.16988837225830958,-0.4640291883353377,0.018791264651596317,0.5863641561691995,0.2945243112739994,0.8851069146098838,0.4785540689206277,0.0383495196971353,0.2994138750353842,0.5805158544153863,1.7658995082538398,0.6290759337318839,-0.5640255609456181
0.4210777262745461,-0.16988837225830958,-0.4640291883353377,0.018791264651596317,0.5863641561691995,0.2945243112739994,0.8851069146098838,0.4787784136108559,0.0396534033668379,0.2978223699679531,0.5802742524412944,1.7671305278361178,0.6301976571830251,-0.564642988212742
0.4210777262745461,-0.16988837225830958,-0.4640291883353377,0.018791264651596317,0.5863641561691995,0.2945243112739994,0.8851069146098838,0.4790027583010842,0.0409572870365405,0.2962308649005219,0.5800326504672024,1.7683615474183958,0.6313193806341664,-0.5652604154798658
0.4210777262745461,-0.16988837225830958,-0.4640291883353377,0.018791264651596317,0.5863641561691995,0.2945243112739994,0.8851069146098838,0.4792271029913124,0.0422611707062431,0.2946393598330908,0.5797910484931105,1.7695925670006738,0.6324411040853075,-0.5658778427469897
0.4210777262745461,-0.16988837225830958,-0.4640291883353377,0.018791264651596317,0.5863641561691995,0.2945243112739994,0.8851069146098838,0.4794514476815406,0.0435650543759457,0.2930478547656597,0.5795494465190185,1.770823586582952,0.6335628275364487,-0.5664952700141136
0.4210777262745461,-0.16988837225830958,-0.4640291883353377,0.018791264651596317,0.5863641561691995,0.2945243112739994,0.8851069146098838,0.4796757923717689,0.0448689380456483,0.2914563496982286,0.5793078445449266,1.7720546061652298,0.63468455098759,-0.5671126972812375
0.4210777262745461,-0.16988837225830958,-0.4640291883353377,0.018791264651596317,0.5863641561691995,0.2945243112739994,0.8851069146098838,0.4799001370619972,0.0461728217153509,0.2898648446307975,0.5790662425708346,1.773285625747508,0.6358062744387312,-0.5677301245483612
0.4210777262745461,-0.16988837225830958,-0.4640291883353377,0.018791264651596317,0.5863641561691995,0.2945243112739994,0.8851069146098838,0.4801244817522254,0.0474767053850535,0.2882733395633664,0.5788246405967427,1.7745166453297865,0.6369279978898723,-0.5683475518154852
0.4210777262745461,-0.16988837225830958,-0.4640291883353377,0.018791264651596317,0.5863641561691995,0.2945243112739994,0.8851069146098838,0.4803488264424536,0.0487805890547561,0.2866818344959352,0.5785830386226507,1.775747664912064,0.6380497213410135,-0.568964979082609
0.4210777262745461,-0.16988837225830958,-0.4640291883353377,0.018791264651596317,0.5863641561691995,0.2945243112739994,0.8851069146098838,0.4805731711326819,0.0500844727244587,0.2850903294285041,0.5783414366485587,1.7769786844943425,0.6391714447921548,-0.569582406349733
0.4210777262745461,-0.16988837225830958,-0.4640291883353377,0.018791264651596317,0.5863641561691995,0.2945243112739994,0.8851069146098838,0.4807975158229101,0.0513883563941613,0.283498824361073,0.5780998346744668,1.77820970407662,0.640293168243296,-0.5701998336168568
0.4210777262745461,-0.16988837225830958,-0.4640291883353377,0.018791264651596317,0.5863641561691995,0.2945243112739994,0.8851069146098838,0.4810218605131383,0.0526922400638639,0.2819073192936419,0.5778582327003748,1.7794407236588985,0.6414148916944372,-0.5708172608839808
0.4210777262745461,-0.16988837225830958,-0.4640291883353377,0.018791264651596317,0.5863641561691995,0.2945243112739994,0.8851069146098838,0.4812462052033666,0.0539961237335665,0.2803158142262107,0.5776166307262829,1.780671743241176,0.6425366151455784,-0.5714346881511045
0.4210777262745461,-0.16988837225830958,-0.4640291883353377,0.018791264651596317,0.5863641561691995,0.2945243112739994,0.8851069146098838,0.4814705498935948,0.0553000074032691,0.2787243091587797,0.5773750287521909,1.7819027628234545,0.6436583385967196,-0.5720521154182285
0.4210777262745461,-0.16988837225830958,-0.4640291883353377,0.018791264651596317,0.5863641561691995,0.2945243112739994,0.8851069146098838,0.481694894583823,0.0566038910729717,0.2771328040913485,0.577133426778099,1.7831337824057325,0.6447800620478608,-0.5726695426853523
0.4210777262745461,-0.16988837225830958,-0.4640291883353377,0.018791264651596317,0.5863641561691995,0.2945243112739994,0.8851069146098838,0.4819192392740513,0.0579077747426743,0.2755412990239174,0.576891824804007,1.7843648019880105,0.6459017854990021,-0.5732869699524763
0.4210777262745461,-0.16988837225830958,-0.4640291883353377,0.018791264651596317,0.5863641561691995,0.2945243112739994,0.8851069146098838,0.4821435839642795,0.0592116584123769,0.2739497939564863,0.5766502228299151,1.7855958215702885,0.6470235089501433,-0.5739043972196001
0.4210777262745461,-0.16988837225830958,-0.4640291883353377,0.018791264651596317,0.5863641561691995,0.2945243112739994,0.8851069146098838,0.4823679286545078,0.0605155420820795,0.2723582888890552,0.5764086208558231,1.7868268411525667,0.6481452324012844,-0.5745218244867241
0.4210777262745461,-0.16988837225830958,-0.4640291883353377,0.018791264651596317,0.5863641561691995,0.2945243112739994,0.8851069146098838,0.482592273344736,0.0618194257517821,0.270766783821624,0.5761670188817312,1.7880578607348443,0.6492669558524256,-0.5751392517538478
0.4210777262745461,-0.16988837225830958,-0.4640291883353377,0.018791264651596317,0.5863641561691995,0.2945243112739994,0.8851069146098838,0.4828166180349643,0.0631233094214847,0.269175278754193,0.5759254169076392,1.7892888803171227,0.6503886793035669,-0.5757566790209717
0.4210777262745461,-0.16988837225830958,-0.4640291883353377,0.018791264651596317,0.5863641561691995,0.2945243112739994,0.8851069146098838,0.4830409627251925,0.0644271930911873,0.2675837736867618,0.5756838149335473,1.7905198998994003,0.6515104027547081,-0.5763741062880956
0.4210777262745461,-0.16988837225830958,-0.4640291883353377,0.018791264651596317,0.5863641561691995,0.2945243112739994,0.8851069146098838,0.4832653074154208,0.0657310767608899,0.2659922686193307,0.5754422129594553,1.7917509194816787,0.6526321262058492,-0.5769915335552195
0.4210777262745461,-0.16988837225830958,-0.4640291883353377,0.018791264651596317,0.5863641561691995,0.2945243112739994,0.8851069146098838,0.483489652105649,0.0670349604305925,0.2644007635518996,0.5752006109853633,1.7929819390639568,0.6537538496569905,-0.5776089608223434
0.4210777262745461,-0.16988837225830958,-0.4640291883353377,0.018791264651596317,0.5863641561691995,0.2945243112739994,0.8851069146098838,0.4837139967958772,0.0683388441002951,0.2628092584844685,0.5749590090112714,1.7942129586462348,0.6548755731081317,-0.5782263880894672
0.4210777262745461,-0.16988837225830958,-0.4640291883353377,0.018791264651596317,0.5863641561691995,0.2945243112739994,0.8851069146098838,0.4839383414861055,0.0696427277699977,0.2612177534170374,0.5747174070371794,1.795443978228513,0.6559972965592729,-0.5788438153565911
0.4210777262745461,-0.16988837225830958,-0.4640291883353377,0.018791264651596317,0.5863641561691995,0.2945243112739994,0.8851069146098838,0.4841626861763337,0.0709466114397004,0.2596262483496063,0.5744758050630875,1.7966749978107908,0.6571190200104141,-0.579461242623715
0.4210777262745461,-0.16988837225830958,-0.4640291883353377,0.018791264651596317,0.5863641561691995,0.2945243112739994,0.8851069146098838,0.484387030866562,0.072250495109403,0.2580347432821751,0.5742342030889955,1.797906017393069,0.6582407434615554,-0.5800786698908389
0.4210777262745461,-0.16988837225830958,-0.4640291883353377,0.018791264651596317,0.5863641561691995,0.2945243112739994,0.8851069146098838,0.4846113755567902,0.0735543787791055,0.256443238214744,0.5739926011149036,1.799137036975347,0.6593624669126965,-0.5806960971579628
0.4210777262745461,-0.16988837225830958,-0.4640291883353377,0.018791264651596317,0.5863641561691995,0.2945243112739994,0.8851069146098838,0.4848357202470185,0.0748582624488082,0.2548517331473129,0.5737509991408116,1.800368056557625,0.6604841903638378,-0.5813135244250867
0.4210777262745461,-0.16988837225830958,-0.4640291883353377,0.018791264651596317,0.5863641561691995,0.2945243112739994,0.8851069146098838,0.4850600649372467,0.0761621461185108,0.2532602280798818,0.5735093971667197,1.8015990761399032,0.661605913814979,-0.5819309516922105
0.4210777262745461,-0.16988837225830958,-0.4640291883353377,0.018791264651596317,0.5863641561691995,0.2945243112739994,0.8851069146098838,0.4852844096274749,0.0774660297882134,0.2516687230124507,0.5732677951926277,1.802830095722181,0.6627276372661202,-0.5825483789593344
0.4210777262745461,-0.16988837225830958,-0.4640291883353377,0.018791264651596317,0.5863641561691995,0.2945243112739994,0.8851069146098838,0.4855087543177032,0.078769913457916,0.2500772179450196,0.5730261932185358,1.8040611153044592,0.6638493607172613,-0.5831658062264583
0.4210777262745461,-0.16988837225830958,-0.4640291883353377,0.018791264651596317,0.5863641561691995,0.2945243112739994,0.8851069146098838,0.4857330990079315,0.0800737971276186,0.2484857128775884,0.5727845912444438,1.8052921348867368,0.6649710841684027,-0.5837832334935822
0.4210777262745461,-0.16988837225830958,-0.4640291883353377,0.018791264651596317,0.5863641561691995,0.2945243112739994,0.8851069146098838,0.4859574436981596,0.0813776807973212,0.2468942078101573,0.5725429892703519,1.8065231544690152,0.6660928076195438,-0.584400660760706
0.4210777262745461,-0.16988837225830958,-0.4640291883353377,0.018791264651596317,0.5863641561691995,0.2945243112739994,0.8851069146098838,0.4861817883883879,0.0826815644670238,0.2453027027427262,0.5723013872962599,1.8077541740512932,0.667214531070685,-0.58501808802783
0.4210777262745461,-0.16988837225830958,-0.4640291883353377,0.018791264651596317,0.5863641561691995,0.2945243112739994,0.8851069146098838,0.4864061330786162,0.0839854481367264,0.2437111976752951,0.572059785322168,1.8089851936335712,0.6683362545218262,-0.5856355152949538
0.4210777262745461,-0.16988837225830958,-0.4640291883353377,0.018791264651596317,0.5863641561691995,0.2945243112739994,0.8851069146098838,0.4866304777688444,0.085289331806429,0.2421196926078639,0.571818183348076,1.8102162132158488,0.6694579779729675,-0.5862529425620777
0.4210777262745461,-0.16988837225830958,-0.4640291883353377,0.018791264651596317,0.5863641561691995,0.2945243112739994,0.8851069146098838,0.4868548224590726,0.0865932154761316,0.2405281875404328,0.571576581373984,1.8114472327981277,0.6705797014241086,-0.5868703698292016
0.4210777262745461,-0.16988837225830958,-0.4640291883353377,0.018791264651596317,0.5863641561691995,0.2945243112739994,0.8851069146098838,0.4870791671493009,0.0878970991458342,0.2389366824730017,0.5713349793998921,1.8126782523804053,0.6717014248752498,-0.5874877970963255
0.4210777262745461,-0.16988837225830958,-0.4640291883353377,0.018791264651596317,0.5863641561691995,0.2945243112739994,0.8851069146098838,0.4873035118395291,0.0892009828155368,0.2373451774055706,0.5710933774258001,1.8139092719626837,0.672823148326391,-0.5881052243634493
0.4210777262745461,-0.16988837225830958,-0.4640291883353377,0.018791264651596317,0.5863641561691995,0.2945243112739994,0.8851069146098838,0.4875278565297574,0.0905048664852394,0.2357536723381395,0.5708517754517082,1.8151402915449613,0.6739448717775323,-0.5887226516305731
0.4210777262745461,-0.16988837225830958,-0.4640291883353377,0.018791264651596317,0.5863641561691995,0.2945243112739994,0.8851069146098838,0.4877522012199856,0.091808750154942,0.2341621672707084,0.5706101734776162,1.81637131112724,0.6750665952286734,-0.589340078897697
0.4210777262745461,-0.16988837225830958,-0.4640291883353377,0.018791264651596317,0.5863641561691995,0.2945243112739994,0.8851069146098838,0.4879765459102138,0.0931126338246446,0.2325706622032773,0.5703685715035243,1.8176023307095173,0.6761883186798147,-0.589957506164821
0.4210777262745461,-0.16988837225830958,-0.4640291883353377,0.018791264651596317,0.5863641561691995,0.2945243112739994,0.8851069146098838,0.4882008906004421,0.0944165174943472,0.2309791571358461,0.5701269695294323,1.818833350291796,0.6773100421309559,-0.5905749334319448
0.4210777262745461,-0.16988837225830958,-0.4640291883353377,0.018791264651596317,0.5863641561691995,0.2945243112739994,0.8851069146098838,0.4884252352906704,0.0957204011640498,0.229387652068415,0.5698853675553404,1.8200643698740735,0.6784317655820971,-0.5911923606990688
0.4210777262745461,-0.16988837225830958,-0.4640291883353377,0.018791264651596317,0.5863641561691995,0.2945243112739994,0.8851069146098838,0.4886495799808985,0.0970242848337524,0.2277961470009839,0.5696437655812485,1.821295389456352,0.6795534890332383,-0.5918097879661925
0.4210777262745461,-0.16988837225830958,-0.4640291883353377,0.018791264651596317,0.5863641561691995,0.2945243112739994,0.8851069146098838,0.4888739246711268,0.098328168503455,0.2262046419335528,0.5694021636071565,1.82252640903863,0.6806752124843795,-0.5924272152333164
0.4210777262745461,-0.16988837225830958,-0.4640291883353377,0.018791264651596317,0.5863641561691995,0.2945243112739994,0.8851069146098838,0.4890982693613551,0.0996320521731576,0.2246131368661217,0.5691605616330645,1.823757428620908,0.6817969359355207,-0.5930446425004403
0.4210777262745461,-0.16988837225830958,-0.4640291883353377,0.018791264651596317,0.5863641561691995,0.2945243112739994,0.8851069146098838,0.4893226140515833,0.1009359358428602,0.2230216317986905,0.5689189596589725,1.824988448203186,0.6829186593866619,-0.5936620697675643
0.4210777262745461,-0.16988837225830958,-0.4640291883353377,0.018791264651596317,0.5863641561691995,0.2945243112739994,0.8851069146098838,0.4895469587418115,0.1022398195125628,0.2214301267312594,0.5686773576848807,1.826219467785464,0.6840403828378031,-0.5942794970346881
0.4210777262745461,-0.16988837225830958,-0.4640291883353377,0.018791264651596317,0.5863641561691995,0.2945243112739994,0.8851069146098838,0.4897713034320398,0.1035437031822654,0.2198386216638283,0.5684357557107886,1.827450487367742,0.6851621062889444,-0.594896924301812
0.4210777262745461,-0.16988837225830958,-0.4640291883353377,0.018791264651596317,0.5863641561691995,0.2945243112739994,0.8851069146098838,0.489995648122268,0.104847586851968,0.2182471165963972,0.5681941537366967,1.82868150695002,0.6862838297400855,-0.5955143515689358
0.4210777262745461,-0.16988837225830958,-0.4640291883353377,0.018791264651596317,0.5863641561691995,0.2945243112739994,0.8851069146098838,0.4902199928124963,0.1061514705216706,0.2166556115289661,0.5679525517626047,1.829912526532298,0.6874055531912268,-0.5961317788360597
0.4210777262745461,-0.16988837225830958,-0.4640291883353377,0.018791264651596317,0.5863641561691995,0.2945243112739994,0.8851069146098838,0.4904443375027245,0.1074553541913732,0.215064106461535,0.5677109497885128,1.831143546114576,0.688527276642368,-0.5967492061031836
0.4210777262745461,-0.16988837225830958,-0.4640291883353377,0.018791264651596317,0.5863641561691995,0.2945243112739994,0.8851069146098838,0.4906686821929527,0.1087592378610758,0.2134726013941038,0.5674693478144208,1.8323745656968544,0.6896490000935092,-0.5973666333703075
0.4210777262745461,-0.16988837225830958,-0.4640291883353377,0.018791264651596317,0.5863641561691995,0.2945243112739994,0.8851069146098838,0.490893026883181,0.1100631215307784,0.2118810963266728,0.5672277458403289,1.833605585279132,0.6907707235446504,-0.5979840606374314
0.4210777262745461,-0.16988837225830958,-0.4640291883353377,0.018791264651596317,0.5863641561691995,0.2945243112739994,0.8851069146098838,0.4911173715734092,0.111367005200481,0.2102895912592416,0.5669861438662369,1.8348366048614104,0.6918924469957917,-0.5986014879045553
0.4210777262745461,-0.16988837225830958,-0.4640291883353377,0.018791264651596317,0.5863641561691995,0.2945243112739994,0.8851069146098838,0.4913417162636375,0.1126708888701836,0.2086980861918105,0.566744541892145,1.836067624443688,0.6930141704469328,-0.5992189151716791
0.4210777262745461,-0.16988837225830958,-0.4640291883353377,0.018791264651596317,0.5863641561691995,0.2945243112739994,0.8851069146098838,0.4915660609538657,0.1139747725398862,0.2071065811243794,0.566502939918053,1.8372986440259664,0.694135893898074,-0.599836342438803
0.4210777262745461,-0.16988837225830958,-0.4640291883353377,0.018791264651596317,0.5863641561691995,0.2945243112739994,0.8851069146098838,0.4917904056440939,0.1152786562095888,0.2055150760569483,0.5662613379439612,1.8385296636082444,0.6952576173492152,-0.6004537697059269
0.4210777262745461,-0.16988837225830958,-0.4640291883353377,0.018791264651596317,0.5863641561691995,0.2945243112739994,0.8851069146098838,0.4920147503343222,0.1165825398792914,0.2039235709895171,0.5660197359698691,1.8397606831905224,0.6963793408003565,-0.6010711969730508
0.4210777262745461,-0.16988837225830958,-0.4640291883353377,0.018791264651596317,0.5863641561691995,0.2945243112739994,0.8851069146098838,0.4922390950245504,0.117886423548994,0.202332065922086,0.5657781339957771,1.8409917027728009,0.6975010642514976,-0.6016886242401747
0.4210777262745461,-0.16988837225830958,-0.4640291883353377,0.018791264651596317,0.5863641561691995,0.2945243112739994,0.8851069146098838,0.4924634397147787,0.1191903072186966,0.2007405608546549,0.5655365320216852,1.8422227223550784,0.6986227877026389,-0.6023060515072985
0.4210777262745461,-0.16988837225830958,-0.4640291883353377,0.018791264651596317,0.5863641561691995,0.2945243112739994,0.8851069146098838,0.4926877844050069,0.1204941908883992,0.1991490557872238,0.5652949300475933,1.843453741937357,0.69974451115378,-0.6029234787744224
0.4210777262745461,-0.16988837225830958,-0.4640291883353377,0.018791264651596317,0.5863641561691995,0.2945243112739994,0.8851069146098838,0.4929121290952352,0.1217980745581018,0.1975575507197927,0.5650533280735013,1.8446847615196345,0.7008662346049213,-0.6035409060415463
0.4210777262745461,-0.16988837225830958,-0.4640291883353377,0.018791264651596317,0.5863641561691995,0.2945243112739994,0.8851069146098838,0.4931364737854634,0.1231019582278044,0.1959660456523616,0.5648117260994093,1.845915781101913,0.7019879580560624,-0.6041583333086702
0.4210777262745461,-0.16988837225830958,-0.4640291883353377,0.018791264651596317,0.5863641561691995,0.2945243112739994,0.8851069146098838,0.4933608184756917,0.124405841897507,0.1943745405849304,0.5645701241253174,1.847146800684191,0.7031096815072037,-0.604775760575794
0.4210777262745461,-0.16988837225830958,-0.4640291883353377,0.018791264651596317,0.5863641561691995,0.2945243112739994,0.8851069146098838,0.4935851631659199,0.1257097255672096,0.1927830355174993,0.5643285221512255,1.848377820266469,0.7042314049583449,-0.605393187842918
0.4210777262745461,-0.16988837225830958,-0.4640291883353377,0.018791264651596317,0.5863641561691995,0.2945243112739994,0.8851069146098838,0.4938095078561481,0.1270136092369122,0.1911915304500682,0.5640869201771336,1.849608839848747,0.705353128409486,-0.6060106151100418
0.4210777262745461,-0.16988837225830958,-0.4640291883353377,0.018791264651596317,0.5863641561691995,0.2945243112739994,0.8851069146098838,0.4940338525463764,0.1283174929066148,0.1896000253826371,0.5638453182030415,1.850839859431025,0.7064748518606273,-0.6066280423771657
0.4210777262745461,-0.16988837225830958,-0.4640291883353377,0.018791264651596317,0.5863641561691995,0.2945243112739994,0.8851069146098838,0.4942581972366046,0.1296213765763174,0.188008520315206,0.5636037162289496,1.852070879013303,0.7075965753117686,-0.6072454696442895
0.4210777262745461,-0.16988837225830958,-0.4640291883353377,0.018791264651596317,0.5863641561691995,0.2945243112739994,0.8851069146098838,0.4944825419268328,0.13092526024602,0.1864170152477749,0.5633621142548577,1.8533018985955807,0.7087182987629097,-0.6078628969114135
0.4210777262745461,-0.16988837225830958,-0.4640291883353377,0.018791264651596317,0.5863641561691995,0.2945243112739994,0.8851069146098838,0.4947068866170611,0.1322291439157226,0.1848255101803438,0.5631205122807658,1.854532918177859,0.709840022214051,-0.6084803241785373
0.4210777262745461,-0.16988837225830958,-0.4640291883353377,0.018791264651596317,0.5863641561691995,0.2945243112739994,0.8851069146098838,0.4949312313072894,0.1335330275854253,0.1832340051129126,0.5628789103066737,1.855763937760137,0.7109617456651921,-0.6090977514456613
0.4210777262745461,-0.16988837225830958,-0.4640291883353377,0.018791264651596317,0.5863641561691995,0.2945243112739994,0.8851069146098838,0.4951555759975176,0.1348369112551279,0.1816425000454815,0.5626373083325817,1.8569949573424152,0.7120834691163334,-0.609715178712785
0.4210777262745461,-0.16988837225830958,-0.4640291883353377,0.018791264651596317,0.5863641561691995,0.2945243112739994,0.8851069146098838,0.4953799206877458,0.1361407949248305,0.1800509949780504,0.5623957063584899,1.8582259769246927,0.7132051925674745,-0.610332605979909
0.4210777262745461,-0.16988837225830958,-0.4640291883353377,0.018791264651596317,0.5863641561691995,0.2945243112739994,0.8851069146098838,0.4956042653779741,0.137444678594533,0.1784594899106193,0.5621541043843978,1.8594569965069712,0.7143269160186158,-0.6109500332470328
0.4210777262745461,-0.16988837225830958,-0.4640291883353377,0.018791264651596317,0.5863641561691995,0.2945243112739994,0.8851069146098838,0.4958286100682023,0.1387485622642356,0.1768679848431882,0.561912502410306,1.8606880160892487,0.715448639469757,-0.6115674605141567
0.4210777262745461,-0.16988837225830958,-0.4640291883353377,0.018791264651596317,0.5863641561691995,0.2945243112739994,0.8851069146098838,0.4960529547584306,0.1400524459339382,0.175276479775757,0.5616709004362139,1.8619190356715276,0.7165703629208982,-0.6121848877812807
0.4210777262745461,-0.16988837225830958,-0.4640291883353377,0.018791264651596317,0.5863641561691995,0.2945243112739994,0.8851069146098838,0.4962772994486588,0.1413563296036409,0.1736849747083259,0.5614292984621221,1.8631500552538047,0.7176920863720394,-0.6128023150484045
0.4210777262745461,-0.16988837225830958,-0.4640291883353377,0.018791264651596317,0.5863641561691995,0.2945243112739994,0.8851069146098838,0.496501644138887,0.1426602132733435,0.1720934696408948,0.56118769648803,1.8643810748360836,0.7188138098231807,-0.6134197423155283
0.4210777262745461,-0.16988837225830958,-0.4640291883353377,0.018791264651596317,0.5863641561691995,0.2945243112739994,0.8851069146098838,0.4967259888291153,0.1439640969430461,0.1705019645734637,0.5609460945139382,1.8656120944183612,0.7199355332743218,-0.6140371695826523
0.4210777262745461,-0.16988837225830958,-0.4640291883353377,0.018791264651596317,0.5863641561691995,0.2945243112739994,0.8851069146098838,0.4969503335193435,0.1452679806127486,0.1689104595060326,0.5607044925398461,1.8668431140006396,0.7210572567254631,-0.6146545968497761
0.4210777262745461,-0.16988837225830958,-0.4640291883353377,0.018791264651596317,0.5863641561691995,0.2945243112739994,0.8851069146098838,0.4971746782095717,0.1465718642824512,0.1673189544386014,0.5604628905657543,1.8680741335829176,0.7221789801766042,-0.6152720241169001
0.4210777262745461,-0.16988837225830958,-0.4640291883353377,0.018791264651596317,0.5863641561691995,0.2945243112739994,0.8851069146098838,0.4973990228998,0.1478757479521539,0.1657274493711703,0.5602212885916622,1.8693051531651956,0.7233007036277455,-0.6158894513840238
0.4210777262745461,-0.16988837225830958,-0.4640291883353377,0.018791264651596317,0.5863641561691995,0.2945243112739994,0.8851069146098838,0.4976233675900283,0.1491796316218565,0.1641359443037392,0.5599796866175704,1.8705361727474736,0.7244224270788867,-0.6165068786511477
0.4210777262745461,-0.16988837225830958,-0.4640291883353377,0.018791264651596317,0.5863641561691995,0.2945243112739994,0.8851069146098838,0.4978477122802565,0.1504835152915591,0.1625444392363081,0.5597380846434784,1.8717671923297516,0.7255441505300279,-0.6171243059182716
0.4210777262745461,-0.16988837225830958,-0.4640291883353377,0.018791264651596317,0.5863641561691995,0.2945243112739994,0.8851069146098838,0.4980720569704847,0.1517873989612617,0.160952934168877,0.5594964826693863,1.8729982119120296,0.7266658739811691,-0.6177417331853955
0.4210777262745461,-0.16988837225830958,-0.4640291883353377,0.018791264651596317,0.5863641561691995,0.2945243112739994,0.8851069146098838,0.498296401660713,0.1530912826309643,0.1593614291014459,0.5592548806952945,1.874229231494308,0.7277875974323103,-0.6183591604525194
0.4210777262745461,-0.16988837225830958,-0.4640291883353377,0.018791264651596317,0.5863641561691995,0.2945243112739994,0.8851069146098838,0.4985207463509412,0.1543951663006668,0.1577699240340148,0.5590132787212025,1.8754602510765856,0.7289093208834514,-0.6189765877196434
0.4210777262745461,-0.16988837225830958,-0.4640291883353377,0.018791264651596317,0.5863641561691995,0.2945243112739994,0.8851069146098838,0.4987450910411695,0.1556990499703694,0.1561784189665837,0.5587716767471106,1.876691270658864,0.7300310443345926,-0.6195940149867671
0.4210777262745461,-0.16988837225830958,-0.4640291883353377,0.018791264651596317,0.5863641561691995,0.2945243112739994,0.8851069146098838,0.4989694357313977,0.1570029336400721,0.1545869138991525,0.5585300747730186,1.8779222902411417,0.7311527677857339,-0.620211442253891
0.4210777262745461,-0.16988837225830958,-0.4640291883353377,0.018791264651596317,0.5863641561691995,0.2945243112739994,0.8851069146098838,0.4991937804216259,0.1583068173097747,0.1529954088317214,0.5582884727989267,1.87915330982342,0.732274491236875,-0.6208288695210149
0.4210777262745461,-0.16988837225830958,-0.4640291883353377,0.018791264651596317,0.5863641561691995,0.2945243112739994,0.8851069146098838,0.4994181251118542,0.1596107009794773,0.1514039037642903,0.5580468708248347,1.8803843294056977,0.7333962146880163,-0.6214462967881388
0.4210777262745461,-0.16988837225830958,-0.4640291883353377,0.018791264651596317,0.5863641561691995,0.2945243112739994,0.8851069146098838,0.4996424698020825,0.1609145846491799,0.1498123986968592,0.5578052688507428,1.881615348987976,0.7345179381391576,-0.6220637240552626
0.4210777262745461,-0.16988837225830958,-0.4640291883353377,0.018791264651596317,0.5863641561691995,0.2945243112739994,0.8851069146098838,0.4998668144923106,0.1622184683188825,0.1482208936294281,0.5575636668766508,1.882846368570254,0.7356396615902987,-0.6226811513223866
0.4210777262745461,-0.16988837225830958,-0.4640291883353377,0.018791264651596317,0.5863641561691995,0.2945243112739994,0.8851069146098838,0.5000911591825389,0.163522351988585,0.146629388561997,0.5573220649025588,1.884077388152532,0.73676138504144,-0.6232985785895104
0.4210777262745461,-0.16988837225830958,-0.4640291883353377,0.018791264651596317,0.5863641561691995,0.2945243112739994,0.8851069146098838,0.5003155038727671,0.1648262356582877,0.1450378834945658,0.5570804629284669,1.88530840773481,0.7378831084925811,-0.6239160058566343
0.4210777262745461,-0.16988837225830958,-0.4640291883353377,0.018791264651596317,0.5863641561691995,0.2945243112739994,0.8851069146098838,0.5005398485629954,0.1661301193279903,0.1434463784271347,0.556838860954375,1.886539427317088,0.7390048319437224,-0.6245334331237582
0.4210777262745461,-0.16988837225830958,-0.4640291883353377,0.018791264651596317,0.5863641561691995,0.2945243112739994,0.8851069146098838,0.5007641932532236,0.1674340029976929,0.1418548733597036,0.556597258980283,1.887770446899366,0.7401265553948636,-0.625150860390882
0.4210777262745461,-0.16988837225830958,-0.4640291883353377,0.018791264651596317,0.5863641561691995,0.2945243112739994,0.8851069146098838,0.5009885379434519,0.1687378866673955,0.1402633682922725,0.556355657006191,1.8890014664816444,0.7412482788460047,-0.625768287658006
0.4210777262745461,-0.16988837225830958,-0.4640291883353377,0.018791264651596317,0.5863641561691995,0.2945243112739994,0.8851069146098838,0.5012128826336801,0.1700417703370981,0.1386718632248414,0.5561140550320991,1.890232486063922,0.742370002297146,-0.6263857149251298
0.4210777262745461,-0.16988837225830958,-0.4640291883353377,0.018791264651596317,0.5863641561691995,0.2945243112739994,0.8851069146098838,0.5014372273239084,0.1713456540068007,0.1370803581574103,0.5558724530580071,1.8914635056462004,0.7434917257482871,-0.6270031421922537
0.4210777262745461,-0.16988837225830958,-0.4640291883353377,0.018791264651596317,0.5863641561691995,0.2945243112739994,0.8851069146098838,0.5016615720141366,0.1726495376765033,0.1354888530899791,0.5556308510839152,1.8926945252284784,0.7446134491994284,-0.6276205694593776
0.4210777262745461,-0.16988837225830958,-0.4640291883353377,0.018791264651596317,0.5863641561691995,0.2945243112739994,0.8851069146098838,0.5018859167043649,0.1739534213462059,0.133897348022548,0.5553892491098232,1.8939255448107564,0.7457351726505697,-0.6282379967265014
0.4210777262745461,-0.16988837225830958,-0.4640291883353377,0.018791264651596317,0.5863641561691995,0.2945243112739994,0.8851069146098838,0.5021102613945931,0.1752573050159085,0.1323058429551169,0.5551476471357313,1.8951565643930344,0.7468568961017108,-0.6288554239936254
0.4210777262745461,-0.16988837225830958,-0.4640291883353377,0.018791264651596317,0.5863641561691995,0.2945243112739994,0.8851069146098838,0.5023346060848213,0.1765611886856111,0.1307143378876858,0.5549060451616393,1.8963875839753124,0.747978619552852,-0.6294728512607493
0.4210777262745461,-0.16988837225830958,-0.4640291883353377,0.018791264651596317,0.5863641561691995,0.2945243112739994,0.8851069146098838,0.5025589507750495,0.1778650723553137,0.1291228328202547,0.5546644431875473,1.8976186035575904,0.7491003430039933,-0.630090278527873
0.4210777262745461,-0.16988837225830958,-0.4640291883353377,0.018791264651596317,0.5863641561691995,0.2945243112739994,0.8851069146098838,0.5027832954652778,0.1791689560250163,0.1275313277528235,0.5544228412134554,1.8988496231398688,0.7502220664551345,-0.630707705794997
0.4210777262745461,-0.16988837225830958,-0.4640291883353377,0.018791264651596317,0.5863641561691995,0.2945243112739994,0.8851069146098838,0.503007640155506,0.1804728396947189,0.1259398226853924,0.5541812392393635,1.9000806427221464,0.7513437899062757,-0.6313251330621208
0.4210777262745461,-0.16988837225830958,-0.4640291883353377,0.018791264651596317,0.5863641561691995,0.2945243112739994,0.8851069146098838,0.5032319848457343,0.1817767233644215,0.1243483176179613,0.5539396372652715,1.9013116623044248,0.7524655133574168,-0.6319425603292448
0.4210777262745461,-0.16988837225830958,-0.4640291883353377,0.018791264651596317,0.5863641561691995,0.2945243112739994,0.8851069146098838,0.5034563295359625,0.1830806070341241,0.1227568125505302,0.5536980352911796,1.9025426818867028,0.7535872368085581,-0.6325599875963686
0.4210777262745461,-0.16988837225830958,-0.4640291883353377,0.018791264651596317,0.5863641561691995,0.2945243112739994,0.8851069146098838,0.5036806742261908,0.1843844907038267,0.1211653074830991,0.5534564333170875,1.9037737014689808,0.7547089602596994,-0.6331774148634924
0.4210777262745461,-0.16988837225830958,-0.4640291883353377,0.018791264651596317,0.5863641561691995,0.2945243112739994,0.8851069146098838,0.503905018916419,0.1856883743735293,0.119573802415668,0.5532148313429956,1.9050047210512588,0.7558306837108405,-0.6337948421306163
0.4210777262745461,-0.16988837225830958,-0.4640291883353377,0.018791264651596317,0.5863641561691995,0.2945243112739994,0.8851069146098838,0.5041293636066473,0.1869922580432319,0.1179822973482369,0.5529732293689037,1.9062357406335368,0.7569524071619816,-0.6344122693977403
0.4210777262745461,-0.16988837225830958,-0.4640291883353377,0.018791264651596317,0.5863641561691995,0.2945243112739994,0.8851069146098838,0.5043537082968755,0.1882961417129345,0.1163907922808057,0.5527316273948117,1.9074667602158148,0.7580741306131229,-0.6350296966648641
0.4210777262745461,-0.16988837225830958,-0.4640291883353377,0.018791264651596317,0.5863641561691995,0.2945243112739994,0.8851069146098838,0.5045780529871038,0.1896000253826371,0.1147992872133746,0.5524900254207197,1.9086977797980929,0.7591958540642642,-0.6356471239319881
0.4210777262745461,-0.16988837225830958,-0.4640291883353377,0.018791264651596317,0.5863641561691995,0.2945243112739994,0.8851069146098838,0.504802397677332,0.1909039090523397,0.1132077821459435,0.5522484234466278,1.9099287993803709,0.7603175775154053,-0.6362645511991118
0.4210777262745461,-0.16988837225830958,-0.4640291883353377,0.018791264651596317,0.5863641561691995,0.2945243112739994,0.8851069146098838,0.5050267423675602,0.1922077927220423,0.1116162770785124,0.5520068214725359,1.911159818962649,0.7614393009665466,-0.6368819784662357
0.4210777262745461,-0.16988837225830958,-0.4640291883353377,0.018791264651596317,0.5863641561691995,0.2945243112739994,0.8851069146098838,0.5052510870577884,0.1935116763917449,0.1100247720110813,0.5517652194984439,1.912390838544927,0.7625610244176877,-0.6374994057333596
0.4210777262745461,-0.16988837225830958,-0.4640291883353377,0.018791264651596317,0.5863641561691995,0.2945243112739994,0.8851069146098838,0.5054754317480168,0.1948155600614475,0.1084332669436502,0.551523617524352,1.913621858127205,0.763682747868829,-0.6381168330004835
0.4210777262745461,-0.16988837225830958,-0.4640291883353377,0.018791264651596317,0.5863641561691995,0.2945243112739994,0.8851069146098838,0.5056997764382449,0.1961194437311501,0.106841761876219,0.55128201555026,1.914852877709483,0.7648044713199702,-0.6387342602676074
0.4210777262745461,-0.16988837225830958,-0.4640291883353377,0.018791264651596317,0.5863641561691995,0.2945243112739994,0.8851069146098838,0.5059241211284732,0.1974233274008527,0.1052502568087879,0.5510404135761681,1.916083897291761,0.7659261947711113,-0.6393516875347313
0.4210777262745461,-0.16988837225830958,-0.4640291883353377,0.018791264651596317,0.5863641561691995,0.2945243112739994,0.8851069146098838,0.5061484658187014,0.1987272110705553,0.1036587517413568,0.5507988116020761,1.9173149168740395,0.7670479182222526,-0.6399691148018551
0.4210777262745461,-0.16988837225830958,-0.4640291883353377,0.018791264651596317,0.5863641561691995,0.2945243112739994,0.8851069146098838,0.5063728105089297,0.2000310947402579,0.1020672466739257,0.5505572096279842,1.918545936456317,0.7681696416733937,-0.640586542068979
0.4210777262745461,-0.16988837225830958,-0.4640291883353377,0.018791264651596317,0.5863641561691995,0.2945243112739994,0.8851069146098838,0.5065971551991579,0.2013349784099605,0.1004757416064946,0.5503156076538922,1.9197769560385956,0.769291365124535,-0.6412039693361029
0.4210777262745461,-0.16988837225830958,-0.4640291883353377,0.018791264651596317,0.5863641561691995,0.2945243112739994,0.8851069146098838,0.5065971551991579,0.2013349784099605,0.1004757416064946,0.5503156076538922,1.9197769560385956,0.769291365124535,-0.6412039693361029
0.4210777262745461,-0.16988837225830958,-0.4640291883353377,0.018791264651596317,0.5863641561691995,0.2945243112739994,0.8851069146098838,0.5071608931387058,0.1998278422858631,0.1000212997980835,0.5503079377499528,1.92005115510443,0.769345054452111,-0.641161784864436
0.4210777262745461,-0.16988837225830958,-0.4640291883353377,0.018791264651596317,0.5863641561691995,0.2945243112739994,0.8851069146098838,0.5077246310782537,0.1983207061617657,0.0995668579896724,0.5503002678460133,1.9203253541702645,0.769398743779687,-0.6411196003927693
0.4210777262745461,-0.16988837225830958,-0.4640291883353377,0.018791264651596317,0.5863641561691995,0.2945243112739994,0.8851069146098838,0.5082883690178016,0.1968135700376682,0.0991124161812614,0.550292597942074,1.9205995532360989,0.769452433107263,-0.6410774159211023
0.4210777262745461,-0.16988837225830958,-0.4640291883353377,0.018791264651596317,0.5863641561691995,0.2945243112739994,0.8851069146098838,0.5088521069573495,0.1953064339135709,0.0986579743728503,0.5502849280381344,1.9208737523019328,0.769506122434839,-0.6410352314494355
0.4210777262745461,-0.16988837225830958,-0.4640291883353377,0.018791264651596317,0.5863641561691995,0.2945243112739994,0.8851069146098838,0.5094158448968974,0.1937992977894734,0.0982035325644393,0.550277258134195,1.921147951367768,0.769559811762415,-0.6409930469777686
0.4210777262745461,-0.16988837225830958,-0.4640291883353377,0.018791264651596317,0.5863641561691995,0.2945243112739994,0.8851069146098838,0.5099795828364453,0.192292161665376,0.0977490907560282,0.5502695882302556,1.9214221504336024,0.7696135010899909,-0.6409508625061018
0.4210777262745461,-0.16988837225830958,-0.4640291883353377,0.018791264651596317,0.5863641561691995,0.2945243112739994,0.8851069146098838,0.5105433207759931,0.1907850255412786,0.0972946489476172,0.5502619183263162,1.921696349499437,0.7696671904175669,-0.640908678034435
0.4210777262745461,-0.16988837225830958,-0.4640291883353377,0.018791264651596317,0.5863641561691995,0.2945243112739994,0.8851069146098838,0.5111070587155411,0.1892778894171811,0.0968402071392061,0.5502542484223768,1.9219705485652716,0.7697208797451429,-0.640866493562768
0.4210777262745461,-0.16988837225830958,-0.4640291883353377,0.018791264651596317,0.5863641561691995,0.2945243112739994,0.8851069146098838,0.5116707966550889,0.1877707532930837,0.0963857653307951,0.5502465785184373,1.922244747631106,0.7697745690727189,-0.6408243090911012
0.4210777262745461,-0.16988837225830958,-0.4640291883353377,0.018791264651596317,0.5863641561691995,0.2945243112739994,0.8851069146098838,0.5122345345946367,0.1862636171689863,0.095931323522384,0.5502389086144979,1.9225189466969403,0.7698282584002949,-0.6407821246194344
0.4210777262745461,-0.16988837225830958,-0.4640291883353377,0.018791264651596317,0.5863641561691995,0.2945243112739994,0.8851069146098838,0.5127982725341848,0.1847564810448889,0.0954768817139729,0.5502312387105585,1.922793145762775,0.7698819477278709,-0.6407399401477676
0.4210777262745461,-0.16988837225830958,-0.4640291883353377,0.018791264651596317,0.5863641561691995,0.2945243112739994,0.8851069146098838,0.5133620104737325,0.1832493449207915,0.0950224399055619,0.550223568806619,1.9230673448286093,0.7699356370554468,-0.6406977556761007
0.4210777262745461,-0.16988837225830958,-0.4640291883353377,0.018791264651596317,0.5863641561691995,0.2945243112739994,0.8851069146098838,0.5139257484132805,0.1817422087966941,0.0945679980971509,0.5502158989026796,1.923341543894444,0.7699893263830229,-0.640655571204434
0.4210777262745461,-0.16988837225830958,-0.4640291883353377,0.018791264651596317,0.5863641561691995,0.2945243112739994,0.8851069146098838,0.5144894863528283,0.1802350726725966,0.0941135562887398,0.5502082289987402,1.9236157429602785,0.7700430157105987,-0.640613386732767
0.4210777262745461,-0.16988837225830958,-0.4640291883353377,0.018791264651596317,0.5863641561691995,0.2945243112739994,0.8851069146098838,0.5150532242923763,0.1787279365484992,0.0936591144803287,0.5502005590948008,1.923889942026113,0.7700967050381748,-0.6405712022611002
0.4210777262745461,-0.16988837225830958,-0.4640291883353377,0.018791264651596317,0.5863641561691995,0.2945243112739994,0.8851069146098838,0.5156169622319242,0.1772208004244018,0.0932046726719177,0.5501928891908614,1.924164141091948,0.7701503943657508,-0.6405290177894334
0.4210777262745461,-0.16988837225830958,-0.4640291883353377,0.018791264651596317,0.5863641561691995,0.2945243112739994,0.8851069146098838,0.5161807001714721,0.1757136643003044,0.0927502308635066,0.550185219286922,1.9244383401577825,0.7702040836933268,-0.6404868333177666
0.4210777262745461,-0.16988837225830958,-0.4640291883353377,0.018791264651596317,0.5863641561691995,0.2945243112739994,0.8851069146098838,0.51674443811102,0.174206528176207,0.0922957890550956,0.5501775493829825,1.9247125392236168,0.7702577730209028,-0.6404446488460996
0.4210777262745461,-0.16988837225830958,-0.4640291883353377,0.018791264651596317,0.5863641561691995,0.2945243112739994,0.8851069146098838,0.5173081760505678,0.1726993920521096,0.0918413472466845,0.5501698794790431,1.9249867382894512,0.7703114623484788,-0.6404024643744328
0.4210777262745461,-0.16988837225830958,-0.4640291883353377,0.018791264651596317,0.5863641561691995,0.2945243112739994,0.8851069146098838,0.5178719139901158,0.1711922559280121,0.0913869054382735,0.5501622095751036,1.9252609373552856,0.7703651516760548,-0.640360279902766
0.4210777262745461,-0.16988837225830958,-0.4640291883353377,0.018791264651596317,0.5863641561691995,0.2945243112739994,0.8851069146098838,0.5184356519296636,0.1696851198039147,0.0909324636298624,0.5501545396711642,1.92553513642112,0.7704188410036308,-0.6403180954310991
0.4210777262745461,-0.16988837225830958,-0.4640291883353377,0.018791264651596317,0.5863641561691995,0.2945243112739994,0.8851069146098838,0.5189993898692115,0.1681779836798173,0.0904780218214514,0.5501468697672248,1.9258093354869548,0.7704725303312068,-0.6402759109594323
0.4210777262745461,-0.16988837225830958,-0.4640291883353377,0.018791264651596317,0.5863641561691995,0.2945243112739994,0.8851069146098838,0.5195631278087594,0.1666708475557199,0.0900235800130403,0.5501391998632854,1.9260835345527891,0.7705262196587828,-0.6402337264877653
0.4210777262745461,-0.16988837225830958,-0.4640291883353377,0.018791264651596317,0.5863641561691995,0.2945243112739994,0.8851069146098838,0.5201268657483072,0.1651637114316225,0.0895691382046293,0.5501315299593459,1.926357733618624,0.7705799089863588,-0.6401915420160986
0.4210777262745461,-0.16988837225830958,-0.4640291883353377,0.018791264651596317,0.5863641561691995,0.2945243112739994,0.8851069146098838,0.5206906036878551,0.1636565753075251,0.0891146963962182,0.5501238600554066,1.9266319326844583,0.7706335983139347,-0.6401493575444317
0.4210777262745461,-0.16988837225830958,-0.4640291883353377,0.018791264651596317,0.5863641561691995,0.2945243112739994,0.8851069146098838,0.521254341627403,0.1621494391834276,0.0886602545878072,0.5501161901514671,1.926906131750293,0.7706872876415107,-0.6401071730727648
0.4210777262745461,-0.16988837225830958,-0.4640291883353377,0.018791264651596317,0.5863641561691995,0.2945243112739994,0.8851069146098838,0.5218180795669509,0.1606423030593302,0.0882058127793961,0.5501085202475277,1.9271803308161275,0.7707409769690867,-0.6400649886010981
0.4210777262745461,-0.16988837225830958,-0.4640291883353377,0.018791264651596317,0.5863641561691995,0.2945243112739994,0.8851069146098838,0.5223818175064988,0.1591351669352328,0.087751370970985,0.5501008503435882,1.9274545298819616,0.7707946662966627,-0.6400228041294311
0.4210777262745461,-0.16988837225830958,-0.4640291883353377,0.018791264651596317,0.5863641561691995,0.2945243112739994,0.8851069146098838,0.5229455554460467,0.1576280308111354,0.087296929162574,0.5500931804396487,1.9277287289477965,0.7708483556242387,-0.6399806196577643
0.4210777262745461,-0.16988837225830958,-0.4640291883353377,0.018791264651596317,0.5863641561691995,0.2945243112739994,0.8851069146098838,0.5235092933855946,0.156120894687038,0.0868424873541629,0.5500855105357094,1.9280029280136304,0.7709020449518147,-0.6399384351860974
0.4210777262745461,-0.16988837225830958,-0.4640291883353377,0.018791264651596317,0.5863641561691995,0.2945243112739994,0.8851069146098838,0.5240730313251425,0.1546137585629405,0.0863880455457519,0.5500778406317699,1.9282771270794652,0.7709557342793907,-0.6398962507144306
0.4210777262745461,-0.16988837225830958,-0.4640291883353377,0.018791264651596317,0.5863641561691995,0.2945243112739994,0.8851069146098838,0.5246367692646904,0.1531066224388431,0.0859336037373408,0.5500701707278305,1.9285513261453,0.7710094236069667,-0.6398540662427638
0.4210777262745461,-0.16988837225830958,-0.4640291883353377,0.018791264651596317,0.5863641561691995,0.2945243112739994,0.8851069146098838,0.5252005072042383,0.1515994863147457,0.0854791619289298,0.5500625008238911,1.9288255252111344,0.7710631129345427,-0.6398118817710968
0.4210777262745461,-0.16988837225830958,-0.4640291883353377,0.018791264651596317,0.5863641561691995,0.2945243112739994,0.8851069146098838,0.5257642451437862,0.1500923501906483,0.0850247201205187,0.5500548309199517,1.929099724276969,0.7711168022621187,-0.6397696972994301
0.4210777262745461,-0.16988837225830958,-0.4640291883353377,0.018791264651596317,0.5863641561691995,0.2945243112739994,0.8851069146098838,0.5263279830833341,0.1485852140665508,0.0845702783121077,0.5500471610160123,1.9293739233428036,0.7711704915896945,-0.6397275128277632
0.4210777262745461,-0.16988837225830958,-0.4640291883353377,0.018791264651596317,0.5863641561691995,0.2945243112739994,0.8851069146098838,0.526891721022882,0.1470780779424534,0.0841158365036966,0.5500394911120728,1.929648122408638,0.7712241809172706,-0.6396853283560964
0.4210777262745461,-0.16988837225830958,-0.4640291883353377,0.018791264651596317,0.5863641561691995,0.2945243112739994,0.8851069146098838,0.5274554589624298,0.145570941818356,0.0836613946952856,0.5500318212081333,1.9299223214744723,0.7712778702448465,-0.6396431438844294
0.4210777262745461,-0.16988837225830958,-0.4640291883353377,0.018791264651596317,0.5863641561691995,0.2945243112739994,0.8851069146098838,0.5280191969019777,0.1440638056942586,0.0832069528868745,0.5500241513041939,1.930196520540307,0.7713315595724226,-0.6396009594127627
0.4210777262745461,-0.16988837225830958,-0.4640291883353377,0.018791264651596317,0.5863641561691995,0.2945243112739994,0.8851069146098838,0.5285829348415256,0.1425566695701612,0.0827525110784635,0.5500164814002545,1.9304707196061408,0.7713852488999985,-0.6395587749410958
0.4210777262745461,-0.16988837225830958,-0.4640291883353377,0.018791264651596317,0.5863641561691995,0.2945243112739994,0.8851069146098838,0.5291466727810735,0.1410495334460638,0.0822980692700524,0.5500088114963151,1.930744918671976,0.7714389382275746,-0.639516590469429
0.4210777262745461,-0.16988837225830958,-0.4640291883353377,0.018791264651596317,0.5863641561691995,0.2945243112739994,0.8851069146098838,0.5297104107206214,0.1395423973219663,0.0818436274616414,0.5500011415923757,1.9310191177378109,0.7714926275551506,-0.6394744059977622
0.4210777262745461,-0.16988837225830958,-0.4640291883353377,0.018791264651596317,0.5863641561691995,0.2945243112739994,0.8851069146098838,0.5302741486601693,0.1380352611978689,0.0813891856532303,0.5499934716884363,1.9312933168036448,0.7715463168827266,-0.6394322215260954
0.4210777262745461,-0.16988837225830958,-0.4640291883353377,0.018791264651596317,0.5863641561691995,0.2945243112739994,0.8851069146098838,0.5308378865997172,0.1365281250737715,0.0809347438448192,0.5499858017844969,1.93156751586948,0.7716000062103026,-0.6393900370544284
0.4210777262745461,-0.16988837225830958,-0.4640291883353377,0.018791264651596317,0.5863641561691995,0.2945243112739994,0.8851069146098838,0.5314016245392651,0.1350209889496741,0.0804803020364082,0.5499781318805574,1.9318417149353144,0.7716536955378785,-0.6393478525827616
0.4210777262745461,-0.16988837225830958,-0.4640291883353377,0.018791264651596317,0.5863641561691995,0.2945243112739994,0.8851069146098838,0.531965362478813,0.1335138528255767,0.0800258602279971,0.549970461976618,1.9321159140011488,0.7717073848654545,-0.6393056681110948
0.4210777262745461,-0.16988837225830958,-0.4640291883353377,0.018791264651596317,0.5863641561691995,0.2945243112739994,0.8851069146098838,0.5325291004183609,0.1320067167014793,0.0795714184195861,0.5499627920726786,1.9323901130669832,0.7717610741930305,-0.639263483639428
0.4210777262745461,-0.16988837225830958,-0.4640291883353377,0.018791264651596317,0.5863641561691995,0.2945243112739994,0.8851069146098838,0.5330928383579088,0.1304995805773818,0.079116976611175,0.5499551221687391,1.9326643121328175,0.7718147635206065,-0.639221299167761
0.4210777262745461,-0.16988837225830958,-0.4640291883353377,0.018791264651596317,0.5863641561691995,0.2945243112739994,0.8851069146098838,0.5336565762974566,0.1289924444532844,0.078662534802764,0.5499474522647997,1.932938511198652,0.7718684528481825,-0.6391791146960941
0.4210777262745461,-0.16988837225830958,-0.4640291883353377,0.018791264651596317,0.5863641561691995,0.2945243112739994,0.8851069146098838,0.5342203142370046,0.127485308329187,0.0782080929943529,0.5499397823608603,1.9332127102644867,0.7719221421757585,-0.6391369302244273
0.4210777262745461,-0.16988837225830958,-0.4640291883353377,0.018791264651596317,0.5863641561691995,0.2945243112739994,0.8851069146098838,0.5347840521765523,0.1259781722050896,0.0777536511859419,0.5499321124569209,1.933486909330321,0.7719758315033345,-0.6390947457527605
0.4210777262745461,-0.16988837225830958,-0.4640291883353377,0.018791264651596317,0.5863641561691995,0.2945243112739994,0.8851069146098838,0.5353477901161002,0.1244710360809921,0.0772992093775308,0.5499244425529815,1.933761108396156,0.7720295208309105,-0.6390525612810937
0.4210777262745461,-0.16988837225830958,-0.4640291883353377,0.018791264651596317,0.5863641561691995,0.2945243112739994,0.8851069146098838,0.5359115280556481,0.1229638999568947,0.0768447675691197,0.5499167726490419,1.9340353074619905,0.7720832101584865,-0.6390103768094268
0.4210777262745461,-0.16988837225830958,-0.4640291883353377,0.018791264651596317,0.5863641561691995,0.2945243112739994,0.8851069146098838,0.5364752659951961,0.1214567638327973,0.0763903257607087,0.5499091027451026,1.9343095065278249,0.7721368994860625,-0.6389681923377599
0.4210777262745461,-0.16988837225830958,-0.4640291883353377,0.018791264651596317,0.5863641561691995,0.2945243112739994,0.8851069146098838,0.5370390039347439,0.1199496277086999,0.0759358839522977,0.5499014328411631,1.934583705593659,0.7721905888136384,-0.6389260078660931
0.4210777262745461,-0.16988837225830958,-0.4640291883353377,0.018791264651596317,0.5863641561691995,0.2945243112739994,0.8851069146098838,0.5376027418742919,0.1184424915846025,0.0754814421438866,0.5498937629372237,1.9348579046594936,0.7722442781412144,-0.6388838233944263
0.4210777262745461,-0.16988837225830958,-0.4640291883353377,0.018791264651596317,0.5863641561691995,0.2945243112739994,0.8851069146098838,0.5381664798138397,0.116935355460505,0.0750270003354755,0.5498860930332843,1.9351321037253284,0.7722979674687904,-0.6388416389227594
0.4210777262745461,-0.16988837225830958,-0.4640291883353377,0.018791264651596317,0.5863641561691995,0.2945243112739994,0.8851069146098838,0.5387302177533876,0.1154282193364076,0.0745725585270645,0.5498784231293449,1.9354063027911628,0.7723516567963664,-0.6387994544510925
0.4210777262745461,-0.16988837225830958,-0.4640291883353377,0.018791264651596317,0.5863641561691995,0.2945243112739994,0.8851069146098838,0.5392939556929355,0.1139210832123102,0.0741181167186534,0.5498707532254055,1.9356805018569971,0.7724053461239423,-0.6387572699794257
0.4210777262745461,-0.16988837225830958,-0.4640291883353377,0.018791264651596317,0.5863641561691995,0.2945243112739994,0.8851069146098838,0.5398576936324835,0.1124139470882128,0.0736636749102424,0.549863083321466,1.935954700922832,0.7724590354515184,-0.6387150855077589
0.4210777262745461,-0.16988837225830958,-0.4640291883353377,0.018791264651596317,0.5863641561691995,0.2945243112739994,0.8851069146098838,0.5404214315720313,0.1109068109641154,0.0732092331018313,0.5498554134175265,1.9362288999886663,0.7725127247790943,-0.638672901036092
0.4210777262745461,-0.16988837225830958,-0.4640291883353377,0.018791264651596317,0.5863641561691995,0.2945243112739994,0.8851069146098838,0.5409851695115793,0.109399674840018,0.0727547912934203,0.5498477435135871,1.936503099054501,0.7725664141066704,-0.6386307165644252
0.4210777262745461,-0.16988837225830958,-0.4640291883353377,0.018791264651596317,0.5863641561691995,0.2945243112739994,0.8851069146098838,0.541548907451127,0.1078925387159205,0.0723003494850092,0.5498400736096477,1.9367772981203355,0.7726201034342463,-0.6385885320927582
0.4210777262745461,-0.16988837225830958,-0.4640291883353377,0.018791264651596317,0.5863641561691995,0.2945243112739994,0.8851069146098838,0.5421126453906749,0.1063854025918231,0.0718459076765982,0.5498324037057083,1.9370514971861696,0.7726737927618224,-0.6385463476210915
0.4210777262745461,-0.16988837225830958,-0.4640291883353377,0.018791264651596317,0.5863641561691995,0.2945243112739994,0.8851069146098838,0.5426763833302228,0.1048782664677257,0.0713914658681871,0.5498247338017688,1.9373256962520045,0.7727274820893982,-0.6385041631494246
0.4210777262745461,-0.16988837225830958,-0.4640291883353377,0.018791264651596317,0.5863641561691995,0.2945243112739994,0.8851069146098838,0.5432401212697707,0.1033711303436283,0.0709370240597761,0.5498170638978295,1.937599895317839,0.7727811714169743,-0.6384619786777578
0.4210777262745461,-0.16988837225830958,-0.4640291883353377,0.018791264651596317,0.5863641561691995,0.2945243112739994,0.8851069146098838,0.5438038592093186,0.1018639942195308,0.070482582251365,0.54980939399389,1.9378740943836728,0.7728348607445502,-0.6384197942060909
0.4210777262745461,-0.16988837225830958,-0.4640291883353377,0.018791264651596317,0.5863641561691995,0.2945243112739994,0.8851069146098838,0.5443675971488665,0.1003568580954334,0.070028140442954,0.5498017240899506,1.938148293449508,0.7728885500721263,-0.638377609734424
0.4210777262745461,-0.16988837225830958,-0.4640291883353377,0.018791264651596317,0.5863641561691995,0.2945243112739994,0.8851069146098838,0.5449313350884144,0.098849721971336,0.0695736986345429,0.5497940541860111,1.9384224925153424,0.7729422393997022,-0.6383354252627572
0.4210777262745461,-0.16988837225830958,-0.4640291883353377,0.018791264651596317,0.5863641561691995,0.2945243112739994,0.8851069146098838,0.5454950730279623,0.0973425858472386,0.0691192568261318,0.5497863842820717,1.938696691581177,0.7729959287272783,-0.6382932407910904
0.4210777262745461,-0.16988837225830958,-0.4640291883353377,0.018791264651596317,0.5863641561691995,0.2945243112739994,0.8851069146098838,0.5460588109675102,0.0958354497231412,0.0686648150177208,0.5497787143781323,1.938970890647012,0.7730496180548543,-0.6382510563194235
0.4210777262745461,-0.16988837225830958,-0.4640291883353377,0.018791264651596317,0.5863641561691995,0.2945243112739994,0.8851069146098838,0.5466225489070581,0.0943283135990438,0.0682103732093097,0.5497710444741929,1.939245089712846,0.7731033073824303,-0.6382088718477567
0.4210777262745461,-0.16988837225830958,-0.4640291883353377,0.018791264651596317,0.5863641561691995,0.2945243112739994,0.8851069146098838,0.547186286846606,0.0928211774749463,0.0677559314008987,0.5497633745702535,1.9395192887786803,0.7731569967100063,-0.6381666873760898
0.4210777262745461,-0.16988837225830958,-0.4640291883353377,0.018791264651596317,0.5863641561691995,0.2945243112739994,0.8851069146098838,0.5477500247861539,0.0913140413508489,0.0673014895924876,0.549755704666314,1.939793487844515,0.7732106860375823,-0.6381245029044229
0.4210777262745461,-0.16988837225830958,-0.4640291883353377,0.018791264651596317,0.5863641561691995,0.2945243112739994,0.8851069146098838,0.5483137627257018,0.0898069052267515,0.0668470477840766,0.5497480347623745,1.9400676869103493,0.7732643753651582,-0.6380823184327561
0.4210777262745461,-0.16988837225830958,-0.4640291883353377,0.018791264651596317,0.5863641561691995,0.2945243112739994,0.8851069146098838,0.5488775006652495,0.0882997691026541,0.0663926059756655,0.5497403648584351,1.940341885976184,0.7733180646927342,-0.6380401339610893
0.4210777262745461,-0.16988837225830958,-0.4640291883353377,0.018791264651596317,0.5863641561691995,0.2945243112739994,0.8851069146098838,0.5494412386047975,0.0867926329785567,0.0659381641672545,0.5497326949544957,1.9406160850420189,0.7733717540203102,-0.6379979494894225
0.4210777262745461,-0.16988837225830958,-0.4640291883353377,0.018791264651596317,0.5863641561691995,0.2945243112739994,0.8851069146098838,0.5500049765443453,0.0852854968544593,0.0654837223588434,0.5497250250505563,1.9408902841078528,0.7734254433478862,-0.6379557650177556
0.4210777262745461,-0.16988837225830958,-0.4640291883353377,0.018791264651596317,0.5863641561691995,0.2945243112739994,0.8851069146098838,0.5505687144838933,0.0837783607303618,0.0650292805504324,0.5497173551466168,1.941164483173688,0.7734791326754622,-0.6379135805460887
0.4210777262745461,-0.16988837225830958,-0.4640291883353377,0.018791264651596317,0.5863641561691995,0.2945243112739994,0.8851069146098838,0.5511324524234412,0.0822712246062644,0.0645748387420213,0.5497096852426774,1.9414386822395224,0.7735328220030382,-0.6378713960744219
0.4210777262745461,-0.16988837225830958,-0.4640291883353377,0.018791264651596317,0.5863641561691995,0.2945243112739994,0.8851069146098838,0.5516961903629891,0.080764088482167,0.0641203969336102,0.549702015338738,1.9417128813053568,0.7735865113306142,-0.6378292116027551
0.4210777262745461,-0.16988837225830958,-0.4640291883353377,0.018791264651596317,0.5863641561691995,0.2945243112739994,0.8851069146098838,0.552259928302537,0.0792569523580696,0.0636659551251992,0.5496943454347986,1.9419870803711912,0.7736402006581902,-0.6377870271310881
0.4210777262745461,-0.16988837225830958,-0.4640291883353377,0.018791264651596317,0.5863641561691995,0.2945243112739994,0.8851069146098838,0.5528236662420849,0.0777498162339722,0.0632115133167881,0.5496866755308591,1.942261279437026,0.7736938899857662,-0.6377448426594214
0.4210777262745461,-0.16988837225830958,-0.4640291883353377,0.018791264651596317,0.5863641561691995,0.2945243112739994,0.8851069146098838,0.5533874041816327,0.0762426801098747,0.0627570715083771,0.5496790056269196,1.94253547850286,0.773747579313342,-0.6377026581877545
0.4210777262745461,-0.16988837225830958,-0.4640291883353377,0.018791264651596317,0.5863641561691995,0.2945243112739994,0.8851069146098838,0.5539511421211807,0.0747355439857773,0.062302629699966,0.5496713357229803,1.942809677568695,0.7738012686409181,-0.6376604737160877
0.4210777262745461,-0.16988837225830958,-0.4640291883353377,0.018791264651596317,0.5863641561691995,0.2945243112739994,0.8851069146098838,0.5545148800607285,0.0732284078616799,0.061848187891555,0.5496636658190408,1.943083876634529,0.773854957968494,-0.6376182892444207
0.4210777262745461,-0.16988837225830958,-0.4640291883353377,0.018791264651596317,0.5863641561691995,0.2945243112739994,0.8851069146098838,0.5550786180002765,0.0717212717375825,0.0613937460831439,0.5496559959151015,1.943358075700364,0.7739086472960701,-0.637576104772754
0.4210777262745461,-0.16988837225830958,-0.4640291883353377,0.018791264651596317,0.5863641561691995,0.2945243112739994,0.8851069146098838,0.5556423559398243,0.070214135613485,0.0609393042747329,0.549648326011162,1.9436322747661985,0.773962336623646,-0.637533920301087
0.4210777262745461,-0.16988837225830958,-0.4640291883353377,0.018791264651596317,0.5863641561691995,0.2945243112739994,0.8851069146098838,0.5562060938793723,0.0687069994893876,0.0604848624663218,0.5496406561072226,1.9439064738320329,0.7740160259512221,-0.6374917358294203
0.4210777262745461,-0.16988837225830958,-0.4640291883353377,0.018791264651596317,0.5863641561691995,0.2945243112739994,0.8851069146098838,0.55676983181892,0.0671998633652902,0.0600304206579108,0.5496329862032832,1.9441806728978677,0.774069715278798,-0.6374495513577534
0.4210777262745461,-0.16988837225830958,-0.4640291883353377,0.018791264651596317,0.5863641561691995,0.2945243112739994,0.8851069146098838,0.557333569758468,0.0656927272411928,0.0595759788494997,0.5496253162993437,1.944454871963702,0.7741234046063741,-0.6374073668860867
0.4210777262745461,-0.16988837225830958,-0.4640291883353377,0.018791264651596317,0.5863641561691995,0.2945243112739994,0.8851069146098838,0.5578973076980158,0.0641855911170954,0.0591215370410887,0.5496176463954043,1.9447290710295364,0.77417709393395,-0.6373651824144196
0.4210777262745461,-0.16988837225830958,-0.4640291883353377,0.018791264651596317,0.5863641561691995,0.2945243112739994,0.8851069146098838,0.5584610456375638,0.062678454992998,0.0586670952326776,0.5496099764914649,1.945003270095371,0.7742307832615261,-0.6373229979427528
0.4210777262745461,-0.16988837225830958,-0.4640291883353377,0.018791264651596317,0.5863641561691995,0.2945243112739994,0.8851069146098838,0.5590247835771116,0.0611713188689005,0.0582126534242665,0.5496023065875254,1.9452774691612051,0.7742844725891019,-0.6372808134710859
0.4210777262745461,-0.16988837225830958,-0.4640291883353377,0.018791264651596317,0.5863641561691995,0.2945243112739994,0.8851069146098838,0.5595885215166595,0.0596641827448031,0.0577582116158555,0.549594636683586,1.94555166822704,0.774338161916678,-0.6372386289994192
0.4210777262745461,-0.16988837225830958,-0.4640291883353377,0.018791264651596317,0.5863641561691995,0.2945243112739994,0.8851069146098838,0.5601522594562074,0.0581570466207057,0.0573037698074444,0.5495869667796467,1.9458258672928743,0.774391851244254,-0.6371964445277523
0.4210777262745461,-0.16988837225830958,-0.4640291883353377,0.018791264651596317,0.5863641561691995,0.2945243112739994,0.8851069146098838,0.5607159973957554,0.0566499104966083,0.0568493279990334,0.5495792968757072,1.9461000663587087,0.77444554057183,-0.6371542600560856
0.4210777262745461,-0.16988837225830958,-0.4640291883353377,0.018791264651596317,0.5863641561691995,0.2945243112739994,0.8851069146098838,0.5612797353353032,0.0551427743725109,0.0563948861906223,0.5495716269717678,1.9463742654245435,0.774499229899406,-0.6371120755844186
0.4210777262745461,-0.16988837225830958,-0.4640291883353377,0.018791264651596317,0.5863641561691995,0.2945243112739994,0.8851069146098838,0.5618434732748511,0.0536356382484135,0.0559404443822113,0.5495639570678283,1.946648464490378,0.774552919226982,-0.6370698911127517
0.4210777262745461,-0.16988837225830958,-0.4640291883353377,0.018791264651596317,0.5863641561691995,0.2945243112739994,0.8851069146098838,0.562407211214399,0.052128502124316,0.0554860025738002,0.5495562871638889,1.9469226635562125,0.774606608554558,-0.6370277066410849
0.4210777262745461,-0.16988837225830958,-0.4640291883353377,0.018791264651596317,0.5863641561691995,0.2945243112739994,0.8851069146098838,0.5629709491539469,0.0506213660002186,0.0550315607653892,0.5495486172599495,1.947196862622047,0.774660297882134,-0.6369855221694181
0.4210777262745461,-0.16988837225830958,-0.4640291883353377,0.018791264651596317,0.5863641561691995,0.2945243112739994,0.8851069146098838,0.5635346870934947,0.0491142298761212,0.0545771189569781,0.54954094735601,1.9474710616878816,0.77471398720971,-0.6369433376977512
0.4210777262745461,-0.16988837225830958,-0.4640291883353377,0.018791264651596317,0.5863641561691995,0.2945243112739994,0.8851069146098838,0.5640984250330426,0.0476070937520238,0.0541226771485671,0.5495332774520706,1.947745260753716,0.774767676537286,-0.6369011532260844
0.4210777262745461,-0.16988837225830958,-0.4640291883353377,0.018791264651596317,0.5863641561691995,0.2945243112739994,0.8851069146098838,0.5646621629725905,0.0460999576279264,0.053668235340156,0.5495256075481312,1.9480194598195504,0.7748213658648619,-0.6368589687544175
0.4210777262745461,-0.16988837225830958,-0.4640291883353377,0.018791264651596317,0.5863641561691995,0.2945243112739994,0.8851069146098838,0.5652259009121384,0.0445928215038289,0.053213793531745,0.5495179376441918,1.948293658885385,0.7748750551924379,-0.6368167842827506
0.4210777262745461,-0.16988837225830958,-0.4640291883353377,0.018791264651596317,0.5863641561691995,0.2945243112739994,0.8851069146098838,0.5657896388516863,0.0430856853797315,0.0527593517233339,0.5495102677402524,1.94856785795122,0.7749287445200139,-0.6367745998110839
0.4210777262745461,-0.16988837225830958,-0.4640291883353377,0.018791264651596317,0.5863641561691995,0.2945243112739994,0.8851069146098838,0.5663533767912342,0.0415785492556341,0.0523049099149228,0.5495025978363128,1.9488420570170544,0.7749824338475899,-0.6367324153394169
0.4210777262745461,-0.16988837225830958,-0.4640291883353377,0.018791264651596317,0.5863641561691995,0.2945243112739994,0.8851069146098838,0.5669171147307821,0.0400714131315367,0.0518504681065118,0.5494949279323735,1.9491162560828887,0.7750361231751659,-0.6366902308677501
0.4210777262745461,-0.16988837225830958,-0.4640291883353377,0.018791264651596317,0.5863641561691995,0.2945243112739994,0.8851069146098838,0.56748085267033,0.0385642770074393,0.0513960262981007,0.549487258028434,1.9493904551487231,0.7750898125027419,-0.6366480463960833
0.4210777262745461,-0.16988837225830958,-0.4640291883353377,0.018791264651596317,0.5863641561691995,0.2945243112739994,0.8851069146098838,0.5680445906098779,0.0370571408833418,0.0509415844896897,0.5494795881244946,1.949664654214558,0.7751435018303179,-0.6366058619244164
0.4210777262745461,-0.16988837225830958,-0.4640291883353377,0.018791264651596317,0.5863641561691995,0.2945243112739994,0.8851069146098838,0.5686083285494258,0.0355500047592444,0.0504871426812786,0.5494719182205552,1.9499388532803923,0.7751971911578939,-0.6365636774527496
0.4210777262745461,-0.16988837225830958,-0.4640291883353377,0.018791264651596317,0.5863641561691995,0.2945243112739994,0.8851069146098838,0.5691720664889737,0.034042868635147,0.0500327008728676,0.5494642483166158,1.9502130523462269,0.7752508804854699,-0.6365214929810827
0.4210777262745461,-0.16988837225830958,-0.4640291883353377,0.018791264651596317,0.5863641561691995,0.2945243112739994,0.8851069146098838,0.5697358044285215,0.0325357325110496,0.0495782590644565,0.5494565784126764,1.9504872514120613,0.7753045698130459,-0.6364793085094158
0.4210777262745461,-0.16988837225830958,-0.4640291883353377,0.018791264651596317,0.5863641561691995,0.2945243112739994,0.8851069146098838,0.5702995423680695,0.0310285963869522,0.0491238172560455,0.5494489085087368,1.950761450477896,0.7753582591406218,-0.6364371240377491
0.4210777262745461,-0.16988837225830958,-0.4640291883353377,0.018791264651596317,0.5863641561691995,0.2945243112739994,0.8851069146098838,0.5708632803076172,0.0295214602628548,0.0486693754476344,0.5494412386047975,1.9510356495437304,0.7754119484681978,-0.6363949395660822
0.4210777262745461,-0.16988837225830958,-0.4640291883353377,0.018791264651596317,0.5863641561691995,0.2945243112739994,0.8851069146098838,0.5714270182471652,0.0280143241387573,0.0482149336392234,0.549433568700858,1.9513098486095648,0.7754656377957738,-0.6363527550944154
0.4210777262745461,-0.16988837225830958,-0.4640291883353377,0.018791264651596317,0.5863641561691995,0.2945243112739994,0.8851069146098838,0.5719907561867131,0.0265071880146599,0.0477604918308123,0.5494258987969186,1.9515840476753996,0.7755193271233498,-0.6363105706227485
0.4210777262745461,-0.16988837225830958,-0.4640291883353377,0.018791264651596317,0.5863641561691995,0.2945243112739994,0.8851069146098838,0.572554494126261,0.0250000518905625,0.0473060500224013,0.5494182288929792,1.951858246741234,0.7755730164509258,-0.6362683861510816
0.4210777262745461,-0.16988837225830958,-0.4640291883353377,0.018791264651596317,0.5863641561691995,0.2945243112739994,0.8851069146098838,0.5731182320658088,0.0234929157664651,0.0468516082139902,0.5494105589890398,1.9521324458070684,0.7756267057785018,-0.6362262016794148
0.4210777262745461,-0.16988837225830958,-0.4640291883353377,0.018791264651596317,0.5863641561691995,0.2945243112739994,0.8851069146098838,0.5736819700053567,0.0219857796423677,0.0463971664055792,0.5494028890851004,1.952406644872903,0.7756803951060778,-0.636184017207748
0.4210777262745461,-0.16988837225830958,-0.4640291883353377,0.018791264651596317,0.5863641561691995,0.2945243112739994,0.8851069146098838,0.5742457079449046,0.0204786435182702,0.0459427245971681,0.549395219181161,1.9526808439387373,0.7757340844336538,-0.636141832736081
0.4210777262745461,-0.16988837225830958,-0.4640291883353377,0.018791264651596317,0.5863641561691995,0.2945243112739994,0.8851069146098838,0.5748094458844526,0.0189715073941728,0.045488282788757,0.5493875492772214,1.952955043004572,0.7757877737612298,-0.6360996482644143
0.4210777262745461,-0.16988837225830958,-0.4640291883353377,0.018791264651596317,0.5863641561691995,0.2945243112739994,0.8851069146098838,0.5753731838240004,0.0174643712700754,0.045033840980346,0.549379879373282,1.9532292420704065,0.7758414630888057,-0.6360574637927474
0.4210777262745461,-0.16988837225830958,-0.4640291883353377,0.018791264651596317,0.5863641561691995,0.2945243112739994,0.8851069146098838,0.5759369217635484,0.015957235145978,0.0445793991719349,0.5493722094693426,1.9535034411362409,0.7758951524163817,-0.6360152793210806
0.4210777262745461,-0.16988837225830958,-0.4640291883353377,0.018791264651596317,0.5863641561691995,0.2945243112739994,0.8851069146098838,0.5765006597030962,0.0144500990218806,0.0441249573635239,0.5493645395654032,1.9537776402020757,0.7759488417439577,-0.6359730948494137
0.4210777262745461,-0.16988837225830958,-0.4640291883353377,0.018791264651596317,0.5863641561691995,0.2945243112739994,0.8851069146098838,0.5770643976426441,0.0129429628977831,0.0436705155551128,0.5493568696614638,1.95405183926791,0.7760025310715337,-0.6359309103777468
0.4210777262745461,-0.16988837225830958,-0.4640291883353377,0.018791264651596317,0.5863641561691995,0.2945243112739994,0.8851069146098838,0.577628135582192,0.0114358267736857,0.0432160737467018,0.5493491997575244,1.9543260383337449,0.7760562203991097,-0.63588872590608
0.4210777262745461,-0.16988837225830958,-0.4640291883353377,0.018791264651596317,0.5863641561691995,0.2945243112739994,0.8851069146098838,0.5781918735217398,0.0099286906495883,0.0427616319382907,0.5493415298535849,1.954600237399579,0.7761099097266857,-0.6358465414344131
0.4210777262745461,-0.16988837225830958,-0.4640291883353377,0.018791264651596317,0.5863641561691995,0.2945243112739994,0.8851069146098838,0.5787556114612877,0.0084215545254909,0.0423071901298797,0.5493338599496456,1.9548744364654136,0.7761635990542617,-0.6358043569627463
0.4210777262745461,-0.16988837225830958,-0.4640291883353377,0.018791264651596317,0.5863641561691995,0.2945243112739994,0.8851069146098838,0.5793193494008356,0.0069144184013935,0.0418527483214686,0.549326190045706,1.955148635531248,0.7762172883818376,-0.6357621724910795
0.4210777262745461,-0.16988837225830958,-0.4640291883353377,0.018791264651596317,0.5863641561691995,0.2945243112739994,0.8851069146098838,0.5798830873403835,0.005407282277296,0.0413983065130576,0.5493185201417666,1.9554228345970823,0.7762709777094136,-0.6357199880194127
0.4210777262745461,-0.16988837225830958,-0.4640291883353377,0.018791264651596317,0.5863641561691995,0.2945243112739994,0.8851069146098838,0.5804468252799314,0.0039001461531986,0.0409438647046465,0.5493108502378272,1.9556970336629167,0.7763246670369895,-0.6356778035477457
0.4210777262745461,-0.16988837225830958,-0.4640291883353377,0.018791264651596317,0.5863641561691995,0.2945243112739994,0.8851069146098838,0.5810105632194793,0.0023930100291012,0.0404894228962354,0.5493031803338878,1.9559712327287515,0.7763783563645655,-0.6356356190760789
0.4210777262745461,-0.16988837225830958,-0.4640291883353377,0.018791264651596317,0.5863641561691995,0.2945243112739994,0.8851069146098838,0.5815743011590272,0.0008858739050038,0.0400349810878244,0.5492955104299484,1.9562454317945863,0.7764320456921415,-0.6355934346044121
0.4210777262745461,-0.16988837225830958,-0.4640291883353377,0.018791264651596317,0.5863641561691995,0.2945243112739994,0.8851069146098838,0.5821380390985751,-0.0006212622190936,0.0395805392794133,0.549287840526009,1.956519630860421,0.7764857350197175,-0.6355512501327452
0.4210777262745461,-0.16988837225830958,-0.4640291883353377,0.018791264651596317,0.5863641561691995,0.2945243112739994,0.8851069146098838,0.582701777038123,-0.002128398343191,0.0391260974710023,0.5492801706220695,1.956793829926255,0.7765394243472935,-0.6355090656610783
0.4210777262745461,-0.16988837225830958,-0.4640291883353377,0.018791264651596317,0.5863641561691995,0.2945243112739994,0.8851069146098838,0.5832655149776709,-0.0036355344672884,0.0386716556625912,0.54927250071813,1.9570680289920896,0.7765931136748695,-0.6354668811894115
0.4210777262745461,-0.16988837225830958,-0.4640291883353377,0.018791264651596317,0.5863641561691995,0.2945243112739994,0.8851069146098838,0.5838292529172188,-0.0051426705913858,0.0382172138541802,0.5492648308141906,1.957342228057924,0.7766468030024455,-0.6354246967177446
0.4210777262745461,-0.16988837225830958,-0.4640291883353377,0.018791264651596317,0.5863641561691995,0.2945243112739994,0.8851069146098838,0.5843929908567667,-0.0066498067154832,0.0377627720457691,0.5492571609102512,1.9576164271237584,0.7767004923300215,-0.6353825122460779
0.4210777262745461,-0.16988837225830958,-0.4640291883353377,0.018791264651596317,0.5863641561691995,0.2945243112739994,0.8851069146098838,0.5849567287963146,-0.0081569428395806,0.0373083302373581,0.5492494910063118,1.957890626189593,0.7767541816575975,-0.635340327774411
0.4210777262745461,-0.16988837225830958,-0.4640291883353377,0.018791264651596317,0.5863641561691995,0.2945243112739994,0.8851069146098838,0.5855204667358624,-0.009664078963678,0.036853888428947,0.5492418211023724,1.958164825255428,0.7768078709851735,-0.6352981433027441
0.4210777262745461,-0.16988837225830958,-0.4640291883353377,0.018791264651596317,0.5863641561691995,0.2945243112739994,0.8851069146098838,0.5860842046754103,-0.0111712150877755,0.036399446620536,0.5492341511984329,1.9584390243212624,0.7768615603127494,-0.6352559588310773
0.4210777262745461,-0.16988837225830958,-0.4640291883353377,0.018791264651596317,0.5863641561691995,0.2945243112739994,0.8851069146098838,0.5866479426149582,-0.0126783512118729,0.0359450048121249,0.5492264812944936,1.9587132233870967,0.7769152496403254,-0.6352137743594104
0.4210777262745461,-0.16988837225830958,-0.4640291883353377,0.018791264651596317,0.5863641561691995,0.2945243112739994,0.8851069146098838,0.5872116805545061,-0.0141854873359703,0.0354905630037139,0.5492188113905541,1.9589874224529316,0.7769689389679014,-0.6351715898877436
0.4210777262745461,-0.16988837225830958,-0.4640291883353377,0.018791264651596317,0.5863641561691995,0.2945243112739994,0.8851069146098838,0.587775418494054,-0.0156926234600677,0.0350361211953028,0.5492111414866147,1.959261621518766,0.7770226282954774,-0.6351294054160768
0.4210777262745461,-0.16988837225830958,-0.4640291883353377,0.018791264651596317,0.5863641561691995,0.2945243112739994,0.8851069146098838,0.5883391564336019,-0.0171997595841651,0.0345816793868918,0.5492034715826752,1.9595358205846003,0.7770763176230534,-0.6350872209444098
0.4210777262745461,-0.16988837225830958,-0.4640291883353377,0.018791264651596317,0.5863641561691995,0.2945243112739994,0.8851069146098838,0.5889028943731498,-0.0187068957082626,0.0341272375784807,0.5491958016787358,1.9598100196504349,0.7771300069506294,-0.635045036472743
0.4210777262745461,-0.16988837225830958,-0.4640291883353377,0.018791264651596317,0.5863641561691995,0.2945243112739994,0.8851069146098838,0.5894666323126976,-0.02021403183236,0.0336727957700696,0.5491881317747964,1.9600842187162693,0.7771836962782054,-0.6350028520010762
0.4210777262745461,-0.16988837225830958,-0.4640291883353377,0.018791264651596317,0.5863641561691995,0.2945243112739994,0.8851069146098838,0.5900303702522456,-0.0217211679564574,0.0332183539616586,0.549180461870857,1.960358417782104,0.7772373856057814,-0.6349606675294094
0.4210777262745461,-0.16988837225830958,-0.4640291883353377,0.018791264651596317,0.5863641561691995,0.2945243112739994,0.8851069146098838,0.5905941081917934,-0.0232283040805548,0.0327639121532475,0.5491727919669176,1.9606326168479384,0.7772910749333574,-0.6349184830577425
0.4210777262745461,-0.16988837225830958,-0.4640291883353377,0.018791264651596317,0.5863641561691995,0.2945243112739994,0.8851069146098838,0.5911578461313414,-0.0247354402046522,0.0323094703448365,0.5491651220629781,1.960906815913773,0.7773447642609334,-0.6348762985860756
0.4210777262745461,-0.16988837225830958,-0.4640291883353377,0.018791264651596317,0.5863641561691995,0.2945243112739994,0.8851069146098838,0.5917215840708893,-0.0262425763287497,0.0318550285364254,0.5491574521590387,1.9611810149796076,0.7773984535885093,-0.6348341141144088
0.4210777262745461,-0.16988837225830958,-0.4640291883353377,0.018791264651596317,0.5863641561691995,0.2945243112739994,0.8851069146098838,0.592285322010437,-0.0277497124528471,0.0314005867280144,0.5491497822550993,1.961455214045442,0.7774521429160853,-0.6347919296427419
0.4210777262745461,-0.16988837225830958,-0.4640291883353377,0.018791264651596317,0.5863641561691995,0.2945243112739994,0.8851069146098838,0.5928490599499849,-0.0292568485769445,0.0309461449196033,0.5491421123511598,1.9617294131112764,0.7775058322436613,-0.6347497451710751
0.4210777262745461,-0.16988837225830958,-0.4640291883353377,0.018791264651596317,0.5863641561691995,0.2945243112739994,0.8851069146098838,0.5934127978895328,-0.0307639847010419,0.0304917031111923,0.5491344424472204,1.962003612177111,0.7775595215712373,-0.6347075606994083
0.4210777262745461,-0.16988837225830958,-0.4640291883353377,0.018791264651596317,0.5863641561691995,0.2945243112739994,0.8851069146098838,0.5939765358290807,-0.0322711208251393,0.0300372613027812,0.5491267725432809,1.962277811242945,0.7776132108988133,-0.6346653762277414
0.4210777262745461,-0.16988837225830958,-0.4640291883353377,0.018791264651596317,0.5863641561691995,0.2945243112739994,0.8851069146098838,0.5945402737686287,-0.0337782569492368,0.0295828194943702,0.5491191026393415,1.96255201030878,0.7776669002263893,-0.6346231917560745
0.4210777262745461,-0.16988837225830958,-0.4640291883353377,0.018791264651596317,0.5863641561691995,0.2945243112739994,0.8851069146098838,0.5951040117081765,-0.0352853930733342,0.0291283776859591,0.5491114327354021,1.9628262093746147,0.7777205895539653,-0.6345810072844077
0.4210777262745461,-0.16988837225830958,-0.4640291883353377,0.018791264651596317,0.5863641561691995,0.2945243112739994,0.8851069146098838,0.5956677496477244,-0.0367925291974316,0.028673935877548,0.5491037628314627,1.963100408440449,0.7777742788815413,-0.6345388228127409
0.4210777262745461,-0.16988837225830958,-0.4640291883353377,0.018791264651596317,0.5863641561691995,0.2945243112739994,0.8851069146098838,0.5962314875872723,-0.038299665321529,0.028219494069137,0.5490960929275233,1.963374607506284,0.7778279682091173,-0.6344966383410741
0.4210777262745461,-0.16988837225830958,-0.4640291883353377,0.018791264651596317,0.5863641561691995,0.2945243112739994,0.8851069146098838,0.5967952255268202,-0.0398068014456265,0.0277650522607259,0.5490884230235838,1.963648806572118,0.7778816575366932,-0.6344544538694071
0.4210777262745461,-0.16988837225830958,-0.4640291883353377,0.018791264651596317,0.5863641561691995,0.2945243112739994,0.8851069146098838,0.5973589634663681,-0.0413139375697239,0.0273106104523149,0.5490807531196444,1.9639230056379529,0.7779353468642692,-0.6344122693977403
0.4210777262745461,-0.16988837225830958,-0.4640291883353377,0.018791264651596317,0.5863641561691995,0.2945243112739994,0.8851069146098838,0.5979227014059161,-0.0428210736938213,0.0268561686439038,0.5490730832157049,1.964197204703787,0.7779890361918452,-0.6343700849260735
0.4210777262745461,-0.16988837225830958,-0.4640291883353377,0.018791264651596317,0.5863641561691995,0.2945243112739994,0.8851069146098838,0.5984864393454639,-0.0443282098179187,0.0264017268354928,0.5490654133117656,1.9644714037696216,0.7780427255194212,-0.6343279004544066
0.4210777262745461,-0.16988837225830958,-0.4640291883353377,0.018791264651596317,0.5863641561691995,0.2945243112739994,0.8851069146098838,0.5990501772850118,-0.0458353459420161,0.0259472850270817,0.5490577434078261,1.964745602835456,0.7780964148469972,-0.6342857159827398
0.4210777262745461,-0.16988837225830958,-0.4640291883353377,0.018791264651596317,0.5863641561691995,0.2945243112739994,0.8851069146098838,0.5996139152245596,-0.0473424820661135,0.0254928432186707,0.5490500735038867,1.9650198019012908,0.7781501041745732,-0.6342435315110729
0.4210777262745461,-0.16988837225830958,-0.4640291883353377,0.018791264651596317,0.5863641561691995,0.2945243112739994,0.8851069146098838,0.6001776531641075,-0.0488496181902109,0.0250384014102596,0.5490424035999473,1.9652940009671247,0.7782037935021492,-0.634201347039406
0.4210777262745461,-0.16988837225830958,-0.4640291883353377,0.018791264651596317,0.5863641561691995,0.2945243112739994,0.8851069146098838,0.6007413911036554,-0.0503567543143084,0.0245839596018486,0.5490347336960079,1.96556820003296,0.7782574828297252,-0.6341591625677393
0.4210777262745461,-0.16988837225830958,-0.4640291883353377,0.018791264651596317,0.5863641561691995,0.2945243112739994,0.8851069146098838,0.6013051290432033,-0.0518638904384058,0.0241295177934375,0.5490270637920684,1.9658423990987943,0.7783111721573012,-0.6341169780960724
0.4210777262745461,-0.16988837225830958,-0.4640291883353377,0.018791264651596317,0.5863641561691995,0.2945243112739994,0.8851069146098838,0.6018688669827512,-0.0533710265625032,0.0236750759850265,0.549019393888129,1.9661165981646287,0.7783648614848772,-0.6340747936244056
0.4210777262745461,-0.16988837225830958,-0.4640291883353377,0.018791264651596317,0.5863641561691995,0.2945243112739994,0.8851069146098838,0.602432604922299,-0.0548781626866006,0.0232206341766154,0.5490117239841895,1.9663907972304635,0.7784185508124531,-0.6340326091527386
0.4210777262745461,-0.16988837225830958,-0.4640291883353377,0.018791264651596317,0.5863641561691995,0.2945243112739994,0.8851069146098838,0.602996342861847,-0.056385298810698,0.0227661923682043,0.5490040540802501,1.9666649962962977,0.7784722401400291,-0.6339904246810718
0.4210777262745461,-0.16988837225830958,-0.4640291883353377,0.018791264651596317,0.5863641561691995,0.2945243112739994,0.8851069146098838,0.6035600808013949,-0.0578924349347955,0.0223117505597933,0.5489963841763107,1.9669391953621325,0.7785259294676051,-0.633948240209405
0.4210777262745461,-0.16988837225830958,-0.4640291883353377,0.018791264651596317,0.5863641561691995,0.2945243112739994,0.8851069146098838,0.6041238187409428,-0.0593995710588929,0.0218573087513822,0.5489887142723713,1.9672133944279668,0.7785796187951811,-0.6339060557377381
0.4210777262745461,-0.16988837225830958,-0.4640291883353377,0.018791264651596317,0.5863641561691995,0.2945243112739994,0.8851069146098838,0.6046875566804907,-0.0609067071829903,0.0214028669429712,0.5489810443684319,1.9674875934938012,0.7786333081227571,-0.6338638712660714
0.4210777262745461,-0.16988837225830958,-0.4640291883353377,0.018791264651596317,0.5863641561691995,0.2945243112739994,0.8851069146098838,0.6052512946200386,-0.0624138433070877,0.0209484251345601,0.5489733744644925,1.967761792559636,0.7786869974503331,-0.6338216867944044
0.4210777262745461,-0.16988837225830958,-0.4640291883353377,0.018791264651596317,0.5863641561691995,0.2945243112739994,0.8851069146098838,0.6058150325595864,-0.0639209794311851,0.0204939833261491,0.5489657045605529,1.9680359916254704,0.7787406867779091,-0.6337795023227375
0.4210777262745461,-0.16988837225830958,-0.4640291883353377,0.018791264651596317,0.5863641561691995,0.2945243112739994,0.8851069146098838,0.6063787704991344,-0.0654281155552826,0.020039541517738,0.5489580346566136,1.9683101906913048,0.7787943761054851,-0.6337373178510708
0.4210777262745461,-0.16988837225830958,-0.4640291883353377,0.018791264651596317,0.5863641561691995,0.2945243112739994,0.8851069146098838,0.6069425084386822,-0.06693525167938,0.019585099709327,0.5489503647526741,1.9685843897571396,0.7788480654330611,-0.6336951333794039
0.4210777262745461,-0.16988837225830958,-0.4640291883353377,0.018791264651596317,0.5863641561691995,0.2945243112739994,0.8851069146098838,0.6075062463782301,-0.0684423878034774,0.0191306579009159,0.5489426948487347,1.968858588822974,0.778901754760637,-0.633652948907737
0.4210777262745461,-0.16988837225830958,-0.4640291883353377,0.018791264651596317,0.5863641561691995,0.2945243112739994,0.8851069146098838,0.608069984317778,-0.0699495239275748,0.0186762160925049,0.5489350249447953,1.9691327878888083,0.778955444088213,-0.6336107644360702
0.4210777262745461,-0.16988837225830958,-0.4640291883353377,0.018791264651596317,0.5863641561691995,0.2945243112739994,0.8851069146098838,0.6086337222573258,-0.0714566600516722,0.0182217742840938,0.5489273550408559,1.9694069869546431,0.779009133415789,-0.6335685799644033
0.4210777262745461,-0.16988837225830958,-0.4640291883353377,0.018791264651596317,0.5863641561691995,0.2945243112739994,0.8851069146098838,0.6091974601968737,-0.0729637961757697,0.0177673324756828,0.5489196851369165,1.9696811860204773,0.779062822743365,-0.6335263954927365
0.4210777262745461,-0.16988837225830958,-0.4640291883353377,0.018791264651596317,0.5863641561691995,0.2945243112739994,0.8851069146098838,0.6097611981364217,-0.0744709322998671,0.0173128906672717,0.548912015232977,1.969955385086312,0.779116512070941,-0.6334842110210696
0.4210777262745461,-0.16988837225830958,-0.4640291883353377,0.018791264651596317,0.5863641561691995,0.2945243112739994,0.8851069146098838,0.6103249360759696,-0.0759780684239645,0.0168584488588606,0.5489043453290376,1.9702295841521464,0.779170201398517,-0.6334420265494028
0.4210777262745461,-0.16988837225830958,-0.4640291883353377,0.018791264651596317,0.5863641561691995,0.2945243112739994,0.8851069146098838,0.6108886740155175,-0.0774852045480619,0.0164040070504496,0.5488966754250981,1.970503783217981,0.779223890726093,-0.6333998420777359
0.4210777262745461,-0.16988837225830958,-0.4640291883353377,0.018791264651596317,0.5863641561691995,0.2945243112739994,0.8851069146098838,0.6114524119550653,-0.0789923406721593,0.0159495652420385,0.5488890055211587,1.9707779822838156,0.779277580053669,-0.6333576576060691
0.4210777262745461,-0.16988837225830958,-0.4640291883353377,0.018791264651596317,0.5863641561691995,0.2945243112739994,0.8851069146098838,0.6120161498946132,-0.0804994767962568,0.0154951234336275,0.5488813356172193,1.97105218134965,0.779331269381245,-0.6333154731344023
0.4210777262745461,-0.16988837225830958,-0.4640291883353377,0.018791264651596317,0.5863641561691995,0.2945243112739994,0.8851069146098838,0.6125798878341611,-0.0820066129203542,0.0150406816252164,0.5488736657132799,1.9713263804154848,0.779384958708821,-0.6332732886627354
0.4210777262745461,-0.16988837225830958,-0.4640291883353377,0.018791264651596317,0.5863641561691995,0.2945243112739994,0.8851069146098838,0.613143625773709,-0.0835137490444516,0.0145862398168054,0.5488659958093404,1.9716005794813192,0.779438648036397,-0.6332311041910685
0.4210777262745461,-0.16988837225830958,-0.4640291883353377,0.018791264651596317,0.5863641561691995,0.2945243112739994,0.8851069146098838,0.6137073637132568,-0.085020885168549,0.0141317980083943,0.5488583259054011,1.9718747785471535,0.7794923373639729,-0.6331889197194017
0.4210777262745461,-0.16988837225830958,-0.4640291883353377,0.018791264651596317,0.5863641561691995,0.2945243112739994,0.8851069146098838,0.6142711016528047,-0.0865280212926464,0.0136773561999833,0.5488506560014617,1.972148977612988,0.7795460266915489,-0.6331467352477348
0.4210777262745461,-0.16988837225830958,-0.4640291883353377,0.018791264651596317,0.5863641561691995,0.2945243112739994,0.8851069146098838,0.6148348395923527,-0.0880351574167438,0.0132229143915722,0.5488429860975221,1.9724231766788227,0.7795997160191249,-0.6331045507760681
0.4210777262745461,-0.16988837225830958,-0.4640291883353377,0.018791264651596317,0.5863641561691995,0.2945243112739994,0.8851069146098838,0.6153985775319005,-0.0895422935408413,0.0127684725831612,0.5488353161935827,1.972697375744657,0.7796534053467009,-0.6330623663044012
0.4210777262745461,-0.16988837225830958,-0.4640291883353377,0.018791264651596317,0.5863641561691995,0.2945243112739994,0.8851069146098838,0.6159623154714484,-0.0910494296649387,0.0123140307747501,0.5488276462896433,1.972971574810492,0.7797070946742769,-0.6330201818327343
0.4210777262745461,-0.16988837225830958,-0.4640291883353377,0.018791264651596317,0.5863641561691995,0.2945243112739994,0.8851069146098838,0.6165260534109963,-0.0925565657890361,0.0118595889663391,0.5488199763857039,1.973245773876326,0.7797607840018529,-0.6329779973610674
0.4210777262745461,-0.16988837225830958,-0.4640291883353377,0.018791264651596317,0.5863641561691995,0.2945243112739994,0.8851069146098838,0.6170897913505442,-0.0940637019131335,0.011405147157928,0.5488123064817645,1.9735199729421609,0.7798144733294289,-0.6329358128894006
0.4210777262745461,-0.16988837225830958,-0.4640291883353377,0.018791264651596317,0.5863641561691995,0.2945243112739994,0.8851069146098838,0.6176535292900921,-0.0955708380372309,0.0109507053495169,0.548804636577825,1.9737941720079952,0.7798681626570049,-0.6328936284177338
0.4210777262745461,-0.16988837225830958,-0.4640291883353377,0.018791264651596317,0.5863641561691995,0.2945243112739994,0.8851069146098838,0.61821726722964,-0.0970779741613284,0.0104962635411059,0.5487969666738857,1.9740683710738296,0.7799218519845809,-0.6328514439460668
0.4210777262745461,-0.16988837225830958,-0.4640291883353377,0.018791264651596317,0.5863641561691995,0.2945243112739994,0.8851069146098838,0.6187810051691879,-0.0985851102854258,0.0100418217326948,0.5487892967699461,1.974342570139664,0.7799755413121569,-0.6328092594744001
0.4210777262745461,-0.16988837225830958,-0.4640291883353377,0.018791264651596317,0.5863641561691995,0.2945243112739994,0.8851069146098838,0.6193447431087358,-0.1000922464095232,0.0095873799242838,0.5487816268660067,1.9746167692054988,0.7800292306397328,-0.6327670750027332
0.4210777262745461,-0.16988837225830958,-0.4640291883353377,0.018791264651596317,0.5863641561691995,0.2945243112739994,0.8851069146098838,0.6193447431087358,-0.1000922464095232,0.0095873799242838,0.5487816268660067,1.9746167692054988,0.7800292306397328,-0.6327670750027332
0.4210777262745461,-0.16988837225830958,-0.4640291883353377,0.018791264651596317,0.5863641561691995,0.2945243112739994,0.8851069146098838,0.6170437719269076,-0.0971278285369346,0.0073362631180619,0.549368374517373,1.9721854096567004,0.7794482354163212,-0.6346596237997869
0.4210777262745461,-0.16988837225830958,-0.4640291883353377,0.018791264651596317,0.5863641561691995,0.2945243112739994,0.8851069146098838,0.6147428007450795,-0.0941634106643461,0.0050851463118401,0.5499551221687391,1.969754050107902,0.7788672401929096,-0.6365521725968404
0.4210777262745461,-0.16988837225830958,-0.4640291883353377,0.018791264651596317,0.5863641561691995,0.2945243112739994,0.8851069146098838,0.6124418295632514,-0.0911989927917575,0.0028340295056183,0.5505418698201052,1.967322690559104,0.778286244969498,-0.6384447213938941
0.4210777262745461,-0.16988837225830958,-0.4640291883353377,0.018791264651596317,0.5863641561691995,0.2945243112739994,0.8851069146098838,0.6101408583814233,-0.0882345749191689,0.0005829126993964,0.5511286174714713,1.964891331010305,0.7777052497460865,-0.6403372701909478
0.4210777262745461,-0.16988837225830958,-0.4640291883353377,0.018791264651596317,0.5863641561691995,0.2945243112739994,0.8851069146098838,0.6078398871995951,-0.0852701570465804,-0.0016682041068253,0.5517153651228376,1.9624599714615067,0.7771242545226749,-0.6422298189880012
0.4210777262745461,-0.16988837225830958,-0.4640291883353377,0.018791264651596317,0.5863641561691995,0.2945243112739994,0.8851069146098838,0.605538916017767,-0.0823057391739918,-0.0039193209130472,0.5523021127742038,1.9600286119127084,0.7765432592992632,-0.6441223677850549
0.4210777262745461,-0.16988837225830958,-0.4640291883353377,0.018791264651596317,0.5863641561691995,0.2945243112739994,0.8851069146098838,0.6032379448359388,-0.0793413213014033,-0.006170437719269,0.5528888604255698,1.95759725236391,0.7759622640758516,-0.6460149165821086
0.4210777262745461,-0.16988837225830958,-0.4640291883353377,0.018791264651596317,0.5863641561691995,0.2945243112739994,0.8851069146098838,0.6009369736541108,-0.0763769034288147,-0.0084215545254909,0.5534756080769361,1.955165892815112,0.77538126885244,-0.6479074653791623
0.4210777262745461,-0.16988837225830958,-0.4640291883353377,0.018791264651596317,0.5863641561691995,0.2945243112739994,0.8851069146098838,0.5986360024722827,-0.0734124855562261,-0.0106726713317127,0.5540623557283023,1.9527345332663133,0.7748002736290284,-0.6498000141762158
0.4210777262745461,-0.16988837225830958,-0.4640291883353377,0.018791264651596317,0.5863641561691995,0.2945243112739994,0.8851069146098838,0.5963350312904545,-0.0704480676836376,-0.0129237881379346,0.5546491033796684,1.950303173717515,0.7742192784056168,-0.6516925629732695
0.4210777262745461,-0.16988837225830958,-0.4640291883353377,0.018791264651596317,0.5863641561691995,0.2945243112739994,0.8851069146098838,0.5940340601086264,-0.067483649811049,-0.0151749049441564,0.5552358510310346,1.9478718141687168,0.7736382831822052,-0.6535851117703232
0.4210777262745461,-0.16988837225830958,-0.4640291883353377,0.018791264651596317,0.5863641561691995,0.2945243112739994,0.8851069146098838,0.5917330889267982,-0.0645192319384605,-0.0174260217503783,0.5558225986824008,1.9454404546199184,0.7730572879587936,-0.6554776605673767
0.4210777262745461,-0.16988837225830958,-0.4640291883353377,0.018791264651596317,0.5863641561691995,0.2945243112739994,0.8851069146098838,0.5894321177449702,-0.0615548140658719,-0.0196771385566001,0.5564093463337669,1.94300909507112,0.7724762927353821,-0.6573702093644305
0.4210777262745461,-0.16988837225830958,-0.4640291883353377,0.018791264651596317,0.5863641561691995,0.2945243112739994,0.8851069146098838,0.587131146563142,-0.0585903961932833,-0.0219282553628219,0.5569960939851332,1.9405777355223213,0.7718952975119704,-0.659262758161484
0.4210777262745461,-0.16988837225830958,-0.4640291883353377,0.018791264651596317,0.5863641561691995,0.2945243112739994,0.8851069146098838,0.5848301753813141,-0.0556259783206948,-0.0241793721690438,0.5575828416364993,1.9381463759735231,0.7713143022885589,-0.6611553069585376
0.4210777262745461,-0.16988837225830958,-0.4640291883353377,0.018791264651596317,0.5863641561691995,0.2945243112739994,0.8851069146098838,0.582529204199486,-0.0526615604481062,-0.0264304889752656,0.5581695892878655,1.9357150164247248,0.7707333070651473,-0.6630478557555913
0.4210777262745461,-0.16988837225830958,-0.4640291883353377,0.018791264651596317,0.5863641561691995,0.2945243112739994,0.8851069146098838,0.5802282330176578,-0.0496971425755176,-0.0286816057814875,0.5587563369392317,1.9332836568759264,0.7701523118417357,-0.6649404045526449
0.4210777262745461,-0.16988837225830958,-0.4640291883353377,0.018791264651596317,0.5863641561691995,0.2945243112739994,0.8851069146098838,0.5779272618358297,-0.0467327247029291,-0.0309327225877093,0.5593430845905978,1.930852297327128,0.769571316618324,-0.6668329533496985
0.4210777262745461,-0.16988837225830958,-0.4640291883353377,0.018791264651596317,0.5863641561691995,0.2945243112739994,0.8851069146098838,0.5756262906540015,-0.0437683068303405,-0.0331838393939312,0.559929832241964,1.9284209377783297,0.7689903213949124,-0.6687255021467522
0.4210777262745461,-0.16988837225830958,-0.4640291883353377,0.018791264651596317,0.5863641561691995,0.2945243112739994,0.8851069146098838,0.5733253194721735,-0.040803888957752,-0.035434956200153,0.5605165798933301,1.925989578229531,0.7684093261715008,-0.6706180509438059
0.4210777262745461,-0.16988837225830958,-0.4640291883353377,0.018791264651596317,0.5863641561691995,0.2945243112739994,0.8851069146098838,0.5710243482903453,-0.0378394710851634,-0.0376860730063749,0.5611033275446964,1.9235582186807327,0.7678283309480892,-0.6725105997408594
0.4210777262745461,-0.16988837225830958,-0.4640291883353377,0.018791264651596317,0.5863641561691995,0.2945243112739994,0.8851069146098838,0.5687233771085172,-0.0348750532125748,-0.0399371898125967,0.5616900751960625,1.9211268591319344,0.7672473357246776,-0.674403148537913
0.4210777262745461,-0.16988837225830958,-0.4640291883353377,0.018791264651596317,0.5863641561691995,0.2945243112739994,0.8851069146098838,0.566422405926689,-0.0319106353399863,-0.0421883066188185,0.5622768228474286,1.918695499583136,0.766666340501266,-0.6762956973349667
0.4210777262745461,-0.16988837225830958,-0.4640291883353377,0.018791264651596317,0.5863641561691995,0.2945243112739994,0.8851069146098838,0.5641214347448609,-0.0289462174673977,-0.0444394234250404,0.5628635704987948,1.9162641400343376,0.7660853452778544,-0.6781882461320203
0.4210777262745461,-0.16988837225830958,-0.4640291883353377,0.018791264651596317,0.5863641561691995,0.2945243112739994,0.8851069146098838,0.5618204635630328,-0.0259817995948091,-0.0466905402312622,0.563450318150161,1.9138327804855395,0.7655043500544428,-0.6800807949290739
0.4210777262745461,-0.16988837225830958,-0.4640291883353377,0.018791264651596317,0.5863641561691995,0.2945243112739994,0.8851069146098838,0.5595194923812047,-0.0230173817222206,-0.0489416570374841,0.5640370658015271,1.911401420936741,0.7649233548310312,-0.6819733437261276
0.4210777262745461,-0.16988837225830958,-0.4640291883353377,0.018791264651596317,0.5863641561691995,0.2945243112739994,0.8851069146098838,0.5572185211993765,-0.020052963849632,-0.0511927738437059,0.5646238134528934,1.9089700613879423,0.7643423596076196,-0.6838658925231812
0.4210777262745461,-0.16988837225830958,-0.4640291883353377,0.018791264651596317,0.5863641561691995,0.2945243112739994,0.8851069146098838,0.5549175500175484,-0.0170885459770435,-0.0534438906499278,0.5652105611042595,1.906538701839144,0.763761364384208,-0.6857584413202349
0.4210777262745461,-0.16988837225830958,-0.4640291883353377,0.018791264651596317,0.5863641561691995,0.2945243112739994,0.8851069146098838,0.5526165788357202,-0.0141241281044549,-0.0556950074561496,0.5657973087556257,1.9041073422903456,0.7631803691607963,-0.6876509901172885
0.4210777262745461,-0.16988837225830958,-0.4640291883353377,0.018791264651596317,0.5863641561691995,0.2945243112739994,0.8851069146098838,0.5503156076538921,-0.0111597102318663,-0.0579461242623715,0.5663840564069919,1.9016759827415477,0.7625993739373848,-0.6895435389143421
0.4210777262745461,-0.16988837225830958,-0.4640291883353377,0.018791264651596317,0.5863641561691995,0.2945243112739994,0.8851069146098838,0.548014636472064,-0.0081952923592778,-0.0601972410685933,0.566970804058358,1.899244623192749,0.7620183787139732,-0.6914360877113956
0.4210777262745461,-0.16988837225830958,-0.4640291883353377,0.018791264651596317,0.5863641561691995,0.2945243112739994,0.8851069146098838,0.5457136652902359,-0.0052308744866892,-0.0624483578748151,0.5675575517097242,1.8968132636439503,0.7614373834905616,-0.6933286365084493
0.4210777262745461,-0.16988837225830958,-0.4640291883353377,0.018791264651596317,0.5863641561691995,0.2945243112739994,0.8851069146098838,0.5434126941084078,-0.0022664566141006,-0.064699474681037,0.5681442993610903,1.894381904095152,0.76085638826715,-0.695221185305503
0.4210777262745461,-0.16988837225830958,-0.4640291883353377,0.018791264651596317,0.5863641561691995,0.2945243112739994,0.8851069146098838,0.5411117229265796,0.0006979612584878,-0.0669505914872588,0.5687310470124565,1.8919505445463536,0.7602753930437384,-0.6971137341025566
0.4210777262745461,-0.16988837225830958,-0.4640291883353377,0.018791264651596317,0.5863641561691995,0.2945243112739994,0.8851069146098838,0.5388107517447515,0.0036623791310764,-0.0692017082934807,0.5693177946638227,1.8895191849975557,0.7596943978203268,-0.6990062828996102
0.4210777262745461,-0.16988837225830958,-0.4640291883353377,0.018791264651596317,0.5863641561691995,0.2945243112739994,0.8851069146098838,0.5365097805629234,0.0066267970036649,-0.0714528250997025,0.5699045423151889,1.887087825448757,0.7591134025969153,-0.7008988316966639
0.4210777262745461,-0.16988837225830958,-0.4640291883353377,0.018791264651596317,0.5863641561691995,0.2945243112739994,0.8851069146098838,0.5342088093810953,0.0095912148762535,-0.0737039419059244,0.5704912899665551,1.8846564658999585,0.7585324073735036,-0.7027913804937174
0.4210777262745461,-0.16988837225830958,-0.4640291883353377,0.018791264651596317,0.5863641561691995,0.2945243112739994,0.8851069146098838,0.5319078381992672,0.0125556327488421,-0.0759550587121462,0.5710780376179212,1.8822251063511604,0.7579514121500921,-0.7046839292907712
0.4210777262745461,-0.16988837225830958,-0.4640291883353377,0.018791264651596317,0.5863641561691995,0.2945243112739994,0.8851069146098838,0.529606867017439,0.0155200506214306,-0.0782061755183681,0.5716647852692873,1.8797937468023616,0.7573704169266804,-0.7065764780878248
0.4210777262745461,-0.16988837225830958,-0.4640291883353377,0.018791264651596317,0.5863641561691995,0.2945243112739994,0.8851069146098838,0.5273058958356109,0.0184844684940192,-0.0804572923245899,0.5722515329206536,1.877362387253564,0.7567894217032689,-0.7084690268848785
0.4210777262745461,-0.16988837225830958,-0.4640291883353377,0.018791264651596317,0.5863641561691995,0.2945243112739994,0.8851069146098838,0.5250049246537828,0.0214488863666077,-0.0827084091308117,0.5728382805720198,1.8749310277047653,0.7562084264798572,-0.710361575681932
0.4210777262745461,-0.16988837225830958,-0.4640291883353377,0.018791264651596317,0.5863641561691995,0.2945243112739994,0.8851069146098838,0.5227039534719548,0.0244133042391963,-0.0849595259370336,0.5734250282233859,1.872499668155967,0.7556274312564457,-0.7122541244789857
0.4210777262745461,-0.16988837225830958,-0.4640291883353377,0.018791264651596317,0.5863641561691995,0.2945243112739994,0.8851069146098838,0.5204029822901266,0.0273777221117849,-0.0872106427432554,0.574011775874752,1.8700683086071688,0.755046436033034,-0.7141466732760393
0.4210777262745461,-0.16988837225830958,-0.4640291883353377,0.018791264651596317,0.5863641561691995,0.2945243112739994,0.8851069146098838,0.5181020111082986,0.0303421399843734,-0.0894617595494773,0.5745985235261182,1.86763694905837,0.7544654408096224,-0.7160392220730929
0.4210777262745461,-0.16988837225830958,-0.4640291883353377,0.018791264651596317,0.5863641561691995,0.2945243112739994,0.8851069146098838,0.5158010399264703,0.033306557856962,-0.0917128763556991,0.5751852711774844,1.865205589509572,0.7538844455862108,-0.7179317708701465
0.4210777262745461,-0.16988837225830958,-0.4640291883353377,0.018791264651596317,0.5863641561691995,0.2945243112739994,0.8851069146098838,0.5135000687446423,0.0362709757295506,-0.093963993161921,0.5757720188288505,1.8627742299607728,0.7533034503627992,-0.7198243196672002
0.4210777262745461,-0.16988837225830958,-0.4640291883353377,0.018791264651596317,0.5863641561691995,0.2945243112739994,0.8851069146098838,0.5111990975628141,0.0392353936021391,-0.0962151099681428,0.5763587664802168,1.8603428704119749,0.7527224551393876,-0.7217168684642538
0.4210777262745461,-0.16988837225830958,-0.4640291883353377,0.018791264651596317,0.5863641561691995,0.2945243112739994,0.8851069146098838,0.508898126380986,0.0421998114747277,-0.0984662267743647,0.5769455141315829,1.8579115108631763,0.752141459915976,-0.7236094172613075
0.4210777262745461,-0.16988837225830958,-0.4640291883353377,0.018791264651596317,0.5863641561691995,0.2945243112739994,0.8851069146098838,0.5065971551991579,0.0451642293473163,-0.1007173435805865,0.577532261782949,1.8554801513143784,0.7515604646925644,-0.725501966058361
0.4210777262745461,-0.16988837225830958,-0.4640291883353377,0.018791264651596317,0.5863641561691995,0.2945243112739994,0.8851069146098838,0.5042961840173298,0.0481286472199048,-0.1029684603868083,0.5781190094343153,1.85304879176558,0.7509794694691528,-0.7273945148554146
0.4210777262745461,-0.16988837225830958,-0.4640291883353377,0.018791264651596317,0.5863641561691995,0.2945243112739994,0.8851069146098838,0.5019952128355016,0.0510930650924934,-0.1052195771930302,0.5787057570856815,1.8506174322167812,0.7503984742457412,-0.7292870636524682
0.4210777262745461,-0.16988837225830958,-0.4640291883353377,0.018791264651596317,0.5863641561691995,0.2945243112739994,0.8851069146098838,0.4996942416536735,0.0540574829650819,-0.107470693999252,0.5792925047370476,1.848186072667983,0.7498174790223296,-0.731179612449522
0.4210777262745461,-0.16988837225830958,-0.4640291883353377,0.018791264651596317,0.5863641561691995,0.2945243112739994,0.8851069146098838,0.4973932704718454,0.0570219008376705,-0.1097218108054739,0.5798792523884138,1.8457547131191845,0.749236483798918,-0.7330721612465756
0.4210777262745461,-0.16988837225830958,-0.4640291883353377,0.018791264651596317,0.5863641561691995,0.2945243112739994,0.8851069146098838,0.4950922992900173,0.0599863187102591,-0.1119729276116957,0.58046600003978,1.843323353570386,0.7486554885755063,-0.7349647100436292
0.4210777262745461,-0.16988837225830958,-0.4640291883353377,0.018791264651596317,0.5863641561691995,0.2945243112739994,0.8851069146098838,0.4927913281081891,0.0629507365828476,-0.1142240444179176,0.5810527476911461,1.840891994021588,0.7480744933520949,-0.7368572588406828
0.4210777262745461,-0.16988837225830958,-0.4640291883353377,0.018791264651596317,0.5863641561691995,0.2945243112739994,0.8851069146098838,0.490490356926361,0.0659151544554362,-0.1164751612241394,0.5816394953425124,1.8384606344727892,0.7474934981286832,-0.7387498076377365
0.4210777262745461,-0.16988837225830958,-0.4640291883353377,0.018791264651596317,0.5863641561691995,0.2945243112739994,0.8851069146098838,0.4881893857445329,0.0688795723280247,-0.1187262780303613,0.5822262429938785,1.8360292749239917,0.7469125029052717,-0.7406423564347902
0.4210777262745461,-0.16988837225830958,-0.4640291883353377,0.018791264651596317,0.5863641561691995,0.2945243112739994,0.8851069146098838,0.4858884145627047,0.0718439902006133,-0.1209773948365831,0.5828129906452446,1.833597915375193,0.74633150768186,-0.7425349052318437
0.4210777262745461,-0.16988837225830958,-0.4640291883353377,0.018791264651596317,0.5863641561691995,0.2945243112739994,0.8851069146098838,0.4835874433808767,0.0748084080732019,-0.1232285116428049,0.5833997382966108,1.8311665558263943,0.7457505124584485,-0.7444274540288973
0.4210777262745461,-0.16988837225830958,-0.4640291883353377,0.018791264651596317,0.5863641561691995,0.2945243112739994,0.8851069146098838,0.4812864721990485,0.0777728259457904,-0.1254796284490268,0.583986485947977,1.828735196277596,0.7451695172350368,-0.7463200028259509
0.4210777262745461,-0.16988837225830958,-0.4640291883353377,0.018791264651596317,0.5863641561691995,0.2945243112739994,0.8851069146098838,0.4789855010172205,0.080737243818379,-0.1277307452552487,0.5845732335993432,1.8263038367287976,0.7445885220116253,-0.7482125516230047
0.4210777262745461,-0.16988837225830958,-0.4640291883353377,0.018791264651596317,0.5863641561691995,0.2945243112739994,0.8851069146098838,0.4766845298353923,0.0837016616909676,-0.1299818620614705,0.5851599812507093,1.823872477179999,0.7440075267882136,-0.7501051004200583
0.4210777262745461,-0.16988837225830958,-0.4640291883353377,0.018791264651596317,0.5863641561691995,0.2945243112739994,0.8851069146098838,0.4743835586535642,0.0866660795635561,-0.1322329788676923,0.5857467289020755,1.8214411176312009,0.7434265315648021,-0.7519976492171119
0.4210777262745461,-0.16988837225830958,-0.4640291883353377,0.018791264651596317,0.5863641561691995,0.2945243112739994,0.8851069146098838,0.472082587471736,0.0896304974361447,-0.1344840956739142,0.5863334765534416,1.8190097580824025,0.7428455363413904,-0.7538901980141655
0.4210777262745461,-0.16988837225830958,-0.4640291883353377,0.018791264651596317,0.5863641561691995,0.2945243112739994,0.8851069146098838,0.4697816162899079,0.0925949153087332,-0.136735212480136,0.5869202242048078,1.816578398533604,0.7422645411179789,-0.7557827468112192
0.4210777262745461,-0.16988837225830958,-0.4640291883353377,0.018791264651596317,0.5863641561691995,0.2945243112739994,0.8851069146098838,0.4674806451080797,0.0955593331813218,-0.1389863292863579,0.587506971856174,1.8141470389848056,0.7416835458945672,-0.7576752956082726
0.4210777262745461,-0.16988837225830958,-0.4640291883353377,0.018791264651596317,0.5863641561691995,0.2945243112739994,0.8851069146098838,0.4651796739262517,0.0985237510539104,-0.1412374460925797,0.5880937195075402,1.8117156794360076,0.7411025506711557,-0.7595678444053264
0.4210777262745461,-0.16988837225830958,-0.4640291883353377,0.018791264651596317,0.5863641561691995,0.2945243112739994,0.8851069146098838,0.4628787027444235,0.1014881689264989,-0.1434885628988016,0.5886804671589063,1.8092843198872088,0.7405215554477439,-0.76146039320238
0.4210777262745461,-0.16988837225830958,-0.4640291883353377,0.018791264651596317,0.5863641561691995,0.2945243112739994,0.8851069146098838,0.4605777315625955,0.1044525867990875,-0.1457396797050234,0.5892672148102724,1.8068529603384105,0.7399405602243324,-0.7633529419994336
0.4210777262745461,-0.16988837225830958,-0.4640291883353377,0.018791264651596317,0.5863641561691995,0.2945243112739994,0.8851069146098838,0.4582767603807673,0.107417004671676,-0.1479907965112452,0.5898539624616387,1.804421600789612,0.7393595650009208,-0.7652454907964872
0.4210777262745461,-0.16988837225830958,-0.4640291883353377,0.018791264651596317,0.5863641561691995,0.2945243112739994,0.8851069146098838,0.4559757891989392,0.1103814225442646,-0.1502419133174671,0.5904407101130048,1.8019902412408135,0.7387785697775092,-0.7671380395935409
0.4210777262745461,-0.16988837225830958,-0.4640291883353377,0.018791264651596317,0.5863641561691995,0.2945243112739994,0.8851069146098838,0.4536748180171111,0.1133458404168532,-0.1524930301236889,0.591027457764371,1.7995588816920154,0.7381975745540976,-0.7690305883905946
0.4210777262745461,-0.16988837225830958,-0.4640291883353377,0.018791264651596317,0.5863641561691995,0.2945243112739994,0.8851069146098838,0.451373846835283,0.1163102582894417,-0.1547441469299108,0.5916142054157372,1.797127522143217,0.737616579330686,-0.7709231371876482
0.4210777262745461,-0.16988837225830958,-0.4640291883353377,0.018791264651596317,0.5863641561691995,0.2945243112739994,0.8851069146098838,0.4490728756534549,0.1192746761620303,-0.1569952637361326,0.5922009530671034,1.7946961625944189,0.7370355841072744,-0.7728156859847017
0.4210777262745461,-0.16988837225830958,-0.4640291883353377,0.018791264651596317,0.5863641561691995,0.2945243112739994,0.8851069146098838,0.4467719044716267,0.1222390940346189,-0.1592463805423545,0.5927877007184695,1.7922648030456203,0.7364545888838628,-0.7747082347817554
0.4210777262745461,-0.16988837225830958,-0.4640291883353377,0.018791264651596317,0.5863641561691995,0.2945243112739994,0.8851069146098838,0.4444709332897986,0.1252035119072074,-0.1614974973485763,0.5933744483698358,1.789833443496822,0.7358735936604512,-0.776600783578809
0.4210777262745461,-0.16988837225830958,-0.4640291883353377,0.018791264651596317,0.5863641561691995,0.2945243112739994,0.8851069146098838,0.4421699621079705,0.128167929779796,-0.1637486141547982,0.5939611960212019,1.7874020839480234,0.7352925984370396,-0.7784933323758627
0.4210777262745461,-0.16988837225830958,-0.4640291883353377,0.018791264651596317,0.5863641561691995,0.2945243112739994,0.8851069146098838,0.4398689909261423,0.1311323476523846,-0.16599973096102,0.594547943672568,1.784970724399225,0.734711603213628,-0.7803858811729163
0.4210777262745461,-0.16988837225830958,-0.4640291883353377,0.018791264651596317,0.5863641561691995,0.2945243112739994,0.8851069146098838,0.4375680197443142,0.1340967655249731,-0.1682508477672419,0.5951346913239342,1.7825393648504266,0.7341306079902165,-0.7822784299699699
0.4210777262745461,-0.16988837225830958,-0.4640291883353377,0.018791264651596317,0.5863641561691995,0.2945243112739994,0.8851069146098838,0.4352670485624861,0.1370611833975617,-0.1705019645734637,0.5957214389753004,1.7801080053016285,0.7335496127668049,-0.7841709787670236
0.4210777262745461,-0.16988837225830958,-0.4640291883353377,0.018791264651596317,0.5863641561691995,0.2945243112739994,0.8851069146098838,0.4329660773806579,0.1400256012701503,-0.1727530813796856,0.5963081866266666,1.77767664575283,0.7329686175433933,-0.7860635275640772
0.4210777262745461,-0.16988837225830958,-0.4640291883353377,0.018791264651596317,0.5863641561691995,0.2945243112739994,0.8851069146098838,0.4306651061988299,0.1429900191427388,-0.1750041981859074,0.5968949342780328,1.7752452862040318,0.7323876223199817,-0.7879560763611309
0.4210777262745461,-0.16988837225830958,-0.4640291883353377,0.018791264651596317,0.5863641561691995,0.2945243112739994,0.8851069146098838,0.4283641350170017,0.1459544370153274,-0.1772553149921292,0.5974816819293989,1.7728139266552332,0.73180662709657,-0.7898486251581844
0.4210777262745461,-0.16988837225830958,-0.4640291883353377,0.018791264651596317,0.5863641561691995,0.2945243112739994,0.8851069146098838,0.4260631638351737,0.1489188548879159,-0.1795064317983511,0.5980684295807651,1.7703825671064348,0.7312256318731585,-0.7917411739552381
0.4210777262745461,-0.16988837225830958,-0.4640291883353377,0.018791264651596317,0.5863641561691995,0.2945243112739994,0.8851069146098838,0.4237621926533455,0.1518832727605045,-0.1817575486045729,0.5986551772321311,1.7679512075576362,0.7306446366497468,-0.7936337227522916
0.4210777262745461,-0.16988837225830958,-0.4640291883353377,0.018791264651596317,0.5863641561691995,0.2945243112739994,0.8851069146098838,0.4214612214715175,0.154847690633093,-0.1840086654107948,0.5992419248834975,1.765519848008838,0.7300636414263353,-0.7955262715493454
0.4210777262745461,-0.16988837225830958,-0.4640291883353377,0.018791264651596317,0.5863641561691995,0.2945243112739994,0.8851069146098838,0.4191602502896893,0.1578121085056816,-0.1862597822170166,0.5998286725348636,1.7630884884600395,0.7294826462029236,-0.797418820346399
0.4210777262745461,-0.16988837225830958,-0.4640291883353377,0.018791264651596317,0.5863641561691995,0.2945243112739994,0.8851069146098838,0.4168592791078612,0.1607765263782702,-0.1885108990232384,0.6004154201862297,1.7606571289112414,0.7289016509795121,-0.7993113691434526
0.4210777262745461,-0.16988837225830958,-0.4640291883353377,0.018791264651596317,0.5863641561691995,0.2945243112739994,0.8851069146098838,0.414558307926033,0.1637409442508587,-0.1907620158294603,0.6010021678375959,1.7582257693624428,0.7283206557561004,-0.8012039179405062
0.4210777262745461,-0.16988837225830958,-0.4640291883353377,0.018791264651596317,0.5863641561691995,0.2945243112739994,0.8851069146098838,0.4122573367442049,0.1667053621234473,-0.1930131326356821,0.6015889154889622,1.7557944098136449,0.7277396605326889,-0.8030964667375599
0.4210777262745461,-0.16988837225830958,-0.4640291883353377,0.018791264651596317,0.5863641561691995,0.2945243112739994,0.8851069146098838,0.4099563655623767,0.1696697799960358,-0.195264249441904,0.6021756631403282,1.753363050264846,0.7271586653092772,-0.8049890155346134
0.4210777262745461,-0.16988837225830958,-0.4640291883353377,0.018791264651596317,0.5863641561691995,0.2945243112739994,0.8851069146098838,0.4076553943805487,0.1726341978686244,-0.1975153662481258,0.6027624107916945,1.7509316907160477,0.7265776700858657,-0.8068815643316671
0.4210777262745461,-0.16988837225830958,-0.4640291883353377,0.018791264651596317,0.5863641561691995,0.2945243112739994,0.8851069146098838,0.4053544231987205,0.175598615741213,-0.1997664830543477,0.6033491584430606,1.7485003311672491,0.725996674862454,-0.8087741131287207
0.4210777262745461,-0.16988837225830958,-0.4640291883353377,0.018791264651596317,0.5863641561691995,0.2945243112739994,0.8851069146098838,0.4030534520168924,0.1785630336138015,-0.2020175998605695,0.6039359060944267,1.746068971618451,0.7254156796390425,-0.8106666619257743
0.4210777262745461,-0.16988837225830958,-0.4640291883353377,0.018791264651596317,0.5863641561691995,0.2945243112739994,0.8851069146098838,0.4007524808350643,0.1815274514863901,-0.2042687166667914,0.6045226537457928,1.7436376120696526,0.7248346844156308,-0.812559210722828
0.4210777262745461,-0.16988837225830958,-0.4640291883353377,0.018791264651596317,0.5863641561691995,0.2945243112739994,0.8851069146098838,0.3984515096532361,0.1844918693589786,-0.2065198334730132,0.6051094013971592,1.7412062525208545,0.7242536891922192,-0.8144517595198816
0.4210777262745461,-0.16988837225830958,-0.4640291883353377,0.018791264651596317,0.5863641561691995,0.2945243112739994,0.8851069146098838,0.3961505384714081,0.1874562872315672,-0.2087709502792351,0.6056961490485253,1.738774892972056,0.7236726939688076,-0.8163443083169353
0.4210777262745461,-0.16988837225830958,-0.4640291883353377,0.018791264651596317,0.5863641561691995,0.2945243112739994,0.8851069146098838,0.39384956728958,0.1904207051041558,-0.2110220670854569,0.6062828966998914,1.7363435334232575,0.723091698745396,-0.8182368571139889
0.4210777262745461,-0.16988837225830958,-0.4640291883353377,0.018791264651596317,0.5863641561691995,0.2945243112739994,0.8851069146098838,0.3915485961077519,0.1933851229767444,-0.2132731838916787,0.6068696443512576,1.733912173874459,0.7225107035219844,-0.8201294059110424
0.4210777262745461,-0.16988837225830958,-0.4640291883353377,0.018791264651596317,0.5863641561691995,0.2945243112739994,0.8851069146098838,0.3892476249259237,0.1963495408493329,-0.2155243006979006,0.6074563920026238,1.7314808143256606,0.7219297082985728,-0.8220219547080961
0.4210777262745461,-0.16988837225830958,-0.4640291883353377,0.018791264651596317,0.5863641561691995,0.2945243112739994,0.8851069146098838,0.3869466537440956,0.1993139587219215,-0.2177754175041224,0.60804313965399,1.7290494547768622,0.7213487130751612,-0.8239145035051498
0.4210777262745461,-0.16988837225830958,-0.4640291883353377,0.018791264651596317,0.5863641561691995,0.2945243112739994,0.8851069146098838,0.3846456825622675,0.2022783765945101,-0.2200265343103443,0.6086298873053562,1.726618095228064,0.7207677178517496,-0.8258070523022034
0.4210777262745461,-0.16988837225830958,-0.4640291883353377,0.018791264651596317,0.5863641561691995,0.2945243112739994,0.8851069146098838,0.3823447113804393,0.2052427944670986,-0.2222776511165661,0.6092166349567223,1.7241867356792655,0.720186722628338,-0.827699601099257
0.4210777262745461,-0.16988837225830958,-0.4640291883353377,0.018791264651596317,0.5863641561691995,0.2945243112739994,0.8851069146098838,0.3800437401986112,0.2082072123396872,-0.224528767922788,0.6098033826080884,1.7217553761304671,0.7196057274049265,-0.8295921498963107
0.4210777262745461,-0.16988837225830958,-0.4640291883353377,0.018791264651596317,0.5863641561691995,0.2945243112739994,0.8851069146098838,0.3777427690167831,0.2111716302122757,-0.2267798847290098,0.6103901302594548,1.7193240165816688,0.7190247321815149,-0.8314846986933644
0.4210777262745461,-0.16988837225830958,-0.4640291883353377,0.018791264651596317,0.5863641561691995,0.2945243112739994,0.8851069146098838,0.3754417978349549,0.2141360480848643,-0.2290310015352317,0.6109768779108209,1.7168926570328704,0.7184437369581032,-0.8333772474904179
0.4210777262745461,-0.16988837225830958,-0.4640291883353377,0.018791264651596317,0.5863641561691995,0.2945243112739994,0.8851069146098838,0.3731408266531268,0.2171004659574529,-0.2312821183414535,0.611563625562187,1.714461297484072,0.7178627417346917,-0.8352697962874716
0.4210777262745461,-0.16988837225830958,-0.4640291883353377,0.018791264651596317,0.5863641561691995,0.2945243112739994,0.8851069146098838,0.3708398554712987,0.2200648838300415,-0.2335332351476753,0.6121503732135531,1.7120299379352737,0.71728174651128,-0.8371623450845251
0.4210777262745461,-0.16988837225830958,-0.4640291883353377,0.018791264651596317,0.5863641561691995,0.2945243112739994,0.8851069146098838,0.3685388842894707,0.22302930170263,-0.2357843519538972,0.6127371208649194,1.709598578386475,0.7167007512878685,-0.839054893881579
0.4210777262745461,-0.16988837225830958,-0.4640291883353377,0.018791264651596317,0.5863641561691995,0.2945243112739994,0.8851069146098838,0.3662379131076425,0.2259937195752186,-0.238035468760119,0.6133238685162855,1.707167218837677,0.7161197560644568,-0.8409474426786324
0.4210777262745461,-0.16988837225830958,-0.4640291883353377,0.018791264651596317,0.5863641561691995,0.2945243112739994,0.8851069146098838,0.3639369419258144,0.2289581374478071,-0.2402865855663409,0.6139106161676516,1.7047358592888786,0.7155387608410453,-0.8428399914756861
0.4210777262745461,-0.16988837225830958,-0.4640291883353377,0.018791264651596317,0.5863641561691995,0.2945243112739994,0.8851069146098838,0.3616359707439863,0.2319225553203957,-0.2425377023725627,0.6144973638190179,1.7023044997400802,0.7149577656176336,-0.8447325402727397
0.4210777262745461,-0.16988837225830958,-0.4640291883353377,0.018791264651596317,0.5863641561691995,0.2945243112739994,0.8851069146098838,0.3593349995621582,0.2348869731929842,-0.2447888191787846,0.615084111470384,1.699873140191282,0.7143767703942221,-0.8466250890697933
0.4210777262745461,-0.16988837225830958,-0.4640291883353377,0.018791264651596317,0.5863641561691995,0.2945243112739994,0.8851069146098838,0.35703402838033,0.2378513910655728,-0.2470399359850064,0.6156708591217501,1.6974417806424833,0.7137957751708104,-0.8485176378668469
0.4210777262745461,-0.16988837225830958,-0.4640291883353377,0.018791264651596317,0.5863641561691995,0.2945243112739994,0.8851069146098838,0.3547330571985019,0.2408158089381613,-0.2492910527912282,0.6162576067731164,1.695010421093685,0.7132147799473989,-0.8504101866639006
0.4210777262745461,-0.16988837225830958,-0.4640291883353377,0.018791264651596317,0.5863641561691995,0.2945243112739994,0.8851069146098838,0.3524320860166738,0.2437802268107499,-0.25154216959745,0.6168443544244826,1.6925790615448866,0.7126337847239872,-0.8523027354609543
0.4210777262745461,-0.16988837225830958,-0.4640291883353377,0.018791264651596317,0.5863641561691995,0.2945243112739994,0.8851069146098838,0.3501311148348457,0.2467446446833385,-0.253793286403672,0.6174311020758487,1.6901477019960884,0.7120527895005757,-0.8541952842580078
0.4210777262745461,-0.16988837225830958,-0.4640291883353377,0.018791264651596317,0.5863641561691995,0.2945243112739994,0.8851069146098838,0.3478301436530175,0.249709062555927,-0.2560444032098938,0.6180178497272149,1.68771634244729,0.711471794277164,-0.8560878330550614
0.4210777262745461,-0.16988837225830958,-0.4640291883353377,0.018791264651596317,0.5863641561691995,0.2945243112739994,0.8851069146098838,0.3455291724711894,0.2526734804285156,-0.2582955200161156,0.618604597378581,1.6852849828984915,0.7108907990537524,-0.8579803818521151
0.4210777262745461,-0.16988837225830958,-0.4640291883353377,0.018791264651596317,0.5863641561691995,0.2945243112739994,0.8851069146098838,0.3432282012893613,0.2556378983011041,-0.2605466368223375,0.6191913450299472,1.6828536233496931,0.7103098038303408,-0.8598729306491688
0.4210777262745461,-0.16988837225830958,-0.4640291883353377,0.018791264651596317,0.5863641561691995,0.2945243112739994,0.8851069146098838,0.3409272301075332,0.2586023161736928,-0.2627977536285593,0.6197780926813133,1.6804222638008948,0.7097288086069292,-0.8617654794462223
0.4210777262745461,-0.16988837225830958,-0.4640291883353377,0.018791264651596317,0.5863641561691995,0.2945243112739994,0.8851069146098838,0.3386262589257051,0.2615667340462813,-0.2650488704347812,0.6203648403326796,1.6779909042520962,0.7091478133835176,-0.863658028243276
0.4210777262745461,-0.16988837225830958,-0.4640291883353377,0.018791264651596317,0.5863641561691995,0.2945243112739994,0.8851069146098838,0.3363252877438769,0.2645311519188699,-0.267299987241003,0.6209515879840457,1.6755595447032978,0.708566818160106,-0.8655505770403296
0.4210777262745461,-0.16988837225830958,-0.4640291883353377,0.018791264651596317,0.5863641561691995,0.2945243112739994,0.8851069146098838,0.3340243165620488,0.2674955697914584,-0.2695511040472249,0.6215383356354118,1.6731281851544997,0.7079858229366944,-0.8674431258373833
0.4210777262745461,-0.16988837225830958,-0.4640291883353377,0.018791264651596317,0.5863641561691995,0.2945243112739994,0.8851069146098838,0.3317233453802207,0.270459987664047,-0.2718022208534467,0.6221250832867781,1.670696825605701,0.7074048277132828,-0.8693356746344368
0.4210777262745461,-0.16988837225830958,-0.4640291883353377,0.018791264651596317,0.5863641561691995,0.2945243112739994,0.8851069146098838,0.3294223741983926,0.2734244055366355,-0.2740533376596685,0.6227118309381443,1.6682654660569027,0.7068238324898712,-0.8712282234314905
0.4210777262745461,-0.16988837225830958,-0.4640291883353377,0.018791264651596317,0.5863641561691995,0.2945243112739994,0.8851069146098838,0.3271214030165644,0.2763888234092241,-0.2763044544658904,0.6232985785895104,1.6658341065081044,0.7062428372664596,-0.8731207722285441
0.4210777262745461,-0.16988837225830958,-0.4640291883353377,0.018791264651596317,0.5863641561691995,0.2945243112739994,0.8851069146098838,0.3248204318347363,0.2793532412818127,-0.2785555712721123,0.6238853262408766,1.663402746959306,0.705661842043048,-0.8750133210255977
0.4210777262745461,-0.16988837225830958,-0.4640291883353377,0.018791264651596317,0.5863641561691995,0.2945243112739994,0.8851069146098838,0.3225194606529082,0.2823176591544012,-0.2808066880783341,0.6244720738922427,1.6609713874105076,0.7050808468196363,-0.8769058698226514
0.4210777262745461,-0.16988837225830958,-0.4640291883353377,0.018791264651596317,0.5863641561691995,0.2945243112739994,0.8851069146098838,0.3202184894710801,0.2852820770269898,-0.2830578048845559,0.6250588215436089,1.6585400278617093,0.7044998515962249,-0.8787984186197051
0.4210777262745461,-0.16988837225830958,-0.4640291883353377,0.018791264651596317,0.5863641561691995,0.2945243112739994,0.8851069146098838,0.3179175182892519,0.2882464948995784,-0.2853089216907778,0.6256455691949752,1.656108668312911,0.7039188563728132,-0.8806909674167587
0.4210777262745461,-0.16988837225830958,-0.4640291883353377,0.018791264651596317,0.5863641561691995,0.2945243112739994,0.8851069146098838,0.3156165471074238,0.291210912772167,-0.2875600384969997,0.6262323168463413,1.6536773087641126,0.7033378611494017,-0.8825835162138123
0.4210777262745461,-0.16988837225830958,-0.4640291883353377,0.018791264651596317,0.5863641561691995,0.2945243112739994,0.8851069146098838,0.3133155759255957,0.2941753306447555,-0.2898111553032215,0.6268190644977074,1.6512459492153142,0.70275686592599,-0.8844760650108658
0.4210777262745461,-0.16988837225830958,-0.4640291883353377,0.018791264651596317,0.5863641561691995,0.2945243112739994,0.8851069146098838,0.3110146047437676,0.2971397485173441,-0.2920622721094433,0.6274058121490736,1.6488145896665158,0.7021758707025785,-0.8863686138079195
0.4210777262745461,-0.16988837225830958,-0.4640291883353377,0.018791264651596317,0.5863641561691995,0.2945243112739994,0.8851069146098838,0.3087136335619395,0.3001041663899326,-0.2943133889156652,0.6279925598004398,1.6463832301177173,0.7015948754791669,-0.8882611626049732
0.4210777262745461,-0.16988837225830958,-0.4640291883353377,0.018791264651596317,0.5863641561691995,0.2945243112739994,0.8851069146098838,0.3064126623801114,0.3030685842625212,-0.296564505721887,0.628579307451806,1.643951870568919,0.7010138802557552,-0.8901537114020268
0.4210777262745461,-0.16988837225830958,-0.4640291883353377,0.018791264651596317,0.5863641561691995,0.2945243112739994,0.8851069146098838,0.3041116911982832,0.3060330021351097,-0.2988156225281089,0.6291660551031721,1.6415205110201203,0.7004328850323436,-0.8920462601990804
0.4210777262745461,-0.16988837225830958,-0.4640291883353377,0.018791264651596317,0.5863641561691995,0.2945243112739994,0.8851069146098838,0.3018107200164552,0.3089974200076982,-0.3010667393343307,0.6297528027545383,1.6390891514713224,0.6998518898089321,-0.8939388089961341
0.4210777262745461,-0.16988837225830958,-0.4640291883353377,0.018791264651596317,0.5863641561691995,0.2945243112739994,0.8851069146098838,0.299509748834627,0.3119618378802868,-0.3033178561405525,0.6303395504059044,1.636657791922524,0.6992708945855204,-0.8958313577931876
0.4210777262745461,-0.16988837225830958,-0.4640291883353377,0.018791264651596317,0.5863641561691995,0.2945243112739994,0.8851069146098838,0.2972087776527989,0.3149262557528754,-0.3055689729467744,0.6309262980572706,1.6342264323737257,0.6986898993621089,-0.8977239065902413
0.4210777262745461,-0.16988837225830958,-0.4640291883353377,0.018791264651596317,0.5863641561691995,0.2945243112739994,0.8851069146098838,0.2949078064709708,0.3178906736254639,-0.3078200897529962,0.6315130457086369,1.6317950728249273,0.6981089041386973,-0.899616455387295
0.4210777262745461,-0.16988837225830958,-0.4640291883353377,0.018791264651596317,0.5863641561691995,0.2945243112739994,0.8851069146098838,0.2926068352891426,0.3208550914980525,-0.3100712065592181,0.632099793360003,1.6293637132761287,0.6975279089152856,-0.9015090041843484
0.4210777262745461,-0.16988837225830958,-0.4640291883353377,0.018791264651596317,0.5863641561691995,0.2945243112739994,0.8851069146098838,0.2903058641073145,0.3238195093706411,-0.3123223233654399,0.6326865410113691,1.6269323537273304,0.696946913691874,-0.903401552981402
0.4210777262745461,-0.16988837225830958,-0.4640291883353377,0.018791264651596317,0.5863641561691995,0.2945243112739994,0.8851069146098838,0.2880048929254864,0.3267839272432297,-0.3145734401716618,0.6332732886627354,1.624500994178532,0.6963659184684624,-0.9052941017784558
0.4210777262745461,-0.16988837225830958,-0.4640291883353377,0.018791264651596317,0.5863641561691995,0.2945243112739994,0.8851069146098838,0.2857039217436583,0.3297483451158182,-0.3168245569778836,0.6338600363141015,1.6220696346297336,0.6957849232450508,-0.9071866505755096
0.4210777262745461,-0.16988837225830958,-0.4640291883353377,0.018791264651596317,0.5863641561691995,0.2945243112739994,0.8851069146098838,0.2834029505618302,0.3327127629884068,-0.3190756737841054,0.6344467839654676,1.619638275080935,0.6952039280216392,-0.9090791993725632
0.4210777262745461,-0.16988837225830958,-0.4640291883353377,0.018791264651596317,0.5863641561691995,0.2945243112739994,0.8851069146098838,0.2811019793800021,0.3356771808609953,-0.3213267905903273,0.6350335316168338,1.6172069155321367,0.6946229327982276,-0.9109717481696168
0.4210777262745461,-0.16988837225830958,-0.4640291883353377,0.018791264651596317,0.5863641561691995,0.2945243112739994,0.8851069146098838,0.2788010081981739,0.3386415987335839,-0.3235779073965491,0.6356202792682,1.6147755559833383,0.694041937574816,-0.9128642969666704
0.4210777262745461,-0.16988837225830958,-0.4640291883353377,0.018791264651596317,0.5863641561691995,0.2945243112739994,0.8851069146098838,0.2765000370163458,0.3416060166061724,-0.325829024202771,0.6362070269195661,1.61234419643454,0.6934609423514044,-0.914756845763724
0.4210777262745461,-0.16988837225830958,-0.4640291883353377,0.018791264651596317,0.5863641561691995,0.2945243112739994,0.8851069146098838,0.2741990658345177,0.344570434478761,-0.3280801410089928,0.6367937745709323,1.6099128368857416,0.6928799471279928,-0.9166493945607777
0.4210777262745461,-0.16988837225830958,-0.4640291883353377,0.018791264651596317,0.5863641561691995,0.2945243112739994,0.8851069146098838,0.2718980946526896,0.3475348523513496,-0.3303312578152146,0.6373805222222985,1.6074814773369432,0.6922989519045812,-0.9185419433578312
0.4210777262745461,-0.16988837225830958,-0.4640291883353377,0.018791264651596317,0.5863641561691995,0.2945243112739994,0.8851069146098838,0.2695971234708614,0.3504992702239382,-0.3325823746214366,0.6379672698736647,1.6050501177881449,0.6917179566811696,-0.9204344921548848
0.4210777262745461,-0.16988837225830958,-0.4640291883353377,0.018791264651596317,0.5863641561691995,0.2945243112739994,0.8851069146098838,0.2672961522890333,0.3534636880965268,-0.3348334914276584,0.6385540175250308,1.6026187582393463,0.691136961457758,-0.9223270409519384
0.4210777262745461,-0.16988837225830958,-0.4640291883353377,0.018791264651596317,0.5863641561691995,0.2945243112739994,0.8851069146098838,0.2649951811072052,0.3564281059691153,-0.3370846082338802,0.639140765176397,1.6001873986905482,0.6905559662343465,-0.924219589748992
0.4210777262745461,-0.16988837225830958,-0.4640291883353377,0.018791264651596317,0.5863641561691995,0.2945243112739994,0.8851069146098838,0.262694209925377,0.3593925238417039,-0.339335725040102,0.6397275128277632,1.5977560391417498,0.6899749710109349,-0.9261121385460458
0.4210777262745461,-0.16988837225830958,-0.4640291883353377,0.018791264651596317,0.5863641561691995,0.2945243112739994,0.8851069146098838,0.2603932387435489,0.3623569417142924,-0.3415868418463239,0.6403142604791294,1.5953246795929514,0.6893939757875233,-0.9280046873430994
0.4210777262745461,-0.16988837225830958,-0.4640291883353377,0.018791264651596317,0.5863641561691995,0.2945243112739994,0.8851069146098838,0.2580922675617208,0.365321359586881,-0.3438379586525458,0.6409010081304956,1.592893320044153,0.6888129805641117,-0.9298972361401532
0.4210777262745461,-0.16988837225830958,-0.4640291883353377,0.018791264651596317,0.5863641561691995,0.2945243112739994,0.8851069146098838,0.2557912963798927,0.3682857774594695,-0.3460890754587676,0.6414877557818617,1.5904619604953545,0.6882319853407001,-0.9317897849372064
0.4210777262745461,-0.16988837225830958,-0.4640291883353377,0.018791264651596317,0.5863641561691995,0.2945243112739994,0.8851069146098838,0.2534903251980646,0.3712501953320581,-0.3483401922649894,0.6420745034332279,1.588030600946556,0.6876509901172885,-0.9336823337342602
0.4210777262745461,-0.16988837225830958,-0.4640291883353377,0.018791264651596317,0.5863641561691995,0.2945243112739994,0.8851069146098838,0.2511893540162365,0.3742146132046466,-0.3505913090712113,0.642661251084594,1.5855992413977578,0.6870699948938769,-0.935574882531314
0.4210777262745461,-0.16988837225830958,-0.4640291883353377,0.018791264651596317,0.5863641561691995,0.2945243112739994,0.8851069146098838,0.2488883828344083,0.3771790310772352,-0.3528424258774331,0.6432479987359603,1.5831678818489594,0.6864889996704653,-0.9374674313283676
0.4210777262745461,-0.16988837225830958,-0.4640291883353377,0.018791264651596317,0.5863641561691995,0.2945243112739994,0.8851069146098838,0.2465874116525802,0.3801434489498239,-0.355093542683655,0.6438347463873264,1.580736522300161,0.6859080044470537,-0.9393599801254212
0.4210777262745461,-0.16988837225830958,-0.4640291883353377,0.018791264651596317,0.5863641561691995,0.2945243112739994,0.8851069146098838,0.2442864404707521,0.3831078668224123,-0.3573446594898768,0.6444214940386926,1.578305162751363,0.6853270092236421,-0.9412525289224748
0.4210777262745461,-0.16988837225830958,-0.4640291883353377,0.018791264651596317,0.5863641561691995,0.2945243112739994,0.8851069146098838,0.241985469288924,0.3860722846950009,-0.3595957762960987,0.6450082416900587,1.5758738032025643,0.6847460140002305,-0.9431450777195284
0.4210777262745461,-0.16988837225830958,-0.4640291883353377,0.018791264651596317,0.5863641561691995,0.2945243112739994,0.8851069146098838,0.2396844981070959,0.3890367025675895,-0.3618468931023205,0.6455949893414249,1.573442443653766,0.6841650187768189,-0.945037626516582
0.4210777262745461,-0.16988837225830958,-0.4640291883353377,0.018791264651596317,0.5863641561691995,0.2945243112739994,0.8851069146098838,0.2373835269252678,0.392001120440178,-0.3640980099085423,0.6461817369927911,1.5710110841049676,0.6835840235534073,-0.9469301753136355
0.4210777262745461,-0.16988837225830958,-0.4640291883353377,0.018791264651596317,0.5863641561691995,0.2945243112739994,0.8851069146098838,0.2350825557434396,0.3949655383127666,-0.3663491267147642,0.6467684846441573,1.5685797245561692,0.6830030283299957,-0.9488227241106892
0.4210777262745461,-0.16988837225830958,-0.4640291883353377,0.018791264651596317,0.5863641561691995,0.2945243112739994,0.8851069146098838,0.2327815845616115,0.3979299561853551,-0.368600243520986,0.6473552322955234,1.5661483650073709,0.6824220331065841,-0.9507152729077428
0.4210777262745461,-0.16988837225830958,-0.4640291883353377,0.018791264651596317,0.5863641561691995,0.2945243112739994,0.8851069146098838,0.2304806133797834,0.4008943740579437,-0.3708513603272079,0.6479419799468895,1.5637170054585725,0.6818410378831724,-0.9526078217047964
0.4210777262745461,-0.16988837225830958,-0.4640291883353377,0.018791264651596317,0.5863641561691995,0.2945243112739994,0.8851069146098838,0.2281796421979553,0.4038587919305322,-0.3731024771334297,0.6485287275982557,1.561285645909774,0.6812600426597608,-0.9545003705018502
0.4210777262745461,-0.16988837225830958,-0.4640291883353377,0.018791264651596317,0.5863641561691995,0.2945243112739994,0.8851069146098838,0.2258786710161271,0.4068232098031208,-0.3753535939396515,0.649115475249622,1.5588542863609756,0.6806790474363492,-0.9563929192989038
0.4210777262745461,-0.16988837225830958,-0.4640291883353377,0.018791264651596317,0.5863641561691995,0.2945243112739994,0.8851069146098838,0.223577699834299,0.4097876276757093,-0.3776047107458734,0.649702222900988,1.5564229268121772,0.6800980522129376,-0.9582854680959576
0.4210777262745461,-0.16988837225830958,-0.4640291883353377,0.018791264651596317,0.5863641561691995,0.2945243112739994,0.8851069146098838,0.2212767286524709,0.412752045548298,-0.3798558275520952,0.6502889705523542,1.5539915672633788,0.679517056989526,-0.9601780168930112
0.4210777262745461,-0.16988837225830958,-0.4640291883353377,0.018791264651596317,0.5863641561691995,0.2945243112739994,0.8851069146098838,0.2189757574706428,0.4157164634208866,-0.3821069443583171,0.6508757182037205,1.5515602077145805,0.6789360617661144,-0.9620705656900648
0.4210777262745461,-0.16988837225830958,-0.4640291883353377,0.018791264651596317,0.5863641561691995,0.2945243112739994,0.8851069146098838,0.2166747862888147,0.4186808812934751,-0.3843580611645389,0.6514624658550866,1.549128848165782,0.6783550665427028,-0.9639631144871184
0.4210777262745461,-0.16988837225830958,-0.4640291883353377,0.018791264651596317,0.5863641561691995,0.2945243112739994,0.8851069146098838,0.2143738151069865,0.4216452991660637,-0.3866091779707608,0.6520492135064527,1.5466974886169838,0.6777740713192912,-0.965855663284172
0.4210777262745461,-0.16988837225830958,-0.4640291883353377,0.018791264651596317,0.5863641561691995,0.2945243112739994,0.8851069146098838,0.2120728439251584,0.4246097170386522,-0.3888602947769827,0.652635961157819,1.5442661290681854,0.6771930760958796,-0.9677482120812256
0.4210777262745461,-0.16988837225830958,-0.4640291883353377,0.018791264651596317,0.5863641561691995,0.2945243112739994,0.8851069146098838,0.2097718727433303,0.4275741349112408,-0.3911114115832045,0.6532227088091851,1.541834769519387,0.676612080872468,-0.9696407608782792
0.4210777262745461,-0.16988837225830958,-0.4640291883353377,0.018791264651596317,0.5863641561691995,0.2945243112739994,0.8851069146098838,0.2074709015615022,0.4305385527838293,-0.3933625283894263,0.6538094564605513,1.5394034099705889,0.6760310856490565,-0.9715333096753328
0.4210777262745461,-0.16988837225830958,-0.4640291883353377,0.018791264651596317,0.5863641561691995,0.2945243112739994,0.8851069146098838,0.205169930379674,0.4335029706564179,-0.3956136451956482,0.6543962041119175,1.5369720504217903,0.6754500904256449,-0.9734258584723864
0.4210777262745461,-0.16988837225830958,-0.4640291883353377,0.018791264651596317,0.5863641561691995,0.2945243112739994,0.8851069146098838,0.2028689591978459,0.4364673885290064,-0.39786476200187,0.6549829517632836,1.5345406908729915,0.6748690952022333,-0.97531840726944
0.4210777262745461,-0.16988837225830958,-0.4640291883353377,0.018791264651596317,0.5863641561691995,0.2945243112739994,0.8851069146098838,0.2005679880160178,0.439431806401595,-0.4001158788080919,0.6555696994146498,1.5321093313241934,0.6742880999788217,-0.9772109560664938
0.4210777262745461,-0.16988837225830958,-0.4640291883353377,0.018791264651596317,0.5863641561691995,0.2945243112739994,0.8851069146098838,0.1982670168341897,0.4423962242741835,-0.4023669956143137,0.6561564470660161,1.529677971775395,0.6737071047554101,-0.9791035048635476
0.4210777262745461,-0.16988837225830958,-0.4640291883353377,0.018791264651596317,0.5863641561691995,0.2945243112739994,0.8851069146098838,0.1959660456523616,0.4453606421467722,-0.4046181124205356,0.6567431947173821,1.5272466122265966,0.6731261095319985,-0.9809960536606008
0.4210777262745461,-0.16988837225830958,-0.4640291883353377,0.018791264651596317,0.5863641561691995,0.2945243112739994,0.8851069146098838,0.1936650744705334,0.4483250600193608,-0.4068692292267574,0.6573299423687483,1.5248152526777985,0.6725451143085869,-0.9828886024576546
0.4210777262745461,-0.16988837225830958,-0.4640291883353377,0.018791264651596317,0.5863641561691995,0.2945243112739994,0.8851069146098838,0.1913641032887053,0.4512894778919493,-0.4091203460329792,0.6579166900201145,1.522383893129,0.6719641190851752,-0.9847811512547084
0.4210777262745461,-0.16988837225830958,-0.4640291883353377,0.018791264651596317,0.5863641561691995,0.2945243112739994,0.8851069146098838,0.1890631321068772,0.4542538957645379,-0.4113714628392011,0.6585034376714807,1.5199525335802015,0.6713831238617636,-0.986673700051762
0.4210777262745461,-0.16988837225830958,-0.4640291883353377,0.018791264651596317,0.5863641561691995,0.2945243112739994,0.8851069146098838,0.1867621609250491,0.4572183136371264,-0.4136225796454229,0.6590901853228468,1.5175211740314034,0.6708021286383521,-0.9885662488488156
0.4210777262745461,-0.16988837225830958,-0.4640291883353377,0.018791264651596317,0.5863641561691995,0.2945243112739994,0.8851069146098838,0.184461189743221,0.4601827315097149,-0.4158736964516448,0.659676932974213,1.5150898144826048,0.6702211334149405,-0.9904587976458692
0.4210777262745461,-0.16988837225830958,-0.4640291883353377,0.018791264651596317,0.5863641561691995,0.2945243112739994,0.8851069146098838,0.1821602185613929,0.4631471493823035,-0.4181248132578666,0.660263680625579,1.5126584549338065,0.6696401381915289,-0.9923513464429228
0.4210777262745461,-0.16988837225830958,-0.4640291883353377,0.018791264651596317,0.5863641561691995,0.2945243112739994,0.8851069146098838,0.1798592473795648,0.466111567254892,-0.4203759300640884,0.6608504282769453,1.510227095385008,0.6690591429681173,-0.9942438952399764
0.4210777262745461,-0.16988837225830958,-0.4640291883353377,0.018791264651596317,0.5863641561691995,0.2945243112739994,0.8851069146098838,0.1775582761977366,0.4690759851274806,-0.4226270468703103,0.6614371759283115,1.5077957358362095,0.6684781477447056,-0.99613644403703
0.4210777262745461,-0.16988837225830958,-0.4640291883353377,0.018791264651596317,0.5863641561691995,0.2945243112739994,0.8851069146098838,0.1752573050159085,0.4720404030000691,-0.4248781636765321,0.6620239235796777,1.5053643762874114,0.667897152521294,-0.9980289928340836
0.4210777262745461,-0.16988837225830958,-0.4640291883353377,0.018791264651596317,0.5863641561691995,0.2945243112739994,0.8851069146098838,0.1729563338340804,0.4750048208726577,-0.427129280482754,0.6626106712310438,1.502933016738613,0.6673161572978824,-0.9999215416311372
0.4210777262745461,-0.16988837225830958,-0.4640291883353377,0.018791264651596317,0.5863641561691995,0.2945243112739994,0.8851069146098838,0.1706553626522522,0.4779692387452463,-0.4293803972889758,0.66319741888241,1.5005016571898149,0.6667351620744708,-1.001814090428191
0.4210777262745461,-0.16988837225830958,-0.4640291883353377,0.018791264651596317,0.5863641561691995,0.2945243112739994,0.8851069146098838,0.1683543914704241,0.4809336566178349,-0.4316315140951977,0.6637841665337761,1.498070297641016,0.6661541668510592,-1.0037066392252445
0.4210777262745461,-0.16988837225830958,-0.4640291883353377,0.018791264651596317,0.5863641561691995,0.2945243112739994,0.8851069146098838,0.166053420288596,0.4838980744904235,-0.4338826309014195,0.6643709141851424,1.4956389380922177,0.6655731716276476,-1.005599188022298
0.4210777262745461,-0.16988837225830958,-0.4640291883353377,0.018791264651596317,0.5863641561691995,0.2945243112739994,0.8851069146098838,0.1637524491067679,0.486862492363012,-0.4361337477076413,0.6649576618365085,1.4932075785434191,0.664992176404236,-1.0074917368193517
0.4210777262745461,-0.16988837225830958,-0.4640291883353377,0.018791264651596317,0.5863641561691995,0.2945243112739994,0.8851069146098838,0.1614514779249398,0.4898269102356006,-0.4383848645138632,0.6655444094878746,1.490776218994621,0.6644111811808244,-1.0093842856164057
0.4210777262745461,-0.16988837225830958,-0.4640291883353377,0.018791264651596317,0.5863641561691995,0.2945243112739994,0.8851069146098838,0.1591505067431116,0.4927913281081891,-0.4406359813200851,0.6661311571392409,1.4883448594458226,0.6638301859574128,-1.011276834413459
