{
    "observation.state": {
        "mean": [
            0.39022186398506165,
            0.6676416993141174,
            -0.4788206219673157,
            0.8885968923568726,
            0.14900138974189758,
            0.14100460708141327,
            -0.34031644463539124,
            0.12865447998046875,
            0.6692789196968079,
            0.37519383430480957,
            1.2730796337127686,
            1.2150846719741821,
            -0.10354552417993546,
            0.9829147458076477
        ],
        "std": [
            0.12450047582387924,
            0.2573448419570923,
            0.5837106108665466,
            0.36451297998428345,
            0.3238411843776703,
            0.36506354808807373,
            0.1446843296289444,
            0.5966241955757141,
            0.33704569935798645,
            0.4414730966091156,
            0.4558889865875244,
            0.7753122448921204,
            0.5607135891914368,
            0.7826237082481384
        ],
        "min": [
            0.03604855015873909,
            0.2538738250732422,
            -1.3146311044692993,
            0.5457136631011963,
            -0.5683245658874512,
            -0.16927462816238403,
            -0.4640301764011383,
            -1.0820623636245728,
            -0.14764565229415894,
            -0.10009224712848663,
            0.24473129212856293,
            -0.7949855327606201,
            -0.8077533841133118,
            0.12847089767456055
        ],
        "max": [
            0.6169785857200623,
            0.8873732089996338,
            0.018759677186608315,
            1.554054856300354,
            0.42106759548187256,
            0.7370777726173401,
            -0.13345633447170258,
            1.2996652126312256,
            1.4167791604995728,
            1.272053599357605,
            1.8704274892807007,
            2.0837135314941406,
            1.2137622833251953,
            3.0427122116088867
        ],
        "q01": [
            0.1789204478263855,
            0.274044908285141,
            -1.2855927419662476,
            0.5867050290107727,
            -0.5301468062400818,
            -0.16927462816238403,
            -0.4640301764011383,
            -1.0237527227401733,
            -0.014269927181303502,
            -0.088797188103199,
            0.37624852895736693,
            -0.7378227877616882,
            -0.7898999047279358,
            0.2163238060474396
        ],
        "q99": [
            0.5992069697380066,
            0.8873732089996338,
            0.018759677186608315,
            1.5023807525634767,
            0.42106759548187256,
            0.7338688111305237,
            -0.13464363157749176,
            1.1599331855773927,
            1.4029062747955323,
            1.2352380752563477,
            1.8533007431030273,
            2.0559350204467775,
            1.1309114980697632,
            3.0052463531494142
        ]
    },
    "action": {
        "mean": [
            0.39058759808540344,
            0.6675159931182861,
            -0.47920599579811096,
            0.8891652822494507,
            0.14889472723007202,
            0.14086836576461792,
            -0.34034907817840576,
            0.12942847609519958,
            0.6684654355049133,
            0.3749907314777374,
            1.272786021232605,
            1.2178444862365723,
            -0.10431088507175446,
            0.9823283553123474
        ],
        "std": [
            0.12419816106557846,
            0.25744929909706116,
            0.5839892029762268,
            0.36458536982536316,
            0.3239307403564453,
            0.36488431692123413,
            0.14464296400547028,
            0.5964395999908447,
            0.33746856451034546,
            0.4410327672958374,
            0.45677080750465393,
            0.7729595303535461,
            0.5603786706924438,
            0.7811277508735657
        ],
        "min": [
            0.04643167927861214,
            0.2538738250732422,
            -1.3146311044692993,
            0.5601330995559692,
            -0.5683245658874512,
            -0.16927462816238403,
            -0.4640301764011383,
            -1.0820623636245728,
            -0.14764565229415894,
            -0.10009224712848663,
            0.24473129212856293,
            -0.7949855327606201,
            -0.8077533841133118,
            0.12847089767456055
        ],
        "max": [
            0.6169785857200623,
            0.8873732089996338,
            0.018759677186608315,
            1.554054856300354,
            0.42106759548187256,
            0.7370777726173401,
            -0.13354261219501495,
            1.2996652126312256,
            1.4167791604995728,
            1.272053599357605,
            1.8704274892807007,
            2.0837135314941406,
            1.2137622833251953,
            3.0427122116088867
        ],
        "q01": [
            0.18930357694625854,
            0.274044908285141,
            -1.2855927419662476,
            0.5867050290107727,
            -0.5301468062400818,
            -0.16927462816238403,
            -0.4640301764011383,
            -1.0279902839660644,
            -0.014269927181303502,
            -0.088797188103199,
            0.3676831936836243,
            -0.7378227877616882,
            -0.7898999047279358,
            0.2163238060474396
        ],
        "q99": [
            0.5992069697380066,
            0.8873732089996338,
            0.018759677186608315,
            1.5023807525634767,
            0.42106759548187256,
            0.7338688111305237,
            -0.13472991287708283,
            1.1599331855773927,
            1.4029062747955323,
            1.2352380752563477,
            1.8533007431030273,
            2.0559350204467775,
            1.1309114980697632,
            3.007969093322754
        ]
    },
    "timestamp": {
        "mean": [
            10.319099426269531
        ],
        "std": [
            6.967538356781006
        ],
        "min": [
            0.0
        ],
        "max": [
            25.549999237060547
        ],
        "q01": [
            0.15000000596046448
        ],
        "q99": [
            24.862000198364257
        ]
    },
    "annotation.human.action.task_description": {
        "mean": [
            0.0
        ],
        "std": [
            0.0
        ],
        "min": [
            0.0
        ],
        "max": [
            0.0
        ],
        "q01": [
            0.0
        ],
        "q99": [
            0.0
        ]
    },
    "task_index": {
        "mean": [
            0.0
        ],
        "std": [
            0.0
        ],
        "min": [
            0.0
        ],
        "max": [
            0.0
        ],
        "q01": [
            0.0
        ],
        "q99": [
            0.0
        ]
    },
    "annotation.human.validity": {
        "mean": [
            1.0
        ],
        "std": [
            0.0
        ],
        "min": [
            1.0
        ],
        "max": [
            1.0
        ],
        "q01": [
            1.0
        ],
        "q99": [
            1.0
        ]
    },
    "episode_index": {
        "mean": [
            0.0
        ],
        "std": [
            0.0
        ],
        "min": [
            0.0
        ],
        "max": [
            0.0
        ],
        "q01": [
            0.0
        ],
        "q99": [
            0.0
        ]
    },
    "index": {
        "mean": [
            206.38198852539062
        ],
        "std": [
            139.35076904296875
        ],
        "min": [
            0.0
        ],
        "max": [
            511.0
        ],
        "q01": [
            3.0
        ],
        "q99": [
            497.24
        ]
    },
    "next.reward": {
        "mean": [
            0.0
        ],
        "std": [
            0.0
        ],
        "min": [
            0.0
        ],
        "max": [
            0.0
        ],
        "q01": [
            0.0
        ],