{
  "observation.state": {
    "mean": [
      0.2220408906018892,
      0.8660034437388779,
      0.0006896628073564968,
      0.4009196283901326,
      0.507173822403118,
      -0.10100130876340371,
      -0.3751653263224769,
      0.09762974409667823,
      0.7973174805956997,
      0.12452666441170034,
      1.3534388670364335,
      1.357743330153041,
      -0.23753559554658774,
      0.6200113080407956
    ],
    "std": [
      0.21165739178408688,
      0.06381108629317149,
      0.05161150554607418,
      0.5325862876863716,
      0.2637917743442956,
      0.20205974595295678,
      0.2539471413581084,
      0.6469461637750183,
      0.2462300354074028,
      0.20586019116531507,
      0.41749203812093505,
      0.9029244864304821,
      0.583698644448316,
      0.32755950084028507
    ],
    "min": [
      -0.5691068723054885,
      0.5315243430022959,
      -0.1787087617886507,
      -1.3157720208087136,
      0.4210674092315996,
      -0.169274611867674,
      -0.4640301460043581,
      -1.0837574266410448,
      -0.147645650833971,
      -0.1000922464095232,
      0.2412184788949813,
      -0.7949855433216156,
      -0.8087913704125844,
      0.1284708909854034
    ],
    "max": [
      0.2945243324231956,
      0.8873732313521874,
      0.0187596731474979,
      0.5867050707003623,
      1.5562235093097525,
      0.6178107623208504,
      0.5434126941084079,
      1.2996652225359169,
      1.417014752809151,
      1.272053568353979,
      1.871073066023233,
      3.043801378361632,
      1.2352380294447296,
      1.743369165431773
    ],
    "q01": [
      -0.5386898740586662,
      0.5819300313037379,
      -0.16923796440424616,
      -1.2918939224664103,
      0.4210674092315996,
      -0.169274611867674,
      -0.4640301460043581,
      -1.0372452883754135,
      0.4638995888727726,
      -0.09138026549286302,
      0.3465161795381375,
      -0.7493882597610312,
      -0.7945500973086279,
      0.1904136879759695
    ],
    "q99": [
      0.2945243324231956,
      0.8873732313521874,
      0.0187596731474979,
      0.5867050707003623,
      1.5151313853619566,
      0.6032431603706178,
      0.4639632271614584,
      1.191536713746797,
      1.4057353920758295,
      1.1146313368012248,
      1.8572330311606948,
      3.0139157510597325,
      1.2352380294447294,
      1.6644631111789319
    ]
  },
  "action": {
    "mean": [
      -2.607907188826741e-05,
      -3.4539032044460194e-05,
      -8.250232411207183e-06,
      -9.648557005773007e-05,
      0.00014228122152833944,
      9.16612729918407e-05,
      -3.146269821005731e-05,
      7.970547959093017e-05,
      -0.0002706214251801784,
      0.00017142113950175634,
      -1.6251618634353137e-05,
      0.0008381088528832525,
      8.121539860279907e-06,
      0.000355109730048062
    ],
    "std": [
      0.000529665125212616,
      0.00017389356760946623,
      3.2819371469997556e-05,
      0.00048428762881499966,
      0.0007090590390256807,
      0.0004240067910205239,
      0.0002861802268560906,
      0.02693311747223552,
      0.035348610717590226,
      0.04059930554042444,
      0.01120649608477265,
      0.10546346664185545,
      0.037328080012133384,
      0.05079946744961372
    ],
    "min": [
      -0.001850364325386905,
      -0.0009184709967465787,
      -0.00017257283863722495,
      -0.0022108498105400942,
      -0.001150485590914574,
      -0.000395000052880623,
      -0.0014476943685670096,
      -0.6642136934881555,
      -0.5175015363919079,
      -1.0929613113683572,
      -0.5174064310160811,
      -2.480470319529669,
      -1.4135632960364088,
      -1.2045600370041598
    ],
    "max": [
      0.00191747598485692,
      8.053399136409567e-05,
      3.8894779900294774e-08,
      0.0007056311624278333,
      0.002883883881225069,
      0.002076626491600009,
      0.0003489806292440445,
      0.3846456874392184,
      1.035003071313128,
      0.49028439434421395,
      0.2587032189828685,
      2.2047138873883108,
      0.5709067168254165,
      0.60228001850208
    ],
    "q01": [
      -0.001850364325386808,
      -0.0009184709967464677,
      -0.00017257283863711392,
      -0.002210849810539983,
      -0.0011504855909141298,
      -0.000395000052880512,
      -0.0014476943685668986,
      -0.0047049382165572085,
      -0.002009514832129966,
      -0.0014534467965214848,
      -0.0035128160042576795,
      -0.004545696401433874,
      -0.001693770453290222,
      -0.0016777834452053053
    ],
    "q99": [
      0.001917475984856809,
      8.053399136398465e-05,
      0.0,
      0.0007056311624273892,
      0.002883883881224625,
      0.0020766264915998978,
      0.000348980629243989,
      0.004511181833706468,
      0.0016599863526047809,
      0.0028684808956406793,
      0.004360888239845817,
      0.0023636087306670994,
      0.003095547356747698,
      0.0015819176875069285
    ]
  },
  "timestamp": {
    "mean": [
      55.67577883038805
    ],
    "std": [
      36.55050356502985
    ],
    "min": [
      0.0
    ],
    "max": [
      127.85
    ],
    "q01": [
      0.65
    ],
    "q99": [
      125.106
    ]
  },
  "task_index": {
    "mean": [
      1.9466205137547823
    ],
    "std": [
      0.9480358933688712
    ],
    "min": [
      0
    ],
    "max": [
      3
    ],
    "q01": [
      1.0
    ],
    "q99": [
      3.0
    ]
  },
  "annotation.human.action.task_description": {
    "mean": [
      1.9466205137547823
    ],
    "std": [
      0.9480358933688712
    ],
    "min": [
      0
    ],
    "max": [
      3
    ],
    "q01": [
      1.0
    ],
    "q99": [
      3.0
    ]
  },
  "annotation.human.validity": {
    "mean": [
      1.0
    ],
    "std": [
      0.0
    ],
    "min": [
      1.0
    ],
    "max": [
      1.0
    ],
    "q01": [
      1.0
    ],
    "q99": [
      1.0
    ]
  },
  "episode_index": {
    "mean": [
      1.9466205137547823
    ],
    "std": [
      0.9480358933688712
    ],
    "min": [
      0
    ],
    "max": [
      3
    ],
    "q01": [
      1.0
    ],
    "q99": [
      3.0
    ]
  },
  "index": {
    "mean": [
      2744.0
    ],
    "std": [
      1584.537787495142
    ],
    "min": [
      0
    ],
    "max": [
      5488
    ],
    "q01": [
      54.88
    ],
    "q99": [
      5433.12
    ]
  }
}